publishTime,startTime,generation_fcst,horizon,generation_act,abs_error,hour
2024-01-31 18:30:00+00:00,2024-01-31 23:00:00+00:00,17275,4.5,14595,2680,23
2024-01-31 15:30:00+00:00,2024-01-31 21:00:00+00:00,17887,5.5,15757,2130,21
2024-01-31 15:30:00+00:00,2024-01-31 22:00:00+00:00,17660,6.5,15490,2170,22
2024-01-31 15:30:00+00:00,2024-01-31 23:00:00+00:00,17263,7.5,14595,2668,23
2024-01-31 11:30:00+00:00,2024-01-31 21:00:00+00:00,17796,9.5,15757,2039,21
2024-01-31 11:30:00+00:00,2024-01-31 22:00:00+00:00,17572,10.5,15490,2082,22
2024-01-31 11:30:00+00:00,2024-01-31 23:00:00+00:00,17176,11.5,14595,2581,23
2024-01-31 09:30:00+00:00,2024-01-31 21:00:00+00:00,17813,11.5,15757,2056,21
2024-01-31 09:30:00+00:00,2024-01-31 22:00:00+00:00,17586,12.5,15490,2096,22
2024-01-31 09:30:00+00:00,2024-01-31 23:00:00+00:00,17183,13.5,14595,2588,23
2024-01-31 07:30:00+00:00,2024-01-31 21:00:00+00:00,17813,13.5,15757,2056,21
2024-01-31 07:30:00+00:00,2024-01-31 22:00:00+00:00,17586,14.5,15490,2096,22
2024-01-31 07:30:00+00:00,2024-01-31 23:00:00+00:00,17185,15.5,14595,2590,23
2024-01-31 04:30:00+00:00,2024-01-31 21:00:00+00:00,17739,16.5,15757,1982,21
2024-01-31 04:30:00+00:00,2024-01-31 22:00:00+00:00,17550,17.5,15490,2060,22
2024-01-31 04:30:00+00:00,2024-01-31 23:00:00+00:00,17152,18.5,14595,2557,23
2024-01-31 02:30:00+00:00,2024-01-31 21:00:00+00:00,17741,18.5,15757,1984,21
2024-01-31 02:30:00+00:00,2024-01-31 22:00:00+00:00,17553,19.5,15490,2063,22
2024-01-31 02:30:00+00:00,2024-01-31 23:00:00+00:00,17156,20.5,14595,2561,23
2024-01-30 22:30:00+00:00,2024-01-31 03:00:00+00:00,11477,4.5,8175,3302,3
2024-01-30 22:30:00+00:00,2024-01-31 04:00:00+00:00,12053,5.5,8687,3366,4
2024-01-30 22:30:00+00:00,2024-01-31 05:00:00+00:00,12822,6.5,9519,3303,5
2024-01-30 22:30:00+00:00,2024-01-31 06:00:00+00:00,13307,7.5,10509,2798,6
2024-01-30 22:30:00+00:00,2024-01-31 07:00:00+00:00,13909,8.5,11728,2181,7
2024-01-30 22:30:00+00:00,2024-01-31 08:00:00+00:00,14561,9.5,12836,1725,8
2024-01-30 22:30:00+00:00,2024-01-31 09:00:00+00:00,14912,10.5,13747,1165,9
2024-01-30 22:30:00+00:00,2024-01-31 10:00:00+00:00,15453,11.5,14183,1270,10
2024-01-30 22:30:00+00:00,2024-01-31 11:00:00+00:00,14782,12.5,14352,430,11
2024-01-30 22:30:00+00:00,2024-01-31 12:00:00+00:00,15656,13.5,15177,479,12
2024-01-30 22:30:00+00:00,2024-01-31 13:00:00+00:00,18116,14.5,15997,2119,13
2024-01-30 22:30:00+00:00,2024-01-31 14:00:00+00:00,18483,15.5,15818,2665,14
2024-01-30 22:30:00+00:00,2024-01-31 15:00:00+00:00,18400,16.5,15911,2489,15
2024-01-30 22:30:00+00:00,2024-01-31 16:00:00+00:00,18211,17.5,15762,2449,16
2024-01-30 22:30:00+00:00,2024-01-31 17:00:00+00:00,17992,18.5,15683,2309,17
2024-01-30 22:30:00+00:00,2024-01-31 18:00:00+00:00,18208,19.5,15411,2797,18
2024-01-30 22:30:00+00:00,2024-01-31 19:00:00+00:00,18033,20.5,15812,2221,19
2024-01-30 22:30:00+00:00,2024-01-31 20:00:00+00:00,17782,21.5,15684,2098,20
2024-01-30 22:30:00+00:00,2024-01-31 21:00:00+00:00,17560,22.5,15757,1803,21
2024-01-30 22:30:00+00:00,2024-01-31 22:00:00+00:00,17456,23.5,15490,1966,22
2024-01-30 22:30:00+00:00,2024-01-31 23:00:00+00:00,17013,24.5,14595,2418,23
2024-01-30 18:30:00+00:00,2024-01-30 23:00:00+00:00,9820,4.5,7592,2228,23
2024-01-30 18:30:00+00:00,2024-01-31 00:00:00+00:00,10192,5.5,7009,3183,0
2024-01-30 18:30:00+00:00,2024-01-31 01:00:00+00:00,10569,6.5,7248,3321,1
2024-01-30 18:30:00+00:00,2024-01-31 02:00:00+00:00,11010,7.5,7463,3547,2
2024-01-30 18:30:00+00:00,2024-01-31 03:00:00+00:00,11522,8.5,8175,3347,3
2024-01-30 18:30:00+00:00,2024-01-31 04:00:00+00:00,12110,9.5,8687,3423,4
2024-01-30 18:30:00+00:00,2024-01-31 05:00:00+00:00,12898,10.5,9519,3379,5
2024-01-30 18:30:00+00:00,2024-01-31 06:00:00+00:00,13398,11.5,10509,2889,6
2024-01-30 18:30:00+00:00,2024-01-31 07:00:00+00:00,14013,12.5,11728,2285,7
2024-01-30 18:30:00+00:00,2024-01-31 08:00:00+00:00,14674,13.5,12836,1838,8
2024-01-30 18:30:00+00:00,2024-01-31 09:00:00+00:00,15030,14.5,13747,1283,9
2024-01-30 18:30:00+00:00,2024-01-31 10:00:00+00:00,15577,15.5,14183,1394,10
2024-01-30 18:30:00+00:00,2024-01-31 11:00:00+00:00,14900,16.5,14352,548,11
2024-01-30 18:30:00+00:00,2024-01-31 12:00:00+00:00,15775,17.5,15177,598,12
2024-01-30 18:30:00+00:00,2024-01-31 13:00:00+00:00,18238,18.5,15997,2241,13
2024-01-30 18:30:00+00:00,2024-01-31 14:00:00+00:00,18605,19.5,15818,2787,14
2024-01-30 18:30:00+00:00,2024-01-31 15:00:00+00:00,18521,20.5,15911,2610,15
2024-01-30 18:30:00+00:00,2024-01-31 16:00:00+00:00,18333,21.5,15762,2571,16
2024-01-30 18:30:00+00:00,2024-01-31 17:00:00+00:00,18112,22.5,15683,2429,17
2024-01-30 18:30:00+00:00,2024-01-31 18:00:00+00:00,18329,23.5,15411,2918,18
2024-01-30 18:30:00+00:00,2024-01-31 19:00:00+00:00,18153,24.5,15812,2341,19
2024-01-30 18:30:00+00:00,2024-01-31 20:00:00+00:00,17901,25.5,15684,2217,20
2024-01-30 18:30:00+00:00,2024-01-31 21:00:00+00:00,17681,26.5,15757,1924,21
2024-01-30 18:30:00+00:00,2024-01-31 22:00:00+00:00,17575,27.5,15490,2085,22
2024-01-30 18:30:00+00:00,2024-01-31 23:00:00+00:00,17126,28.5,14595,2531,23
2024-01-30 15:30:00+00:00,2024-01-30 21:00:00+00:00,8753,5.5,7217,1536,21
2024-01-30 15:30:00+00:00,2024-01-30 22:00:00+00:00,9470,6.5,7214,2256,22
2024-01-30 15:30:00+00:00,2024-01-30 23:00:00+00:00,10036,7.5,7592,2444,23
2024-01-30 15:30:00+00:00,2024-01-31 00:00:00+00:00,10455,8.5,7009,3446,0
2024-01-30 15:30:00+00:00,2024-01-31 01:00:00+00:00,10840,9.5,7248,3592,1
2024-01-30 15:30:00+00:00,2024-01-31 02:00:00+00:00,11161,10.5,7463,3698,2
2024-01-30 15:30:00+00:00,2024-01-31 03:00:00+00:00,11547,11.5,8175,3372,3
2024-01-30 15:30:00+00:00,2024-01-31 04:00:00+00:00,12083,12.5,8687,3396,4
2024-01-30 15:30:00+00:00,2024-01-31 05:00:00+00:00,12519,13.5,9519,3000,5
2024-01-30 15:30:00+00:00,2024-01-31 06:00:00+00:00,13125,14.5,10509,2616,6
2024-01-30 15:30:00+00:00,2024-01-31 07:00:00+00:00,13708,15.5,11728,1980,7
2024-01-30 15:30:00+00:00,2024-01-31 08:00:00+00:00,14418,16.5,12836,1582,8
2024-01-30 15:30:00+00:00,2024-01-31 09:00:00+00:00,14888,17.5,13747,1141,9
2024-01-30 15:30:00+00:00,2024-01-31 10:00:00+00:00,15253,18.5,14183,1070,10
2024-01-30 15:30:00+00:00,2024-01-31 11:00:00+00:00,14660,19.5,14352,308,11
2024-01-30 15:30:00+00:00,2024-01-31 12:00:00+00:00,15459,20.5,15177,282,12
2024-01-30 15:30:00+00:00,2024-01-31 13:00:00+00:00,18116,21.5,15997,2119,13
2024-01-30 15:30:00+00:00,2024-01-31 14:00:00+00:00,18474,22.5,15818,2656,14
2024-01-30 15:30:00+00:00,2024-01-31 15:00:00+00:00,18465,23.5,15911,2554,15
2024-01-30 15:30:00+00:00,2024-01-31 16:00:00+00:00,18128,24.5,15762,2366,16
2024-01-30 15:30:00+00:00,2024-01-31 17:00:00+00:00,17920,25.5,15683,2237,17
2024-01-30 15:30:00+00:00,2024-01-31 18:00:00+00:00,18238,26.5,15411,2827,18
2024-01-30 15:30:00+00:00,2024-01-31 19:00:00+00:00,18043,27.5,15812,2231,19
2024-01-30 15:30:00+00:00,2024-01-31 20:00:00+00:00,17777,28.5,15684,2093,20
2024-01-30 15:30:00+00:00,2024-01-31 21:00:00+00:00,17519,29.5,15757,1762,21
2024-01-30 15:30:00+00:00,2024-01-31 22:00:00+00:00,17528,30.5,15490,2038,22
2024-01-30 15:30:00+00:00,2024-01-31 23:00:00+00:00,17101,31.5,14595,2506,23
2024-01-30 11:30:00+00:00,2024-01-30 21:00:00+00:00,8647,9.5,7217,1430,21
2024-01-30 11:30:00+00:00,2024-01-30 22:00:00+00:00,9283,10.5,7214,2069,22
2024-01-30 11:30:00+00:00,2024-01-30 23:00:00+00:00,9807,11.5,7592,2215,23
2024-01-30 11:30:00+00:00,2024-01-31 00:00:00+00:00,10299,12.5,7009,3290,0
2024-01-30 11:30:00+00:00,2024-01-31 01:00:00+00:00,10668,13.5,7248,3420,1
2024-01-30 11:30:00+00:00,2024-01-31 02:00:00+00:00,11002,14.5,7463,3539,2
2024-01-30 11:30:00+00:00,2024-01-31 03:00:00+00:00,11410,15.5,8175,3235,3
2024-01-30 11:30:00+00:00,2024-01-31 04:00:00+00:00,12109,16.5,8687,3422,4
2024-01-30 11:30:00+00:00,2024-01-31 05:00:00+00:00,12542,17.5,9519,3023,5
2024-01-30 11:30:00+00:00,2024-01-31 06:00:00+00:00,12943,18.5,10509,2434,6
2024-01-30 11:30:00+00:00,2024-01-31 07:00:00+00:00,13807,19.5,11728,2079,7
2024-01-30 11:30:00+00:00,2024-01-31 08:00:00+00:00,14287,20.5,12836,1451,8
2024-01-30 11:30:00+00:00,2024-01-31 09:00:00+00:00,14989,21.5,13747,1242,9
2024-01-30 11:30:00+00:00,2024-01-31 10:00:00+00:00,15362,22.5,14183,1179,10
2024-01-30 11:30:00+00:00,2024-01-31 11:00:00+00:00,15157,23.5,14352,805,11
2024-01-30 11:30:00+00:00,2024-01-31 12:00:00+00:00,15645,24.5,15177,468,12
2024-01-30 11:30:00+00:00,2024-01-31 13:00:00+00:00,18057,25.5,15997,2060,13
2024-01-30 11:30:00+00:00,2024-01-31 14:00:00+00:00,18319,26.5,15818,2501,14
2024-01-30 11:30:00+00:00,2024-01-31 15:00:00+00:00,18314,27.5,15911,2403,15
2024-01-30 11:30:00+00:00,2024-01-31 16:00:00+00:00,18046,28.5,15762,2284,16
2024-01-30 11:30:00+00:00,2024-01-31 17:00:00+00:00,17836,29.5,15683,2153,17
2024-01-30 11:30:00+00:00,2024-01-31 18:00:00+00:00,18121,30.5,15411,2710,18
2024-01-30 11:30:00+00:00,2024-01-31 19:00:00+00:00,18043,31.5,15812,2231,19
2024-01-30 11:30:00+00:00,2024-01-31 20:00:00+00:00,17786,32.5,15684,2102,20
2024-01-30 11:30:00+00:00,2024-01-31 21:00:00+00:00,17506,33.5,15757,1749,21
2024-01-30 11:30:00+00:00,2024-01-31 22:00:00+00:00,17647,34.5,15490,2157,22
2024-01-30 11:30:00+00:00,2024-01-31 23:00:00+00:00,17309,35.5,14595,2714,23
2024-01-30 09:30:00+00:00,2024-01-30 21:00:00+00:00,8647,11.5,7217,1430,21
2024-01-30 09:30:00+00:00,2024-01-30 22:00:00+00:00,9283,12.5,7214,2069,22
2024-01-30 09:30:00+00:00,2024-01-30 23:00:00+00:00,9807,13.5,7592,2215,23
2024-01-30 09:30:00+00:00,2024-01-31 00:00:00+00:00,10298,14.5,7009,3289,0
2024-01-30 09:30:00+00:00,2024-01-31 01:00:00+00:00,10668,15.5,7248,3420,1
2024-01-30 09:30:00+00:00,2024-01-31 02:00:00+00:00,11001,16.5,7463,3538,2
2024-01-30 09:30:00+00:00,2024-01-31 03:00:00+00:00,11408,17.5,8175,3233,3
2024-01-30 09:30:00+00:00,2024-01-31 04:00:00+00:00,12105,18.5,8687,3418,4
2024-01-30 09:30:00+00:00,2024-01-31 05:00:00+00:00,12536,19.5,9519,3017,5
2024-01-30 09:30:00+00:00,2024-01-31 06:00:00+00:00,12939,20.5,10509,2430,6
2024-01-30 09:30:00+00:00,2024-01-31 07:00:00+00:00,13800,21.5,11728,2072,7
2024-01-30 09:30:00+00:00,2024-01-31 08:00:00+00:00,14283,22.5,12836,1447,8
2024-01-30 09:30:00+00:00,2024-01-31 09:00:00+00:00,14986,23.5,13747,1239,9
2024-01-30 09:30:00+00:00,2024-01-31 10:00:00+00:00,15328,24.5,14183,1145,10
2024-01-30 09:30:00+00:00,2024-01-31 11:00:00+00:00,15134,25.5,14352,782,11
2024-01-30 09:30:00+00:00,2024-01-31 12:00:00+00:00,15636,26.5,15177,459,12
2024-01-30 09:30:00+00:00,2024-01-31 13:00:00+00:00,18047,27.5,15997,2050,13
2024-01-30 09:30:00+00:00,2024-01-31 14:00:00+00:00,18302,28.5,15818,2484,14
2024-01-30 09:30:00+00:00,2024-01-31 15:00:00+00:00,18300,29.5,15911,2389,15
2024-01-30 09:30:00+00:00,2024-01-31 16:00:00+00:00,18020,30.5,15762,2258,16
2024-01-30 09:30:00+00:00,2024-01-31 17:00:00+00:00,17825,31.5,15683,2142,17
2024-01-30 09:30:00+00:00,2024-01-31 18:00:00+00:00,18115,32.5,15411,2704,18
2024-01-30 09:30:00+00:00,2024-01-31 19:00:00+00:00,18037,33.5,15812,2225,19
2024-01-30 09:30:00+00:00,2024-01-31 20:00:00+00:00,17790,34.5,15684,2106,20
2024-01-30 09:30:00+00:00,2024-01-31 21:00:00+00:00,17507,35.5,15757,1750,21
2024-01-30 09:30:00+00:00,2024-01-31 22:00:00+00:00,17655,36.5,15490,2165,22
2024-01-30 09:30:00+00:00,2024-01-31 23:00:00+00:00,17329,37.5,14595,2734,23
2024-01-30 07:30:00+00:00,2024-01-30 21:00:00+00:00,8647,13.5,7217,1430,21
2024-01-30 07:30:00+00:00,2024-01-30 22:00:00+00:00,9282,14.5,7214,2068,22
2024-01-30 07:30:00+00:00,2024-01-30 23:00:00+00:00,9806,15.5,7592,2214,23
2024-01-30 07:30:00+00:00,2024-01-31 00:00:00+00:00,10297,16.5,7009,3288,0
2024-01-30 07:30:00+00:00,2024-01-31 01:00:00+00:00,10667,17.5,7248,3419,1
2024-01-30 07:30:00+00:00,2024-01-31 02:00:00+00:00,11000,18.5,7463,3537,2
2024-01-30 07:30:00+00:00,2024-01-31 03:00:00+00:00,11408,19.5,8175,3233,3
2024-01-30 07:30:00+00:00,2024-01-31 04:00:00+00:00,12104,20.5,8687,3417,4
2024-01-30 07:30:00+00:00,2024-01-31 05:00:00+00:00,12535,21.5,9519,3016,5
2024-01-30 07:30:00+00:00,2024-01-31 06:00:00+00:00,12937,22.5,10509,2428,6
2024-01-30 07:30:00+00:00,2024-01-31 07:00:00+00:00,13798,23.5,11728,2070,7
2024-01-30 07:30:00+00:00,2024-01-31 08:00:00+00:00,14281,24.5,12836,1445,8
2024-01-30 07:30:00+00:00,2024-01-31 09:00:00+00:00,14985,25.5,13747,1238,9
2024-01-30 07:30:00+00:00,2024-01-31 10:00:00+00:00,15328,26.5,14183,1145,10
2024-01-30 07:30:00+00:00,2024-01-31 11:00:00+00:00,15138,27.5,14352,786,11
2024-01-30 07:30:00+00:00,2024-01-31 12:00:00+00:00,15638,28.5,15177,461,12
2024-01-30 07:30:00+00:00,2024-01-31 13:00:00+00:00,18046,29.5,15997,2049,13
2024-01-30 07:30:00+00:00,2024-01-31 14:00:00+00:00,18297,30.5,15818,2479,14
2024-01-30 07:30:00+00:00,2024-01-31 15:00:00+00:00,18292,31.5,15911,2381,15
2024-01-30 07:30:00+00:00,2024-01-31 16:00:00+00:00,18011,32.5,15762,2249,16
2024-01-30 07:30:00+00:00,2024-01-31 17:00:00+00:00,17819,33.5,15683,2136,17
2024-01-30 07:30:00+00:00,2024-01-31 18:00:00+00:00,18113,34.5,15411,2702,18
2024-01-30 07:30:00+00:00,2024-01-31 19:00:00+00:00,18034,35.5,15812,2222,19
2024-01-30 07:30:00+00:00,2024-01-31 20:00:00+00:00,17787,36.5,15684,2103,20
2024-01-30 07:30:00+00:00,2024-01-31 21:00:00+00:00,17505,37.5,15757,1748,21
2024-01-30 07:30:00+00:00,2024-01-31 22:00:00+00:00,17655,38.5,15490,2165,22
2024-01-30 07:30:00+00:00,2024-01-31 23:00:00+00:00,17331,39.5,14595,2736,23
2024-01-30 04:30:00+00:00,2024-01-30 21:00:00+00:00,8122,16.5,7217,905,21
2024-01-30 04:30:00+00:00,2024-01-30 22:00:00+00:00,8711,17.5,7214,1497,22
2024-01-30 04:30:00+00:00,2024-01-30 23:00:00+00:00,9287,18.5,7592,1695,23
2024-01-30 04:30:00+00:00,2024-01-31 00:00:00+00:00,9846,19.5,7009,2837,0
2024-01-30 04:30:00+00:00,2024-01-31 01:00:00+00:00,10281,20.5,7248,3033,1
2024-01-30 04:30:00+00:00,2024-01-31 02:00:00+00:00,10720,21.5,7463,3257,2
2024-01-30 04:30:00+00:00,2024-01-31 03:00:00+00:00,11304,22.5,8175,3129,3
2024-01-30 04:30:00+00:00,2024-01-31 04:00:00+00:00,11913,23.5,8687,3226,4
2024-01-30 04:30:00+00:00,2024-01-31 05:00:00+00:00,12296,24.5,9519,2777,5
2024-01-30 04:30:00+00:00,2024-01-31 06:00:00+00:00,12776,25.5,10509,2267,6
2024-01-30 04:30:00+00:00,2024-01-31 07:00:00+00:00,13580,26.5,11728,1852,7
2024-01-30 04:30:00+00:00,2024-01-31 08:00:00+00:00,14152,27.5,12836,1316,8
2024-01-30 04:30:00+00:00,2024-01-31 09:00:00+00:00,14817,28.5,13747,1070,9
2024-01-30 04:30:00+00:00,2024-01-31 10:00:00+00:00,15409,29.5,14183,1226,10
2024-01-30 04:30:00+00:00,2024-01-31 11:00:00+00:00,16069,30.5,14352,1717,11
2024-01-30 04:30:00+00:00,2024-01-31 12:00:00+00:00,15313,31.5,15177,136,12
2024-01-30 04:30:00+00:00,2024-01-31 13:00:00+00:00,17757,32.5,15997,1760,13
2024-01-30 04:30:00+00:00,2024-01-31 14:00:00+00:00,18206,33.5,15818,2388,14
2024-01-30 04:30:00+00:00,2024-01-31 15:00:00+00:00,18293,34.5,15911,2382,15
2024-01-30 04:30:00+00:00,2024-01-31 16:00:00+00:00,18251,35.5,15762,2489,16
2024-01-30 04:30:00+00:00,2024-01-31 17:00:00+00:00,18085,36.5,15683,2402,17
2024-01-30 04:30:00+00:00,2024-01-31 18:00:00+00:00,18120,37.5,15411,2709,18
2024-01-30 04:30:00+00:00,2024-01-31 19:00:00+00:00,18156,38.5,15812,2344,19
2024-01-30 04:30:00+00:00,2024-01-31 20:00:00+00:00,18056,39.5,15684,2372,20
2024-01-30 04:30:00+00:00,2024-01-31 21:00:00+00:00,17806,40.5,15757,2049,21
2024-01-30 04:30:00+00:00,2024-01-31 22:00:00+00:00,17586,41.5,15490,2096,22
2024-01-30 04:30:00+00:00,2024-01-31 23:00:00+00:00,17286,42.5,14595,2691,23
2024-01-30 02:30:00+00:00,2024-01-30 21:00:00+00:00,8119,18.5,7217,902,21
2024-01-30 02:30:00+00:00,2024-01-30 22:00:00+00:00,8710,19.5,7214,1496,22
2024-01-30 02:30:00+00:00,2024-01-30 23:00:00+00:00,9285,20.5,7592,1693,23
2024-01-30 02:30:00+00:00,2024-01-31 00:00:00+00:00,9844,21.5,7009,2835,0
2024-01-30 02:30:00+00:00,2024-01-31 01:00:00+00:00,10281,22.5,7248,3033,1
2024-01-30 02:30:00+00:00,2024-01-31 02:00:00+00:00,10719,23.5,7463,3256,2
2024-01-30 02:30:00+00:00,2024-01-31 03:00:00+00:00,11301,24.5,8175,3126,3
2024-01-30 02:30:00+00:00,2024-01-31 04:00:00+00:00,11912,25.5,8687,3225,4
2024-01-30 02:30:00+00:00,2024-01-31 05:00:00+00:00,12295,26.5,9519,2776,5
2024-01-30 02:30:00+00:00,2024-01-31 06:00:00+00:00,12773,27.5,10509,2264,6
2024-01-30 02:30:00+00:00,2024-01-31 07:00:00+00:00,13579,28.5,11728,1851,7
2024-01-30 02:30:00+00:00,2024-01-31 08:00:00+00:00,14151,29.5,12836,1315,8
2024-01-30 02:30:00+00:00,2024-01-31 09:00:00+00:00,14809,30.5,13747,1062,9
2024-01-30 02:30:00+00:00,2024-01-31 10:00:00+00:00,15409,31.5,14183,1226,10
2024-01-30 02:30:00+00:00,2024-01-31 11:00:00+00:00,16069,32.5,14352,1717,11
2024-01-30 02:30:00+00:00,2024-01-31 12:00:00+00:00,15303,33.5,15177,126,12
2024-01-30 02:30:00+00:00,2024-01-31 13:00:00+00:00,17756,34.5,15997,1759,13
2024-01-30 02:30:00+00:00,2024-01-31 14:00:00+00:00,18204,35.5,15818,2386,14
2024-01-30 02:30:00+00:00,2024-01-31 15:00:00+00:00,18272,36.5,15911,2361,15
2024-01-30 02:30:00+00:00,2024-01-31 16:00:00+00:00,18240,37.5,15762,2478,16
2024-01-30 02:30:00+00:00,2024-01-31 17:00:00+00:00,18080,38.5,15683,2397,17
2024-01-30 02:30:00+00:00,2024-01-31 18:00:00+00:00,18119,39.5,15411,2708,18
2024-01-30 02:30:00+00:00,2024-01-31 19:00:00+00:00,18157,40.5,15812,2345,19
2024-01-30 02:30:00+00:00,2024-01-31 20:00:00+00:00,18058,41.5,15684,2374,20
2024-01-30 02:30:00+00:00,2024-01-31 21:00:00+00:00,17810,42.5,15757,2053,21
2024-01-30 02:30:00+00:00,2024-01-31 22:00:00+00:00,17591,43.5,15490,2101,22
2024-01-30 02:30:00+00:00,2024-01-31 23:00:00+00:00,17292,44.5,14595,2697,23
2024-01-29 22:30:00+00:00,2024-01-30 03:00:00+00:00,9341,4.5,10370,1029,3
2024-01-29 22:30:00+00:00,2024-01-30 04:00:00+00:00,9180,5.5,10203,1023,4
2024-01-29 22:30:00+00:00,2024-01-30 05:00:00+00:00,9064,6.5,10076,1012,5
2024-01-29 22:30:00+00:00,2024-01-30 06:00:00+00:00,8848,7.5,10215,1367,6
2024-01-29 22:30:00+00:00,2024-01-30 07:00:00+00:00,8560,8.5,10107,1547,7
2024-01-29 22:30:00+00:00,2024-01-30 08:00:00+00:00,8300,9.5,9672,1372,8
2024-01-29 22:30:00+00:00,2024-01-30 09:00:00+00:00,8205,10.5,9195,990,9
2024-01-29 22:30:00+00:00,2024-01-30 10:00:00+00:00,8025,11.5,9066,1041,10
2024-01-29 22:30:00+00:00,2024-01-30 11:00:00+00:00,7816,12.5,9565,1749,11
2024-01-29 22:30:00+00:00,2024-01-30 12:00:00+00:00,7706,13.5,8628,922,12
2024-01-29 22:30:00+00:00,2024-01-30 13:00:00+00:00,7446,14.5,8442,996,13
2024-01-29 22:30:00+00:00,2024-01-30 14:00:00+00:00,7105,15.5,8626,1521,14
2024-01-29 22:30:00+00:00,2024-01-30 15:00:00+00:00,6837,16.5,7823,986,15
2024-01-29 22:30:00+00:00,2024-01-30 16:00:00+00:00,6711,17.5,7604,893,16
2024-01-29 22:30:00+00:00,2024-01-30 17:00:00+00:00,6642,18.5,7193,551,17
2024-01-29 22:30:00+00:00,2024-01-30 18:00:00+00:00,6717,19.5,6626,91,18
2024-01-29 22:30:00+00:00,2024-01-30 19:00:00+00:00,6982,20.5,6415,567,19
2024-01-29 22:30:00+00:00,2024-01-30 20:00:00+00:00,7211,21.5,6622,589,20
2024-01-29 22:30:00+00:00,2024-01-30 21:00:00+00:00,7592,22.5,7217,375,21
2024-01-29 22:30:00+00:00,2024-01-30 22:00:00+00:00,8195,23.5,7214,981,22
2024-01-29 22:30:00+00:00,2024-01-30 23:00:00+00:00,8787,24.5,7592,1195,23
2024-01-29 22:30:00+00:00,2024-01-31 00:00:00+00:00,9366,25.5,7009,2357,0
2024-01-29 22:30:00+00:00,2024-01-31 01:00:00+00:00,9882,26.5,7248,2634,1
2024-01-29 22:30:00+00:00,2024-01-31 02:00:00+00:00,10444,27.5,7463,2981,2
2024-01-29 22:30:00+00:00,2024-01-31 03:00:00+00:00,11020,28.5,8175,2845,3
2024-01-29 22:30:00+00:00,2024-01-31 04:00:00+00:00,11790,29.5,8687,3103,4
2024-01-29 22:30:00+00:00,2024-01-31 05:00:00+00:00,12309,30.5,9519,2790,5
2024-01-29 22:30:00+00:00,2024-01-31 06:00:00+00:00,12966,31.5,10509,2457,6
2024-01-29 22:30:00+00:00,2024-01-31 07:00:00+00:00,13649,32.5,11728,1921,7
2024-01-29 22:30:00+00:00,2024-01-31 08:00:00+00:00,14333,33.5,12836,1497,8
2024-01-29 22:30:00+00:00,2024-01-31 09:00:00+00:00,14642,34.5,13747,895,9
2024-01-29 22:30:00+00:00,2024-01-31 10:00:00+00:00,15347,35.5,14183,1164,10
2024-01-29 22:30:00+00:00,2024-01-31 11:00:00+00:00,15918,36.5,14352,1566,11
2024-01-29 22:30:00+00:00,2024-01-31 12:00:00+00:00,16155,37.5,15177,978,12
2024-01-29 22:30:00+00:00,2024-01-31 13:00:00+00:00,17014,38.5,15997,1017,13
2024-01-29 22:30:00+00:00,2024-01-31 14:00:00+00:00,17409,39.5,15818,1591,14
2024-01-29 22:30:00+00:00,2024-01-31 15:00:00+00:00,18021,40.5,15911,2110,15
2024-01-29 22:30:00+00:00,2024-01-31 16:00:00+00:00,18145,41.5,15762,2383,16
2024-01-29 22:30:00+00:00,2024-01-31 17:00:00+00:00,17932,42.5,15683,2249,17
2024-01-29 22:30:00+00:00,2024-01-31 18:00:00+00:00,17844,43.5,15411,2433,18
2024-01-29 22:30:00+00:00,2024-01-31 19:00:00+00:00,17841,44.5,15812,2029,19
2024-01-29 22:30:00+00:00,2024-01-31 20:00:00+00:00,17745,45.5,15684,2061,20
2024-01-29 22:30:00+00:00,2024-01-31 21:00:00+00:00,17493,46.5,15757,1736,21
2024-01-29 18:30:00+00:00,2024-01-29 23:00:00+00:00,9021,4.5,8699,322,23
2024-01-29 18:30:00+00:00,2024-01-30 00:00:00+00:00,9290,5.5,9135,155,0
2024-01-29 18:30:00+00:00,2024-01-30 01:00:00+00:00,9401,6.5,9883,482,1
2024-01-29 18:30:00+00:00,2024-01-30 02:00:00+00:00,9385,7.5,10237,852,2
2024-01-29 18:30:00+00:00,2024-01-30 03:00:00+00:00,9330,8.5,10370,1040,3
2024-01-29 18:30:00+00:00,2024-01-30 04:00:00+00:00,9170,9.5,10203,1033,4
2024-01-29 18:30:00+00:00,2024-01-30 05:00:00+00:00,9057,10.5,10076,1019,5
2024-01-29 18:30:00+00:00,2024-01-30 06:00:00+00:00,8840,11.5,10215,1375,6
2024-01-29 18:30:00+00:00,2024-01-30 07:00:00+00:00,8552,12.5,10107,1555,7
2024-01-29 18:30:00+00:00,2024-01-30 08:00:00+00:00,8295,13.5,9672,1377,8
2024-01-29 18:30:00+00:00,2024-01-30 09:00:00+00:00,8200,14.5,9195,995,9
2024-01-29 18:30:00+00:00,2024-01-30 10:00:00+00:00,8021,15.5,9066,1045,10
2024-01-29 18:30:00+00:00,2024-01-30 11:00:00+00:00,7810,16.5,9565,1755,11
2024-01-29 18:30:00+00:00,2024-01-30 12:00:00+00:00,7701,17.5,8628,927,12
2024-01-29 18:30:00+00:00,2024-01-30 13:00:00+00:00,7443,18.5,8442,999,13
2024-01-29 18:30:00+00:00,2024-01-30 14:00:00+00:00,7103,19.5,8626,1523,14
2024-01-29 18:30:00+00:00,2024-01-30 15:00:00+00:00,6836,20.5,7823,987,15
2024-01-29 18:30:00+00:00,2024-01-30 16:00:00+00:00,6709,21.5,7604,895,16
2024-01-29 18:30:00+00:00,2024-01-30 17:00:00+00:00,6641,22.5,7193,552,17
2024-01-29 18:30:00+00:00,2024-01-30 18:00:00+00:00,6717,23.5,6626,91,18
2024-01-29 18:30:00+00:00,2024-01-30 19:00:00+00:00,6982,24.5,6415,567,19
2024-01-29 18:30:00+00:00,2024-01-30 20:00:00+00:00,7211,25.5,6622,589,20
2024-01-29 18:30:00+00:00,2024-01-30 21:00:00+00:00,7592,26.5,7217,375,21
2024-01-29 18:30:00+00:00,2024-01-30 22:00:00+00:00,8194,27.5,7214,980,22
2024-01-29 18:30:00+00:00,2024-01-30 23:00:00+00:00,8786,28.5,7592,1194,23
2024-01-29 18:30:00+00:00,2024-01-31 00:00:00+00:00,9365,29.5,7009,2356,0
2024-01-29 18:30:00+00:00,2024-01-31 01:00:00+00:00,9881,30.5,7248,2633,1
2024-01-29 18:30:00+00:00,2024-01-31 02:00:00+00:00,10443,31.5,7463,2980,2
2024-01-29 18:30:00+00:00,2024-01-31 03:00:00+00:00,11019,32.5,8175,2844,3
2024-01-29 18:30:00+00:00,2024-01-31 04:00:00+00:00,11789,33.5,8687,3102,4
2024-01-29 18:30:00+00:00,2024-01-31 05:00:00+00:00,12307,34.5,9519,2788,5
2024-01-29 18:30:00+00:00,2024-01-31 06:00:00+00:00,12966,35.5,10509,2457,6
2024-01-29 18:30:00+00:00,2024-01-31 07:00:00+00:00,13649,36.5,11728,1921,7
2024-01-29 18:30:00+00:00,2024-01-31 08:00:00+00:00,14330,37.5,12836,1494,8
2024-01-29 18:30:00+00:00,2024-01-31 09:00:00+00:00,14640,38.5,13747,893,9
2024-01-29 18:30:00+00:00,2024-01-31 10:00:00+00:00,15347,39.5,14183,1164,10
2024-01-29 18:30:00+00:00,2024-01-31 11:00:00+00:00,15921,40.5,14352,1569,11
2024-01-29 18:30:00+00:00,2024-01-31 12:00:00+00:00,16159,41.5,15177,982,12
2024-01-29 18:30:00+00:00,2024-01-31 13:00:00+00:00,17017,42.5,15997,1020,13
2024-01-29 18:30:00+00:00,2024-01-31 14:00:00+00:00,17411,43.5,15818,1593,14
2024-01-29 18:30:00+00:00,2024-01-31 15:00:00+00:00,18023,44.5,15911,2112,15
2024-01-29 18:30:00+00:00,2024-01-31 16:00:00+00:00,18145,45.5,15762,2383,16
2024-01-29 18:30:00+00:00,2024-01-31 17:00:00+00:00,17931,46.5,15683,2248,17
2024-01-29 18:30:00+00:00,2024-01-31 18:00:00+00:00,17842,47.5,15411,2431,18
2024-01-29 15:30:00+00:00,2024-01-29 21:00:00+00:00,8604,5.5,9077,473,21
2024-01-29 15:30:00+00:00,2024-01-29 22:00:00+00:00,8782,6.5,8875,93,22
2024-01-29 15:30:00+00:00,2024-01-29 23:00:00+00:00,8921,7.5,8699,222,23
2024-01-29 15:30:00+00:00,2024-01-30 00:00:00+00:00,9040,8.5,9135,95,0
2024-01-29 15:30:00+00:00,2024-01-30 01:00:00+00:00,9116,9.5,9883,767,1
2024-01-29 15:30:00+00:00,2024-01-30 02:00:00+00:00,9243,10.5,10237,994,2
2024-01-29 15:30:00+00:00,2024-01-30 03:00:00+00:00,9402,11.5,10370,968,3
2024-01-29 15:30:00+00:00,2024-01-30 04:00:00+00:00,9483,12.5,10203,720,4
2024-01-29 15:30:00+00:00,2024-01-30 05:00:00+00:00,9567,13.5,10076,509,5
2024-01-29 15:30:00+00:00,2024-01-30 06:00:00+00:00,9457,14.5,10215,758,6
2024-01-29 15:30:00+00:00,2024-01-30 07:00:00+00:00,9278,15.5,10107,829,7
2024-01-29 15:30:00+00:00,2024-01-30 08:00:00+00:00,8879,16.5,9672,793,8
2024-01-29 15:30:00+00:00,2024-01-30 09:00:00+00:00,8793,17.5,9195,402,9
2024-01-29 15:30:00+00:00,2024-01-30 10:00:00+00:00,8673,18.5,9066,393,10
2024-01-29 15:30:00+00:00,2024-01-30 11:00:00+00:00,8439,19.5,9565,1126,11
2024-01-29 15:30:00+00:00,2024-01-30 12:00:00+00:00,8256,20.5,8628,372,12
2024-01-29 15:30:00+00:00,2024-01-30 13:00:00+00:00,7987,21.5,8442,455,13
2024-01-29 15:30:00+00:00,2024-01-30 14:00:00+00:00,7566,22.5,8626,1060,14
2024-01-29 15:30:00+00:00,2024-01-30 15:00:00+00:00,7300,23.5,7823,523,15
2024-01-29 15:30:00+00:00,2024-01-30 16:00:00+00:00,7049,24.5,7604,555,16
2024-01-29 15:30:00+00:00,2024-01-30 17:00:00+00:00,6728,25.5,7193,465,17
2024-01-29 15:30:00+00:00,2024-01-30 18:00:00+00:00,6728,26.5,6626,102,18
2024-01-29 15:30:00+00:00,2024-01-30 19:00:00+00:00,6866,27.5,6415,451,19
2024-01-29 15:30:00+00:00,2024-01-30 20:00:00+00:00,7092,28.5,6622,470,20
2024-01-29 15:30:00+00:00,2024-01-30 21:00:00+00:00,7430,29.5,7217,213,21
2024-01-29 15:30:00+00:00,2024-01-30 22:00:00+00:00,8072,30.5,7214,858,22
2024-01-29 15:30:00+00:00,2024-01-30 23:00:00+00:00,8657,31.5,7592,1065,23
2024-01-29 15:30:00+00:00,2024-01-31 00:00:00+00:00,9336,32.5,7009,2327,0
2024-01-29 15:30:00+00:00,2024-01-31 01:00:00+00:00,9982,33.5,7248,2734,1
2024-01-29 15:30:00+00:00,2024-01-31 02:00:00+00:00,10629,34.5,7463,3166,2
2024-01-29 15:30:00+00:00,2024-01-31 03:00:00+00:00,11268,35.5,8175,3093,3
2024-01-29 15:30:00+00:00,2024-01-31 04:00:00+00:00,12348,36.5,8687,3661,4
2024-01-29 15:30:00+00:00,2024-01-31 05:00:00+00:00,13175,37.5,9519,3656,5
2024-01-29 15:30:00+00:00,2024-01-31 06:00:00+00:00,13726,38.5,10509,3217,6
2024-01-29 15:30:00+00:00,2024-01-31 07:00:00+00:00,14599,39.5,11728,2871,7
2024-01-29 15:30:00+00:00,2024-01-31 08:00:00+00:00,14761,40.5,12836,1925,8
2024-01-29 15:30:00+00:00,2024-01-31 09:00:00+00:00,15188,41.5,13747,1441,9
2024-01-29 15:30:00+00:00,2024-01-31 10:00:00+00:00,15875,42.5,14183,1692,10
2024-01-29 15:30:00+00:00,2024-01-31 11:00:00+00:00,16581,43.5,14352,2229,11
2024-01-29 15:30:00+00:00,2024-01-31 12:00:00+00:00,17015,44.5,15177,1838,12
2024-01-29 15:30:00+00:00,2024-01-31 13:00:00+00:00,17542,45.5,15997,1545,13
2024-01-29 15:30:00+00:00,2024-01-31 14:00:00+00:00,18122,46.5,15818,2304,14
2024-01-29 15:30:00+00:00,2024-01-31 15:00:00+00:00,18683,47.5,15911,2772,15
2024-01-29 11:30:00+00:00,2024-01-29 21:00:00+00:00,8119,9.5,9077,958,21
2024-01-29 11:30:00+00:00,2024-01-29 22:00:00+00:00,8361,10.5,8875,514,22
2024-01-29 11:30:00+00:00,2024-01-29 23:00:00+00:00,8534,11.5,8699,165,23
2024-01-29 11:30:00+00:00,2024-01-30 00:00:00+00:00,8722,12.5,9135,413,0
2024-01-29 11:30:00+00:00,2024-01-30 01:00:00+00:00,8927,13.5,9883,956,1
2024-01-29 11:30:00+00:00,2024-01-30 02:00:00+00:00,9137,14.5,10237,1100,2
2024-01-29 11:30:00+00:00,2024-01-30 03:00:00+00:00,9376,15.5,10370,994,3
2024-01-29 11:30:00+00:00,2024-01-30 04:00:00+00:00,9535,16.5,10203,668,4
2024-01-29 11:30:00+00:00,2024-01-30 05:00:00+00:00,9623,17.5,10076,453,5
2024-01-29 11:30:00+00:00,2024-01-30 06:00:00+00:00,9710,18.5,10215,505,6
2024-01-29 11:30:00+00:00,2024-01-30 07:00:00+00:00,9662,19.5,10107,445,7
2024-01-29 11:30:00+00:00,2024-01-30 08:00:00+00:00,9315,20.5,9672,357,8
2024-01-29 11:30:00+00:00,2024-01-30 09:00:00+00:00,9111,21.5,9195,84,9
2024-01-29 11:30:00+00:00,2024-01-30 10:00:00+00:00,8973,22.5,9066,93,10
2024-01-29 11:30:00+00:00,2024-01-30 11:00:00+00:00,8743,23.5,9565,822,11
2024-01-29 11:30:00+00:00,2024-01-30 12:00:00+00:00,8493,24.5,8628,135,12
2024-01-29 11:30:00+00:00,2024-01-30 13:00:00+00:00,8228,25.5,8442,214,13
2024-01-29 11:30:00+00:00,2024-01-30 14:00:00+00:00,7907,26.5,8626,719,14
2024-01-29 11:30:00+00:00,2024-01-30 15:00:00+00:00,7603,27.5,7823,220,15
2024-01-29 11:30:00+00:00,2024-01-30 16:00:00+00:00,7331,28.5,7604,273,16
2024-01-29 11:30:00+00:00,2024-01-30 17:00:00+00:00,7024,29.5,7193,169,17
2024-01-29 11:30:00+00:00,2024-01-30 18:00:00+00:00,6935,30.5,6626,309,18
2024-01-29 11:30:00+00:00,2024-01-30 19:00:00+00:00,6969,31.5,6415,554,19
2024-01-29 11:30:00+00:00,2024-01-30 20:00:00+00:00,7109,32.5,6622,487,20
2024-01-29 11:30:00+00:00,2024-01-30 21:00:00+00:00,7485,33.5,7217,268,21
2024-01-29 11:30:00+00:00,2024-01-30 22:00:00+00:00,8003,34.5,7214,789,22
2024-01-29 11:30:00+00:00,2024-01-30 23:00:00+00:00,8678,35.5,7592,1086,23
2024-01-29 11:30:00+00:00,2024-01-31 00:00:00+00:00,9336,36.5,7009,2327,0
2024-01-29 11:30:00+00:00,2024-01-31 01:00:00+00:00,10122,37.5,7248,2874,1
2024-01-29 11:30:00+00:00,2024-01-31 02:00:00+00:00,10710,38.5,7463,3247,2
2024-01-29 11:30:00+00:00,2024-01-31 03:00:00+00:00,11402,39.5,8175,3227,3
2024-01-29 11:30:00+00:00,2024-01-31 04:00:00+00:00,12319,40.5,8687,3632,4
2024-01-29 11:30:00+00:00,2024-01-31 05:00:00+00:00,13142,41.5,9519,3623,5
2024-01-29 11:30:00+00:00,2024-01-31 06:00:00+00:00,13954,42.5,10509,3445,6
2024-01-29 11:30:00+00:00,2024-01-31 07:00:00+00:00,14540,43.5,11728,2812,7
2024-01-29 11:30:00+00:00,2024-01-31 08:00:00+00:00,14664,44.5,12836,1828,8
2024-01-29 11:30:00+00:00,2024-01-31 09:00:00+00:00,15245,45.5,13747,1498,9
2024-01-29 11:30:00+00:00,2024-01-31 10:00:00+00:00,15915,46.5,14183,1732,10
2024-01-29 11:30:00+00:00,2024-01-31 11:00:00+00:00,16521,47.5,14352,2169,11
2024-01-29 09:30:00+00:00,2024-01-29 21:00:00+00:00,8111,11.5,9077,966,21
2024-01-29 09:30:00+00:00,2024-01-29 22:00:00+00:00,8358,12.5,8875,517,22
2024-01-29 09:30:00+00:00,2024-01-29 23:00:00+00:00,8535,13.5,8699,164,23
2024-01-29 09:30:00+00:00,2024-01-30 00:00:00+00:00,8725,14.5,9135,410,0
2024-01-29 09:30:00+00:00,2024-01-30 01:00:00+00:00,8931,15.5,9883,952,1
2024-01-29 09:30:00+00:00,2024-01-30 02:00:00+00:00,9153,16.5,10237,1084,2
2024-01-29 09:30:00+00:00,2024-01-30 03:00:00+00:00,9391,17.5,10370,979,3
2024-01-29 09:30:00+00:00,2024-01-30 04:00:00+00:00,9551,18.5,10203,652,4
2024-01-29 09:30:00+00:00,2024-01-30 05:00:00+00:00,9655,19.5,10076,421,5
2024-01-29 09:30:00+00:00,2024-01-30 06:00:00+00:00,9754,20.5,10215,461,6
2024-01-29 09:30:00+00:00,2024-01-30 07:00:00+00:00,9697,21.5,10107,410,7
2024-01-29 09:30:00+00:00,2024-01-30 08:00:00+00:00,9362,22.5,9672,310,8
2024-01-29 09:30:00+00:00,2024-01-30 09:00:00+00:00,9157,23.5,9195,38,9
2024-01-29 09:30:00+00:00,2024-01-30 10:00:00+00:00,9009,24.5,9066,57,10
2024-01-29 09:30:00+00:00,2024-01-30 11:00:00+00:00,8781,25.5,9565,784,11
2024-01-29 09:30:00+00:00,2024-01-30 12:00:00+00:00,8533,26.5,8628,95,12
2024-01-29 09:30:00+00:00,2024-01-30 13:00:00+00:00,8262,27.5,8442,180,13
2024-01-29 09:30:00+00:00,2024-01-30 14:00:00+00:00,7951,28.5,8626,675,14
2024-01-29 09:30:00+00:00,2024-01-30 15:00:00+00:00,7626,29.5,7823,197,15
2024-01-29 09:30:00+00:00,2024-01-30 16:00:00+00:00,7340,30.5,7604,264,16
2024-01-29 09:30:00+00:00,2024-01-30 17:00:00+00:00,7029,31.5,7193,164,17
2024-01-29 09:30:00+00:00,2024-01-30 18:00:00+00:00,6941,32.5,6626,315,18
2024-01-29 09:30:00+00:00,2024-01-30 19:00:00+00:00,6970,33.5,6415,555,19
2024-01-29 09:30:00+00:00,2024-01-30 20:00:00+00:00,7111,34.5,6622,489,20
2024-01-29 09:30:00+00:00,2024-01-30 21:00:00+00:00,7490,35.5,7217,273,21
2024-01-29 09:30:00+00:00,2024-01-30 22:00:00+00:00,8016,36.5,7214,802,22
2024-01-29 09:30:00+00:00,2024-01-30 23:00:00+00:00,8696,37.5,7592,1104,23
2024-01-29 09:30:00+00:00,2024-01-31 00:00:00+00:00,9352,38.5,7009,2343,0
2024-01-29 09:30:00+00:00,2024-01-31 01:00:00+00:00,10143,39.5,7248,2895,1
2024-01-29 09:30:00+00:00,2024-01-31 02:00:00+00:00,10729,40.5,7463,3266,2
2024-01-29 09:30:00+00:00,2024-01-31 03:00:00+00:00,11415,41.5,8175,3240,3
2024-01-29 09:30:00+00:00,2024-01-31 04:00:00+00:00,12329,42.5,8687,3642,4
2024-01-29 09:30:00+00:00,2024-01-31 05:00:00+00:00,13148,43.5,9519,3629,5
2024-01-29 09:30:00+00:00,2024-01-31 06:00:00+00:00,13956,44.5,10509,3447,6
2024-01-29 09:30:00+00:00,2024-01-31 07:00:00+00:00,14545,45.5,11728,2817,7
2024-01-29 09:30:00+00:00,2024-01-31 08:00:00+00:00,14673,46.5,12836,1837,8
2024-01-29 09:30:00+00:00,2024-01-31 09:00:00+00:00,15259,47.5,13747,1512,9
2024-01-29 07:30:00+00:00,2024-01-29 21:00:00+00:00,8111,13.5,9077,966,21
2024-01-29 07:30:00+00:00,2024-01-29 22:00:00+00:00,8353,14.5,8875,522,22
2024-01-29 07:30:00+00:00,2024-01-29 23:00:00+00:00,8529,15.5,8699,170,23
2024-01-29 07:30:00+00:00,2024-01-30 00:00:00+00:00,8720,16.5,9135,415,0
2024-01-29 07:30:00+00:00,2024-01-30 01:00:00+00:00,8928,17.5,9883,955,1
2024-01-29 07:30:00+00:00,2024-01-30 02:00:00+00:00,9152,18.5,10237,1085,2
2024-01-29 07:30:00+00:00,2024-01-30 03:00:00+00:00,9391,19.5,10370,979,3
2024-01-29 07:30:00+00:00,2024-01-30 04:00:00+00:00,9551,20.5,10203,652,4
2024-01-29 07:30:00+00:00,2024-01-30 05:00:00+00:00,9655,21.5,10076,421,5
2024-01-29 07:30:00+00:00,2024-01-30 06:00:00+00:00,9754,22.5,10215,461,6
2024-01-29 07:30:00+00:00,2024-01-30 07:00:00+00:00,9698,23.5,10107,409,7
2024-01-29 07:30:00+00:00,2024-01-30 08:00:00+00:00,9365,24.5,9672,307,8
2024-01-29 07:30:00+00:00,2024-01-30 09:00:00+00:00,9162,25.5,9195,33,9
2024-01-29 07:30:00+00:00,2024-01-30 10:00:00+00:00,9012,26.5,9066,54,10
2024-01-29 07:30:00+00:00,2024-01-30 11:00:00+00:00,8783,27.5,9565,782,11
2024-01-29 07:30:00+00:00,2024-01-30 12:00:00+00:00,8533,28.5,8628,95,12
2024-01-29 07:30:00+00:00,2024-01-30 13:00:00+00:00,8262,29.5,8442,180,13
2024-01-29 07:30:00+00:00,2024-01-30 14:00:00+00:00,7951,30.5,8626,675,14
2024-01-29 07:30:00+00:00,2024-01-30 15:00:00+00:00,7625,31.5,7823,198,15
2024-01-29 07:30:00+00:00,2024-01-30 16:00:00+00:00,7338,32.5,7604,266,16
2024-01-29 07:30:00+00:00,2024-01-30 17:00:00+00:00,7027,33.5,7193,166,17
2024-01-29 07:30:00+00:00,2024-01-30 18:00:00+00:00,6940,34.5,6626,314,18
2024-01-29 07:30:00+00:00,2024-01-30 19:00:00+00:00,6969,35.5,6415,554,19
2024-01-29 07:30:00+00:00,2024-01-30 20:00:00+00:00,7110,36.5,6622,488,20
2024-01-29 07:30:00+00:00,2024-01-30 21:00:00+00:00,7490,37.5,7217,273,21
2024-01-29 07:30:00+00:00,2024-01-30 22:00:00+00:00,8017,38.5,7214,803,22
2024-01-29 07:30:00+00:00,2024-01-30 23:00:00+00:00,8697,39.5,7592,1105,23
2024-01-29 07:30:00+00:00,2024-01-31 00:00:00+00:00,9354,40.5,7009,2345,0
2024-01-29 07:30:00+00:00,2024-01-31 01:00:00+00:00,10145,41.5,7248,2897,1
2024-01-29 07:30:00+00:00,2024-01-31 02:00:00+00:00,10731,42.5,7463,3268,2
2024-01-29 07:30:00+00:00,2024-01-31 03:00:00+00:00,11417,43.5,8175,3242,3
2024-01-29 07:30:00+00:00,2024-01-31 04:00:00+00:00,12331,44.5,8687,3644,4
2024-01-29 07:30:00+00:00,2024-01-31 05:00:00+00:00,13151,45.5,9519,3632,5
2024-01-29 07:30:00+00:00,2024-01-31 06:00:00+00:00,13959,46.5,10509,3450,6
2024-01-29 07:30:00+00:00,2024-01-31 07:00:00+00:00,14548,47.5,11728,2820,7
2024-01-29 04:30:00+00:00,2024-01-29 21:00:00+00:00,7426,16.5,9077,1651,21
2024-01-29 04:30:00+00:00,2024-01-29 22:00:00+00:00,7834,17.5,8875,1041,22
2024-01-29 04:30:00+00:00,2024-01-29 23:00:00+00:00,8129,18.5,8699,570,23
2024-01-29 04:30:00+00:00,2024-01-30 00:00:00+00:00,8276,19.5,9135,859,0
2024-01-29 04:30:00+00:00,2024-01-30 01:00:00+00:00,8510,20.5,9883,1373,1
2024-01-29 04:30:00+00:00,2024-01-30 02:00:00+00:00,8690,21.5,10237,1547,2
2024-01-29 04:30:00+00:00,2024-01-30 03:00:00+00:00,8891,22.5,10370,1479,3
2024-01-29 04:30:00+00:00,2024-01-30 04:00:00+00:00,8932,23.5,10203,1271,4
2024-01-29 04:30:00+00:00,2024-01-30 05:00:00+00:00,8974,24.5,10076,1102,5
2024-01-29 04:30:00+00:00,2024-01-30 06:00:00+00:00,9185,25.5,10215,1030,6
2024-01-29 04:30:00+00:00,2024-01-30 07:00:00+00:00,9237,26.5,10107,870,7
2024-01-29 04:30:00+00:00,2024-01-30 08:00:00+00:00,9166,27.5,9672,506,8
2024-01-29 04:30:00+00:00,2024-01-30 09:00:00+00:00,9082,28.5,9195,113,9
2024-01-29 04:30:00+00:00,2024-01-30 10:00:00+00:00,8846,29.5,9066,220,10
2024-01-29 04:30:00+00:00,2024-01-30 11:00:00+00:00,8737,30.5,9565,828,11
2024-01-29 04:30:00+00:00,2024-01-30 12:00:00+00:00,8506,31.5,8628,122,12
2024-01-29 04:30:00+00:00,2024-01-30 13:00:00+00:00,8200,32.5,8442,242,13
2024-01-29 04:30:00+00:00,2024-01-30 14:00:00+00:00,7970,33.5,8626,656,14
2024-01-29 04:30:00+00:00,2024-01-30 15:00:00+00:00,7628,34.5,7823,195,15
2024-01-29 04:30:00+00:00,2024-01-30 16:00:00+00:00,7258,35.5,7604,346,16
2024-01-29 04:30:00+00:00,2024-01-30 17:00:00+00:00,7066,36.5,7193,127,17
2024-01-29 04:30:00+00:00,2024-01-30 18:00:00+00:00,6927,37.5,6626,301,18
2024-01-29 04:30:00+00:00,2024-01-30 19:00:00+00:00,7195,38.5,6415,780,19
2024-01-29 04:30:00+00:00,2024-01-30 20:00:00+00:00,7459,39.5,6622,837,20
2024-01-29 04:30:00+00:00,2024-01-30 21:00:00+00:00,7772,40.5,7217,555,21
2024-01-29 04:30:00+00:00,2024-01-30 22:00:00+00:00,8512,41.5,7214,1298,22
2024-01-29 04:30:00+00:00,2024-01-30 23:00:00+00:00,9229,42.5,7592,1637,23
2024-01-29 04:30:00+00:00,2024-01-31 00:00:00+00:00,9906,43.5,7009,2897,0
2024-01-29 04:30:00+00:00,2024-01-31 01:00:00+00:00,10743,44.5,7248,3495,1
2024-01-29 04:30:00+00:00,2024-01-31 02:00:00+00:00,11371,45.5,7463,3908,2
2024-01-29 04:30:00+00:00,2024-01-31 03:00:00+00:00,12099,46.5,8175,3924,3
2024-01-29 04:30:00+00:00,2024-01-31 04:00:00+00:00,12956,47.5,8687,4269,4
2024-01-29 02:30:00+00:00,2024-01-29 21:00:00+00:00,7439,18.5,9077,1638,21
2024-01-29 02:30:00+00:00,2024-01-29 22:00:00+00:00,7842,19.5,8875,1033,22
2024-01-29 02:30:00+00:00,2024-01-29 23:00:00+00:00,8132,20.5,8699,567,23
2024-01-29 02:30:00+00:00,2024-01-30 00:00:00+00:00,8278,21.5,9135,857,0
2024-01-29 02:30:00+00:00,2024-01-30 01:00:00+00:00,8511,22.5,9883,1372,1
2024-01-29 02:30:00+00:00,2024-01-30 02:00:00+00:00,8690,23.5,10237,1547,2
2024-01-29 02:30:00+00:00,2024-01-30 03:00:00+00:00,8893,24.5,10370,1477,3
2024-01-29 02:30:00+00:00,2024-01-30 04:00:00+00:00,8934,25.5,10203,1269,4
2024-01-29 02:30:00+00:00,2024-01-30 05:00:00+00:00,8977,26.5,10076,1099,5
2024-01-29 02:30:00+00:00,2024-01-30 06:00:00+00:00,9197,27.5,10215,1018,6
2024-01-29 02:30:00+00:00,2024-01-30 07:00:00+00:00,9240,28.5,10107,867,7
2024-01-29 02:30:00+00:00,2024-01-30 08:00:00+00:00,9172,29.5,9672,500,8
2024-01-29 02:30:00+00:00,2024-01-30 09:00:00+00:00,9097,30.5,9195,98,9
2024-01-29 02:30:00+00:00,2024-01-30 10:00:00+00:00,8851,31.5,9066,215,10
2024-01-29 02:30:00+00:00,2024-01-30 11:00:00+00:00,8743,32.5,9565,822,11
2024-01-29 02:30:00+00:00,2024-01-30 12:00:00+00:00,8519,33.5,8628,109,12
2024-01-29 02:30:00+00:00,2024-01-30 13:00:00+00:00,8205,34.5,8442,237,13
2024-01-29 02:30:00+00:00,2024-01-30 14:00:00+00:00,7977,35.5,8626,649,14
2024-01-29 02:30:00+00:00,2024-01-30 15:00:00+00:00,7633,36.5,7823,190,15
2024-01-29 02:30:00+00:00,2024-01-30 16:00:00+00:00,7268,37.5,7604,336,16
2024-01-29 02:30:00+00:00,2024-01-30 17:00:00+00:00,7077,38.5,7193,116,17
2024-01-29 02:30:00+00:00,2024-01-30 18:00:00+00:00,6937,39.5,6626,311,18
2024-01-29 02:30:00+00:00,2024-01-30 19:00:00+00:00,7203,40.5,6415,788,19
2024-01-29 02:30:00+00:00,2024-01-30 20:00:00+00:00,7466,41.5,6622,844,20
2024-01-29 02:30:00+00:00,2024-01-30 21:00:00+00:00,7777,42.5,7217,560,21
2024-01-29 02:30:00+00:00,2024-01-30 22:00:00+00:00,8518,43.5,7214,1304,22
2024-01-29 02:30:00+00:00,2024-01-30 23:00:00+00:00,9237,44.5,7592,1645,23
2024-01-29 02:30:00+00:00,2024-01-31 00:00:00+00:00,9915,45.5,7009,2906,0
2024-01-29 02:30:00+00:00,2024-01-31 01:00:00+00:00,10752,46.5,7248,3504,1
2024-01-29 02:30:00+00:00,2024-01-31 02:00:00+00:00,11381,47.5,7463,3918,2
2024-01-28 22:30:00+00:00,2024-01-29 03:00:00+00:00,7510,4.5,5568,1942,3
2024-01-28 22:30:00+00:00,2024-01-29 04:00:00+00:00,6403,5.5,4336,2067,4
2024-01-28 22:30:00+00:00,2024-01-29 05:00:00+00:00,5382,6.5,3962,1420,5
2024-01-28 22:30:00+00:00,2024-01-29 06:00:00+00:00,4424,7.5,3626,798,6
2024-01-28 22:30:00+00:00,2024-01-29 07:00:00+00:00,3881,8.5,4031,150,7
2024-01-28 22:30:00+00:00,2024-01-29 08:00:00+00:00,3586,9.5,3909,323,8
2024-01-28 22:30:00+00:00,2024-01-29 09:00:00+00:00,3328,10.5,3928,600,9
2024-01-28 22:30:00+00:00,2024-01-29 10:00:00+00:00,3176,11.5,3337,161,10
2024-01-28 22:30:00+00:00,2024-01-29 11:00:00+00:00,3102,12.5,3669,567,11
2024-01-28 22:30:00+00:00,2024-01-29 12:00:00+00:00,3068,13.5,2918,150,12
2024-01-28 22:30:00+00:00,2024-01-29 13:00:00+00:00,3085,14.5,3078,7,13
2024-01-28 22:30:00+00:00,2024-01-29 14:00:00+00:00,3294,15.5,3761,467,14
2024-01-28 22:30:00+00:00,2024-01-29 15:00:00+00:00,3693,16.5,4342,649,15
2024-01-28 22:30:00+00:00,2024-01-29 16:00:00+00:00,4314,17.5,5949,1635,16
2024-01-28 22:30:00+00:00,2024-01-29 17:00:00+00:00,5104,18.5,7372,2268,17
2024-01-28 22:30:00+00:00,2024-01-29 18:00:00+00:00,5889,19.5,8035,2146,18
2024-01-28 22:30:00+00:00,2024-01-29 19:00:00+00:00,6668,20.5,9019,2351,19
2024-01-28 22:30:00+00:00,2024-01-29 20:00:00+00:00,7337,21.5,9178,1841,20
2024-01-28 22:30:00+00:00,2024-01-29 21:00:00+00:00,8059,22.5,9077,1018,21
2024-01-28 22:30:00+00:00,2024-01-29 22:00:00+00:00,8490,23.5,8875,385,22
2024-01-28 22:30:00+00:00,2024-01-29 23:00:00+00:00,8860,24.5,8699,161,23
2024-01-28 22:30:00+00:00,2024-01-30 00:00:00+00:00,9036,25.5,9135,99,0
2024-01-28 22:30:00+00:00,2024-01-30 01:00:00+00:00,9264,26.5,9883,619,1
2024-01-28 22:30:00+00:00,2024-01-30 02:00:00+00:00,9308,27.5,10237,929,2
2024-01-28 22:30:00+00:00,2024-01-30 03:00:00+00:00,9501,28.5,10370,869,3
2024-01-28 22:30:00+00:00,2024-01-30 04:00:00+00:00,9486,29.5,10203,717,4
2024-01-28 22:30:00+00:00,2024-01-30 05:00:00+00:00,9515,30.5,10076,561,5
2024-01-28 22:30:00+00:00,2024-01-30 06:00:00+00:00,9687,31.5,10215,528,6
2024-01-28 22:30:00+00:00,2024-01-30 07:00:00+00:00,9647,32.5,10107,460,7
2024-01-28 22:30:00+00:00,2024-01-30 08:00:00+00:00,9604,33.5,9672,68,8
2024-01-28 22:30:00+00:00,2024-01-30 09:00:00+00:00,9593,34.5,9195,398,9
2024-01-28 22:30:00+00:00,2024-01-30 10:00:00+00:00,8922,35.5,9066,144,10
2024-01-28 22:30:00+00:00,2024-01-30 11:00:00+00:00,8741,36.5,9565,824,11
2024-01-28 22:30:00+00:00,2024-01-30 12:00:00+00:00,8597,37.5,8628,31,12
2024-01-28 22:30:00+00:00,2024-01-30 13:00:00+00:00,8319,38.5,8442,123,13
2024-01-28 22:30:00+00:00,2024-01-30 14:00:00+00:00,8032,39.5,8626,594,14
2024-01-28 22:30:00+00:00,2024-01-30 15:00:00+00:00,7751,40.5,7823,72,15
2024-01-28 22:30:00+00:00,2024-01-30 16:00:00+00:00,7610,41.5,7604,6,16
2024-01-28 22:30:00+00:00,2024-01-30 17:00:00+00:00,7464,42.5,7193,271,17
2024-01-28 22:30:00+00:00,2024-01-30 18:00:00+00:00,7328,43.5,6626,702,18
2024-01-28 22:30:00+00:00,2024-01-30 19:00:00+00:00,7718,44.5,6415,1303,19
2024-01-28 22:30:00+00:00,2024-01-30 20:00:00+00:00,8081,45.5,6622,1459,20
2024-01-28 22:30:00+00:00,2024-01-30 21:00:00+00:00,8456,46.5,7217,1239,21
2024-01-28 18:30:00+00:00,2024-01-28 23:00:00+00:00,12891,4.5,10198,2693,23
2024-01-28 18:30:00+00:00,2024-01-29 00:00:00+00:00,11747,5.5,9682,2065,0
2024-01-28 18:30:00+00:00,2024-01-29 01:00:00+00:00,10270,6.5,7980,2290,1
2024-01-28 18:30:00+00:00,2024-01-29 02:00:00+00:00,8814,7.5,6149,2665,2
2024-01-28 18:30:00+00:00,2024-01-29 03:00:00+00:00,7516,8.5,5568,1948,3
2024-01-28 18:30:00+00:00,2024-01-29 04:00:00+00:00,6405,9.5,4336,2069,4
2024-01-28 18:30:00+00:00,2024-01-29 05:00:00+00:00,5384,10.5,3962,1422,5
2024-01-28 18:30:00+00:00,2024-01-29 06:00:00+00:00,4425,11.5,3626,799,6
2024-01-28 18:30:00+00:00,2024-01-29 07:00:00+00:00,3881,12.5,4031,150,7
2024-01-28 18:30:00+00:00,2024-01-29 08:00:00+00:00,3581,13.5,3909,328,8
2024-01-28 18:30:00+00:00,2024-01-29 09:00:00+00:00,3324,14.5,3928,604,9
2024-01-28 18:30:00+00:00,2024-01-29 10:00:00+00:00,3173,15.5,3337,164,10
2024-01-28 18:30:00+00:00,2024-01-29 11:00:00+00:00,3098,16.5,3669,571,11
2024-01-28 18:30:00+00:00,2024-01-29 12:00:00+00:00,3071,17.5,2918,153,12
2024-01-28 18:30:00+00:00,2024-01-29 13:00:00+00:00,3088,18.5,3078,10,13
2024-01-28 18:30:00+00:00,2024-01-29 14:00:00+00:00,3297,19.5,3761,464,14
2024-01-28 18:30:00+00:00,2024-01-29 15:00:00+00:00,3696,20.5,4342,646,15
2024-01-28 18:30:00+00:00,2024-01-29 16:00:00+00:00,4316,21.5,5949,1633,16
2024-01-28 18:30:00+00:00,2024-01-29 17:00:00+00:00,5103,22.5,7372,2269,17
2024-01-28 18:30:00+00:00,2024-01-29 18:00:00+00:00,5885,23.5,8035,2150,18
2024-01-28 18:30:00+00:00,2024-01-29 19:00:00+00:00,6661,24.5,9019,2358,19
2024-01-28 18:30:00+00:00,2024-01-29 20:00:00+00:00,7332,25.5,9178,1846,20
2024-01-28 18:30:00+00:00,2024-01-29 21:00:00+00:00,8063,26.5,9077,1014,21
2024-01-28 18:30:00+00:00,2024-01-29 22:00:00+00:00,8490,27.5,8875,385,22
2024-01-28 18:30:00+00:00,2024-01-29 23:00:00+00:00,8858,28.5,8699,159,23
2024-01-28 18:30:00+00:00,2024-01-30 00:00:00+00:00,9038,29.5,9135,97,0
2024-01-28 18:30:00+00:00,2024-01-30 01:00:00+00:00,9262,30.5,9883,621,1
2024-01-28 18:30:00+00:00,2024-01-30 02:00:00+00:00,9309,31.5,10237,928,2
2024-01-28 18:30:00+00:00,2024-01-30 03:00:00+00:00,9504,32.5,10370,866,3
2024-01-28 18:30:00+00:00,2024-01-30 04:00:00+00:00,9488,33.5,10203,715,4
2024-01-28 18:30:00+00:00,2024-01-30 05:00:00+00:00,9518,34.5,10076,558,5
2024-01-28 18:30:00+00:00,2024-01-30 06:00:00+00:00,9694,35.5,10215,521,6
2024-01-28 18:30:00+00:00,2024-01-30 07:00:00+00:00,9657,36.5,10107,450,7
2024-01-28 18:30:00+00:00,2024-01-30 08:00:00+00:00,9614,37.5,9672,58,8
2024-01-28 18:30:00+00:00,2024-01-30 09:00:00+00:00,9605,38.5,9195,410,9
2024-01-28 18:30:00+00:00,2024-01-30 10:00:00+00:00,8935,39.5,9066,131,10
2024-01-28 18:30:00+00:00,2024-01-30 11:00:00+00:00,8755,40.5,9565,810,11
2024-01-28 18:30:00+00:00,2024-01-30 12:00:00+00:00,8612,41.5,8628,16,12
2024-01-28 18:30:00+00:00,2024-01-30 13:00:00+00:00,8335,42.5,8442,107,13
2024-01-28 18:30:00+00:00,2024-01-30 14:00:00+00:00,8048,43.5,8626,578,14
2024-01-28 18:30:00+00:00,2024-01-30 15:00:00+00:00,7765,44.5,7823,58,15
2024-01-28 18:30:00+00:00,2024-01-30 16:00:00+00:00,7622,45.5,7604,18,16
2024-01-28 18:30:00+00:00,2024-01-30 17:00:00+00:00,7474,46.5,7193,281,17
2024-01-28 18:30:00+00:00,2024-01-30 18:00:00+00:00,7335,47.5,6626,709,18
2024-01-28 15:30:00+00:00,2024-01-28 21:00:00+00:00,15664,5.5,12151,3513,21
2024-01-28 15:30:00+00:00,2024-01-28 22:00:00+00:00,14350,6.5,11484,2866,22
2024-01-28 15:30:00+00:00,2024-01-28 23:00:00+00:00,13200,7.5,10198,3002,23
2024-01-28 15:30:00+00:00,2024-01-29 00:00:00+00:00,11922,8.5,9682,2240,0
2024-01-28 15:30:00+00:00,2024-01-29 01:00:00+00:00,10392,9.5,7980,2412,1
2024-01-28 15:30:00+00:00,2024-01-29 02:00:00+00:00,9066,10.5,6149,2917,2
2024-01-28 15:30:00+00:00,2024-01-29 03:00:00+00:00,7971,11.5,5568,2403,3
2024-01-28 15:30:00+00:00,2024-01-29 04:00:00+00:00,6871,12.5,4336,2535,4
2024-01-28 15:30:00+00:00,2024-01-29 05:00:00+00:00,5786,13.5,3962,1824,5
2024-01-28 15:30:00+00:00,2024-01-29 06:00:00+00:00,4911,14.5,3626,1285,6
2024-01-28 15:30:00+00:00,2024-01-29 07:00:00+00:00,4159,15.5,4031,128,7
2024-01-28 15:30:00+00:00,2024-01-29 08:00:00+00:00,3640,16.5,3909,269,8
2024-01-28 15:30:00+00:00,2024-01-29 09:00:00+00:00,3255,17.5,3928,673,9
2024-01-28 15:30:00+00:00,2024-01-29 10:00:00+00:00,3034,18.5,3337,303,10
2024-01-28 15:30:00+00:00,2024-01-29 11:00:00+00:00,3016,19.5,3669,653,11
2024-01-28 15:30:00+00:00,2024-01-29 12:00:00+00:00,2941,20.5,2918,23,12
2024-01-28 15:30:00+00:00,2024-01-29 13:00:00+00:00,3114,21.5,3078,36,13
2024-01-28 15:30:00+00:00,2024-01-29 14:00:00+00:00,3553,22.5,3761,208,14
2024-01-28 15:30:00+00:00,2024-01-29 15:00:00+00:00,4155,23.5,4342,187,15
2024-01-28 15:30:00+00:00,2024-01-29 16:00:00+00:00,4818,24.5,5949,1131,16
2024-01-28 15:30:00+00:00,2024-01-29 17:00:00+00:00,5913,25.5,7372,1459,17
2024-01-28 15:30:00+00:00,2024-01-29 18:00:00+00:00,6777,26.5,8035,1258,18
2024-01-28 15:30:00+00:00,2024-01-29 19:00:00+00:00,7597,27.5,9019,1422,19
2024-01-28 15:30:00+00:00,2024-01-29 20:00:00+00:00,8232,28.5,9178,946,20
2024-01-28 15:30:00+00:00,2024-01-29 21:00:00+00:00,8922,29.5,9077,155,21
2024-01-28 15:30:00+00:00,2024-01-29 22:00:00+00:00,9350,30.5,8875,475,22
2024-01-28 15:30:00+00:00,2024-01-29 23:00:00+00:00,9733,31.5,8699,1034,23
2024-01-28 15:30:00+00:00,2024-01-30 00:00:00+00:00,9984,32.5,9135,849,0
2024-01-28 15:30:00+00:00,2024-01-30 01:00:00+00:00,10208,33.5,9883,325,1
2024-01-28 15:30:00+00:00,2024-01-30 02:00:00+00:00,10189,34.5,10237,48,2
2024-01-28 15:30:00+00:00,2024-01-30 03:00:00+00:00,10370,35.5,10370,0,3
2024-01-28 15:30:00+00:00,2024-01-30 04:00:00+00:00,10310,36.5,10203,107,4
2024-01-28 15:30:00+00:00,2024-01-30 05:00:00+00:00,10259,37.5,10076,183,5
2024-01-28 15:30:00+00:00,2024-01-30 06:00:00+00:00,10206,38.5,10215,9,6
2024-01-28 15:30:00+00:00,2024-01-30 07:00:00+00:00,10106,39.5,10107,1,7
2024-01-28 15:30:00+00:00,2024-01-30 08:00:00+00:00,10007,40.5,9672,335,8
2024-01-28 15:30:00+00:00,2024-01-30 09:00:00+00:00,9909,41.5,9195,714,9
2024-01-28 15:30:00+00:00,2024-01-30 10:00:00+00:00,9693,42.5,9066,627,10
2024-01-28 15:30:00+00:00,2024-01-30 11:00:00+00:00,9500,43.5,9565,65,11
2024-01-28 15:30:00+00:00,2024-01-30 12:00:00+00:00,9340,44.5,8628,712,12
2024-01-28 15:30:00+00:00,2024-01-30 13:00:00+00:00,9102,45.5,8442,660,13
2024-01-28 15:30:00+00:00,2024-01-30 14:00:00+00:00,8843,46.5,8626,217,14
2024-01-28 15:30:00+00:00,2024-01-30 15:00:00+00:00,8569,47.5,7823,746,15
2024-01-28 11:30:00+00:00,2024-01-28 21:00:00+00:00,15654,9.5,12151,3503,21
2024-01-28 11:30:00+00:00,2024-01-28 22:00:00+00:00,14450,10.5,11484,2966,22
2024-01-28 11:30:00+00:00,2024-01-28 23:00:00+00:00,13364,11.5,10198,3166,23
2024-01-28 11:30:00+00:00,2024-01-29 00:00:00+00:00,11997,12.5,9682,2315,0
2024-01-28 11:30:00+00:00,2024-01-29 01:00:00+00:00,10671,13.5,7980,2691,1
2024-01-28 11:30:00+00:00,2024-01-29 02:00:00+00:00,9440,14.5,6149,3291,2
2024-01-28 11:30:00+00:00,2024-01-29 03:00:00+00:00,8271,15.5,5568,2703,3
2024-01-28 11:30:00+00:00,2024-01-29 04:00:00+00:00,7279,16.5,4336,2943,4
2024-01-28 11:30:00+00:00,2024-01-29 05:00:00+00:00,6210,17.5,3962,2248,5
2024-01-28 11:30:00+00:00,2024-01-29 06:00:00+00:00,5404,18.5,3626,1778,6
2024-01-28 11:30:00+00:00,2024-01-29 07:00:00+00:00,4617,19.5,4031,586,7
2024-01-28 11:30:00+00:00,2024-01-29 08:00:00+00:00,4085,20.5,3909,176,8
2024-01-28 11:30:00+00:00,2024-01-29 09:00:00+00:00,3798,21.5,3928,130,9
2024-01-28 11:30:00+00:00,2024-01-29 10:00:00+00:00,3579,22.5,3337,242,10
2024-01-28 11:30:00+00:00,2024-01-29 11:00:00+00:00,3612,23.5,3669,57,11
2024-01-28 11:30:00+00:00,2024-01-29 12:00:00+00:00,3546,24.5,2918,628,12
2024-01-28 11:30:00+00:00,2024-01-29 13:00:00+00:00,3812,25.5,3078,734,13
2024-01-28 11:30:00+00:00,2024-01-29 14:00:00+00:00,4343,26.5,3761,582,14
2024-01-28 11:30:00+00:00,2024-01-29 15:00:00+00:00,5012,27.5,4342,670,15
2024-01-28 11:30:00+00:00,2024-01-29 16:00:00+00:00,5702,28.5,5949,247,16
2024-01-28 11:30:00+00:00,2024-01-29 17:00:00+00:00,6944,29.5,7372,428,17
2024-01-28 11:30:00+00:00,2024-01-29 18:00:00+00:00,7934,30.5,8035,101,18
2024-01-28 11:30:00+00:00,2024-01-29 19:00:00+00:00,8666,31.5,9019,353,19
2024-01-28 11:30:00+00:00,2024-01-29 20:00:00+00:00,9280,32.5,9178,102,20
2024-01-28 11:30:00+00:00,2024-01-29 21:00:00+00:00,9942,33.5,9077,865,21
2024-01-28 11:30:00+00:00,2024-01-29 22:00:00+00:00,10309,34.5,8875,1434,22
2024-01-28 11:30:00+00:00,2024-01-29 23:00:00+00:00,10566,35.5,8699,1867,23
2024-01-28 11:30:00+00:00,2024-01-30 00:00:00+00:00,10848,36.5,9135,1713,0
2024-01-28 11:30:00+00:00,2024-01-30 01:00:00+00:00,10921,37.5,9883,1038,1
2024-01-28 11:30:00+00:00,2024-01-30 02:00:00+00:00,11010,38.5,10237,773,2
2024-01-28 11:30:00+00:00,2024-01-30 03:00:00+00:00,11083,39.5,10370,713,3
2024-01-28 11:30:00+00:00,2024-01-30 04:00:00+00:00,11128,40.5,10203,925,4
2024-01-28 11:30:00+00:00,2024-01-30 05:00:00+00:00,11165,41.5,10076,1089,5
2024-01-28 11:30:00+00:00,2024-01-30 06:00:00+00:00,11194,42.5,10215,979,6
2024-01-28 11:30:00+00:00,2024-01-30 07:00:00+00:00,11077,43.5,10107,970,7
2024-01-28 11:30:00+00:00,2024-01-30 08:00:00+00:00,10956,44.5,9672,1284,8
2024-01-28 11:30:00+00:00,2024-01-30 09:00:00+00:00,10831,45.5,9195,1636,9
2024-01-28 11:30:00+00:00,2024-01-30 10:00:00+00:00,10656,46.5,9066,1590,10
2024-01-28 11:30:00+00:00,2024-01-30 11:00:00+00:00,10496,47.5,9565,931,11
2024-01-28 09:30:00+00:00,2024-01-28 21:00:00+00:00,15687,11.5,12151,3536,21
2024-01-28 09:30:00+00:00,2024-01-28 22:00:00+00:00,14491,12.5,11484,3007,22
2024-01-28 09:30:00+00:00,2024-01-28 23:00:00+00:00,13396,13.5,10198,3198,23
2024-01-28 09:30:00+00:00,2024-01-29 00:00:00+00:00,12025,14.5,9682,2343,0
2024-01-28 09:30:00+00:00,2024-01-29 01:00:00+00:00,10690,15.5,7980,2710,1
2024-01-28 09:30:00+00:00,2024-01-29 02:00:00+00:00,9456,16.5,6149,3307,2
2024-01-28 09:30:00+00:00,2024-01-29 03:00:00+00:00,8293,17.5,5568,2725,3
2024-01-28 09:30:00+00:00,2024-01-29 04:00:00+00:00,7297,18.5,4336,2961,4
2024-01-28 09:30:00+00:00,2024-01-29 05:00:00+00:00,6231,19.5,3962,2269,5
2024-01-28 09:30:00+00:00,2024-01-29 06:00:00+00:00,5431,20.5,3626,1805,6
2024-01-28 09:30:00+00:00,2024-01-29 07:00:00+00:00,4620,21.5,4031,589,7
2024-01-28 09:30:00+00:00,2024-01-29 08:00:00+00:00,4084,22.5,3909,175,8
2024-01-28 09:30:00+00:00,2024-01-29 09:00:00+00:00,3829,23.5,3928,99,9
2024-01-28 09:30:00+00:00,2024-01-29 10:00:00+00:00,3587,24.5,3337,250,10
2024-01-28 09:30:00+00:00,2024-01-29 11:00:00+00:00,3643,25.5,3669,26,11
2024-01-28 09:30:00+00:00,2024-01-29 12:00:00+00:00,3591,26.5,2918,673,12
2024-01-28 09:30:00+00:00,2024-01-29 13:00:00+00:00,3850,27.5,3078,772,13
2024-01-28 09:30:00+00:00,2024-01-29 14:00:00+00:00,4386,28.5,3761,625,14
2024-01-28 09:30:00+00:00,2024-01-29 15:00:00+00:00,5055,29.5,4342,713,15
2024-01-28 09:30:00+00:00,2024-01-29 16:00:00+00:00,5722,30.5,5949,227,16
2024-01-28 09:30:00+00:00,2024-01-29 17:00:00+00:00,6963,31.5,7372,409,17
2024-01-28 09:30:00+00:00,2024-01-29 18:00:00+00:00,7997,32.5,8035,38,18
2024-01-28 09:30:00+00:00,2024-01-29 19:00:00+00:00,8698,33.5,9019,321,19
2024-01-28 09:30:00+00:00,2024-01-29 20:00:00+00:00,9328,34.5,9178,150,20
2024-01-28 09:30:00+00:00,2024-01-29 21:00:00+00:00,10001,35.5,9077,924,21
2024-01-28 09:30:00+00:00,2024-01-29 22:00:00+00:00,10411,36.5,8875,1536,22
2024-01-28 09:30:00+00:00,2024-01-29 23:00:00+00:00,10668,37.5,8699,1969,23
2024-01-28 09:30:00+00:00,2024-01-30 00:00:00+00:00,10890,38.5,9135,1755,0
2024-01-28 09:30:00+00:00,2024-01-30 01:00:00+00:00,10974,39.5,9883,1091,1
2024-01-28 09:30:00+00:00,2024-01-30 02:00:00+00:00,11045,40.5,10237,808,2
2024-01-28 09:30:00+00:00,2024-01-30 03:00:00+00:00,11106,41.5,10370,736,3
2024-01-28 09:30:00+00:00,2024-01-30 04:00:00+00:00,11144,42.5,10203,941,4
2024-01-28 09:30:00+00:00,2024-01-30 05:00:00+00:00,11174,43.5,10076,1098,5
2024-01-28 09:30:00+00:00,2024-01-30 06:00:00+00:00,11197,44.5,10215,982,6
2024-01-28 09:30:00+00:00,2024-01-30 07:00:00+00:00,11080,45.5,10107,973,7
2024-01-28 09:30:00+00:00,2024-01-30 08:00:00+00:00,10960,46.5,9672,1288,8
2024-01-28 09:30:00+00:00,2024-01-30 09:00:00+00:00,10836,47.5,9195,1641,9
2024-01-28 07:30:00+00:00,2024-01-28 21:00:00+00:00,15686,13.5,12151,3535,21
2024-01-28 07:30:00+00:00,2024-01-28 22:00:00+00:00,14491,14.5,11484,3007,22
2024-01-28 07:30:00+00:00,2024-01-28 23:00:00+00:00,13394,15.5,10198,3196,23
2024-01-28 07:30:00+00:00,2024-01-29 00:00:00+00:00,12023,16.5,9682,2341,0
2024-01-28 07:30:00+00:00,2024-01-29 01:00:00+00:00,10688,17.5,7980,2708,1
2024-01-28 07:30:00+00:00,2024-01-29 02:00:00+00:00,9454,18.5,6149,3305,2
2024-01-28 07:30:00+00:00,2024-01-29 03:00:00+00:00,8292,19.5,5568,2724,3
2024-01-28 07:30:00+00:00,2024-01-29 04:00:00+00:00,7295,20.5,4336,2959,4
2024-01-28 07:30:00+00:00,2024-01-29 05:00:00+00:00,6228,21.5,3962,2266,5
2024-01-28 07:30:00+00:00,2024-01-29 06:00:00+00:00,5429,22.5,3626,1803,6
2024-01-28 07:30:00+00:00,2024-01-29 07:00:00+00:00,4616,23.5,4031,585,7
2024-01-28 07:30:00+00:00,2024-01-29 08:00:00+00:00,4081,24.5,3909,172,8
2024-01-28 07:30:00+00:00,2024-01-29 09:00:00+00:00,3827,25.5,3928,101,9
2024-01-28 07:30:00+00:00,2024-01-29 10:00:00+00:00,3585,26.5,3337,248,10
2024-01-28 07:30:00+00:00,2024-01-29 11:00:00+00:00,3643,27.5,3669,26,11
2024-01-28 07:30:00+00:00,2024-01-29 12:00:00+00:00,3593,28.5,2918,675,12
2024-01-28 07:30:00+00:00,2024-01-29 13:00:00+00:00,3852,29.5,3078,774,13
2024-01-28 07:30:00+00:00,2024-01-29 14:00:00+00:00,4390,30.5,3761,629,14
2024-01-28 07:30:00+00:00,2024-01-29 15:00:00+00:00,5060,31.5,4342,718,15
2024-01-28 07:30:00+00:00,2024-01-29 16:00:00+00:00,5724,32.5,5949,225,16
2024-01-28 07:30:00+00:00,2024-01-29 17:00:00+00:00,6962,33.5,7372,410,17
2024-01-28 07:30:00+00:00,2024-01-29 18:00:00+00:00,7999,34.5,8035,36,18
2024-01-28 07:30:00+00:00,2024-01-29 19:00:00+00:00,8695,35.5,9019,324,19
2024-01-28 07:30:00+00:00,2024-01-29 20:00:00+00:00,9326,36.5,9178,148,20
2024-01-28 07:30:00+00:00,2024-01-29 21:00:00+00:00,10003,37.5,9077,926,21
2024-01-28 07:30:00+00:00,2024-01-29 22:00:00+00:00,10412,38.5,8875,1537,22
2024-01-28 07:30:00+00:00,2024-01-29 23:00:00+00:00,10668,39.5,8699,1969,23
2024-01-28 07:30:00+00:00,2024-01-30 00:00:00+00:00,10889,40.5,9135,1754,0
2024-01-28 07:30:00+00:00,2024-01-30 01:00:00+00:00,10974,41.5,9883,1091,1
2024-01-28 07:30:00+00:00,2024-01-30 02:00:00+00:00,11046,42.5,10237,809,2
2024-01-28 07:30:00+00:00,2024-01-30 03:00:00+00:00,11107,43.5,10370,737,3
2024-01-28 07:30:00+00:00,2024-01-30 04:00:00+00:00,11145,44.5,10203,942,4
2024-01-28 07:30:00+00:00,2024-01-30 05:00:00+00:00,11175,45.5,10076,1099,5
2024-01-28 07:30:00+00:00,2024-01-30 06:00:00+00:00,11198,46.5,10215,983,6
2024-01-28 07:30:00+00:00,2024-01-30 07:00:00+00:00,11082,47.5,10107,975,7
2024-01-28 04:30:00+00:00,2024-01-28 21:00:00+00:00,15508,16.5,12151,3357,21
2024-01-28 04:30:00+00:00,2024-01-28 22:00:00+00:00,14244,17.5,11484,2760,22
2024-01-28 04:30:00+00:00,2024-01-28 23:00:00+00:00,13167,18.5,10198,2969,23
2024-01-28 04:30:00+00:00,2024-01-29 00:00:00+00:00,11893,19.5,9682,2211,0
2024-01-28 04:30:00+00:00,2024-01-29 01:00:00+00:00,10542,20.5,7980,2562,1
2024-01-28 04:30:00+00:00,2024-01-29 02:00:00+00:00,9429,21.5,6149,3280,2
2024-01-28 04:30:00+00:00,2024-01-29 03:00:00+00:00,8275,22.5,5568,2707,3
2024-01-28 04:30:00+00:00,2024-01-29 04:00:00+00:00,7314,23.5,4336,2978,4
2024-01-28 04:30:00+00:00,2024-01-29 05:00:00+00:00,6308,24.5,3962,2346,5
2024-01-28 04:30:00+00:00,2024-01-29 06:00:00+00:00,5439,25.5,3626,1813,6
2024-01-28 04:30:00+00:00,2024-01-29 07:00:00+00:00,4865,26.5,4031,834,7
2024-01-28 04:30:00+00:00,2024-01-29 08:00:00+00:00,4588,27.5,3909,679,8
2024-01-28 04:30:00+00:00,2024-01-29 09:00:00+00:00,4596,28.5,3928,668,9
2024-01-28 04:30:00+00:00,2024-01-29 10:00:00+00:00,4400,29.5,3337,1063,10
2024-01-28 04:30:00+00:00,2024-01-29 11:00:00+00:00,4578,30.5,3669,909,11
2024-01-28 04:30:00+00:00,2024-01-29 12:00:00+00:00,4647,31.5,2918,1729,12
2024-01-28 04:30:00+00:00,2024-01-29 13:00:00+00:00,4971,32.5,3078,1893,13
2024-01-28 04:30:00+00:00,2024-01-29 14:00:00+00:00,5406,33.5,3761,1645,14
2024-01-28 04:30:00+00:00,2024-01-29 15:00:00+00:00,6062,34.5,4342,1720,15
2024-01-28 04:30:00+00:00,2024-01-29 16:00:00+00:00,7184,35.5,5949,1235,16
2024-01-28 04:30:00+00:00,2024-01-29 17:00:00+00:00,8228,36.5,7372,856,17
2024-01-28 04:30:00+00:00,2024-01-29 18:00:00+00:00,9198,37.5,8035,1163,18
2024-01-28 04:30:00+00:00,2024-01-29 19:00:00+00:00,9743,38.5,9019,724,19
2024-01-28 04:30:00+00:00,2024-01-29 20:00:00+00:00,10245,39.5,9178,1067,20
2024-01-28 04:30:00+00:00,2024-01-29 21:00:00+00:00,10708,40.5,9077,1631,21
2024-01-28 04:30:00+00:00,2024-01-29 22:00:00+00:00,10903,41.5,8875,2028,22
2024-01-28 04:30:00+00:00,2024-01-29 23:00:00+00:00,11081,42.5,8699,2382,23
2024-01-28 04:30:00+00:00,2024-01-30 00:00:00+00:00,11243,43.5,9135,2108,0
2024-01-28 04:30:00+00:00,2024-01-30 01:00:00+00:00,11225,44.5,9883,1342,1
2024-01-28 04:30:00+00:00,2024-01-30 02:00:00+00:00,11205,45.5,10237,968,2
2024-01-28 04:30:00+00:00,2024-01-30 03:00:00+00:00,11185,46.5,10370,815,3
2024-01-28 04:30:00+00:00,2024-01-30 04:00:00+00:00,11243,47.5,10203,1040,4
2024-01-28 02:30:00+00:00,2024-01-28 21:00:00+00:00,15509,18.5,12151,3358,21
2024-01-28 02:30:00+00:00,2024-01-28 22:00:00+00:00,14238,19.5,11484,2754,22
2024-01-28 02:30:00+00:00,2024-01-28 23:00:00+00:00,13157,20.5,10198,2959,23
2024-01-28 02:30:00+00:00,2024-01-29 00:00:00+00:00,11882,21.5,9682,2200,0
2024-01-28 02:30:00+00:00,2024-01-29 01:00:00+00:00,10542,22.5,7980,2562,1
2024-01-28 02:30:00+00:00,2024-01-29 02:00:00+00:00,9430,23.5,6149,3281,2
2024-01-28 02:30:00+00:00,2024-01-29 03:00:00+00:00,8265,24.5,5568,2697,3
2024-01-28 02:30:00+00:00,2024-01-29 04:00:00+00:00,7314,25.5,4336,2978,4
2024-01-28 02:30:00+00:00,2024-01-29 05:00:00+00:00,6306,26.5,3962,2344,5
2024-01-28 02:30:00+00:00,2024-01-29 06:00:00+00:00,5434,27.5,3626,1808,6
2024-01-28 02:30:00+00:00,2024-01-29 07:00:00+00:00,4865,28.5,4031,834,7
2024-01-28 02:30:00+00:00,2024-01-29 08:00:00+00:00,4588,29.5,3909,679,8
2024-01-28 02:30:00+00:00,2024-01-29 09:00:00+00:00,4591,30.5,3928,663,9
2024-01-28 02:30:00+00:00,2024-01-29 10:00:00+00:00,4398,31.5,3337,1061,10
2024-01-28 02:30:00+00:00,2024-01-29 11:00:00+00:00,4575,32.5,3669,906,11
2024-01-28 02:30:00+00:00,2024-01-29 12:00:00+00:00,4664,33.5,2918,1746,12
2024-01-28 02:30:00+00:00,2024-01-29 13:00:00+00:00,4974,34.5,3078,1896,13
2024-01-28 02:30:00+00:00,2024-01-29 14:00:00+00:00,5405,35.5,3761,1644,14
2024-01-28 02:30:00+00:00,2024-01-29 15:00:00+00:00,6078,36.5,4342,1736,15
2024-01-28 02:30:00+00:00,2024-01-29 16:00:00+00:00,7205,37.5,5949,1256,16
2024-01-28 02:30:00+00:00,2024-01-29 17:00:00+00:00,8252,38.5,7372,880,17
2024-01-28 02:30:00+00:00,2024-01-29 18:00:00+00:00,9224,39.5,8035,1189,18
2024-01-28 02:30:00+00:00,2024-01-29 19:00:00+00:00,9763,40.5,9019,744,19
2024-01-28 02:30:00+00:00,2024-01-29 20:00:00+00:00,10260,41.5,9178,1082,20
2024-01-28 02:30:00+00:00,2024-01-29 21:00:00+00:00,10719,42.5,9077,1642,21
2024-01-28 02:30:00+00:00,2024-01-29 22:00:00+00:00,10913,43.5,8875,2038,22
2024-01-28 02:30:00+00:00,2024-01-29 23:00:00+00:00,11089,44.5,8699,2390,23
2024-01-28 02:30:00+00:00,2024-01-30 00:00:00+00:00,11249,45.5,9135,2114,0
2024-01-28 02:30:00+00:00,2024-01-30 01:00:00+00:00,11230,46.5,9883,1347,1
2024-01-28 02:30:00+00:00,2024-01-30 02:00:00+00:00,11209,47.5,10237,972,2
2024-01-27 22:30:00+00:00,2024-01-28 03:00:00+00:00,16432,4.5,12345,4087,3
2024-01-27 22:30:00+00:00,2024-01-28 04:00:00+00:00,16574,5.5,12181,4393,4
2024-01-27 22:30:00+00:00,2024-01-28 05:00:00+00:00,16698,6.5,12679,4019,5
2024-01-27 22:30:00+00:00,2024-01-28 06:00:00+00:00,16832,7.5,12877,3955,6
2024-01-27 22:30:00+00:00,2024-01-28 07:00:00+00:00,17099,8.5,12485,4614,7
2024-01-27 22:30:00+00:00,2024-01-28 08:00:00+00:00,17206,9.5,12248,4958,8
2024-01-27 22:30:00+00:00,2024-01-28 09:00:00+00:00,17283,10.5,12157,5126,9
2024-01-27 22:30:00+00:00,2024-01-28 10:00:00+00:00,17041,11.5,12583,4458,10
2024-01-27 22:30:00+00:00,2024-01-28 11:00:00+00:00,16991,12.5,12532,4459,11
2024-01-27 22:30:00+00:00,2024-01-28 12:00:00+00:00,16774,13.5,13588,3186,12
2024-01-27 22:30:00+00:00,2024-01-28 13:00:00+00:00,16829,14.5,13513,3316,13
2024-01-27 22:30:00+00:00,2024-01-28 14:00:00+00:00,16733,15.5,13270,3463,14
2024-01-27 22:30:00+00:00,2024-01-28 15:00:00+00:00,16981,16.5,13272,3709,15
2024-01-27 22:30:00+00:00,2024-01-28 16:00:00+00:00,17265,17.5,13866,3399,16
2024-01-27 22:30:00+00:00,2024-01-28 17:00:00+00:00,17693,18.5,14255,3438,17
2024-01-27 22:30:00+00:00,2024-01-28 18:00:00+00:00,17722,19.5,14262,3460,18
2024-01-27 22:30:00+00:00,2024-01-28 19:00:00+00:00,17313,20.5,13632,3681,19
2024-01-27 22:30:00+00:00,2024-01-28 20:00:00+00:00,16491,21.5,12878,3613,20
2024-01-27 22:30:00+00:00,2024-01-28 21:00:00+00:00,15252,22.5,12151,3101,21
2024-01-27 22:30:00+00:00,2024-01-28 22:00:00+00:00,13814,23.5,11484,2330,22
2024-01-27 22:30:00+00:00,2024-01-28 23:00:00+00:00,12664,24.5,10198,2466,23
2024-01-27 22:30:00+00:00,2024-01-29 00:00:00+00:00,11485,25.5,9682,1803,0
2024-01-27 22:30:00+00:00,2024-01-29 01:00:00+00:00,10149,26.5,7980,2169,1
2024-01-27 22:30:00+00:00,2024-01-29 02:00:00+00:00,9117,27.5,6149,2968,2
2024-01-27 22:30:00+00:00,2024-01-29 03:00:00+00:00,8097,28.5,5568,2529,3
2024-01-27 22:30:00+00:00,2024-01-29 04:00:00+00:00,7170,29.5,4336,2834,4
2024-01-27 22:30:00+00:00,2024-01-29 05:00:00+00:00,6260,30.5,3962,2298,5
2024-01-27 22:30:00+00:00,2024-01-29 06:00:00+00:00,5512,31.5,3626,1886,6
2024-01-27 22:30:00+00:00,2024-01-29 07:00:00+00:00,5084,32.5,4031,1053,7
2024-01-27 22:30:00+00:00,2024-01-29 08:00:00+00:00,5116,33.5,3909,1207,8
2024-01-27 22:30:00+00:00,2024-01-29 09:00:00+00:00,5216,34.5,3928,1288,9
2024-01-27 22:30:00+00:00,2024-01-29 10:00:00+00:00,5871,35.5,3337,2534,10
2024-01-27 22:30:00+00:00,2024-01-29 11:00:00+00:00,6041,36.5,3669,2372,11
2024-01-27 22:30:00+00:00,2024-01-29 12:00:00+00:00,6233,37.5,2918,3315,12
2024-01-27 22:30:00+00:00,2024-01-29 13:00:00+00:00,6567,38.5,3078,3489,13
2024-01-27 22:30:00+00:00,2024-01-29 14:00:00+00:00,6915,39.5,3761,3154,14
2024-01-27 22:30:00+00:00,2024-01-29 15:00:00+00:00,7276,40.5,4342,2934,15
2024-01-27 22:30:00+00:00,2024-01-29 16:00:00+00:00,8071,41.5,5949,2122,16
2024-01-27 22:30:00+00:00,2024-01-29 17:00:00+00:00,8844,42.5,7372,1472,17
2024-01-27 22:30:00+00:00,2024-01-29 18:00:00+00:00,9558,43.5,8035,1523,18
2024-01-27 22:30:00+00:00,2024-01-29 19:00:00+00:00,10038,44.5,9019,1019,19
2024-01-27 22:30:00+00:00,2024-01-29 20:00:00+00:00,10478,45.5,9178,1300,20
2024-01-27 22:30:00+00:00,2024-01-29 21:00:00+00:00,10883,46.5,9077,1806,21
2024-01-27 18:30:00+00:00,2024-01-27 23:00:00+00:00,16074,4.5,11688,4386,23
2024-01-27 18:30:00+00:00,2024-01-28 00:00:00+00:00,16158,5.5,11118,5040,0
2024-01-27 18:30:00+00:00,2024-01-28 01:00:00+00:00,16254,6.5,11312,4942,1
2024-01-27 18:30:00+00:00,2024-01-28 02:00:00+00:00,16288,7.5,11981,4307,2
2024-01-27 18:30:00+00:00,2024-01-28 03:00:00+00:00,16456,8.5,12345,4111,3
2024-01-27 18:30:00+00:00,2024-01-28 04:00:00+00:00,16598,9.5,12181,4417,4
2024-01-27 18:30:00+00:00,2024-01-28 05:00:00+00:00,16715,10.5,12679,4036,5
2024-01-27 18:30:00+00:00,2024-01-28 06:00:00+00:00,16836,11.5,12877,3959,6
2024-01-27 18:30:00+00:00,2024-01-28 07:00:00+00:00,17102,12.5,12485,4617,7
2024-01-27 18:30:00+00:00,2024-01-28 08:00:00+00:00,17211,13.5,12248,4963,8
2024-01-27 18:30:00+00:00,2024-01-28 09:00:00+00:00,17288,14.5,12157,5131,9
2024-01-27 18:30:00+00:00,2024-01-28 10:00:00+00:00,17046,15.5,12583,4463,10
2024-01-27 18:30:00+00:00,2024-01-28 11:00:00+00:00,16997,16.5,12532,4465,11
2024-01-27 18:30:00+00:00,2024-01-28 12:00:00+00:00,16779,17.5,13588,3191,12
2024-01-27 18:30:00+00:00,2024-01-28 13:00:00+00:00,16832,18.5,13513,3319,13
2024-01-27 18:30:00+00:00,2024-01-28 14:00:00+00:00,16737,19.5,13270,3467,14
2024-01-27 18:30:00+00:00,2024-01-28 15:00:00+00:00,16982,20.5,13272,3710,15
2024-01-27 18:30:00+00:00,2024-01-28 16:00:00+00:00,17263,21.5,13866,3397,16
2024-01-27 18:30:00+00:00,2024-01-28 17:00:00+00:00,17691,22.5,14255,3436,17
2024-01-27 18:30:00+00:00,2024-01-28 18:00:00+00:00,17726,23.5,14262,3464,18
2024-01-27 18:30:00+00:00,2024-01-28 19:00:00+00:00,17311,24.5,13632,3679,19
2024-01-27 18:30:00+00:00,2024-01-28 20:00:00+00:00,16489,25.5,12878,3611,20
2024-01-27 18:30:00+00:00,2024-01-28 21:00:00+00:00,15265,26.5,12151,3114,21
2024-01-27 18:30:00+00:00,2024-01-28 22:00:00+00:00,13819,27.5,11484,2335,22
2024-01-27 18:30:00+00:00,2024-01-28 23:00:00+00:00,12666,28.5,10198,2468,23
2024-01-27 18:30:00+00:00,2024-01-29 00:00:00+00:00,11489,29.5,9682,1807,0
2024-01-27 18:30:00+00:00,2024-01-29 01:00:00+00:00,10147,30.5,7980,2167,1
2024-01-27 18:30:00+00:00,2024-01-29 02:00:00+00:00,9115,31.5,6149,2966,2
2024-01-27 18:30:00+00:00,2024-01-29 03:00:00+00:00,8100,32.5,5568,2532,3
2024-01-27 18:30:00+00:00,2024-01-29 04:00:00+00:00,7167,33.5,4336,2831,4
2024-01-27 18:30:00+00:00,2024-01-29 05:00:00+00:00,6257,34.5,3962,2295,5
2024-01-27 18:30:00+00:00,2024-01-29 06:00:00+00:00,5514,35.5,3626,1888,6
2024-01-27 18:30:00+00:00,2024-01-29 07:00:00+00:00,5082,36.5,4031,1051,7
2024-01-27 18:30:00+00:00,2024-01-29 08:00:00+00:00,5113,37.5,3909,1204,8
2024-01-27 18:30:00+00:00,2024-01-29 09:00:00+00:00,5223,38.5,3928,1295,9
2024-01-27 18:30:00+00:00,2024-01-29 10:00:00+00:00,5882,39.5,3337,2545,10
2024-01-27 18:30:00+00:00,2024-01-29 11:00:00+00:00,6055,40.5,3669,2386,11
2024-01-27 18:30:00+00:00,2024-01-29 12:00:00+00:00,6247,41.5,2918,3329,12
2024-01-27 18:30:00+00:00,2024-01-29 13:00:00+00:00,6582,42.5,3078,3504,13
2024-01-27 18:30:00+00:00,2024-01-29 14:00:00+00:00,6931,43.5,3761,3170,14
2024-01-27 18:30:00+00:00,2024-01-29 15:00:00+00:00,7294,44.5,4342,2952,15
2024-01-27 18:30:00+00:00,2024-01-29 16:00:00+00:00,8084,45.5,5949,2135,16
2024-01-27 18:30:00+00:00,2024-01-29 17:00:00+00:00,8853,46.5,7372,1481,17
2024-01-27 18:30:00+00:00,2024-01-29 18:00:00+00:00,9563,47.5,8035,1528,18
2024-01-27 15:30:00+00:00,2024-01-27 21:00:00+00:00,15657,5.5,11309,4348,21
2024-01-27 15:30:00+00:00,2024-01-27 22:00:00+00:00,15983,6.5,11292,4691,22
2024-01-27 15:30:00+00:00,2024-01-27 23:00:00+00:00,16147,7.5,11688,4459,23
2024-01-27 15:30:00+00:00,2024-01-28 00:00:00+00:00,16221,8.5,11118,5103,0
2024-01-27 15:30:00+00:00,2024-01-28 01:00:00+00:00,16295,9.5,11312,4983,1
2024-01-27 15:30:00+00:00,2024-01-28 02:00:00+00:00,16325,10.5,11981,4344,2
2024-01-27 15:30:00+00:00,2024-01-28 03:00:00+00:00,16439,11.5,12345,4094,3
2024-01-27 15:30:00+00:00,2024-01-28 04:00:00+00:00,16536,12.5,12181,4355,4
2024-01-27 15:30:00+00:00,2024-01-28 05:00:00+00:00,16671,13.5,12679,3992,5
2024-01-27 15:30:00+00:00,2024-01-28 06:00:00+00:00,16844,14.5,12877,3967,6
2024-01-27 15:30:00+00:00,2024-01-28 07:00:00+00:00,17132,15.5,12485,4647,7
2024-01-27 15:30:00+00:00,2024-01-28 08:00:00+00:00,17270,16.5,12248,5022,8
2024-01-27 15:30:00+00:00,2024-01-28 09:00:00+00:00,17311,17.5,12157,5154,9
2024-01-27 15:30:00+00:00,2024-01-28 10:00:00+00:00,17069,18.5,12583,4486,10
2024-01-27 15:30:00+00:00,2024-01-28 11:00:00+00:00,16903,19.5,12532,4371,11
2024-01-27 15:30:00+00:00,2024-01-28 12:00:00+00:00,16745,20.5,13588,3157,12
2024-01-27 15:30:00+00:00,2024-01-28 13:00:00+00:00,16749,21.5,13513,3236,13
2024-01-27 15:30:00+00:00,2024-01-28 14:00:00+00:00,16755,22.5,13270,3485,14
2024-01-27 15:30:00+00:00,2024-01-28 15:00:00+00:00,17060,23.5,13272,3788,15
2024-01-27 15:30:00+00:00,2024-01-28 16:00:00+00:00,17135,24.5,13866,3269,16
2024-01-27 15:30:00+00:00,2024-01-28 17:00:00+00:00,17468,25.5,14255,3213,17
2024-01-27 15:30:00+00:00,2024-01-28 18:00:00+00:00,17468,26.5,14262,3206,18
2024-01-27 15:30:00+00:00,2024-01-28 19:00:00+00:00,17012,27.5,13632,3380,19
2024-01-27 15:30:00+00:00,2024-01-28 20:00:00+00:00,15978,28.5,12878,3100,20
2024-01-27 15:30:00+00:00,2024-01-28 21:00:00+00:00,14823,29.5,12151,2672,21
2024-01-27 15:30:00+00:00,2024-01-28 22:00:00+00:00,13531,30.5,11484,2047,22
2024-01-27 15:30:00+00:00,2024-01-28 23:00:00+00:00,12284,31.5,10198,2086,23
2024-01-27 15:30:00+00:00,2024-01-29 00:00:00+00:00,10866,32.5,9682,1184,0
2024-01-27 15:30:00+00:00,2024-01-29 01:00:00+00:00,9736,33.5,7980,1756,1
2024-01-27 15:30:00+00:00,2024-01-29 02:00:00+00:00,8761,34.5,6149,2612,2
2024-01-27 15:30:00+00:00,2024-01-29 03:00:00+00:00,7815,35.5,5568,2247,3
2024-01-27 15:30:00+00:00,2024-01-29 04:00:00+00:00,7733,36.5,4336,3397,4
2024-01-27 15:30:00+00:00,2024-01-29 05:00:00+00:00,7074,37.5,3962,3112,5
2024-01-27 15:30:00+00:00,2024-01-29 06:00:00+00:00,6384,38.5,3626,2758,6
2024-01-27 15:30:00+00:00,2024-01-29 07:00:00+00:00,6459,39.5,4031,2428,7
2024-01-27 15:30:00+00:00,2024-01-29 08:00:00+00:00,6573,40.5,3909,2664,8
2024-01-27 15:30:00+00:00,2024-01-29 09:00:00+00:00,6724,41.5,3928,2796,9
2024-01-27 15:30:00+00:00,2024-01-29 10:00:00+00:00,6830,42.5,3337,3493,10
2024-01-27 15:30:00+00:00,2024-01-29 11:00:00+00:00,6949,43.5,3669,3280,11
2024-01-27 15:30:00+00:00,2024-01-29 12:00:00+00:00,7080,44.5,2918,4162,12
2024-01-27 15:30:00+00:00,2024-01-29 13:00:00+00:00,7256,45.5,3078,4178,13
2024-01-27 15:30:00+00:00,2024-01-29 14:00:00+00:00,7439,46.5,3761,3678,14
2024-01-27 15:30:00+00:00,2024-01-29 15:00:00+00:00,7627,47.5,4342,3285,15
2024-01-27 11:30:00+00:00,2024-01-27 21:00:00+00:00,15655,9.5,11309,4346,21
2024-01-27 11:30:00+00:00,2024-01-27 22:00:00+00:00,16003,10.5,11292,4711,22
2024-01-27 11:30:00+00:00,2024-01-27 23:00:00+00:00,16112,11.5,11688,4424,23
2024-01-27 11:30:00+00:00,2024-01-28 00:00:00+00:00,16204,12.5,11118,5086,0
2024-01-27 11:30:00+00:00,2024-01-28 01:00:00+00:00,16229,13.5,11312,4917,1
2024-01-27 11:30:00+00:00,2024-01-28 02:00:00+00:00,16253,14.5,11981,4272,2
2024-01-27 11:30:00+00:00,2024-01-28 03:00:00+00:00,16365,15.5,12345,4020,3
2024-01-27 11:30:00+00:00,2024-01-28 04:00:00+00:00,16463,16.5,12181,4282,4
2024-01-27 11:30:00+00:00,2024-01-28 05:00:00+00:00,16616,17.5,12679,3937,5
2024-01-27 11:30:00+00:00,2024-01-28 06:00:00+00:00,16828,18.5,12877,3951,6
2024-01-27 11:30:00+00:00,2024-01-28 07:00:00+00:00,17018,19.5,12485,4533,7
2024-01-27 11:30:00+00:00,2024-01-28 08:00:00+00:00,17145,20.5,12248,4897,8
2024-01-27 11:30:00+00:00,2024-01-28 09:00:00+00:00,17196,21.5,12157,5039,9
2024-01-27 11:30:00+00:00,2024-01-28 10:00:00+00:00,17024,22.5,12583,4441,10
2024-01-27 11:30:00+00:00,2024-01-28 11:00:00+00:00,16909,23.5,12532,4377,11
2024-01-27 11:30:00+00:00,2024-01-28 12:00:00+00:00,16862,24.5,13588,3274,12
2024-01-27 11:30:00+00:00,2024-01-28 13:00:00+00:00,16656,25.5,13513,3143,13
2024-01-27 11:30:00+00:00,2024-01-28 14:00:00+00:00,16738,26.5,13270,3468,14
2024-01-27 11:30:00+00:00,2024-01-28 15:00:00+00:00,17110,27.5,13272,3838,15
2024-01-27 11:30:00+00:00,2024-01-28 16:00:00+00:00,17213,28.5,13866,3347,16
2024-01-27 11:30:00+00:00,2024-01-28 17:00:00+00:00,17440,29.5,14255,3185,17
2024-01-27 11:30:00+00:00,2024-01-28 18:00:00+00:00,17402,30.5,14262,3140,18
2024-01-27 11:30:00+00:00,2024-01-28 19:00:00+00:00,17054,31.5,13632,3422,19
2024-01-27 11:30:00+00:00,2024-01-28 20:00:00+00:00,16081,32.5,12878,3203,20
2024-01-27 11:30:00+00:00,2024-01-28 21:00:00+00:00,14980,33.5,12151,2829,21
2024-01-27 11:30:00+00:00,2024-01-28 22:00:00+00:00,13906,34.5,11484,2422,22
2024-01-27 11:30:00+00:00,2024-01-28 23:00:00+00:00,12503,35.5,10198,2305,23
2024-01-27 11:30:00+00:00,2024-01-29 00:00:00+00:00,11092,36.5,9682,1410,0
2024-01-27 11:30:00+00:00,2024-01-29 01:00:00+00:00,10088,37.5,7980,2108,1
2024-01-27 11:30:00+00:00,2024-01-29 02:00:00+00:00,9104,38.5,6149,2955,2
2024-01-27 11:30:00+00:00,2024-01-29 03:00:00+00:00,8175,39.5,5568,2607,3
2024-01-27 11:30:00+00:00,2024-01-29 04:00:00+00:00,7615,40.5,4336,3279,4
2024-01-27 11:30:00+00:00,2024-01-29 05:00:00+00:00,7024,41.5,3962,3062,5
2024-01-27 11:30:00+00:00,2024-01-29 06:00:00+00:00,6406,42.5,3626,2780,6
2024-01-27 11:30:00+00:00,2024-01-29 07:00:00+00:00,6532,43.5,4031,2501,7
2024-01-27 11:30:00+00:00,2024-01-29 08:00:00+00:00,6690,44.5,3909,2781,8
2024-01-27 11:30:00+00:00,2024-01-29 09:00:00+00:00,6875,45.5,3928,2947,9
2024-01-27 11:30:00+00:00,2024-01-29 10:00:00+00:00,7035,46.5,3337,3698,10
2024-01-27 11:30:00+00:00,2024-01-29 11:00:00+00:00,7207,47.5,3669,3538,11
2024-01-27 09:30:00+00:00,2024-01-27 21:00:00+00:00,15655,11.5,11309,4346,21
2024-01-27 09:30:00+00:00,2024-01-27 22:00:00+00:00,16003,12.5,11292,4711,22
2024-01-27 09:30:00+00:00,2024-01-27 23:00:00+00:00,16112,13.5,11688,4424,23
2024-01-27 09:30:00+00:00,2024-01-28 00:00:00+00:00,16204,14.5,11118,5086,0
2024-01-27 09:30:00+00:00,2024-01-28 01:00:00+00:00,16229,15.5,11312,4917,1
2024-01-27 09:30:00+00:00,2024-01-28 02:00:00+00:00,16253,16.5,11981,4272,2
2024-01-27 09:30:00+00:00,2024-01-28 03:00:00+00:00,16365,17.5,12345,4020,3
2024-01-27 09:30:00+00:00,2024-01-28 04:00:00+00:00,16463,18.5,12181,4282,4
2024-01-27 09:30:00+00:00,2024-01-28 05:00:00+00:00,16616,19.5,12679,3937,5
2024-01-27 09:30:00+00:00,2024-01-28 06:00:00+00:00,16828,20.5,12877,3951,6
2024-01-27 09:30:00+00:00,2024-01-28 07:00:00+00:00,17018,21.5,12485,4533,7
2024-01-27 09:30:00+00:00,2024-01-28 08:00:00+00:00,17145,22.5,12248,4897,8
2024-01-27 09:30:00+00:00,2024-01-28 09:00:00+00:00,17196,23.5,12157,5039,9
2024-01-27 09:30:00+00:00,2024-01-28 10:00:00+00:00,17024,24.5,12583,4441,10
2024-01-27 09:30:00+00:00,2024-01-28 11:00:00+00:00,16909,25.5,12532,4377,11
2024-01-27 09:30:00+00:00,2024-01-28 12:00:00+00:00,16862,26.5,13588,3274,12
2024-01-27 09:30:00+00:00,2024-01-28 13:00:00+00:00,16656,27.5,13513,3143,13
2024-01-27 09:30:00+00:00,2024-01-28 14:00:00+00:00,16738,28.5,13270,3468,14
2024-01-27 09:30:00+00:00,2024-01-28 15:00:00+00:00,17110,29.5,13272,3838,15
2024-01-27 09:30:00+00:00,2024-01-28 16:00:00+00:00,17213,30.5,13866,3347,16
2024-01-27 09:30:00+00:00,2024-01-28 17:00:00+00:00,17440,31.5,14255,3185,17
2024-01-27 09:30:00+00:00,2024-01-28 18:00:00+00:00,17402,32.5,14262,3140,18
2024-01-27 09:30:00+00:00,2024-01-28 19:00:00+00:00,17054,33.5,13632,3422,19
2024-01-27 09:30:00+00:00,2024-01-28 20:00:00+00:00,16081,34.5,12878,3203,20
2024-01-27 09:30:00+00:00,2024-01-28 21:00:00+00:00,14980,35.5,12151,2829,21
2024-01-27 09:30:00+00:00,2024-01-28 22:00:00+00:00,13906,36.5,11484,2422,22
2024-01-27 09:30:00+00:00,2024-01-28 23:00:00+00:00,12503,37.5,10198,2305,23
2024-01-27 09:30:00+00:00,2024-01-29 00:00:00+00:00,11092,38.5,9682,1410,0
2024-01-27 09:30:00+00:00,2024-01-29 01:00:00+00:00,10088,39.5,7980,2108,1
2024-01-27 09:30:00+00:00,2024-01-29 02:00:00+00:00,9104,40.5,6149,2955,2
2024-01-27 09:30:00+00:00,2024-01-29 03:00:00+00:00,8175,41.5,5568,2607,3
2024-01-27 09:30:00+00:00,2024-01-29 04:00:00+00:00,7615,42.5,4336,3279,4
2024-01-27 09:30:00+00:00,2024-01-29 05:00:00+00:00,7024,43.5,3962,3062,5
2024-01-27 09:30:00+00:00,2024-01-29 06:00:00+00:00,6406,44.5,3626,2780,6
2024-01-27 09:30:00+00:00,2024-01-29 07:00:00+00:00,6532,45.5,4031,2501,7
2024-01-27 09:30:00+00:00,2024-01-29 08:00:00+00:00,6690,46.5,3909,2781,8
2024-01-27 09:30:00+00:00,2024-01-29 09:00:00+00:00,6875,47.5,3928,2947,9
2024-01-27 07:30:00+00:00,2024-01-27 21:00:00+00:00,15655,13.5,11309,4346,21
2024-01-27 07:30:00+00:00,2024-01-27 22:00:00+00:00,16007,14.5,11292,4715,22
2024-01-27 07:30:00+00:00,2024-01-27 23:00:00+00:00,16116,15.5,11688,4428,23
2024-01-27 07:30:00+00:00,2024-01-28 00:00:00+00:00,16207,16.5,11118,5089,0
2024-01-27 07:30:00+00:00,2024-01-28 01:00:00+00:00,16230,17.5,11312,4918,1
2024-01-27 07:30:00+00:00,2024-01-28 02:00:00+00:00,16254,18.5,11981,4273,2
2024-01-27 07:30:00+00:00,2024-01-28 03:00:00+00:00,16367,19.5,12345,4022,3
2024-01-27 07:30:00+00:00,2024-01-28 04:00:00+00:00,16464,20.5,12181,4283,4
2024-01-27 07:30:00+00:00,2024-01-28 05:00:00+00:00,16617,21.5,12679,3938,5
2024-01-27 07:30:00+00:00,2024-01-28 06:00:00+00:00,16828,22.5,12877,3951,6
2024-01-27 07:30:00+00:00,2024-01-28 07:00:00+00:00,17017,23.5,12485,4532,7
2024-01-27 07:30:00+00:00,2024-01-28 08:00:00+00:00,17142,24.5,12248,4894,8
2024-01-27 07:30:00+00:00,2024-01-28 09:00:00+00:00,17195,25.5,12157,5038,9
2024-01-27 07:30:00+00:00,2024-01-28 10:00:00+00:00,17023,26.5,12583,4440,10
2024-01-27 07:30:00+00:00,2024-01-28 11:00:00+00:00,16909,27.5,12532,4377,11
2024-01-27 07:30:00+00:00,2024-01-28 12:00:00+00:00,16862,28.5,13588,3274,12
2024-01-27 07:30:00+00:00,2024-01-28 13:00:00+00:00,16654,29.5,13513,3141,13
2024-01-27 07:30:00+00:00,2024-01-28 14:00:00+00:00,16735,30.5,13270,3465,14
2024-01-27 07:30:00+00:00,2024-01-28 15:00:00+00:00,17107,31.5,13272,3835,15
2024-01-27 07:30:00+00:00,2024-01-28 16:00:00+00:00,17208,32.5,13866,3342,16
2024-01-27 07:30:00+00:00,2024-01-28 17:00:00+00:00,17435,33.5,14255,3180,17
2024-01-27 07:30:00+00:00,2024-01-28 18:00:00+00:00,17397,34.5,14262,3135,18
2024-01-27 07:30:00+00:00,2024-01-28 19:00:00+00:00,17049,35.5,13632,3417,19
2024-01-27 07:30:00+00:00,2024-01-28 20:00:00+00:00,16076,36.5,12878,3198,20
2024-01-27 07:30:00+00:00,2024-01-28 21:00:00+00:00,14976,37.5,12151,2825,21
2024-01-27 07:30:00+00:00,2024-01-28 22:00:00+00:00,13904,38.5,11484,2420,22
2024-01-27 07:30:00+00:00,2024-01-28 23:00:00+00:00,12504,39.5,10198,2306,23
2024-01-27 07:30:00+00:00,2024-01-29 00:00:00+00:00,11096,40.5,9682,1414,0
2024-01-27 07:30:00+00:00,2024-01-29 01:00:00+00:00,10094,41.5,7980,2114,1
2024-01-27 07:30:00+00:00,2024-01-29 02:00:00+00:00,9111,42.5,6149,2962,2
2024-01-27 07:30:00+00:00,2024-01-29 03:00:00+00:00,8184,43.5,5568,2616,3
2024-01-27 07:30:00+00:00,2024-01-29 04:00:00+00:00,7624,44.5,4336,3288,4
2024-01-27 07:30:00+00:00,2024-01-29 05:00:00+00:00,7033,45.5,3962,3071,5
2024-01-27 07:30:00+00:00,2024-01-29 06:00:00+00:00,6415,46.5,3626,2789,6
2024-01-27 07:30:00+00:00,2024-01-29 07:00:00+00:00,6541,47.5,4031,2510,7
2024-01-27 04:30:00+00:00,2024-01-27 21:00:00+00:00,15648,16.5,11309,4339,21
2024-01-27 04:30:00+00:00,2024-01-27 22:00:00+00:00,15977,17.5,11292,4685,22
2024-01-27 04:30:00+00:00,2024-01-27 23:00:00+00:00,16162,18.5,11688,4474,23
2024-01-27 04:30:00+00:00,2024-01-28 00:00:00+00:00,16235,19.5,11118,5117,0
2024-01-27 04:30:00+00:00,2024-01-28 01:00:00+00:00,16199,20.5,11312,4887,1
2024-01-27 04:30:00+00:00,2024-01-28 02:00:00+00:00,16257,21.5,11981,4276,2
2024-01-27 04:30:00+00:00,2024-01-28 03:00:00+00:00,16366,22.5,12345,4021,3
2024-01-27 04:30:00+00:00,2024-01-28 04:00:00+00:00,16437,23.5,12181,4256,4
2024-01-27 04:30:00+00:00,2024-01-28 05:00:00+00:00,16637,24.5,12679,3958,5
2024-01-27 04:30:00+00:00,2024-01-28 06:00:00+00:00,16902,25.5,12877,4025,6
2024-01-27 04:30:00+00:00,2024-01-28 07:00:00+00:00,17013,26.5,12485,4528,7
2024-01-27 04:30:00+00:00,2024-01-28 08:00:00+00:00,17177,27.5,12248,4929,8
2024-01-27 04:30:00+00:00,2024-01-28 09:00:00+00:00,17281,28.5,12157,5124,9
2024-01-27 04:30:00+00:00,2024-01-28 10:00:00+00:00,17242,29.5,12583,4659,10
2024-01-27 04:30:00+00:00,2024-01-28 11:00:00+00:00,17097,30.5,12532,4565,11
2024-01-27 04:30:00+00:00,2024-01-28 12:00:00+00:00,17046,31.5,13588,3458,12
2024-01-27 04:30:00+00:00,2024-01-28 13:00:00+00:00,16770,32.5,13513,3257,13
2024-01-27 04:30:00+00:00,2024-01-28 14:00:00+00:00,16781,33.5,13270,3511,14
2024-01-27 04:30:00+00:00,2024-01-28 15:00:00+00:00,17055,34.5,13272,3783,15
2024-01-27 04:30:00+00:00,2024-01-28 16:00:00+00:00,16393,35.5,13866,2527,16
2024-01-27 04:30:00+00:00,2024-01-28 17:00:00+00:00,16997,36.5,14255,2742,17
2024-01-27 04:30:00+00:00,2024-01-28 18:00:00+00:00,17174,37.5,14262,2912,18
2024-01-27 04:30:00+00:00,2024-01-28 19:00:00+00:00,17302,38.5,13632,3670,19
2024-01-27 04:30:00+00:00,2024-01-28 20:00:00+00:00,16635,39.5,12878,3757,20
2024-01-27 04:30:00+00:00,2024-01-28 21:00:00+00:00,15528,40.5,12151,3377,21
2024-01-27 04:30:00+00:00,2024-01-28 22:00:00+00:00,14221,41.5,11484,2737,22
2024-01-27 04:30:00+00:00,2024-01-28 23:00:00+00:00,12632,42.5,10198,2434,23
2024-01-27 04:30:00+00:00,2024-01-29 00:00:00+00:00,11032,43.5,9682,1350,0
2024-01-27 04:30:00+00:00,2024-01-29 01:00:00+00:00,10107,44.5,7980,2127,1
2024-01-27 04:30:00+00:00,2024-01-29 02:00:00+00:00,9198,45.5,6149,3049,2
2024-01-27 04:30:00+00:00,2024-01-29 03:00:00+00:00,8336,46.5,5568,2768,3
2024-01-27 04:30:00+00:00,2024-01-29 04:00:00+00:00,7956,47.5,4336,3620,4
2024-01-27 02:30:00+00:00,2024-01-27 21:00:00+00:00,15401,18.5,11309,4092,21
2024-01-27 02:30:00+00:00,2024-01-27 22:00:00+00:00,15771,19.5,11292,4479,22
2024-01-27 02:30:00+00:00,2024-01-27 23:00:00+00:00,15973,20.5,11688,4285,23
2024-01-27 02:30:00+00:00,2024-01-28 00:00:00+00:00,16117,21.5,11118,4999,0
2024-01-27 02:30:00+00:00,2024-01-28 01:00:00+00:00,16144,22.5,11312,4832,1
2024-01-27 02:30:00+00:00,2024-01-28 02:00:00+00:00,16222,23.5,11981,4241,2
2024-01-27 02:30:00+00:00,2024-01-28 03:00:00+00:00,16312,24.5,12345,3967,3
2024-01-27 02:30:00+00:00,2024-01-28 04:00:00+00:00,16504,25.5,12181,4323,4
2024-01-27 02:30:00+00:00,2024-01-28 05:00:00+00:00,16680,26.5,12679,4001,5
2024-01-27 02:30:00+00:00,2024-01-28 06:00:00+00:00,16932,27.5,12877,4055,6
2024-01-27 02:30:00+00:00,2024-01-28 07:00:00+00:00,17049,28.5,12485,4564,7
2024-01-27 02:30:00+00:00,2024-01-28 08:00:00+00:00,17227,29.5,12248,4979,8
2024-01-27 02:30:00+00:00,2024-01-28 09:00:00+00:00,17385,30.5,12157,5228,9
2024-01-27 02:30:00+00:00,2024-01-28 10:00:00+00:00,16895,31.5,12583,4312,10
2024-01-27 02:30:00+00:00,2024-01-28 11:00:00+00:00,16996,32.5,12532,4464,11
2024-01-27 02:30:00+00:00,2024-01-28 12:00:00+00:00,16610,33.5,13588,3022,12
2024-01-27 02:30:00+00:00,2024-01-28 13:00:00+00:00,16626,34.5,13513,3113,13
2024-01-27 02:30:00+00:00,2024-01-28 14:00:00+00:00,16631,35.5,13270,3361,14
2024-01-27 02:30:00+00:00,2024-01-28 15:00:00+00:00,16458,36.5,13272,3186,15
2024-01-27 02:30:00+00:00,2024-01-28 16:00:00+00:00,16724,37.5,13866,2858,16
2024-01-27 02:30:00+00:00,2024-01-28 17:00:00+00:00,17174,38.5,14255,2919,17
2024-01-27 02:30:00+00:00,2024-01-28 18:00:00+00:00,17195,39.5,14262,2933,18
2024-01-27 02:30:00+00:00,2024-01-28 19:00:00+00:00,17328,40.5,13632,3696,19
2024-01-27 02:30:00+00:00,2024-01-28 20:00:00+00:00,16727,41.5,12878,3849,20
2024-01-27 02:30:00+00:00,2024-01-28 21:00:00+00:00,15835,42.5,12151,3684,21
2024-01-27 02:30:00+00:00,2024-01-28 22:00:00+00:00,14463,43.5,11484,2979,22
2024-01-27 02:30:00+00:00,2024-01-28 23:00:00+00:00,12823,44.5,10198,2625,23
2024-01-27 02:30:00+00:00,2024-01-29 00:00:00+00:00,11146,45.5,9682,1464,0
2024-01-27 02:30:00+00:00,2024-01-29 01:00:00+00:00,10192,46.5,7980,2212,1
2024-01-27 02:30:00+00:00,2024-01-29 02:00:00+00:00,9257,47.5,6149,3108,2
2024-01-26 22:30:00+00:00,2024-01-27 03:00:00+00:00,15407,4.5,10526,4881,3
2024-01-26 22:30:00+00:00,2024-01-27 04:00:00+00:00,15354,5.5,10210,5144,4
2024-01-26 22:30:00+00:00,2024-01-27 05:00:00+00:00,15150,6.5,9962,5188,5
2024-01-26 22:30:00+00:00,2024-01-27 06:00:00+00:00,15072,7.5,9601,5471,6
2024-01-26 22:30:00+00:00,2024-01-27 07:00:00+00:00,14982,8.5,9683,5299,7
2024-01-26 22:30:00+00:00,2024-01-27 08:00:00+00:00,14988,9.5,10340,4648,8
2024-01-26 22:30:00+00:00,2024-01-27 09:00:00+00:00,15020,10.5,11012,4008,9
2024-01-26 22:30:00+00:00,2024-01-27 10:00:00+00:00,15058,11.5,11366,3692,10
2024-01-26 22:30:00+00:00,2024-01-27 11:00:00+00:00,15023,12.5,11512,3511,11
2024-01-26 22:30:00+00:00,2024-01-27 12:00:00+00:00,14878,13.5,11957,2921,12
2024-01-26 22:30:00+00:00,2024-01-27 13:00:00+00:00,14409,14.5,11761,2648,13
2024-01-26 22:30:00+00:00,2024-01-27 14:00:00+00:00,13684,15.5,11712,1972,14
2024-01-26 22:30:00+00:00,2024-01-27 15:00:00+00:00,13018,16.5,11419,1599,15
2024-01-26 22:30:00+00:00,2024-01-27 16:00:00+00:00,12689,17.5,11093,1596,16
2024-01-26 22:30:00+00:00,2024-01-27 17:00:00+00:00,12807,18.5,11721,1086,17
2024-01-26 22:30:00+00:00,2024-01-27 18:00:00+00:00,13159,19.5,11500,1659,18
2024-01-26 22:30:00+00:00,2024-01-27 19:00:00+00:00,13896,20.5,11124,2772,19
2024-01-26 22:30:00+00:00,2024-01-27 20:00:00+00:00,14762,21.5,11453,3309,20
2024-01-26 22:30:00+00:00,2024-01-27 21:00:00+00:00,15401,22.5,11309,4092,21
2024-01-26 22:30:00+00:00,2024-01-27 22:00:00+00:00,15771,23.5,11292,4479,22
2024-01-26 22:30:00+00:00,2024-01-27 23:00:00+00:00,15973,24.5,11688,4285,23
2024-01-26 22:30:00+00:00,2024-01-28 00:00:00+00:00,16117,25.5,11118,4999,0
2024-01-26 22:30:00+00:00,2024-01-28 01:00:00+00:00,16144,26.5,11312,4832,1
2024-01-26 22:30:00+00:00,2024-01-28 02:00:00+00:00,16222,27.5,11981,4241,2
2024-01-26 22:30:00+00:00,2024-01-28 03:00:00+00:00,16312,28.5,12345,3967,3
2024-01-26 22:30:00+00:00,2024-01-28 04:00:00+00:00,16504,29.5,12181,4323,4
2024-01-26 22:30:00+00:00,2024-01-28 05:00:00+00:00,16680,30.5,12679,4001,5
2024-01-26 22:30:00+00:00,2024-01-28 06:00:00+00:00,16932,31.5,12877,4055,6
2024-01-26 22:30:00+00:00,2024-01-28 07:00:00+00:00,17049,32.5,12485,4564,7
2024-01-26 22:30:00+00:00,2024-01-28 08:00:00+00:00,17227,33.5,12248,4979,8
2024-01-26 22:30:00+00:00,2024-01-28 09:00:00+00:00,17385,34.5,12157,5228,9
2024-01-26 22:30:00+00:00,2024-01-28 10:00:00+00:00,16895,35.5,12583,4312,10
2024-01-26 22:30:00+00:00,2024-01-28 11:00:00+00:00,16996,36.5,12532,4464,11
2024-01-26 22:30:00+00:00,2024-01-28 12:00:00+00:00,16610,37.5,13588,3022,12
2024-01-26 22:30:00+00:00,2024-01-28 13:00:00+00:00,16626,38.5,13513,3113,13
2024-01-26 22:30:00+00:00,2024-01-28 14:00:00+00:00,16631,39.5,13270,3361,14
2024-01-26 22:30:00+00:00,2024-01-28 15:00:00+00:00,16458,40.5,13272,3186,15
2024-01-26 22:30:00+00:00,2024-01-28 16:00:00+00:00,16724,41.5,13866,2858,16
2024-01-26 22:30:00+00:00,2024-01-28 17:00:00+00:00,17174,42.5,14255,2919,17
2024-01-26 22:30:00+00:00,2024-01-28 18:00:00+00:00,17195,43.5,14262,2933,18
2024-01-26 22:30:00+00:00,2024-01-28 19:00:00+00:00,17328,44.5,13632,3696,19
2024-01-26 22:30:00+00:00,2024-01-28 20:00:00+00:00,16727,45.5,12878,3849,20
2024-01-26 22:30:00+00:00,2024-01-28 21:00:00+00:00,15835,46.5,12151,3684,21
2024-01-26 18:30:00+00:00,2024-01-26 23:00:00+00:00,15723,4.5,11989,3734,23
2024-01-26 18:30:00+00:00,2024-01-27 00:00:00+00:00,15606,5.5,11898,3708,0
2024-01-26 18:30:00+00:00,2024-01-27 01:00:00+00:00,15533,6.5,11576,3957,1
2024-01-26 18:30:00+00:00,2024-01-27 02:00:00+00:00,15463,7.5,11146,4317,2
2024-01-26 18:30:00+00:00,2024-01-27 03:00:00+00:00,15407,8.5,10526,4881,3
2024-01-26 18:30:00+00:00,2024-01-27 04:00:00+00:00,15354,9.5,10210,5144,4
2024-01-26 18:30:00+00:00,2024-01-27 05:00:00+00:00,15150,10.5,9962,5188,5
2024-01-26 18:30:00+00:00,2024-01-27 06:00:00+00:00,15072,11.5,9601,5471,6
2024-01-26 18:30:00+00:00,2024-01-27 07:00:00+00:00,14982,12.5,9683,5299,7
2024-01-26 18:30:00+00:00,2024-01-27 08:00:00+00:00,14988,13.5,10340,4648,8
2024-01-26 18:30:00+00:00,2024-01-27 09:00:00+00:00,15020,14.5,11012,4008,9
2024-01-26 18:30:00+00:00,2024-01-27 10:00:00+00:00,15058,15.5,11366,3692,10
2024-01-26 18:30:00+00:00,2024-01-27 11:00:00+00:00,15023,16.5,11512,3511,11
2024-01-26 18:30:00+00:00,2024-01-27 12:00:00+00:00,14878,17.5,11957,2921,12
2024-01-26 18:30:00+00:00,2024-01-27 13:00:00+00:00,14409,18.5,11761,2648,13
2024-01-26 18:30:00+00:00,2024-01-27 14:00:00+00:00,13684,19.5,11712,1972,14
2024-01-26 18:30:00+00:00,2024-01-27 15:00:00+00:00,13018,20.5,11419,1599,15
2024-01-26 18:30:00+00:00,2024-01-27 16:00:00+00:00,12689,21.5,11093,1596,16
2024-01-26 18:30:00+00:00,2024-01-27 17:00:00+00:00,12807,22.5,11721,1086,17
2024-01-26 18:30:00+00:00,2024-01-27 18:00:00+00:00,13159,23.5,11500,1659,18
2024-01-26 18:30:00+00:00,2024-01-27 19:00:00+00:00,13896,24.5,11124,2772,19
2024-01-26 18:30:00+00:00,2024-01-27 20:00:00+00:00,14762,25.5,11453,3309,20
2024-01-26 18:30:00+00:00,2024-01-27 21:00:00+00:00,15401,26.5,11309,4092,21
2024-01-26 18:30:00+00:00,2024-01-27 22:00:00+00:00,15771,27.5,11292,4479,22
2024-01-26 18:30:00+00:00,2024-01-27 23:00:00+00:00,15973,28.5,11688,4285,23
2024-01-26 18:30:00+00:00,2024-01-28 00:00:00+00:00,16117,29.5,11118,4999,0
2024-01-26 18:30:00+00:00,2024-01-28 01:00:00+00:00,16144,30.5,11312,4832,1
2024-01-26 18:30:00+00:00,2024-01-28 02:00:00+00:00,16222,31.5,11981,4241,2
2024-01-26 18:30:00+00:00,2024-01-28 03:00:00+00:00,16312,32.5,12345,3967,3
2024-01-26 18:30:00+00:00,2024-01-28 04:00:00+00:00,16504,33.5,12181,4323,4
2024-01-26 18:30:00+00:00,2024-01-28 05:00:00+00:00,16680,34.5,12679,4001,5
2024-01-26 18:30:00+00:00,2024-01-28 06:00:00+00:00,16932,35.5,12877,4055,6
2024-01-26 18:30:00+00:00,2024-01-28 07:00:00+00:00,17049,36.5,12485,4564,7
2024-01-26 18:30:00+00:00,2024-01-28 08:00:00+00:00,17227,37.5,12248,4979,8
2024-01-26 18:30:00+00:00,2024-01-28 09:00:00+00:00,17385,38.5,12157,5228,9
2024-01-26 18:30:00+00:00,2024-01-28 10:00:00+00:00,16895,39.5,12583,4312,10
2024-01-26 18:30:00+00:00,2024-01-28 11:00:00+00:00,16996,40.5,12532,4464,11
2024-01-26 18:30:00+00:00,2024-01-28 12:00:00+00:00,16610,41.5,13588,3022,12
2024-01-26 18:30:00+00:00,2024-01-28 13:00:00+00:00,16626,42.5,13513,3113,13
2024-01-26 18:30:00+00:00,2024-01-28 14:00:00+00:00,16631,43.5,13270,3361,14
2024-01-26 18:30:00+00:00,2024-01-28 15:00:00+00:00,16458,44.5,13272,3186,15
2024-01-26 18:30:00+00:00,2024-01-28 16:00:00+00:00,16724,45.5,13866,2858,16
2024-01-26 18:30:00+00:00,2024-01-28 17:00:00+00:00,17174,46.5,14255,2919,17
2024-01-26 18:30:00+00:00,2024-01-28 18:00:00+00:00,17195,47.5,14262,2933,18
2024-01-26 15:30:00+00:00,2024-01-26 21:00:00+00:00,16227,5.5,12454,3773,21
2024-01-26 15:30:00+00:00,2024-01-26 22:00:00+00:00,16158,6.5,12336,3822,22
2024-01-26 15:30:00+00:00,2024-01-26 23:00:00+00:00,16105,7.5,11989,4116,23
2024-01-26 15:30:00+00:00,2024-01-27 00:00:00+00:00,16041,8.5,11898,4143,0
2024-01-26 15:30:00+00:00,2024-01-27 01:00:00+00:00,15991,9.5,11576,4415,1
2024-01-26 15:30:00+00:00,2024-01-27 02:00:00+00:00,15892,10.5,11146,4746,2
2024-01-26 15:30:00+00:00,2024-01-27 03:00:00+00:00,15850,11.5,10526,5324,3
2024-01-26 15:30:00+00:00,2024-01-27 04:00:00+00:00,15668,12.5,10210,5458,4
2024-01-26 15:30:00+00:00,2024-01-27 05:00:00+00:00,15607,13.5,9962,5645,5
2024-01-26 15:30:00+00:00,2024-01-27 06:00:00+00:00,15491,14.5,9601,5890,6
2024-01-26 15:30:00+00:00,2024-01-27 07:00:00+00:00,15433,15.5,9683,5750,7
2024-01-26 15:30:00+00:00,2024-01-27 08:00:00+00:00,15502,16.5,10340,5162,8
2024-01-26 15:30:00+00:00,2024-01-27 09:00:00+00:00,15691,17.5,11012,4679,9
2024-01-26 15:30:00+00:00,2024-01-27 10:00:00+00:00,15637,18.5,11366,4271,10
2024-01-26 15:30:00+00:00,2024-01-27 11:00:00+00:00,15550,19.5,11512,4038,11
2024-01-26 15:30:00+00:00,2024-01-27 12:00:00+00:00,15360,20.5,11957,3403,12
2024-01-26 15:30:00+00:00,2024-01-27 13:00:00+00:00,14795,21.5,11761,3034,13
2024-01-26 15:30:00+00:00,2024-01-27 14:00:00+00:00,13922,22.5,11712,2210,14
2024-01-26 15:30:00+00:00,2024-01-27 15:00:00+00:00,13175,23.5,11419,1756,15
2024-01-26 15:30:00+00:00,2024-01-27 16:00:00+00:00,12743,24.5,11093,1650,16
2024-01-26 15:30:00+00:00,2024-01-27 17:00:00+00:00,12820,25.5,11721,1099,17
2024-01-26 15:30:00+00:00,2024-01-27 18:00:00+00:00,13174,26.5,11500,1674,18
2024-01-26 15:30:00+00:00,2024-01-27 19:00:00+00:00,13898,27.5,11124,2774,19
2024-01-26 15:30:00+00:00,2024-01-27 20:00:00+00:00,14686,28.5,11453,3233,20
2024-01-26 15:30:00+00:00,2024-01-27 21:00:00+00:00,15384,29.5,11309,4075,21
2024-01-26 15:30:00+00:00,2024-01-27 22:00:00+00:00,15753,30.5,11292,4461,22
2024-01-26 15:30:00+00:00,2024-01-27 23:00:00+00:00,16009,31.5,11688,4321,23
2024-01-26 15:30:00+00:00,2024-01-28 00:00:00+00:00,16252,32.5,11118,5134,0
2024-01-26 15:30:00+00:00,2024-01-28 01:00:00+00:00,16332,33.5,11312,5020,1
2024-01-26 15:30:00+00:00,2024-01-28 02:00:00+00:00,16410,34.5,11981,4429,2
2024-01-26 15:30:00+00:00,2024-01-28 03:00:00+00:00,16601,35.5,12345,4256,3
2024-01-26 15:30:00+00:00,2024-01-28 04:00:00+00:00,16634,36.5,12181,4453,4
2024-01-26 15:30:00+00:00,2024-01-28 05:00:00+00:00,16674,37.5,12679,3995,5
2024-01-26 15:30:00+00:00,2024-01-28 06:00:00+00:00,16810,38.5,12877,3933,6
2024-01-26 15:30:00+00:00,2024-01-28 07:00:00+00:00,16912,39.5,12485,4427,7
2024-01-26 15:30:00+00:00,2024-01-28 08:00:00+00:00,17086,40.5,12248,4838,8
2024-01-26 15:30:00+00:00,2024-01-28 09:00:00+00:00,17115,41.5,12157,4958,9
2024-01-26 15:30:00+00:00,2024-01-28 10:00:00+00:00,17233,42.5,12583,4650,10
2024-01-26 15:30:00+00:00,2024-01-28 11:00:00+00:00,17013,43.5,12532,4481,11
2024-01-26 15:30:00+00:00,2024-01-28 12:00:00+00:00,16960,44.5,13588,3372,12
2024-01-26 15:30:00+00:00,2024-01-28 13:00:00+00:00,16988,45.5,13513,3475,13
2024-01-26 15:30:00+00:00,2024-01-28 14:00:00+00:00,16868,46.5,13270,3598,14
2024-01-26 15:30:00+00:00,2024-01-28 15:00:00+00:00,16883,47.5,13272,3611,15
2024-01-26 11:30:00+00:00,2024-01-26 21:00:00+00:00,16358,9.5,12454,3904,21
2024-01-26 11:30:00+00:00,2024-01-26 22:00:00+00:00,16289,10.5,12336,3953,22
2024-01-26 11:30:00+00:00,2024-01-26 23:00:00+00:00,16277,11.5,11989,4288,23
2024-01-26 11:30:00+00:00,2024-01-27 00:00:00+00:00,16181,12.5,11898,4283,0
2024-01-26 11:30:00+00:00,2024-01-27 01:00:00+00:00,16128,13.5,11576,4552,1
2024-01-26 11:30:00+00:00,2024-01-27 02:00:00+00:00,16046,14.5,11146,4900,2
2024-01-26 11:30:00+00:00,2024-01-27 03:00:00+00:00,16066,15.5,10526,5540,3
2024-01-26 11:30:00+00:00,2024-01-27 04:00:00+00:00,16016,16.5,10210,5806,4
2024-01-26 11:30:00+00:00,2024-01-27 05:00:00+00:00,15948,17.5,9962,5986,5
2024-01-26 11:30:00+00:00,2024-01-27 06:00:00+00:00,15761,18.5,9601,6160,6
2024-01-26 11:30:00+00:00,2024-01-27 07:00:00+00:00,15731,19.5,9683,6048,7
2024-01-26 11:30:00+00:00,2024-01-27 08:00:00+00:00,15788,20.5,10340,5448,8
2024-01-26 11:30:00+00:00,2024-01-27 09:00:00+00:00,15817,21.5,11012,4805,9
2024-01-26 11:30:00+00:00,2024-01-27 10:00:00+00:00,15788,22.5,11366,4422,10
2024-01-26 11:30:00+00:00,2024-01-27 11:00:00+00:00,15717,23.5,11512,4205,11
2024-01-26 11:30:00+00:00,2024-01-27 12:00:00+00:00,15413,24.5,11957,3456,12
2024-01-26 11:30:00+00:00,2024-01-27 13:00:00+00:00,14821,25.5,11761,3060,13
2024-01-26 11:30:00+00:00,2024-01-27 14:00:00+00:00,13936,26.5,11712,2224,14
2024-01-26 11:30:00+00:00,2024-01-27 15:00:00+00:00,13111,27.5,11419,1692,15
2024-01-26 11:30:00+00:00,2024-01-27 16:00:00+00:00,12789,28.5,11093,1696,16
2024-01-26 11:30:00+00:00,2024-01-27 17:00:00+00:00,12810,29.5,11721,1089,17
2024-01-26 11:30:00+00:00,2024-01-27 18:00:00+00:00,13112,30.5,11500,1612,18
2024-01-26 11:30:00+00:00,2024-01-27 19:00:00+00:00,13739,31.5,11124,2615,19
2024-01-26 11:30:00+00:00,2024-01-27 20:00:00+00:00,14490,32.5,11453,3037,20
2024-01-26 11:30:00+00:00,2024-01-27 21:00:00+00:00,15168,33.5,11309,3859,21
2024-01-26 11:30:00+00:00,2024-01-27 22:00:00+00:00,15264,34.5,11292,3972,22
2024-01-26 11:30:00+00:00,2024-01-27 23:00:00+00:00,15674,35.5,11688,3986,23
2024-01-26 11:30:00+00:00,2024-01-28 00:00:00+00:00,16043,36.5,11118,4925,0
2024-01-26 11:30:00+00:00,2024-01-28 01:00:00+00:00,16115,37.5,11312,4803,1
2024-01-26 11:30:00+00:00,2024-01-28 02:00:00+00:00,16293,38.5,11981,4312,2
2024-01-26 11:30:00+00:00,2024-01-28 03:00:00+00:00,16329,39.5,12345,3984,3
2024-01-26 11:30:00+00:00,2024-01-28 04:00:00+00:00,16512,40.5,12181,4331,4
2024-01-26 11:30:00+00:00,2024-01-28 05:00:00+00:00,16727,41.5,12679,4048,5
2024-01-26 11:30:00+00:00,2024-01-28 06:00:00+00:00,16875,42.5,12877,3998,6
2024-01-26 11:30:00+00:00,2024-01-28 07:00:00+00:00,16974,43.5,12485,4489,7
2024-01-26 11:30:00+00:00,2024-01-28 08:00:00+00:00,17100,44.5,12248,4852,8
2024-01-26 11:30:00+00:00,2024-01-28 09:00:00+00:00,17174,45.5,12157,5017,9
2024-01-26 11:30:00+00:00,2024-01-28 10:00:00+00:00,17316,46.5,12583,4733,10
2024-01-26 11:30:00+00:00,2024-01-28 11:00:00+00:00,16926,47.5,12532,4394,11
2024-01-26 09:30:00+00:00,2024-01-26 21:00:00+00:00,16360,11.5,12454,3906,21
2024-01-26 09:30:00+00:00,2024-01-26 22:00:00+00:00,16291,12.5,12336,3955,22
2024-01-26 09:30:00+00:00,2024-01-26 23:00:00+00:00,16286,13.5,11989,4297,23
2024-01-26 09:30:00+00:00,2024-01-27 00:00:00+00:00,16190,14.5,11898,4292,0
2024-01-26 09:30:00+00:00,2024-01-27 01:00:00+00:00,16133,15.5,11576,4557,1
2024-01-26 09:30:00+00:00,2024-01-27 02:00:00+00:00,16050,16.5,11146,4904,2
2024-01-26 09:30:00+00:00,2024-01-27 03:00:00+00:00,16074,17.5,10526,5548,3
2024-01-26 09:30:00+00:00,2024-01-27 04:00:00+00:00,16022,18.5,10210,5812,4
2024-01-26 09:30:00+00:00,2024-01-27 05:00:00+00:00,15950,19.5,9962,5988,5
2024-01-26 09:30:00+00:00,2024-01-27 06:00:00+00:00,15769,20.5,9601,6168,6
2024-01-26 09:30:00+00:00,2024-01-27 07:00:00+00:00,15733,21.5,9683,6050,7
2024-01-26 09:30:00+00:00,2024-01-27 08:00:00+00:00,15789,22.5,10340,5449,8
2024-01-26 09:30:00+00:00,2024-01-27 09:00:00+00:00,15825,23.5,11012,4813,9
2024-01-26 09:30:00+00:00,2024-01-27 10:00:00+00:00,15792,24.5,11366,4426,10
2024-01-26 09:30:00+00:00,2024-01-27 11:00:00+00:00,15713,25.5,11512,4201,11
2024-01-26 09:30:00+00:00,2024-01-27 12:00:00+00:00,15397,26.5,11957,3440,12
2024-01-26 09:30:00+00:00,2024-01-27 13:00:00+00:00,14801,27.5,11761,3040,13
2024-01-26 09:30:00+00:00,2024-01-27 14:00:00+00:00,13922,28.5,11712,2210,14
2024-01-26 09:30:00+00:00,2024-01-27 15:00:00+00:00,13105,29.5,11419,1686,15
2024-01-26 09:30:00+00:00,2024-01-27 16:00:00+00:00,12784,30.5,11093,1691,16
2024-01-26 09:30:00+00:00,2024-01-27 17:00:00+00:00,12804,31.5,11721,1083,17
2024-01-26 09:30:00+00:00,2024-01-27 18:00:00+00:00,13110,32.5,11500,1610,18
2024-01-26 09:30:00+00:00,2024-01-27 19:00:00+00:00,13726,33.5,11124,2602,19
2024-01-26 09:30:00+00:00,2024-01-27 20:00:00+00:00,14475,34.5,11453,3022,20
2024-01-26 09:30:00+00:00,2024-01-27 21:00:00+00:00,15162,35.5,11309,3853,21
2024-01-26 09:30:00+00:00,2024-01-27 22:00:00+00:00,15304,36.5,11292,4012,22
2024-01-26 09:30:00+00:00,2024-01-27 23:00:00+00:00,15759,37.5,11688,4071,23
2024-01-26 09:30:00+00:00,2024-01-28 00:00:00+00:00,16138,38.5,11118,5020,0
2024-01-26 09:30:00+00:00,2024-01-28 01:00:00+00:00,16269,39.5,11312,4957,1
2024-01-26 09:30:00+00:00,2024-01-28 02:00:00+00:00,16460,40.5,11981,4479,2
2024-01-26 09:30:00+00:00,2024-01-28 03:00:00+00:00,16441,41.5,12345,4096,3
2024-01-26 09:30:00+00:00,2024-01-28 04:00:00+00:00,16578,42.5,12181,4397,4
2024-01-26 09:30:00+00:00,2024-01-28 05:00:00+00:00,16756,43.5,12679,4077,5
2024-01-26 09:30:00+00:00,2024-01-28 06:00:00+00:00,16873,44.5,12877,3996,6
2024-01-26 09:30:00+00:00,2024-01-28 07:00:00+00:00,16971,45.5,12485,4486,7
2024-01-26 09:30:00+00:00,2024-01-28 08:00:00+00:00,17095,46.5,12248,4847,8
2024-01-26 09:30:00+00:00,2024-01-28 09:00:00+00:00,17168,47.5,12157,5011,9
2024-01-26 07:30:00+00:00,2024-01-26 21:00:00+00:00,16360,13.5,12454,3906,21
2024-01-26 07:30:00+00:00,2024-01-26 22:00:00+00:00,16292,14.5,12336,3956,22
2024-01-26 07:30:00+00:00,2024-01-26 23:00:00+00:00,16287,15.5,11989,4298,23
2024-01-26 07:30:00+00:00,2024-01-27 00:00:00+00:00,16191,16.5,11898,4293,0
2024-01-26 07:30:00+00:00,2024-01-27 01:00:00+00:00,16134,17.5,11576,4558,1
2024-01-26 07:30:00+00:00,2024-01-27 02:00:00+00:00,16051,18.5,11146,4905,2
2024-01-26 07:30:00+00:00,2024-01-27 03:00:00+00:00,16076,19.5,10526,5550,3
2024-01-26 07:30:00+00:00,2024-01-27 04:00:00+00:00,16024,20.5,10210,5814,4
2024-01-26 07:30:00+00:00,2024-01-27 05:00:00+00:00,15953,21.5,9962,5991,5
2024-01-26 07:30:00+00:00,2024-01-27 06:00:00+00:00,15772,22.5,9601,6171,6
2024-01-26 07:30:00+00:00,2024-01-27 07:00:00+00:00,15735,23.5,9683,6052,7
2024-01-26 07:30:00+00:00,2024-01-27 08:00:00+00:00,15790,24.5,10340,5450,8
2024-01-26 07:30:00+00:00,2024-01-27 09:00:00+00:00,15826,25.5,11012,4814,9
2024-01-26 07:30:00+00:00,2024-01-27 10:00:00+00:00,15793,26.5,11366,4427,10
2024-01-26 07:30:00+00:00,2024-01-27 11:00:00+00:00,15722,27.5,11512,4210,11
2024-01-26 07:30:00+00:00,2024-01-27 12:00:00+00:00,15406,28.5,11957,3449,12
2024-01-26 07:30:00+00:00,2024-01-27 13:00:00+00:00,14807,29.5,11761,3046,13
2024-01-26 07:30:00+00:00,2024-01-27 14:00:00+00:00,13924,30.5,11712,2212,14
2024-01-26 07:30:00+00:00,2024-01-27 15:00:00+00:00,13102,31.5,11419,1683,15
2024-01-26 07:30:00+00:00,2024-01-27 16:00:00+00:00,12780,32.5,11093,1687,16
2024-01-26 07:30:00+00:00,2024-01-27 17:00:00+00:00,12800,33.5,11721,1079,17
2024-01-26 07:30:00+00:00,2024-01-27 18:00:00+00:00,13108,34.5,11500,1608,18
2024-01-26 07:30:00+00:00,2024-01-27 19:00:00+00:00,13722,35.5,11124,2598,19
2024-01-26 07:30:00+00:00,2024-01-27 20:00:00+00:00,14472,36.5,11453,3019,20
2024-01-26 07:30:00+00:00,2024-01-27 21:00:00+00:00,15159,37.5,11309,3850,21
2024-01-26 07:30:00+00:00,2024-01-27 22:00:00+00:00,15305,38.5,11292,4013,22
2024-01-26 07:30:00+00:00,2024-01-27 23:00:00+00:00,15762,39.5,11688,4074,23
2024-01-26 07:30:00+00:00,2024-01-28 00:00:00+00:00,16142,40.5,11118,5024,0
2024-01-26 07:30:00+00:00,2024-01-28 01:00:00+00:00,16274,41.5,11312,4962,1
2024-01-26 07:30:00+00:00,2024-01-28 02:00:00+00:00,16466,42.5,11981,4485,2
2024-01-26 07:30:00+00:00,2024-01-28 03:00:00+00:00,16447,43.5,12345,4102,3
2024-01-26 07:30:00+00:00,2024-01-28 04:00:00+00:00,16585,44.5,12181,4404,4
2024-01-26 07:30:00+00:00,2024-01-28 05:00:00+00:00,16762,45.5,12679,4083,5
2024-01-26 07:30:00+00:00,2024-01-28 06:00:00+00:00,16880,46.5,12877,4003,6
2024-01-26 07:30:00+00:00,2024-01-28 07:00:00+00:00,16977,47.5,12485,4492,7
2024-01-26 04:30:00+00:00,2024-01-26 21:00:00+00:00,16351,16.5,12454,3897,21
2024-01-26 04:30:00+00:00,2024-01-26 22:00:00+00:00,16317,17.5,12336,3981,22
2024-01-26 04:30:00+00:00,2024-01-26 23:00:00+00:00,16290,18.5,11989,4301,23
2024-01-26 04:30:00+00:00,2024-01-27 00:00:00+00:00,16179,19.5,11898,4281,0
2024-01-26 04:30:00+00:00,2024-01-27 01:00:00+00:00,16111,20.5,11576,4535,1
2024-01-26 04:30:00+00:00,2024-01-27 02:00:00+00:00,16046,21.5,11146,4900,2
2024-01-26 04:30:00+00:00,2024-01-27 03:00:00+00:00,16100,22.5,10526,5574,3
2024-01-26 04:30:00+00:00,2024-01-27 04:00:00+00:00,16093,23.5,10210,5883,4
2024-01-26 04:30:00+00:00,2024-01-27 05:00:00+00:00,15888,24.5,9962,5926,5
2024-01-26 04:30:00+00:00,2024-01-27 06:00:00+00:00,15870,25.5,9601,6269,6
2024-01-26 04:30:00+00:00,2024-01-27 07:00:00+00:00,15830,26.5,9683,6147,7
2024-01-26 04:30:00+00:00,2024-01-27 08:00:00+00:00,15866,27.5,10340,5526,8
2024-01-26 04:30:00+00:00,2024-01-27 09:00:00+00:00,15902,28.5,11012,4890,9
2024-01-26 04:30:00+00:00,2024-01-27 10:00:00+00:00,15865,29.5,11366,4499,10
2024-01-26 04:30:00+00:00,2024-01-27 11:00:00+00:00,15806,30.5,11512,4294,11
2024-01-26 04:30:00+00:00,2024-01-27 12:00:00+00:00,15526,31.5,11957,3569,12
2024-01-26 04:30:00+00:00,2024-01-27 13:00:00+00:00,14935,32.5,11761,3174,13
2024-01-26 04:30:00+00:00,2024-01-27 14:00:00+00:00,14146,33.5,11712,2434,14
2024-01-26 04:30:00+00:00,2024-01-27 15:00:00+00:00,13286,34.5,11419,1867,15
2024-01-26 04:30:00+00:00,2024-01-27 16:00:00+00:00,13365,35.5,11093,2272,16
2024-01-26 04:30:00+00:00,2024-01-27 17:00:00+00:00,13315,36.5,11721,1594,17
2024-01-26 04:30:00+00:00,2024-01-27 18:00:00+00:00,13251,37.5,11500,1751,18
2024-01-26 04:30:00+00:00,2024-01-27 19:00:00+00:00,13807,38.5,11124,2683,19
2024-01-26 04:30:00+00:00,2024-01-27 20:00:00+00:00,14350,39.5,11453,2897,20
2024-01-26 04:30:00+00:00,2024-01-27 21:00:00+00:00,14889,40.5,11309,3580,21
2024-01-26 04:30:00+00:00,2024-01-27 22:00:00+00:00,15365,41.5,11292,4073,22
2024-01-26 04:30:00+00:00,2024-01-27 23:00:00+00:00,15767,42.5,11688,4079,23
2024-01-26 04:30:00+00:00,2024-01-28 00:00:00+00:00,16087,43.5,11118,4969,0
2024-01-26 04:30:00+00:00,2024-01-28 01:00:00+00:00,16301,44.5,11312,4989,1
2024-01-26 04:30:00+00:00,2024-01-28 02:00:00+00:00,16382,45.5,11981,4401,2
2024-01-26 04:30:00+00:00,2024-01-28 03:00:00+00:00,16606,46.5,12345,4261,3
2024-01-26 04:30:00+00:00,2024-01-28 04:00:00+00:00,16752,47.5,12181,4571,4
2024-01-26 02:30:00+00:00,2024-01-26 21:00:00+00:00,16358,18.5,12454,3904,21
2024-01-26 02:30:00+00:00,2024-01-26 22:00:00+00:00,16322,19.5,12336,3986,22
2024-01-26 02:30:00+00:00,2024-01-26 23:00:00+00:00,16293,20.5,11989,4304,23
2024-01-26 02:30:00+00:00,2024-01-27 00:00:00+00:00,16179,21.5,11898,4281,0
2024-01-26 02:30:00+00:00,2024-01-27 01:00:00+00:00,16110,22.5,11576,4534,1
2024-01-26 02:30:00+00:00,2024-01-27 02:00:00+00:00,16046,23.5,11146,4900,2
2024-01-26 02:30:00+00:00,2024-01-27 03:00:00+00:00,16102,24.5,10526,5576,3
2024-01-26 02:30:00+00:00,2024-01-27 04:00:00+00:00,16093,25.5,10210,5883,4
2024-01-26 02:30:00+00:00,2024-01-27 05:00:00+00:00,15888,26.5,9962,5926,5
2024-01-26 02:30:00+00:00,2024-01-27 06:00:00+00:00,15870,27.5,9601,6269,6
2024-01-26 02:30:00+00:00,2024-01-27 07:00:00+00:00,15830,28.5,9683,6147,7
2024-01-26 02:30:00+00:00,2024-01-27 08:00:00+00:00,15867,29.5,10340,5527,8
2024-01-26 02:30:00+00:00,2024-01-27 09:00:00+00:00,15901,30.5,11012,4889,9
2024-01-26 02:30:00+00:00,2024-01-27 10:00:00+00:00,15865,31.5,11366,4499,10
2024-01-26 02:30:00+00:00,2024-01-27 11:00:00+00:00,15809,32.5,11512,4297,11
2024-01-26 02:30:00+00:00,2024-01-27 12:00:00+00:00,15530,33.5,11957,3573,12
2024-01-26 02:30:00+00:00,2024-01-27 13:00:00+00:00,14932,34.5,11761,3171,13
2024-01-26 02:30:00+00:00,2024-01-27 14:00:00+00:00,14142,35.5,11712,2430,14
2024-01-26 02:30:00+00:00,2024-01-27 15:00:00+00:00,13280,36.5,11419,1861,15
2024-01-26 02:30:00+00:00,2024-01-27 16:00:00+00:00,13369,37.5,11093,2276,16
2024-01-26 02:30:00+00:00,2024-01-27 17:00:00+00:00,13328,38.5,11721,1607,17
2024-01-26 02:30:00+00:00,2024-01-27 18:00:00+00:00,13274,39.5,11500,1774,18
2024-01-26 02:30:00+00:00,2024-01-27 19:00:00+00:00,13835,40.5,11124,2711,19
2024-01-26 02:30:00+00:00,2024-01-27 20:00:00+00:00,14384,41.5,11453,2931,20
2024-01-26 02:30:00+00:00,2024-01-27 21:00:00+00:00,14925,42.5,11309,3616,21
2024-01-26 02:30:00+00:00,2024-01-27 22:00:00+00:00,15404,43.5,11292,4112,22
2024-01-26 02:30:00+00:00,2024-01-27 23:00:00+00:00,15806,44.5,11688,4118,23
2024-01-26 02:30:00+00:00,2024-01-28 00:00:00+00:00,16125,45.5,11118,5007,0
2024-01-26 02:30:00+00:00,2024-01-28 01:00:00+00:00,16338,46.5,11312,5026,1
2024-01-26 02:30:00+00:00,2024-01-28 02:00:00+00:00,16418,47.5,11981,4437,2
2024-01-25 22:30:00+00:00,2024-01-26 03:00:00+00:00,18949,4.5,14523,4426,3
2024-01-25 22:30:00+00:00,2024-01-26 04:00:00+00:00,19128,5.5,14632,4496,4
2024-01-25 22:30:00+00:00,2024-01-26 05:00:00+00:00,19095,6.5,14692,4403,5
2024-01-25 22:30:00+00:00,2024-01-26 06:00:00+00:00,18984,7.5,14547,4437,6
2024-01-25 22:30:00+00:00,2024-01-26 07:00:00+00:00,18864,8.5,14603,4261,7
2024-01-25 22:30:00+00:00,2024-01-26 08:00:00+00:00,18430,9.5,14722,3708,8
2024-01-25 22:30:00+00:00,2024-01-26 09:00:00+00:00,18038,10.5,14620,3418,9
2024-01-25 22:30:00+00:00,2024-01-26 10:00:00+00:00,17842,11.5,14755,3087,10
2024-01-25 22:30:00+00:00,2024-01-26 11:00:00+00:00,17761,12.5,15050,2711,11
2024-01-25 22:30:00+00:00,2024-01-26 12:00:00+00:00,17677,13.5,15103,2574,12
2024-01-25 22:30:00+00:00,2024-01-26 13:00:00+00:00,17308,14.5,15185,2123,13
2024-01-25 22:30:00+00:00,2024-01-26 14:00:00+00:00,16817,15.5,14854,1963,14
2024-01-25 22:30:00+00:00,2024-01-26 15:00:00+00:00,16262,16.5,13927,2335,15
2024-01-25 22:30:00+00:00,2024-01-26 16:00:00+00:00,15942,17.5,13208,2734,16
2024-01-25 22:30:00+00:00,2024-01-26 17:00:00+00:00,15569,18.5,13030,2539,17
2024-01-25 22:30:00+00:00,2024-01-26 18:00:00+00:00,15529,19.5,12745,2784,18
2024-01-25 22:30:00+00:00,2024-01-26 19:00:00+00:00,15715,20.5,12733,2982,19
2024-01-25 22:30:00+00:00,2024-01-26 20:00:00+00:00,15982,21.5,12562,3420,20
2024-01-25 22:30:00+00:00,2024-01-26 21:00:00+00:00,16153,22.5,12454,3699,21
2024-01-25 22:30:00+00:00,2024-01-26 22:00:00+00:00,16124,23.5,12336,3788,22
2024-01-25 22:30:00+00:00,2024-01-26 23:00:00+00:00,16128,24.5,11989,4139,23
2024-01-25 22:30:00+00:00,2024-01-27 00:00:00+00:00,16006,25.5,11898,4108,0
2024-01-25 22:30:00+00:00,2024-01-27 01:00:00+00:00,15923,26.5,11576,4347,1
2024-01-25 22:30:00+00:00,2024-01-27 02:00:00+00:00,15886,27.5,11146,4740,2
2024-01-25 22:30:00+00:00,2024-01-27 03:00:00+00:00,15919,28.5,10526,5393,3
2024-01-25 22:30:00+00:00,2024-01-27 04:00:00+00:00,15797,29.5,10210,5587,4
2024-01-25 22:30:00+00:00,2024-01-27 05:00:00+00:00,15750,30.5,9962,5788,5
2024-01-25 22:30:00+00:00,2024-01-27 06:00:00+00:00,15678,31.5,9601,6077,6
2024-01-25 22:30:00+00:00,2024-01-27 07:00:00+00:00,15627,32.5,9683,5944,7
2024-01-25 22:30:00+00:00,2024-01-27 08:00:00+00:00,15703,33.5,10340,5363,8
2024-01-25 22:30:00+00:00,2024-01-27 09:00:00+00:00,15873,34.5,11012,4861,9
2024-01-25 22:30:00+00:00,2024-01-27 10:00:00+00:00,15510,35.5,11366,4144,10
2024-01-25 22:30:00+00:00,2024-01-27 11:00:00+00:00,15606,36.5,11512,4094,11
2024-01-25 22:30:00+00:00,2024-01-27 12:00:00+00:00,15514,37.5,11957,3557,12
2024-01-25 22:30:00+00:00,2024-01-27 13:00:00+00:00,14923,38.5,11761,3162,13
2024-01-25 22:30:00+00:00,2024-01-27 14:00:00+00:00,14246,39.5,11712,2534,14
2024-01-25 22:30:00+00:00,2024-01-27 15:00:00+00:00,13475,40.5,11419,2056,15
2024-01-25 22:30:00+00:00,2024-01-27 16:00:00+00:00,13401,41.5,11093,2308,16
2024-01-25 22:30:00+00:00,2024-01-27 17:00:00+00:00,13316,42.5,11721,1595,17
2024-01-25 22:30:00+00:00,2024-01-27 18:00:00+00:00,13218,43.5,11500,1718,18
2024-01-25 22:30:00+00:00,2024-01-27 19:00:00+00:00,13735,44.5,11124,2611,19
2024-01-25 22:30:00+00:00,2024-01-27 20:00:00+00:00,14199,45.5,11453,2746,20
2024-01-25 22:30:00+00:00,2024-01-27 21:00:00+00:00,14653,46.5,11309,3344,21
2024-01-25 18:30:00+00:00,2024-01-25 23:00:00+00:00,19004,4.5,14478,4526,23
2024-01-25 18:30:00+00:00,2024-01-26 00:00:00+00:00,19294,5.5,14317,4977,0
2024-01-25 18:30:00+00:00,2024-01-26 01:00:00+00:00,19170,6.5,14422,4748,1
2024-01-25 18:30:00+00:00,2024-01-26 02:00:00+00:00,18944,7.5,14316,4628,2
2024-01-25 18:30:00+00:00,2024-01-26 03:00:00+00:00,18948,8.5,14523,4425,3
2024-01-25 18:30:00+00:00,2024-01-26 04:00:00+00:00,19128,9.5,14632,4496,4
2024-01-25 18:30:00+00:00,2024-01-26 05:00:00+00:00,19093,10.5,14692,4401,5
2024-01-25 18:30:00+00:00,2024-01-26 06:00:00+00:00,18983,11.5,14547,4436,6
2024-01-25 18:30:00+00:00,2024-01-26 07:00:00+00:00,18864,12.5,14603,4261,7
2024-01-25 18:30:00+00:00,2024-01-26 08:00:00+00:00,18430,13.5,14722,3708,8
2024-01-25 18:30:00+00:00,2024-01-26 09:00:00+00:00,18039,14.5,14620,3419,9
2024-01-25 18:30:00+00:00,2024-01-26 10:00:00+00:00,17843,15.5,14755,3088,10
2024-01-25 18:30:00+00:00,2024-01-26 11:00:00+00:00,17764,16.5,15050,2714,11
2024-01-25 18:30:00+00:00,2024-01-26 12:00:00+00:00,17677,17.5,15103,2574,12
2024-01-25 18:30:00+00:00,2024-01-26 13:00:00+00:00,17307,18.5,15185,2122,13
2024-01-25 18:30:00+00:00,2024-01-26 14:00:00+00:00,16812,19.5,14854,1958,14
2024-01-25 18:30:00+00:00,2024-01-26 15:00:00+00:00,16255,20.5,13927,2328,15
2024-01-25 18:30:00+00:00,2024-01-26 16:00:00+00:00,15938,21.5,13208,2730,16
2024-01-25 18:30:00+00:00,2024-01-26 17:00:00+00:00,15567,22.5,13030,2537,17
2024-01-25 18:30:00+00:00,2024-01-26 18:00:00+00:00,15529,23.5,12745,2784,18
2024-01-25 18:30:00+00:00,2024-01-26 19:00:00+00:00,15716,24.5,12733,2983,19
2024-01-25 18:30:00+00:00,2024-01-26 20:00:00+00:00,15983,25.5,12562,3421,20
2024-01-25 18:30:00+00:00,2024-01-26 21:00:00+00:00,16155,26.5,12454,3701,21
2024-01-25 18:30:00+00:00,2024-01-26 22:00:00+00:00,16126,27.5,12336,3790,22
2024-01-25 18:30:00+00:00,2024-01-26 23:00:00+00:00,16128,28.5,11989,4139,23
2024-01-25 18:30:00+00:00,2024-01-27 00:00:00+00:00,16007,29.5,11898,4109,0
2024-01-25 18:30:00+00:00,2024-01-27 01:00:00+00:00,15923,30.5,11576,4347,1
2024-01-25 18:30:00+00:00,2024-01-27 02:00:00+00:00,15886,31.5,11146,4740,2
2024-01-25 18:30:00+00:00,2024-01-27 03:00:00+00:00,15919,32.5,10526,5393,3
2024-01-25 18:30:00+00:00,2024-01-27 04:00:00+00:00,15797,33.5,10210,5587,4
2024-01-25 18:30:00+00:00,2024-01-27 05:00:00+00:00,15753,34.5,9962,5791,5
2024-01-25 18:30:00+00:00,2024-01-27 06:00:00+00:00,15682,35.5,9601,6081,6
2024-01-25 18:30:00+00:00,2024-01-27 07:00:00+00:00,15628,36.5,9683,5945,7
2024-01-25 18:30:00+00:00,2024-01-27 08:00:00+00:00,15704,37.5,10340,5364,8
2024-01-25 18:30:00+00:00,2024-01-27 09:00:00+00:00,15875,38.5,11012,4863,9
2024-01-25 18:30:00+00:00,2024-01-27 10:00:00+00:00,15511,39.5,11366,4145,10
2024-01-25 18:30:00+00:00,2024-01-27 11:00:00+00:00,15606,40.5,11512,4094,11
2024-01-25 18:30:00+00:00,2024-01-27 12:00:00+00:00,15514,41.5,11957,3557,12
2024-01-25 18:30:00+00:00,2024-01-27 13:00:00+00:00,14922,42.5,11761,3161,13
2024-01-25 18:30:00+00:00,2024-01-27 14:00:00+00:00,14246,43.5,11712,2534,14
2024-01-25 18:30:00+00:00,2024-01-27 15:00:00+00:00,13475,44.5,11419,2056,15
2024-01-25 18:30:00+00:00,2024-01-27 16:00:00+00:00,13404,45.5,11093,2311,16
2024-01-25 18:30:00+00:00,2024-01-27 17:00:00+00:00,13322,46.5,11721,1601,17
2024-01-25 18:30:00+00:00,2024-01-27 18:00:00+00:00,13227,47.5,11500,1727,18
2024-01-25 15:30:00+00:00,2024-01-25 21:00:00+00:00,18059,5.5,14506,3553,21
2024-01-25 15:30:00+00:00,2024-01-25 22:00:00+00:00,18499,6.5,14593,3906,22
2024-01-25 15:30:00+00:00,2024-01-25 23:00:00+00:00,18970,7.5,14478,4492,23
2024-01-25 15:30:00+00:00,2024-01-26 00:00:00+00:00,19300,8.5,14317,4983,0
2024-01-25 15:30:00+00:00,2024-01-26 01:00:00+00:00,19252,9.5,14422,4830,1
2024-01-25 15:30:00+00:00,2024-01-26 02:00:00+00:00,19031,10.5,14316,4715,2
2024-01-25 15:30:00+00:00,2024-01-26 03:00:00+00:00,19049,11.5,14523,4526,3
2024-01-25 15:30:00+00:00,2024-01-26 04:00:00+00:00,19183,12.5,14632,4551,4
2024-01-25 15:30:00+00:00,2024-01-26 05:00:00+00:00,19217,13.5,14692,4525,5
2024-01-25 15:30:00+00:00,2024-01-26 06:00:00+00:00,19083,14.5,14547,4536,6
2024-01-25 15:30:00+00:00,2024-01-26 07:00:00+00:00,18933,15.5,14603,4330,7
2024-01-25 15:30:00+00:00,2024-01-26 08:00:00+00:00,18575,16.5,14722,3853,8
2024-01-25 15:30:00+00:00,2024-01-26 09:00:00+00:00,18202,17.5,14620,3582,9
2024-01-25 15:30:00+00:00,2024-01-26 10:00:00+00:00,17946,18.5,14755,3191,10
2024-01-25 15:30:00+00:00,2024-01-26 11:00:00+00:00,17893,19.5,15050,2843,11
2024-01-25 15:30:00+00:00,2024-01-26 12:00:00+00:00,17806,20.5,15103,2703,12
2024-01-25 15:30:00+00:00,2024-01-26 13:00:00+00:00,17408,21.5,15185,2223,13
2024-01-25 15:30:00+00:00,2024-01-26 14:00:00+00:00,16907,22.5,14854,2053,14
2024-01-25 15:30:00+00:00,2024-01-26 15:00:00+00:00,16236,23.5,13927,2309,15
2024-01-25 15:30:00+00:00,2024-01-26 16:00:00+00:00,15992,24.5,13208,2784,16
2024-01-25 15:30:00+00:00,2024-01-26 17:00:00+00:00,15635,25.5,13030,2605,17
2024-01-25 15:30:00+00:00,2024-01-26 18:00:00+00:00,15537,26.5,12745,2792,18
2024-01-25 15:30:00+00:00,2024-01-26 19:00:00+00:00,15684,27.5,12733,2951,19
2024-01-25 15:30:00+00:00,2024-01-26 20:00:00+00:00,15927,28.5,12562,3365,20
2024-01-25 15:30:00+00:00,2024-01-26 21:00:00+00:00,16055,29.5,12454,3601,21
2024-01-25 15:30:00+00:00,2024-01-26 22:00:00+00:00,16000,30.5,12336,3664,22
2024-01-25 15:30:00+00:00,2024-01-26 23:00:00+00:00,15909,31.5,11989,3920,23
2024-01-25 15:30:00+00:00,2024-01-27 00:00:00+00:00,15811,32.5,11898,3913,0
2024-01-25 15:30:00+00:00,2024-01-27 01:00:00+00:00,15846,33.5,11576,4270,1
2024-01-25 15:30:00+00:00,2024-01-27 02:00:00+00:00,15803,34.5,11146,4657,2
2024-01-25 15:30:00+00:00,2024-01-27 03:00:00+00:00,15705,35.5,10526,5179,3
2024-01-25 15:30:00+00:00,2024-01-27 04:00:00+00:00,15539,36.5,10210,5329,4
2024-01-25 15:30:00+00:00,2024-01-27 05:00:00+00:00,15580,37.5,9962,5618,5
2024-01-25 15:30:00+00:00,2024-01-27 06:00:00+00:00,15573,38.5,9601,5972,6
2024-01-25 15:30:00+00:00,2024-01-27 07:00:00+00:00,15602,39.5,9683,5919,7
2024-01-25 15:30:00+00:00,2024-01-27 08:00:00+00:00,15631,40.5,10340,5291,8
2024-01-25 15:30:00+00:00,2024-01-27 09:00:00+00:00,15659,41.5,11012,4647,9
2024-01-25 15:30:00+00:00,2024-01-27 10:00:00+00:00,15620,42.5,11366,4254,10
2024-01-25 15:30:00+00:00,2024-01-27 11:00:00+00:00,15700,43.5,11512,4188,11
2024-01-25 15:30:00+00:00,2024-01-27 12:00:00+00:00,15628,44.5,11957,3671,12
2024-01-25 15:30:00+00:00,2024-01-27 13:00:00+00:00,15126,45.5,11761,3365,13
2024-01-25 15:30:00+00:00,2024-01-27 14:00:00+00:00,14512,46.5,11712,2800,14
2024-01-25 15:30:00+00:00,2024-01-27 15:00:00+00:00,13819,47.5,11419,2400,15
2024-01-25 11:30:00+00:00,2024-01-25 21:00:00+00:00,17953,9.5,14506,3447,21
2024-01-25 11:30:00+00:00,2024-01-25 22:00:00+00:00,18395,10.5,14593,3802,22
2024-01-25 11:30:00+00:00,2024-01-25 23:00:00+00:00,18933,11.5,14478,4455,23
2024-01-25 11:30:00+00:00,2024-01-26 00:00:00+00:00,19249,12.5,14317,4932,0
2024-01-25 11:30:00+00:00,2024-01-26 01:00:00+00:00,19255,13.5,14422,4833,1
2024-01-25 11:30:00+00:00,2024-01-26 02:00:00+00:00,18993,14.5,14316,4677,2
2024-01-25 11:30:00+00:00,2024-01-26 03:00:00+00:00,18899,15.5,14523,4376,3
2024-01-25 11:30:00+00:00,2024-01-26 04:00:00+00:00,18972,16.5,14632,4340,4
2024-01-25 11:30:00+00:00,2024-01-26 05:00:00+00:00,19089,17.5,14692,4397,5
2024-01-25 11:30:00+00:00,2024-01-26 06:00:00+00:00,19008,18.5,14547,4461,6
2024-01-25 11:30:00+00:00,2024-01-26 07:00:00+00:00,18821,19.5,14603,4218,7
2024-01-25 11:30:00+00:00,2024-01-26 08:00:00+00:00,18509,20.5,14722,3787,8
2024-01-25 11:30:00+00:00,2024-01-26 09:00:00+00:00,18155,21.5,14620,3535,9
2024-01-25 11:30:00+00:00,2024-01-26 10:00:00+00:00,17890,22.5,14755,3135,10
2024-01-25 11:30:00+00:00,2024-01-26 11:00:00+00:00,17871,23.5,15050,2821,11
2024-01-25 11:30:00+00:00,2024-01-26 12:00:00+00:00,17728,24.5,15103,2625,12
2024-01-25 11:30:00+00:00,2024-01-26 13:00:00+00:00,17298,25.5,15185,2113,13
2024-01-25 11:30:00+00:00,2024-01-26 14:00:00+00:00,16739,26.5,14854,1885,14
2024-01-25 11:30:00+00:00,2024-01-26 15:00:00+00:00,16058,27.5,13927,2131,15
2024-01-25 11:30:00+00:00,2024-01-26 16:00:00+00:00,15918,28.5,13208,2710,16
2024-01-25 11:30:00+00:00,2024-01-26 17:00:00+00:00,15725,29.5,13030,2695,17
2024-01-25 11:30:00+00:00,2024-01-26 18:00:00+00:00,15544,30.5,12745,2799,18
2024-01-25 11:30:00+00:00,2024-01-26 19:00:00+00:00,15633,31.5,12733,2900,19
2024-01-25 11:30:00+00:00,2024-01-26 20:00:00+00:00,15931,32.5,12562,3369,20
2024-01-25 11:30:00+00:00,2024-01-26 21:00:00+00:00,16002,33.5,12454,3548,21
2024-01-25 11:30:00+00:00,2024-01-26 22:00:00+00:00,15357,34.5,12336,3021,22
2024-01-25 11:30:00+00:00,2024-01-26 23:00:00+00:00,15310,35.5,11989,3321,23
2024-01-25 11:30:00+00:00,2024-01-27 00:00:00+00:00,15274,36.5,11898,3376,0
2024-01-25 11:30:00+00:00,2024-01-27 01:00:00+00:00,15306,37.5,11576,3730,1
2024-01-25 11:30:00+00:00,2024-01-27 02:00:00+00:00,15345,38.5,11146,4199,2
2024-01-25 11:30:00+00:00,2024-01-27 03:00:00+00:00,15361,39.5,10526,4835,3
2024-01-25 11:30:00+00:00,2024-01-27 04:00:00+00:00,15439,40.5,10210,5229,4
2024-01-25 11:30:00+00:00,2024-01-27 05:00:00+00:00,15508,41.5,9962,5546,5
2024-01-25 11:30:00+00:00,2024-01-27 06:00:00+00:00,15528,42.5,9601,5927,6
2024-01-25 11:30:00+00:00,2024-01-27 07:00:00+00:00,15578,43.5,9683,5895,7
2024-01-25 11:30:00+00:00,2024-01-27 08:00:00+00:00,15660,44.5,10340,5320,8
2024-01-25 11:30:00+00:00,2024-01-27 09:00:00+00:00,15717,45.5,11012,4705,9
2024-01-25 11:30:00+00:00,2024-01-27 10:00:00+00:00,15770,46.5,11366,4404,10
2024-01-25 11:30:00+00:00,2024-01-27 11:00:00+00:00,15752,47.5,11512,4240,11
2024-01-25 09:30:00+00:00,2024-01-25 21:00:00+00:00,17960,11.5,14506,3454,21
2024-01-25 09:30:00+00:00,2024-01-25 22:00:00+00:00,18392,12.5,14593,3799,22
2024-01-25 09:30:00+00:00,2024-01-25 23:00:00+00:00,18934,13.5,14478,4456,23
2024-01-25 09:30:00+00:00,2024-01-26 00:00:00+00:00,19249,14.5,14317,4932,0
2024-01-25 09:30:00+00:00,2024-01-26 01:00:00+00:00,19256,15.5,14422,4834,1
2024-01-25 09:30:00+00:00,2024-01-26 02:00:00+00:00,18994,16.5,14316,4678,2
2024-01-25 09:30:00+00:00,2024-01-26 03:00:00+00:00,18902,17.5,14523,4379,3
2024-01-25 09:30:00+00:00,2024-01-26 04:00:00+00:00,18975,18.5,14632,4343,4
2024-01-25 09:30:00+00:00,2024-01-26 05:00:00+00:00,19091,19.5,14692,4399,5
2024-01-25 09:30:00+00:00,2024-01-26 06:00:00+00:00,19011,20.5,14547,4464,6
2024-01-25 09:30:00+00:00,2024-01-26 07:00:00+00:00,18821,21.5,14603,4218,7
2024-01-25 09:30:00+00:00,2024-01-26 08:00:00+00:00,18505,22.5,14722,3783,8
2024-01-25 09:30:00+00:00,2024-01-26 09:00:00+00:00,18158,23.5,14620,3538,9
2024-01-25 09:30:00+00:00,2024-01-26 10:00:00+00:00,17887,24.5,14755,3132,10
2024-01-25 09:30:00+00:00,2024-01-26 11:00:00+00:00,17868,25.5,15050,2818,11
2024-01-25 09:30:00+00:00,2024-01-26 12:00:00+00:00,17722,26.5,15103,2619,12
2024-01-25 09:30:00+00:00,2024-01-26 13:00:00+00:00,17293,27.5,15185,2108,13
2024-01-25 09:30:00+00:00,2024-01-26 14:00:00+00:00,16738,28.5,14854,1884,14
2024-01-25 09:30:00+00:00,2024-01-26 15:00:00+00:00,16066,29.5,13927,2139,15
2024-01-25 09:30:00+00:00,2024-01-26 16:00:00+00:00,15923,30.5,13208,2715,16
2024-01-25 09:30:00+00:00,2024-01-26 17:00:00+00:00,15725,31.5,13030,2695,17
2024-01-25 09:30:00+00:00,2024-01-26 18:00:00+00:00,15545,32.5,12745,2800,18
2024-01-25 09:30:00+00:00,2024-01-26 19:00:00+00:00,15625,33.5,12733,2892,19
2024-01-25 09:30:00+00:00,2024-01-26 20:00:00+00:00,15925,34.5,12562,3363,20
2024-01-25 09:30:00+00:00,2024-01-26 21:00:00+00:00,15996,35.5,12454,3542,21
2024-01-25 09:30:00+00:00,2024-01-26 22:00:00+00:00,15357,36.5,12336,3021,22
2024-01-25 09:30:00+00:00,2024-01-26 23:00:00+00:00,15323,37.5,11989,3334,23
2024-01-25 09:30:00+00:00,2024-01-27 00:00:00+00:00,15286,38.5,11898,3388,0
2024-01-25 09:30:00+00:00,2024-01-27 01:00:00+00:00,15330,39.5,11576,3754,1
2024-01-25 09:30:00+00:00,2024-01-27 02:00:00+00:00,15367,40.5,11146,4221,2
2024-01-25 09:30:00+00:00,2024-01-27 03:00:00+00:00,15370,41.5,10526,4844,3
2024-01-25 09:30:00+00:00,2024-01-27 04:00:00+00:00,15443,42.5,10210,5233,4
2024-01-25 09:30:00+00:00,2024-01-27 05:00:00+00:00,15507,43.5,9962,5545,5
2024-01-25 09:30:00+00:00,2024-01-27 06:00:00+00:00,15521,44.5,9601,5920,6
2024-01-25 09:30:00+00:00,2024-01-27 07:00:00+00:00,15562,45.5,9683,5879,7
2024-01-25 09:30:00+00:00,2024-01-27 08:00:00+00:00,15633,46.5,10340,5293,8
2024-01-25 09:30:00+00:00,2024-01-27 09:00:00+00:00,15678,47.5,11012,4666,9
2024-01-25 07:30:00+00:00,2024-01-25 21:00:00+00:00,17960,13.5,14506,3454,21
2024-01-25 07:30:00+00:00,2024-01-25 22:00:00+00:00,18391,14.5,14593,3798,22
2024-01-25 07:30:00+00:00,2024-01-25 23:00:00+00:00,18934,15.5,14478,4456,23
2024-01-25 07:30:00+00:00,2024-01-26 00:00:00+00:00,19248,16.5,14317,4931,0
2024-01-25 07:30:00+00:00,2024-01-26 01:00:00+00:00,19256,17.5,14422,4834,1
2024-01-25 07:30:00+00:00,2024-01-26 02:00:00+00:00,18994,18.5,14316,4678,2
2024-01-25 07:30:00+00:00,2024-01-26 03:00:00+00:00,18901,19.5,14523,4378,3
2024-01-25 07:30:00+00:00,2024-01-26 04:00:00+00:00,18974,20.5,14632,4342,4
2024-01-25 07:30:00+00:00,2024-01-26 05:00:00+00:00,19090,21.5,14692,4398,5
2024-01-25 07:30:00+00:00,2024-01-26 06:00:00+00:00,19010,22.5,14547,4463,6
2024-01-25 07:30:00+00:00,2024-01-26 07:00:00+00:00,18821,23.5,14603,4218,7
2024-01-25 07:30:00+00:00,2024-01-26 08:00:00+00:00,18507,24.5,14722,3785,8
2024-01-25 07:30:00+00:00,2024-01-26 09:00:00+00:00,18161,25.5,14620,3541,9
2024-01-25 07:30:00+00:00,2024-01-26 10:00:00+00:00,17890,26.5,14755,3135,10
2024-01-25 07:30:00+00:00,2024-01-26 11:00:00+00:00,17871,27.5,15050,2821,11
2024-01-25 07:30:00+00:00,2024-01-26 12:00:00+00:00,17723,28.5,15103,2620,12
2024-01-25 07:30:00+00:00,2024-01-26 13:00:00+00:00,17293,29.5,15185,2108,13
2024-01-25 07:30:00+00:00,2024-01-26 14:00:00+00:00,16737,30.5,14854,1883,14
2024-01-25 07:30:00+00:00,2024-01-26 15:00:00+00:00,16061,31.5,13927,2134,15
2024-01-25 07:30:00+00:00,2024-01-26 16:00:00+00:00,15918,32.5,13208,2710,16
2024-01-25 07:30:00+00:00,2024-01-26 17:00:00+00:00,15722,33.5,13030,2692,17
2024-01-25 07:30:00+00:00,2024-01-26 18:00:00+00:00,15543,34.5,12745,2798,18
2024-01-25 07:30:00+00:00,2024-01-26 19:00:00+00:00,15624,35.5,12733,2891,19
2024-01-25 07:30:00+00:00,2024-01-26 20:00:00+00:00,15925,36.5,12562,3363,20
2024-01-25 07:30:00+00:00,2024-01-26 21:00:00+00:00,15997,37.5,12454,3543,21
2024-01-25 07:30:00+00:00,2024-01-26 22:00:00+00:00,15359,38.5,12336,3023,22
2024-01-25 07:30:00+00:00,2024-01-26 23:00:00+00:00,15325,39.5,11989,3336,23
2024-01-25 07:30:00+00:00,2024-01-27 00:00:00+00:00,15288,40.5,11898,3390,0
2024-01-25 07:30:00+00:00,2024-01-27 01:00:00+00:00,15332,41.5,11576,3756,1
2024-01-25 07:30:00+00:00,2024-01-27 02:00:00+00:00,15369,42.5,11146,4223,2
2024-01-25 07:30:00+00:00,2024-01-27 03:00:00+00:00,15373,43.5,10526,4847,3
2024-01-25 07:30:00+00:00,2024-01-27 04:00:00+00:00,15446,44.5,10210,5236,4
2024-01-25 07:30:00+00:00,2024-01-27 05:00:00+00:00,15510,45.5,9962,5548,5
2024-01-25 07:30:00+00:00,2024-01-27 06:00:00+00:00,15524,46.5,9601,5923,6
2024-01-25 07:30:00+00:00,2024-01-27 07:00:00+00:00,15565,47.5,9683,5882,7
2024-01-25 04:30:00+00:00,2024-01-25 21:00:00+00:00,17925,16.5,14506,3419,21
2024-01-25 04:30:00+00:00,2024-01-25 22:00:00+00:00,18412,17.5,14593,3819,22
2024-01-25 04:30:00+00:00,2024-01-25 23:00:00+00:00,18911,18.5,14478,4433,23
2024-01-25 04:30:00+00:00,2024-01-26 00:00:00+00:00,19224,19.5,14317,4907,0
2024-01-25 04:30:00+00:00,2024-01-26 01:00:00+00:00,19271,20.5,14422,4849,1
2024-01-25 04:30:00+00:00,2024-01-26 02:00:00+00:00,18976,21.5,14316,4660,2
2024-01-25 04:30:00+00:00,2024-01-26 03:00:00+00:00,18878,22.5,14523,4355,3
2024-01-25 04:30:00+00:00,2024-01-26 04:00:00+00:00,19001,23.5,14632,4369,4
2024-01-25 04:30:00+00:00,2024-01-26 05:00:00+00:00,19117,24.5,14692,4425,5
2024-01-25 04:30:00+00:00,2024-01-26 06:00:00+00:00,19082,25.5,14547,4535,6
2024-01-25 04:30:00+00:00,2024-01-26 07:00:00+00:00,18842,26.5,14603,4239,7
2024-01-25 04:30:00+00:00,2024-01-26 08:00:00+00:00,18576,27.5,14722,3854,8
2024-01-25 04:30:00+00:00,2024-01-26 09:00:00+00:00,18225,28.5,14620,3605,9
2024-01-25 04:30:00+00:00,2024-01-26 10:00:00+00:00,18083,29.5,14755,3328,10
2024-01-25 04:30:00+00:00,2024-01-26 11:00:00+00:00,18059,30.5,15050,3009,11
2024-01-25 04:30:00+00:00,2024-01-26 12:00:00+00:00,17826,31.5,15103,2723,12
2024-01-25 04:30:00+00:00,2024-01-26 13:00:00+00:00,17341,32.5,15185,2156,13
2024-01-25 04:30:00+00:00,2024-01-26 14:00:00+00:00,16751,33.5,14854,1897,14
2024-01-25 04:30:00+00:00,2024-01-26 15:00:00+00:00,16187,34.5,13927,2260,15
2024-01-25 04:30:00+00:00,2024-01-26 16:00:00+00:00,15639,35.5,13208,2431,16
2024-01-25 04:30:00+00:00,2024-01-26 17:00:00+00:00,15481,36.5,13030,2451,17
2024-01-25 04:30:00+00:00,2024-01-26 18:00:00+00:00,15318,37.5,12745,2573,18
2024-01-25 04:30:00+00:00,2024-01-26 19:00:00+00:00,15422,38.5,12733,2689,19
2024-01-25 04:30:00+00:00,2024-01-26 20:00:00+00:00,15524,39.5,12562,2962,20
2024-01-25 04:30:00+00:00,2024-01-26 21:00:00+00:00,15594,40.5,12454,3140,21
2024-01-25 04:30:00+00:00,2024-01-26 22:00:00+00:00,15596,41.5,12336,3260,22
2024-01-25 04:30:00+00:00,2024-01-26 23:00:00+00:00,15596,42.5,11989,3607,23
2024-01-25 04:30:00+00:00,2024-01-27 00:00:00+00:00,15594,43.5,11898,3696,0
2024-01-25 04:30:00+00:00,2024-01-27 01:00:00+00:00,15659,44.5,11576,4083,1
2024-01-25 04:30:00+00:00,2024-01-27 02:00:00+00:00,15715,45.5,11146,4569,2
2024-01-25 04:30:00+00:00,2024-01-27 03:00:00+00:00,15764,46.5,10526,5238,3
2024-01-25 04:30:00+00:00,2024-01-27 04:00:00+00:00,15831,47.5,10210,5621,4
2024-01-25 02:30:00+00:00,2024-01-25 21:00:00+00:00,17921,18.5,14506,3415,21
2024-01-25 02:30:00+00:00,2024-01-25 22:00:00+00:00,18407,19.5,14593,3814,22
2024-01-25 02:30:00+00:00,2024-01-25 23:00:00+00:00,18908,20.5,14478,4430,23
2024-01-25 02:30:00+00:00,2024-01-26 00:00:00+00:00,19223,21.5,14317,4906,0
2024-01-25 02:30:00+00:00,2024-01-26 01:00:00+00:00,19270,22.5,14422,4848,1
2024-01-25 02:30:00+00:00,2024-01-26 02:00:00+00:00,18976,23.5,14316,4660,2
2024-01-25 02:30:00+00:00,2024-01-26 03:00:00+00:00,18877,24.5,14523,4354,3
2024-01-25 02:30:00+00:00,2024-01-26 04:00:00+00:00,19001,25.5,14632,4369,4
2024-01-25 02:30:00+00:00,2024-01-26 05:00:00+00:00,19116,26.5,14692,4424,5
2024-01-25 02:30:00+00:00,2024-01-26 06:00:00+00:00,19081,27.5,14547,4534,6
2024-01-25 02:30:00+00:00,2024-01-26 07:00:00+00:00,18842,28.5,14603,4239,7
2024-01-25 02:30:00+00:00,2024-01-26 08:00:00+00:00,18576,29.5,14722,3854,8
2024-01-25 02:30:00+00:00,2024-01-26 09:00:00+00:00,18226,30.5,14620,3606,9
2024-01-25 02:30:00+00:00,2024-01-26 10:00:00+00:00,18083,31.5,14755,3328,10
2024-01-25 02:30:00+00:00,2024-01-26 11:00:00+00:00,18060,32.5,15050,3010,11
2024-01-25 02:30:00+00:00,2024-01-26 12:00:00+00:00,17833,33.5,15103,2730,12
2024-01-25 02:30:00+00:00,2024-01-26 13:00:00+00:00,17342,34.5,15185,2157,13
2024-01-25 02:30:00+00:00,2024-01-26 14:00:00+00:00,16751,35.5,14854,1897,14
2024-01-25 02:30:00+00:00,2024-01-26 15:00:00+00:00,16185,36.5,13927,2258,15
2024-01-25 02:30:00+00:00,2024-01-26 16:00:00+00:00,15642,37.5,13208,2434,16
2024-01-25 02:30:00+00:00,2024-01-26 17:00:00+00:00,15489,38.5,13030,2459,17
2024-01-25 02:30:00+00:00,2024-01-26 18:00:00+00:00,15328,39.5,12745,2583,18
2024-01-25 02:30:00+00:00,2024-01-26 19:00:00+00:00,15431,40.5,12733,2698,19
2024-01-25 02:30:00+00:00,2024-01-26 20:00:00+00:00,15533,41.5,12562,2971,20
2024-01-25 02:30:00+00:00,2024-01-26 21:00:00+00:00,15601,42.5,12454,3147,21
2024-01-25 02:30:00+00:00,2024-01-26 22:00:00+00:00,15604,43.5,12336,3268,22
2024-01-25 02:30:00+00:00,2024-01-26 23:00:00+00:00,15605,44.5,11989,3616,23
2024-01-25 02:30:00+00:00,2024-01-27 00:00:00+00:00,15603,45.5,11898,3705,0
2024-01-25 02:30:00+00:00,2024-01-27 01:00:00+00:00,15667,46.5,11576,4091,1
2024-01-25 02:30:00+00:00,2024-01-27 02:00:00+00:00,15722,47.5,11146,4576,2
2024-01-24 22:30:00+00:00,2024-01-25 03:00:00+00:00,5749,4.5,6055,306,3
2024-01-24 22:30:00+00:00,2024-01-25 04:00:00+00:00,5567,5.5,6007,440,4
2024-01-24 22:30:00+00:00,2024-01-25 05:00:00+00:00,5679,6.5,6135,456,5
2024-01-24 22:30:00+00:00,2024-01-25 06:00:00+00:00,6266,7.5,6573,307,6
2024-01-24 22:30:00+00:00,2024-01-25 07:00:00+00:00,7280,8.5,7496,216,7
2024-01-24 22:30:00+00:00,2024-01-25 08:00:00+00:00,8652,9.5,8529,123,8
2024-01-24 22:30:00+00:00,2024-01-25 09:00:00+00:00,10366,10.5,10362,4,9
2024-01-24 22:30:00+00:00,2024-01-25 10:00:00+00:00,12340,11.5,11463,877,10
2024-01-24 22:30:00+00:00,2024-01-25 11:00:00+00:00,13753,12.5,12490,1263,11
2024-01-24 22:30:00+00:00,2024-01-25 12:00:00+00:00,14759,13.5,12824,1935,12
2024-01-24 22:30:00+00:00,2024-01-25 13:00:00+00:00,15262,14.5,13605,1657,13
2024-01-24 22:30:00+00:00,2024-01-25 14:00:00+00:00,15492,15.5,13819,1673,14
2024-01-24 22:30:00+00:00,2024-01-25 15:00:00+00:00,15633,16.5,13601,2032,15
2024-01-24 22:30:00+00:00,2024-01-25 16:00:00+00:00,15942,17.5,14202,1740,16
2024-01-24 22:30:00+00:00,2024-01-25 17:00:00+00:00,16295,18.5,14242,2053,17
2024-01-24 22:30:00+00:00,2024-01-25 18:00:00+00:00,16621,19.5,14704,1917,18
2024-01-24 22:30:00+00:00,2024-01-25 19:00:00+00:00,17101,20.5,14109,2992,19
2024-01-24 22:30:00+00:00,2024-01-25 20:00:00+00:00,17509,21.5,14402,3107,20
2024-01-24 22:30:00+00:00,2024-01-25 21:00:00+00:00,17948,22.5,14506,3442,21
2024-01-24 22:30:00+00:00,2024-01-25 22:00:00+00:00,18479,23.5,14593,3886,22
2024-01-24 22:30:00+00:00,2024-01-25 23:00:00+00:00,18905,24.5,14478,4427,23
2024-01-24 22:30:00+00:00,2024-01-26 00:00:00+00:00,19124,25.5,14317,4807,0
2024-01-24 22:30:00+00:00,2024-01-26 01:00:00+00:00,19101,26.5,14422,4679,1
2024-01-24 22:30:00+00:00,2024-01-26 02:00:00+00:00,18856,27.5,14316,4540,2
2024-01-24 22:30:00+00:00,2024-01-26 03:00:00+00:00,18827,28.5,14523,4304,3
2024-01-24 22:30:00+00:00,2024-01-26 04:00:00+00:00,19072,29.5,14632,4440,4
2024-01-24 22:30:00+00:00,2024-01-26 05:00:00+00:00,19131,30.5,14692,4439,5
2024-01-24 22:30:00+00:00,2024-01-26 06:00:00+00:00,19110,31.5,14547,4563,6
2024-01-24 22:30:00+00:00,2024-01-26 07:00:00+00:00,18875,32.5,14603,4272,7
2024-01-24 22:30:00+00:00,2024-01-26 08:00:00+00:00,18612,33.5,14722,3890,8
2024-01-24 22:30:00+00:00,2024-01-26 09:00:00+00:00,18302,34.5,14620,3682,9
2024-01-24 22:30:00+00:00,2024-01-26 10:00:00+00:00,18139,35.5,14755,3384,10
2024-01-24 22:30:00+00:00,2024-01-26 11:00:00+00:00,17948,36.5,15050,2898,11
2024-01-24 22:30:00+00:00,2024-01-26 12:00:00+00:00,17623,37.5,15103,2520,12
2024-01-24 22:30:00+00:00,2024-01-26 13:00:00+00:00,17205,38.5,15185,2020,13
2024-01-24 22:30:00+00:00,2024-01-26 14:00:00+00:00,16612,39.5,14854,1758,14
2024-01-24 22:30:00+00:00,2024-01-26 15:00:00+00:00,15973,40.5,13927,2046,15
2024-01-24 22:30:00+00:00,2024-01-26 16:00:00+00:00,15699,41.5,13208,2491,16
2024-01-24 22:30:00+00:00,2024-01-26 17:00:00+00:00,15526,42.5,13030,2496,17
2024-01-24 22:30:00+00:00,2024-01-26 18:00:00+00:00,15352,43.5,12745,2607,18
2024-01-24 22:30:00+00:00,2024-01-26 19:00:00+00:00,15478,44.5,12733,2745,19
2024-01-24 22:30:00+00:00,2024-01-26 20:00:00+00:00,15600,45.5,12562,3038,20
2024-01-24 22:30:00+00:00,2024-01-26 21:00:00+00:00,15719,46.5,12454,3265,21
2024-01-24 18:30:00+00:00,2024-01-24 23:00:00+00:00,8630,4.5,8380,250,23
2024-01-24 18:30:00+00:00,2024-01-25 00:00:00+00:00,7744,5.5,7512,232,0
2024-01-24 18:30:00+00:00,2024-01-25 01:00:00+00:00,6915,6.5,6910,5,1
2024-01-24 18:30:00+00:00,2024-01-25 02:00:00+00:00,6204,7.5,6321,117,2
2024-01-24 18:30:00+00:00,2024-01-25 03:00:00+00:00,5748,8.5,6055,307,3
2024-01-24 18:30:00+00:00,2024-01-25 04:00:00+00:00,5575,9.5,6007,432,4
2024-01-24 18:30:00+00:00,2024-01-25 05:00:00+00:00,5674,10.5,6135,461,5
2024-01-24 18:30:00+00:00,2024-01-25 06:00:00+00:00,6258,11.5,6573,315,6
2024-01-24 18:30:00+00:00,2024-01-25 07:00:00+00:00,7283,12.5,7496,213,7
2024-01-24 18:30:00+00:00,2024-01-25 08:00:00+00:00,8646,13.5,8529,117,8
2024-01-24 18:30:00+00:00,2024-01-25 09:00:00+00:00,10363,14.5,10362,1,9
2024-01-24 18:30:00+00:00,2024-01-25 10:00:00+00:00,12330,15.5,11463,867,10
2024-01-24 18:30:00+00:00,2024-01-25 11:00:00+00:00,13753,16.5,12490,1263,11
2024-01-24 18:30:00+00:00,2024-01-25 12:00:00+00:00,14766,17.5,12824,1942,12
2024-01-24 18:30:00+00:00,2024-01-25 13:00:00+00:00,15267,18.5,13605,1662,13
2024-01-24 18:30:00+00:00,2024-01-25 14:00:00+00:00,15492,19.5,13819,1673,14
2024-01-24 18:30:00+00:00,2024-01-25 15:00:00+00:00,15634,20.5,13601,2033,15
2024-01-24 18:30:00+00:00,2024-01-25 16:00:00+00:00,15943,21.5,14202,1741,16
2024-01-24 18:30:00+00:00,2024-01-25 17:00:00+00:00,16295,22.5,14242,2053,17
2024-01-24 18:30:00+00:00,2024-01-25 18:00:00+00:00,16623,23.5,14704,1919,18
2024-01-24 18:30:00+00:00,2024-01-25 19:00:00+00:00,17103,24.5,14109,2994,19
2024-01-24 18:30:00+00:00,2024-01-25 20:00:00+00:00,17510,25.5,14402,3108,20
2024-01-24 18:30:00+00:00,2024-01-25 21:00:00+00:00,17947,26.5,14506,3441,21
2024-01-24 18:30:00+00:00,2024-01-25 22:00:00+00:00,18477,27.5,14593,3884,22
2024-01-24 18:30:00+00:00,2024-01-25 23:00:00+00:00,18903,28.5,14478,4425,23
2024-01-24 18:30:00+00:00,2024-01-26 00:00:00+00:00,19124,29.5,14317,4807,0
2024-01-24 18:30:00+00:00,2024-01-26 01:00:00+00:00,19100,30.5,14422,4678,1
2024-01-24 18:30:00+00:00,2024-01-26 02:00:00+00:00,18856,31.5,14316,4540,2
2024-01-24 18:30:00+00:00,2024-01-26 03:00:00+00:00,18828,32.5,14523,4305,3
2024-01-24 18:30:00+00:00,2024-01-26 04:00:00+00:00,19072,33.5,14632,4440,4
2024-01-24 18:30:00+00:00,2024-01-26 05:00:00+00:00,19131,34.5,14692,4439,5
2024-01-24 18:30:00+00:00,2024-01-26 06:00:00+00:00,19111,35.5,14547,4564,6
2024-01-24 18:30:00+00:00,2024-01-26 07:00:00+00:00,18876,36.5,14603,4273,7
2024-01-24 18:30:00+00:00,2024-01-26 08:00:00+00:00,18614,37.5,14722,3892,8
2024-01-24 18:30:00+00:00,2024-01-26 09:00:00+00:00,18306,38.5,14620,3686,9
2024-01-24 18:30:00+00:00,2024-01-26 10:00:00+00:00,18144,39.5,14755,3389,10
2024-01-24 18:30:00+00:00,2024-01-26 11:00:00+00:00,17953,40.5,15050,2903,11
2024-01-24 18:30:00+00:00,2024-01-26 12:00:00+00:00,17629,41.5,15103,2526,12
2024-01-24 18:30:00+00:00,2024-01-26 13:00:00+00:00,17213,42.5,15185,2028,13
2024-01-24 18:30:00+00:00,2024-01-26 14:00:00+00:00,16622,43.5,14854,1768,14
2024-01-24 18:30:00+00:00,2024-01-26 15:00:00+00:00,15983,44.5,13927,2056,15
2024-01-24 18:30:00+00:00,2024-01-26 16:00:00+00:00,15710,45.5,13208,2502,16
2024-01-24 18:30:00+00:00,2024-01-26 17:00:00+00:00,15535,46.5,13030,2505,17
2024-01-24 18:30:00+00:00,2024-01-26 18:00:00+00:00,15360,47.5,12745,2615,18
2024-01-24 15:30:00+00:00,2024-01-24 21:00:00+00:00,10935,5.5,10361,574,21
2024-01-24 15:30:00+00:00,2024-01-24 22:00:00+00:00,9769,6.5,9429,340,22
2024-01-24 15:30:00+00:00,2024-01-24 23:00:00+00:00,8712,7.5,8380,332,23
2024-01-24 15:30:00+00:00,2024-01-25 00:00:00+00:00,7818,8.5,7512,306,0
2024-01-24 15:30:00+00:00,2024-01-25 01:00:00+00:00,6965,9.5,6910,55,1
2024-01-24 15:30:00+00:00,2024-01-25 02:00:00+00:00,6258,10.5,6321,63,2
2024-01-24 15:30:00+00:00,2024-01-25 03:00:00+00:00,5880,11.5,6055,175,3
2024-01-24 15:30:00+00:00,2024-01-25 04:00:00+00:00,5672,12.5,6007,335,4
2024-01-24 15:30:00+00:00,2024-01-25 05:00:00+00:00,5753,13.5,6135,382,5
2024-01-24 15:30:00+00:00,2024-01-25 06:00:00+00:00,6207,14.5,6573,366,6
2024-01-24 15:30:00+00:00,2024-01-25 07:00:00+00:00,7184,15.5,7496,312,7
2024-01-24 15:30:00+00:00,2024-01-25 08:00:00+00:00,8440,16.5,8529,89,8
2024-01-24 15:30:00+00:00,2024-01-25 09:00:00+00:00,10210,17.5,10362,152,9
2024-01-24 15:30:00+00:00,2024-01-25 10:00:00+00:00,12231,18.5,11463,768,10
2024-01-24 15:30:00+00:00,2024-01-25 11:00:00+00:00,13775,19.5,12490,1285,11
2024-01-24 15:30:00+00:00,2024-01-25 12:00:00+00:00,14769,20.5,12824,1945,12
2024-01-24 15:30:00+00:00,2024-01-25 13:00:00+00:00,15305,21.5,13605,1700,13
2024-01-24 15:30:00+00:00,2024-01-25 14:00:00+00:00,15558,22.5,13819,1739,14
2024-01-24 15:30:00+00:00,2024-01-25 15:00:00+00:00,15748,23.5,13601,2147,15
2024-01-24 15:30:00+00:00,2024-01-25 16:00:00+00:00,16131,24.5,14202,1929,16
2024-01-24 15:30:00+00:00,2024-01-25 17:00:00+00:00,16500,25.5,14242,2258,17
2024-01-24 15:30:00+00:00,2024-01-25 18:00:00+00:00,16817,26.5,14704,2113,18
2024-01-24 15:30:00+00:00,2024-01-25 19:00:00+00:00,17299,27.5,14109,3190,19
2024-01-24 15:30:00+00:00,2024-01-25 20:00:00+00:00,17728,28.5,14402,3326,20
2024-01-24 15:30:00+00:00,2024-01-25 21:00:00+00:00,18137,29.5,14506,3631,21
2024-01-24 15:30:00+00:00,2024-01-25 22:00:00+00:00,18635,30.5,14593,4042,22
2024-01-24 15:30:00+00:00,2024-01-25 23:00:00+00:00,19020,31.5,14478,4542,23
2024-01-24 15:30:00+00:00,2024-01-26 00:00:00+00:00,19144,32.5,14317,4827,0
2024-01-24 15:30:00+00:00,2024-01-26 01:00:00+00:00,19031,33.5,14422,4609,1
2024-01-24 15:30:00+00:00,2024-01-26 02:00:00+00:00,18910,34.5,14316,4594,2
2024-01-24 15:30:00+00:00,2024-01-26 03:00:00+00:00,18914,35.5,14523,4391,3
2024-01-24 15:30:00+00:00,2024-01-26 04:00:00+00:00,18970,36.5,14632,4338,4
2024-01-24 15:30:00+00:00,2024-01-26 05:00:00+00:00,19036,37.5,14692,4344,5
2024-01-24 15:30:00+00:00,2024-01-26 06:00:00+00:00,19069,38.5,14547,4522,6
2024-01-24 15:30:00+00:00,2024-01-26 07:00:00+00:00,18928,39.5,14603,4325,7
2024-01-24 15:30:00+00:00,2024-01-26 08:00:00+00:00,18658,40.5,14722,3936,8
2024-01-24 15:30:00+00:00,2024-01-26 09:00:00+00:00,18316,41.5,14620,3696,9
2024-01-24 15:30:00+00:00,2024-01-26 10:00:00+00:00,18215,42.5,14755,3460,10
2024-01-24 15:30:00+00:00,2024-01-26 11:00:00+00:00,18010,43.5,15050,2960,11
2024-01-24 15:30:00+00:00,2024-01-26 12:00:00+00:00,17671,44.5,15103,2568,12
2024-01-24 15:30:00+00:00,2024-01-26 13:00:00+00:00,17243,45.5,15185,2058,13
2024-01-24 15:30:00+00:00,2024-01-26 14:00:00+00:00,16687,46.5,14854,1833,14
2024-01-24 15:30:00+00:00,2024-01-26 15:00:00+00:00,15987,47.5,13927,2060,15
2024-01-24 11:30:00+00:00,2024-01-24 21:00:00+00:00,10976,9.5,10361,615,21
2024-01-24 11:30:00+00:00,2024-01-24 22:00:00+00:00,9870,10.5,9429,441,22
2024-01-24 11:30:00+00:00,2024-01-24 23:00:00+00:00,8803,11.5,8380,423,23
2024-01-24 11:30:00+00:00,2024-01-25 00:00:00+00:00,7893,12.5,7512,381,0
2024-01-24 11:30:00+00:00,2024-01-25 01:00:00+00:00,7040,13.5,6910,130,1
2024-01-24 11:30:00+00:00,2024-01-25 02:00:00+00:00,6333,14.5,6321,12,2
2024-01-24 11:30:00+00:00,2024-01-25 03:00:00+00:00,5969,15.5,6055,86,3
2024-01-24 11:30:00+00:00,2024-01-25 04:00:00+00:00,5718,16.5,6007,289,4
2024-01-24 11:30:00+00:00,2024-01-25 05:00:00+00:00,5839,17.5,6135,296,5
2024-01-24 11:30:00+00:00,2024-01-25 06:00:00+00:00,6214,18.5,6573,359,6
2024-01-24 11:30:00+00:00,2024-01-25 07:00:00+00:00,7142,19.5,7496,354,7
2024-01-24 11:30:00+00:00,2024-01-25 08:00:00+00:00,8412,20.5,8529,117,8
2024-01-24 11:30:00+00:00,2024-01-25 09:00:00+00:00,10260,21.5,10362,102,9
2024-01-24 11:30:00+00:00,2024-01-25 10:00:00+00:00,12115,22.5,11463,652,10
2024-01-24 11:30:00+00:00,2024-01-25 11:00:00+00:00,13783,23.5,12490,1293,11
2024-01-24 11:30:00+00:00,2024-01-25 12:00:00+00:00,14931,24.5,12824,2107,12
2024-01-24 11:30:00+00:00,2024-01-25 13:00:00+00:00,15464,25.5,13605,1859,13
2024-01-24 11:30:00+00:00,2024-01-25 14:00:00+00:00,15712,26.5,13819,1893,14
2024-01-24 11:30:00+00:00,2024-01-25 15:00:00+00:00,15933,27.5,13601,2332,15
2024-01-24 11:30:00+00:00,2024-01-25 16:00:00+00:00,16309,28.5,14202,2107,16
2024-01-24 11:30:00+00:00,2024-01-25 17:00:00+00:00,16694,29.5,14242,2452,17
2024-01-24 11:30:00+00:00,2024-01-25 18:00:00+00:00,17049,30.5,14704,2345,18
2024-01-24 11:30:00+00:00,2024-01-25 19:00:00+00:00,17481,31.5,14109,3372,19
2024-01-24 11:30:00+00:00,2024-01-25 20:00:00+00:00,17879,32.5,14402,3477,20
2024-01-24 11:30:00+00:00,2024-01-25 21:00:00+00:00,18223,33.5,14506,3717,21
2024-01-24 11:30:00+00:00,2024-01-25 22:00:00+00:00,18544,34.5,14593,3951,22
2024-01-24 11:30:00+00:00,2024-01-25 23:00:00+00:00,18810,35.5,14478,4332,23
2024-01-24 11:30:00+00:00,2024-01-26 00:00:00+00:00,19014,36.5,14317,4697,0
2024-01-24 11:30:00+00:00,2024-01-26 01:00:00+00:00,19006,37.5,14422,4584,1
2024-01-24 11:30:00+00:00,2024-01-26 02:00:00+00:00,18928,38.5,14316,4612,2
2024-01-24 11:30:00+00:00,2024-01-26 03:00:00+00:00,18848,39.5,14523,4325,3
2024-01-24 11:30:00+00:00,2024-01-26 04:00:00+00:00,18980,40.5,14632,4348,4
2024-01-24 11:30:00+00:00,2024-01-26 05:00:00+00:00,19041,41.5,14692,4349,5
2024-01-24 11:30:00+00:00,2024-01-26 06:00:00+00:00,19074,42.5,14547,4527,6
2024-01-24 11:30:00+00:00,2024-01-26 07:00:00+00:00,18890,43.5,14603,4287,7
2024-01-24 11:30:00+00:00,2024-01-26 08:00:00+00:00,18609,44.5,14722,3887,8
2024-01-24 11:30:00+00:00,2024-01-26 09:00:00+00:00,18254,45.5,14620,3634,9
2024-01-24 11:30:00+00:00,2024-01-26 10:00:00+00:00,18135,46.5,14755,3380,10
2024-01-24 11:30:00+00:00,2024-01-26 11:00:00+00:00,17923,47.5,15050,2873,11
2024-01-24 09:30:00+00:00,2024-01-24 21:00:00+00:00,10976,11.5,10361,615,21
2024-01-24 09:30:00+00:00,2024-01-24 22:00:00+00:00,9868,12.5,9429,439,22
2024-01-24 09:30:00+00:00,2024-01-24 23:00:00+00:00,8797,13.5,8380,417,23
2024-01-24 09:30:00+00:00,2024-01-25 00:00:00+00:00,7888,14.5,7512,376,0
2024-01-24 09:30:00+00:00,2024-01-25 01:00:00+00:00,7036,15.5,6910,126,1
2024-01-24 09:30:00+00:00,2024-01-25 02:00:00+00:00,6332,16.5,6321,11,2
2024-01-24 09:30:00+00:00,2024-01-25 03:00:00+00:00,5968,17.5,6055,87,3
2024-01-24 09:30:00+00:00,2024-01-25 04:00:00+00:00,5702,18.5,6007,305,4
2024-01-24 09:30:00+00:00,2024-01-25 05:00:00+00:00,5818,19.5,6135,317,5
2024-01-24 09:30:00+00:00,2024-01-25 06:00:00+00:00,6201,20.5,6573,372,6
2024-01-24 09:30:00+00:00,2024-01-25 07:00:00+00:00,7111,21.5,7496,385,7
2024-01-24 09:30:00+00:00,2024-01-25 08:00:00+00:00,8389,22.5,8529,140,8
2024-01-24 09:30:00+00:00,2024-01-25 09:00:00+00:00,10253,23.5,10362,109,9
2024-01-24 09:30:00+00:00,2024-01-25 10:00:00+00:00,12102,24.5,11463,639,10
2024-01-24 09:30:00+00:00,2024-01-25 11:00:00+00:00,13766,25.5,12490,1276,11
2024-01-24 09:30:00+00:00,2024-01-25 12:00:00+00:00,14940,26.5,12824,2116,12
2024-01-24 09:30:00+00:00,2024-01-25 13:00:00+00:00,15467,27.5,13605,1862,13
2024-01-24 09:30:00+00:00,2024-01-25 14:00:00+00:00,15711,28.5,13819,1892,14
2024-01-24 09:30:00+00:00,2024-01-25 15:00:00+00:00,15927,29.5,13601,2326,15
2024-01-24 09:30:00+00:00,2024-01-25 16:00:00+00:00,16307,30.5,14202,2105,16
2024-01-24 09:30:00+00:00,2024-01-25 17:00:00+00:00,16696,31.5,14242,2454,17
2024-01-24 09:30:00+00:00,2024-01-25 18:00:00+00:00,17053,32.5,14704,2349,18
2024-01-24 09:30:00+00:00,2024-01-25 19:00:00+00:00,17477,33.5,14109,3368,19
2024-01-24 09:30:00+00:00,2024-01-25 20:00:00+00:00,17878,34.5,14402,3476,20
2024-01-24 09:30:00+00:00,2024-01-25 21:00:00+00:00,18224,35.5,14506,3718,21
2024-01-24 09:30:00+00:00,2024-01-25 22:00:00+00:00,18548,36.5,14593,3955,22
2024-01-24 09:30:00+00:00,2024-01-25 23:00:00+00:00,18807,37.5,14478,4329,23
2024-01-24 09:30:00+00:00,2024-01-26 00:00:00+00:00,19011,38.5,14317,4694,0
2024-01-24 09:30:00+00:00,2024-01-26 01:00:00+00:00,19006,39.5,14422,4584,1
2024-01-24 09:30:00+00:00,2024-01-26 02:00:00+00:00,18930,40.5,14316,4614,2
2024-01-24 09:30:00+00:00,2024-01-26 03:00:00+00:00,18848,41.5,14523,4325,3
2024-01-24 09:30:00+00:00,2024-01-26 04:00:00+00:00,18979,42.5,14632,4347,4
2024-01-24 09:30:00+00:00,2024-01-26 05:00:00+00:00,19040,43.5,14692,4348,5
2024-01-24 09:30:00+00:00,2024-01-26 06:00:00+00:00,19074,44.5,14547,4527,6
2024-01-24 09:30:00+00:00,2024-01-26 07:00:00+00:00,18890,45.5,14603,4287,7
2024-01-24 09:30:00+00:00,2024-01-26 08:00:00+00:00,18609,46.5,14722,3887,8
2024-01-24 09:30:00+00:00,2024-01-26 09:00:00+00:00,18255,47.5,14620,3635,9
2024-01-24 07:30:00+00:00,2024-01-24 21:00:00+00:00,10976,13.5,10361,615,21
2024-01-24 07:30:00+00:00,2024-01-24 22:00:00+00:00,9868,14.5,9429,439,22
2024-01-24 07:30:00+00:00,2024-01-24 23:00:00+00:00,8798,15.5,8380,418,23
2024-01-24 07:30:00+00:00,2024-01-25 00:00:00+00:00,7890,16.5,7512,378,0
2024-01-24 07:30:00+00:00,2024-01-25 01:00:00+00:00,7038,17.5,6910,128,1
2024-01-24 07:30:00+00:00,2024-01-25 02:00:00+00:00,6333,18.5,6321,12,2
2024-01-24 07:30:00+00:00,2024-01-25 03:00:00+00:00,5970,19.5,6055,85,3
2024-01-24 07:30:00+00:00,2024-01-25 04:00:00+00:00,5702,20.5,6007,305,4
2024-01-24 07:30:00+00:00,2024-01-25 05:00:00+00:00,5817,21.5,6135,318,5
2024-01-24 07:30:00+00:00,2024-01-25 06:00:00+00:00,6198,22.5,6573,375,6
2024-01-24 07:30:00+00:00,2024-01-25 07:00:00+00:00,7109,23.5,7496,387,7
2024-01-24 07:30:00+00:00,2024-01-25 08:00:00+00:00,8387,24.5,8529,142,8
2024-01-24 07:30:00+00:00,2024-01-25 09:00:00+00:00,10254,25.5,10362,108,9
2024-01-24 07:30:00+00:00,2024-01-25 10:00:00+00:00,12101,26.5,11463,638,10
2024-01-24 07:30:00+00:00,2024-01-25 11:00:00+00:00,13764,27.5,12490,1274,11
2024-01-24 07:30:00+00:00,2024-01-25 12:00:00+00:00,14939,28.5,12824,2115,12
2024-01-24 07:30:00+00:00,2024-01-25 13:00:00+00:00,15466,29.5,13605,1861,13
2024-01-24 07:30:00+00:00,2024-01-25 14:00:00+00:00,15710,30.5,13819,1891,14
2024-01-24 07:30:00+00:00,2024-01-25 15:00:00+00:00,15927,31.5,13601,2326,15
2024-01-24 07:30:00+00:00,2024-01-25 16:00:00+00:00,16306,32.5,14202,2104,16
2024-01-24 07:30:00+00:00,2024-01-25 17:00:00+00:00,16695,33.5,14242,2453,17
2024-01-24 07:30:00+00:00,2024-01-25 18:00:00+00:00,17054,34.5,14704,2350,18
2024-01-24 07:30:00+00:00,2024-01-25 19:00:00+00:00,17476,35.5,14109,3367,19
2024-01-24 07:30:00+00:00,2024-01-25 20:00:00+00:00,17877,36.5,14402,3475,20
2024-01-24 07:30:00+00:00,2024-01-25 21:00:00+00:00,18224,37.5,14506,3718,21
2024-01-24 07:30:00+00:00,2024-01-25 22:00:00+00:00,18548,38.5,14593,3955,22
2024-01-24 07:30:00+00:00,2024-01-25 23:00:00+00:00,18807,39.5,14478,4329,23
2024-01-24 07:30:00+00:00,2024-01-26 00:00:00+00:00,19011,40.5,14317,4694,0
2024-01-24 07:30:00+00:00,2024-01-26 01:00:00+00:00,19006,41.5,14422,4584,1
2024-01-24 07:30:00+00:00,2024-01-26 02:00:00+00:00,18930,42.5,14316,4614,2
2024-01-24 07:30:00+00:00,2024-01-26 03:00:00+00:00,18848,43.5,14523,4325,3
2024-01-24 07:30:00+00:00,2024-01-26 04:00:00+00:00,18979,44.5,14632,4347,4
2024-01-24 07:30:00+00:00,2024-01-26 05:00:00+00:00,19040,45.5,14692,4348,5
2024-01-24 07:30:00+00:00,2024-01-26 06:00:00+00:00,19073,46.5,14547,4526,6
2024-01-24 07:30:00+00:00,2024-01-26 07:00:00+00:00,18890,47.5,14603,4287,7
2024-01-24 04:30:00+00:00,2024-01-24 21:00:00+00:00,11087,16.5,10361,726,21
2024-01-24 04:30:00+00:00,2024-01-24 22:00:00+00:00,9901,17.5,9429,472,22
2024-01-24 04:30:00+00:00,2024-01-24 23:00:00+00:00,8748,18.5,8380,368,23
2024-01-24 04:30:00+00:00,2024-01-25 00:00:00+00:00,7887,19.5,7512,375,0
2024-01-24 04:30:00+00:00,2024-01-25 01:00:00+00:00,7083,20.5,6910,173,1
2024-01-24 04:30:00+00:00,2024-01-25 02:00:00+00:00,6366,21.5,6321,45,2
2024-01-24 04:30:00+00:00,2024-01-25 03:00:00+00:00,5986,22.5,6055,69,3
2024-01-24 04:30:00+00:00,2024-01-25 04:00:00+00:00,5771,23.5,6007,236,4
2024-01-24 04:30:00+00:00,2024-01-25 05:00:00+00:00,5858,24.5,6135,277,5
2024-01-24 04:30:00+00:00,2024-01-25 06:00:00+00:00,6420,25.5,6573,153,6
2024-01-24 04:30:00+00:00,2024-01-25 07:00:00+00:00,7349,26.5,7496,147,7
2024-01-24 04:30:00+00:00,2024-01-25 08:00:00+00:00,8790,27.5,8529,261,8
2024-01-24 04:30:00+00:00,2024-01-25 09:00:00+00:00,10727,28.5,10362,365,9
2024-01-24 04:30:00+00:00,2024-01-25 10:00:00+00:00,12396,29.5,11463,933,10
2024-01-24 04:30:00+00:00,2024-01-25 11:00:00+00:00,14148,30.5,12490,1658,11
2024-01-24 04:30:00+00:00,2024-01-25 12:00:00+00:00,15516,31.5,12824,2692,12
2024-01-24 04:30:00+00:00,2024-01-25 13:00:00+00:00,15966,32.5,13605,2361,13
2024-01-24 04:30:00+00:00,2024-01-25 14:00:00+00:00,16218,33.5,13819,2399,14
2024-01-24 04:30:00+00:00,2024-01-25 15:00:00+00:00,16451,34.5,13601,2850,15
2024-01-24 04:30:00+00:00,2024-01-25 16:00:00+00:00,16577,35.5,14202,2375,16
2024-01-24 04:30:00+00:00,2024-01-25 17:00:00+00:00,16869,36.5,14242,2627,17
2024-01-24 04:30:00+00:00,2024-01-25 18:00:00+00:00,17105,37.5,14704,2401,18
2024-01-24 04:30:00+00:00,2024-01-25 19:00:00+00:00,17533,38.5,14109,3424,19
2024-01-24 04:30:00+00:00,2024-01-25 20:00:00+00:00,17913,39.5,14402,3511,20
2024-01-24 04:30:00+00:00,2024-01-25 21:00:00+00:00,18231,40.5,14506,3725,21
2024-01-24 04:30:00+00:00,2024-01-25 22:00:00+00:00,18573,41.5,14593,3980,22
2024-01-24 04:30:00+00:00,2024-01-25 23:00:00+00:00,18788,42.5,14478,4310,23
2024-01-24 04:30:00+00:00,2024-01-26 00:00:00+00:00,18983,43.5,14317,4666,0
2024-01-24 04:30:00+00:00,2024-01-26 01:00:00+00:00,18986,44.5,14422,4564,1
2024-01-24 04:30:00+00:00,2024-01-26 02:00:00+00:00,18959,45.5,14316,4643,2
2024-01-24 04:30:00+00:00,2024-01-26 03:00:00+00:00,18902,46.5,14523,4379,3
2024-01-24 04:30:00+00:00,2024-01-26 04:00:00+00:00,18982,47.5,14632,4350,4
2024-01-24 02:30:00+00:00,2024-01-24 21:00:00+00:00,11090,18.5,10361,729,21
2024-01-24 02:30:00+00:00,2024-01-24 22:00:00+00:00,9903,19.5,9429,474,22
2024-01-24 02:30:00+00:00,2024-01-24 23:00:00+00:00,8751,20.5,8380,371,23
2024-01-24 02:30:00+00:00,2024-01-25 00:00:00+00:00,7893,21.5,7512,381,0
2024-01-24 02:30:00+00:00,2024-01-25 01:00:00+00:00,7084,22.5,6910,174,1
2024-01-24 02:30:00+00:00,2024-01-25 02:00:00+00:00,6367,23.5,6321,46,2
2024-01-24 02:30:00+00:00,2024-01-25 03:00:00+00:00,5992,24.5,6055,63,3
2024-01-24 02:30:00+00:00,2024-01-25 04:00:00+00:00,5768,25.5,6007,239,4
2024-01-24 02:30:00+00:00,2024-01-25 05:00:00+00:00,5854,26.5,6135,281,5
2024-01-24 02:30:00+00:00,2024-01-25 06:00:00+00:00,6417,27.5,6573,156,6
2024-01-24 02:30:00+00:00,2024-01-25 07:00:00+00:00,7340,28.5,7496,156,7
2024-01-24 02:30:00+00:00,2024-01-25 08:00:00+00:00,8786,29.5,8529,257,8
2024-01-24 02:30:00+00:00,2024-01-25 09:00:00+00:00,10722,30.5,10362,360,9
2024-01-24 02:30:00+00:00,2024-01-25 10:00:00+00:00,12390,31.5,11463,927,10
2024-01-24 02:30:00+00:00,2024-01-25 11:00:00+00:00,14149,32.5,12490,1659,11
2024-01-24 02:30:00+00:00,2024-01-25 12:00:00+00:00,15516,33.5,12824,2692,12
2024-01-24 02:30:00+00:00,2024-01-25 13:00:00+00:00,15961,34.5,13605,2356,13
2024-01-24 02:30:00+00:00,2024-01-25 14:00:00+00:00,16213,35.5,13819,2394,14
2024-01-24 02:30:00+00:00,2024-01-25 15:00:00+00:00,16452,36.5,13601,2851,15
2024-01-24 02:30:00+00:00,2024-01-25 16:00:00+00:00,16580,37.5,14202,2378,16
2024-01-24 02:30:00+00:00,2024-01-25 17:00:00+00:00,16874,38.5,14242,2632,17
2024-01-24 02:30:00+00:00,2024-01-25 18:00:00+00:00,17111,39.5,14704,2407,18
2024-01-24 02:30:00+00:00,2024-01-25 19:00:00+00:00,17536,40.5,14109,3427,19
2024-01-24 02:30:00+00:00,2024-01-25 20:00:00+00:00,17916,41.5,14402,3514,20
2024-01-24 02:30:00+00:00,2024-01-25 21:00:00+00:00,18233,42.5,14506,3727,21
2024-01-24 02:30:00+00:00,2024-01-25 22:00:00+00:00,18575,43.5,14593,3982,22
2024-01-24 02:30:00+00:00,2024-01-25 23:00:00+00:00,18789,44.5,14478,4311,23
2024-01-24 02:30:00+00:00,2024-01-26 00:00:00+00:00,18984,45.5,14317,4667,0
2024-01-24 02:30:00+00:00,2024-01-26 01:00:00+00:00,18987,46.5,14422,4565,1
2024-01-24 02:30:00+00:00,2024-01-26 02:00:00+00:00,18959,47.5,14316,4643,2
2024-01-23 22:30:00+00:00,2024-01-24 03:00:00+00:00,18258,4.5,13351,4907,3
2024-01-23 22:30:00+00:00,2024-01-24 04:00:00+00:00,18399,5.5,13392,5007,4
2024-01-23 22:30:00+00:00,2024-01-24 05:00:00+00:00,18465,6.5,13320,5145,5
2024-01-23 22:30:00+00:00,2024-01-24 06:00:00+00:00,18759,7.5,13479,5280,6
2024-01-23 22:30:00+00:00,2024-01-24 07:00:00+00:00,19109,8.5,14158,4951,7
2024-01-23 22:30:00+00:00,2024-01-24 08:00:00+00:00,19473,9.5,14406,5067,8
2024-01-23 22:30:00+00:00,2024-01-24 09:00:00+00:00,19325,10.5,14811,4514,9
2024-01-23 22:30:00+00:00,2024-01-24 10:00:00+00:00,19163,11.5,14879,4284,10
2024-01-23 22:30:00+00:00,2024-01-24 11:00:00+00:00,19076,12.5,14882,4194,11
2024-01-23 22:30:00+00:00,2024-01-24 12:00:00+00:00,18757,13.5,14859,3898,12
2024-01-23 22:30:00+00:00,2024-01-24 13:00:00+00:00,18270,14.5,14727,3543,13
2024-01-23 22:30:00+00:00,2024-01-24 14:00:00+00:00,17477,15.5,14200,3277,14
2024-01-23 22:30:00+00:00,2024-01-24 15:00:00+00:00,16663,16.5,14210,2453,15
2024-01-23 22:30:00+00:00,2024-01-24 16:00:00+00:00,15911,17.5,13797,2114,16
2024-01-23 22:30:00+00:00,2024-01-24 17:00:00+00:00,15117,18.5,12907,2210,17
2024-01-23 22:30:00+00:00,2024-01-24 18:00:00+00:00,14343,19.5,12889,1454,18
2024-01-23 22:30:00+00:00,2024-01-24 19:00:00+00:00,13343,20.5,11844,1499,19
2024-01-23 22:30:00+00:00,2024-01-24 20:00:00+00:00,12361,21.5,11630,731,20
2024-01-23 22:30:00+00:00,2024-01-24 21:00:00+00:00,11189,22.5,10361,828,21
2024-01-23 22:30:00+00:00,2024-01-24 22:00:00+00:00,9939,23.5,9429,510,22
2024-01-23 22:30:00+00:00,2024-01-24 23:00:00+00:00,8833,24.5,8380,453,23
2024-01-23 22:30:00+00:00,2024-01-25 00:00:00+00:00,7980,25.5,7512,468,0
2024-01-23 22:30:00+00:00,2024-01-25 01:00:00+00:00,7253,26.5,6910,343,1
2024-01-23 22:30:00+00:00,2024-01-25 02:00:00+00:00,6617,27.5,6321,296,2
2024-01-23 22:30:00+00:00,2024-01-25 03:00:00+00:00,6234,28.5,6055,179,3
2024-01-23 22:30:00+00:00,2024-01-25 04:00:00+00:00,6028,29.5,6007,21,4
2024-01-23 22:30:00+00:00,2024-01-25 05:00:00+00:00,6206,30.5,6135,71,5
2024-01-23 22:30:00+00:00,2024-01-25 06:00:00+00:00,6803,31.5,6573,230,6
2024-01-23 22:30:00+00:00,2024-01-25 07:00:00+00:00,7947,32.5,7496,451,7
2024-01-23 22:30:00+00:00,2024-01-25 08:00:00+00:00,9639,33.5,8529,1110,8
2024-01-23 22:30:00+00:00,2024-01-25 09:00:00+00:00,11639,34.5,10362,1277,9
2024-01-23 22:30:00+00:00,2024-01-25 10:00:00+00:00,12800,35.5,11463,1337,10
2024-01-23 22:30:00+00:00,2024-01-25 11:00:00+00:00,14473,36.5,12490,1983,11
2024-01-23 22:30:00+00:00,2024-01-25 12:00:00+00:00,15753,37.5,12824,2929,12
2024-01-23 22:30:00+00:00,2024-01-25 13:00:00+00:00,16065,38.5,13605,2460,13
2024-01-23 22:30:00+00:00,2024-01-25 14:00:00+00:00,16357,39.5,13819,2538,14
2024-01-23 22:30:00+00:00,2024-01-25 15:00:00+00:00,16587,40.5,13601,2986,15
2024-01-23 22:30:00+00:00,2024-01-25 16:00:00+00:00,16868,41.5,14202,2666,16
2024-01-23 22:30:00+00:00,2024-01-25 17:00:00+00:00,17097,42.5,14242,2855,17
2024-01-23 22:30:00+00:00,2024-01-25 18:00:00+00:00,17276,43.5,14704,2572,18
2024-01-23 22:30:00+00:00,2024-01-25 19:00:00+00:00,17630,44.5,14109,3521,19
2024-01-23 22:30:00+00:00,2024-01-25 20:00:00+00:00,17908,45.5,14402,3506,20
2024-01-23 22:30:00+00:00,2024-01-25 21:00:00+00:00,18164,46.5,14506,3658,21
2024-01-23 18:30:00+00:00,2024-01-23 23:00:00+00:00,18406,4.5,13784,4622,23
2024-01-23 18:30:00+00:00,2024-01-24 00:00:00+00:00,18390,5.5,13888,4502,0
2024-01-23 18:30:00+00:00,2024-01-24 01:00:00+00:00,18236,6.5,13913,4323,1
2024-01-23 18:30:00+00:00,2024-01-24 02:00:00+00:00,18369,7.5,13586,4783,2
2024-01-23 18:30:00+00:00,2024-01-24 03:00:00+00:00,18257,8.5,13351,4906,3
2024-01-23 18:30:00+00:00,2024-01-24 04:00:00+00:00,18399,9.5,13392,5007,4
2024-01-23 18:30:00+00:00,2024-01-24 05:00:00+00:00,18463,10.5,13320,5143,5
2024-01-23 18:30:00+00:00,2024-01-24 06:00:00+00:00,18760,11.5,13479,5281,6
2024-01-23 18:30:00+00:00,2024-01-24 07:00:00+00:00,19108,12.5,14158,4950,7
2024-01-23 18:30:00+00:00,2024-01-24 08:00:00+00:00,19472,13.5,14406,5066,8
2024-01-23 18:30:00+00:00,2024-01-24 09:00:00+00:00,19325,14.5,14811,4514,9
2024-01-23 18:30:00+00:00,2024-01-24 10:00:00+00:00,19162,15.5,14879,4283,10
2024-01-23 18:30:00+00:00,2024-01-24 11:00:00+00:00,19075,16.5,14882,4193,11
2024-01-23 18:30:00+00:00,2024-01-24 12:00:00+00:00,18757,17.5,14859,3898,12
2024-01-23 18:30:00+00:00,2024-01-24 13:00:00+00:00,18270,18.5,14727,3543,13
2024-01-23 18:30:00+00:00,2024-01-24 14:00:00+00:00,17477,19.5,14200,3277,14
2024-01-23 18:30:00+00:00,2024-01-24 15:00:00+00:00,16664,20.5,14210,2454,15
2024-01-23 18:30:00+00:00,2024-01-24 16:00:00+00:00,15912,21.5,13797,2115,16
2024-01-23 18:30:00+00:00,2024-01-24 17:00:00+00:00,15119,22.5,12907,2212,17
2024-01-23 18:30:00+00:00,2024-01-24 18:00:00+00:00,14347,23.5,12889,1458,18
2024-01-23 18:30:00+00:00,2024-01-24 19:00:00+00:00,13344,24.5,11844,1500,19
2024-01-23 18:30:00+00:00,2024-01-24 20:00:00+00:00,12363,25.5,11630,733,20
2024-01-23 18:30:00+00:00,2024-01-24 21:00:00+00:00,11192,26.5,10361,831,21
2024-01-23 18:30:00+00:00,2024-01-24 22:00:00+00:00,9940,27.5,9429,511,22
2024-01-23 18:30:00+00:00,2024-01-24 23:00:00+00:00,8835,28.5,8380,455,23
2024-01-23 18:30:00+00:00,2024-01-25 00:00:00+00:00,7982,29.5,7512,470,0
2024-01-23 18:30:00+00:00,2024-01-25 01:00:00+00:00,7255,30.5,6910,345,1
2024-01-23 18:30:00+00:00,2024-01-25 02:00:00+00:00,6619,31.5,6321,298,2
2024-01-23 18:30:00+00:00,2024-01-25 03:00:00+00:00,6236,32.5,6055,181,3
2024-01-23 18:30:00+00:00,2024-01-25 04:00:00+00:00,6029,33.5,6007,22,4
2024-01-23 18:30:00+00:00,2024-01-25 05:00:00+00:00,6206,34.5,6135,71,5
2024-01-23 18:30:00+00:00,2024-01-25 06:00:00+00:00,6797,35.5,6573,224,6
2024-01-23 18:30:00+00:00,2024-01-25 07:00:00+00:00,7934,36.5,7496,438,7
2024-01-23 18:30:00+00:00,2024-01-25 08:00:00+00:00,9634,37.5,8529,1105,8
2024-01-23 18:30:00+00:00,2024-01-25 09:00:00+00:00,11636,38.5,10362,1274,9
2024-01-23 18:30:00+00:00,2024-01-25 10:00:00+00:00,12800,39.5,11463,1337,10
2024-01-23 18:30:00+00:00,2024-01-25 11:00:00+00:00,14475,40.5,12490,1985,11
2024-01-23 18:30:00+00:00,2024-01-25 12:00:00+00:00,15756,41.5,12824,2932,12
2024-01-23 18:30:00+00:00,2024-01-25 13:00:00+00:00,16066,42.5,13605,2461,13
2024-01-23 18:30:00+00:00,2024-01-25 14:00:00+00:00,16357,43.5,13819,2538,14
2024-01-23 18:30:00+00:00,2024-01-25 15:00:00+00:00,16586,44.5,13601,2985,15
2024-01-23 18:30:00+00:00,2024-01-25 16:00:00+00:00,16867,45.5,14202,2665,16
2024-01-23 18:30:00+00:00,2024-01-25 17:00:00+00:00,17096,46.5,14242,2854,17
2024-01-23 18:30:00+00:00,2024-01-25 18:00:00+00:00,17275,47.5,14704,2571,18
2024-01-23 15:30:00+00:00,2024-01-23 21:00:00+00:00,18843,5.5,14506,4337,21
2024-01-23 15:30:00+00:00,2024-01-23 22:00:00+00:00,18563,6.5,13779,4784,22
2024-01-23 15:30:00+00:00,2024-01-23 23:00:00+00:00,18149,7.5,13784,4365,23
2024-01-23 15:30:00+00:00,2024-01-24 00:00:00+00:00,18132,8.5,13888,4244,0
2024-01-23 15:30:00+00:00,2024-01-24 01:00:00+00:00,17996,9.5,13913,4083,1
2024-01-23 15:30:00+00:00,2024-01-24 02:00:00+00:00,18283,10.5,13586,4697,2
2024-01-23 15:30:00+00:00,2024-01-24 03:00:00+00:00,18353,11.5,13351,5002,3
2024-01-23 15:30:00+00:00,2024-01-24 04:00:00+00:00,18311,12.5,13392,4919,4
2024-01-23 15:30:00+00:00,2024-01-24 05:00:00+00:00,18340,13.5,13320,5020,5
2024-01-23 15:30:00+00:00,2024-01-24 06:00:00+00:00,18654,14.5,13479,5175,6
2024-01-23 15:30:00+00:00,2024-01-24 07:00:00+00:00,19070,15.5,14158,4912,7
2024-01-23 15:30:00+00:00,2024-01-24 08:00:00+00:00,19489,16.5,14406,5083,8
2024-01-23 15:30:00+00:00,2024-01-24 09:00:00+00:00,19358,17.5,14811,4547,9
2024-01-23 15:30:00+00:00,2024-01-24 10:00:00+00:00,19279,18.5,14879,4400,10
2024-01-23 15:30:00+00:00,2024-01-24 11:00:00+00:00,19147,19.5,14882,4265,11
2024-01-23 15:30:00+00:00,2024-01-24 12:00:00+00:00,18841,20.5,14859,3982,12
2024-01-23 15:30:00+00:00,2024-01-24 13:00:00+00:00,18313,21.5,14727,3586,13
2024-01-23 15:30:00+00:00,2024-01-24 14:00:00+00:00,17584,22.5,14200,3384,14
2024-01-23 15:30:00+00:00,2024-01-24 15:00:00+00:00,16790,23.5,14210,2580,15
2024-01-23 15:30:00+00:00,2024-01-24 16:00:00+00:00,16016,24.5,13797,2219,16
2024-01-23 15:30:00+00:00,2024-01-24 17:00:00+00:00,15269,25.5,12907,2362,17
2024-01-23 15:30:00+00:00,2024-01-24 18:00:00+00:00,14518,26.5,12889,1629,18
2024-01-23 15:30:00+00:00,2024-01-24 19:00:00+00:00,13626,27.5,11844,1782,19
2024-01-23 15:30:00+00:00,2024-01-24 20:00:00+00:00,12581,28.5,11630,951,20
2024-01-23 15:30:00+00:00,2024-01-24 21:00:00+00:00,11543,29.5,10361,1182,21
2024-01-23 15:30:00+00:00,2024-01-24 22:00:00+00:00,10294,30.5,9429,865,22
2024-01-23 15:30:00+00:00,2024-01-24 23:00:00+00:00,9279,31.5,8380,899,23
2024-01-23 15:30:00+00:00,2024-01-25 00:00:00+00:00,8351,32.5,7512,839,0
2024-01-23 15:30:00+00:00,2024-01-25 01:00:00+00:00,7635,33.5,6910,725,1
2024-01-23 15:30:00+00:00,2024-01-25 02:00:00+00:00,7028,34.5,6321,707,2
2024-01-23 15:30:00+00:00,2024-01-25 03:00:00+00:00,6556,35.5,6055,501,3
2024-01-23 15:30:00+00:00,2024-01-25 04:00:00+00:00,6335,36.5,6007,328,4
2024-01-23 15:30:00+00:00,2024-01-25 05:00:00+00:00,6759,37.5,6135,624,5
2024-01-23 15:30:00+00:00,2024-01-25 06:00:00+00:00,7312,38.5,6573,739,6
2024-01-23 15:30:00+00:00,2024-01-25 07:00:00+00:00,8902,39.5,7496,1406,7
2024-01-23 15:30:00+00:00,2024-01-25 08:00:00+00:00,10659,40.5,8529,2130,8
2024-01-23 15:30:00+00:00,2024-01-25 09:00:00+00:00,12388,41.5,10362,2026,9
2024-01-23 15:30:00+00:00,2024-01-25 10:00:00+00:00,14029,42.5,11463,2566,10
2024-01-23 15:30:00+00:00,2024-01-25 11:00:00+00:00,15448,43.5,12490,2958,11
2024-01-23 15:30:00+00:00,2024-01-25 12:00:00+00:00,16490,44.5,12824,3666,12
2024-01-23 15:30:00+00:00,2024-01-25 13:00:00+00:00,16774,45.5,13605,3169,13
2024-01-23 15:30:00+00:00,2024-01-25 14:00:00+00:00,17020,46.5,13819,3201,14
2024-01-23 15:30:00+00:00,2024-01-25 15:00:00+00:00,17233,47.5,13601,3632,15
2024-01-23 14:00:00+00:00,2024-01-23 21:00:00+00:00,18822,7.0,14506,4316,21
2024-01-23 14:00:00+00:00,2024-01-23 22:00:00+00:00,18755,8.0,13779,4976,22
2024-01-23 14:00:00+00:00,2024-01-23 23:00:00+00:00,18341,9.0,13784,4557,23
2024-01-23 14:00:00+00:00,2024-01-24 00:00:00+00:00,18133,10.0,13888,4245,0
2024-01-23 14:00:00+00:00,2024-01-24 01:00:00+00:00,18086,11.0,13913,4173,1
2024-01-23 14:00:00+00:00,2024-01-24 02:00:00+00:00,18461,12.0,13586,4875,2
2024-01-23 14:00:00+00:00,2024-01-24 03:00:00+00:00,18521,13.0,13351,5170,3
2024-01-23 14:00:00+00:00,2024-01-24 04:00:00+00:00,18408,14.0,13392,5016,4
2024-01-23 14:00:00+00:00,2024-01-24 05:00:00+00:00,18550,15.0,13320,5230,5
2024-01-23 14:00:00+00:00,2024-01-24 06:00:00+00:00,19001,16.0,13479,5522,6
2024-01-23 14:00:00+00:00,2024-01-24 07:00:00+00:00,19484,17.0,14158,5326,7
2024-01-23 14:00:00+00:00,2024-01-24 08:00:00+00:00,19497,18.0,14406,5091,8
2024-01-23 14:00:00+00:00,2024-01-24 09:00:00+00:00,19419,19.0,14811,4608,9
2024-01-23 14:00:00+00:00,2024-01-24 10:00:00+00:00,19324,20.0,14879,4445,10
2024-01-23 14:00:00+00:00,2024-01-24 11:00:00+00:00,19156,21.0,14882,4274,11
2024-01-23 14:00:00+00:00,2024-01-24 12:00:00+00:00,18832,22.0,14859,3973,12
2024-01-23 14:00:00+00:00,2024-01-24 13:00:00+00:00,18294,23.0,14727,3567,13
2024-01-23 14:00:00+00:00,2024-01-24 14:00:00+00:00,17586,24.0,14200,3386,14
2024-01-23 14:00:00+00:00,2024-01-24 15:00:00+00:00,16679,25.0,14210,2469,15
2024-01-23 14:00:00+00:00,2024-01-24 16:00:00+00:00,15917,26.0,13797,2120,16
2024-01-23 14:00:00+00:00,2024-01-24 17:00:00+00:00,15201,27.0,12907,2294,17
2024-01-23 14:00:00+00:00,2024-01-24 18:00:00+00:00,14305,28.0,12889,1416,18
2024-01-23 14:00:00+00:00,2024-01-24 19:00:00+00:00,13363,29.0,11844,1519,19
2024-01-23 14:00:00+00:00,2024-01-24 20:00:00+00:00,12291,30.0,11630,661,20
2024-01-23 14:00:00+00:00,2024-01-24 21:00:00+00:00,11281,31.0,10361,920,21
2024-01-23 14:00:00+00:00,2024-01-24 22:00:00+00:00,9790,32.0,9429,361,22
2024-01-23 14:00:00+00:00,2024-01-24 23:00:00+00:00,8762,33.0,8380,382,23
2024-01-23 14:00:00+00:00,2024-01-25 00:00:00+00:00,7794,34.0,7512,282,0
2024-01-23 14:00:00+00:00,2024-01-25 01:00:00+00:00,7226,35.0,6910,316,1
2024-01-23 14:00:00+00:00,2024-01-25 02:00:00+00:00,6702,36.0,6321,381,2
2024-01-23 14:00:00+00:00,2024-01-25 03:00:00+00:00,6272,37.0,6055,217,3
2024-01-23 14:00:00+00:00,2024-01-25 04:00:00+00:00,6598,38.0,6007,591,4
2024-01-23 14:00:00+00:00,2024-01-25 05:00:00+00:00,7037,39.0,6135,902,5
2024-01-23 14:00:00+00:00,2024-01-25 06:00:00+00:00,7583,40.0,6573,1010,6
2024-01-23 14:00:00+00:00,2024-01-25 07:00:00+00:00,9155,41.0,7496,1659,7
2024-01-23 14:00:00+00:00,2024-01-25 08:00:00+00:00,10880,42.0,8529,2351,8
2024-01-23 14:00:00+00:00,2024-01-25 09:00:00+00:00,12607,43.0,10362,2245,9
2024-01-23 14:00:00+00:00,2024-01-25 10:00:00+00:00,14106,44.0,11463,2643,10
2024-01-23 14:00:00+00:00,2024-01-25 11:00:00+00:00,15404,45.0,12490,2914,11
2024-01-23 14:00:00+00:00,2024-01-25 12:00:00+00:00,16382,46.0,12824,3558,12
2024-01-23 14:00:00+00:00,2024-01-25 13:00:00+00:00,16665,47.0,13605,3060,13
2024-01-23 14:00:00+00:00,2024-01-25 14:00:00+00:00,16913,48.0,13819,3094,14
2024-01-23 09:30:00+00:00,2024-01-23 21:00:00+00:00,18824,11.5,14506,4318,21
2024-01-23 09:30:00+00:00,2024-01-23 22:00:00+00:00,18756,12.5,13779,4977,22
2024-01-23 09:30:00+00:00,2024-01-23 23:00:00+00:00,18342,13.5,13784,4558,23
2024-01-23 09:30:00+00:00,2024-01-24 00:00:00+00:00,18134,14.5,13888,4246,0
2024-01-23 09:30:00+00:00,2024-01-24 01:00:00+00:00,18087,15.5,13913,4174,1
2024-01-23 09:30:00+00:00,2024-01-24 02:00:00+00:00,18463,16.5,13586,4877,2
2024-01-23 09:30:00+00:00,2024-01-24 03:00:00+00:00,18523,17.5,13351,5172,3
2024-01-23 09:30:00+00:00,2024-01-24 04:00:00+00:00,18410,18.5,13392,5018,4
2024-01-23 09:30:00+00:00,2024-01-24 05:00:00+00:00,18552,19.5,13320,5232,5
2024-01-23 09:30:00+00:00,2024-01-24 06:00:00+00:00,19004,20.5,13479,5525,6
2024-01-23 09:30:00+00:00,2024-01-24 07:00:00+00:00,19484,21.5,14158,5326,7
2024-01-23 09:30:00+00:00,2024-01-24 08:00:00+00:00,19499,22.5,14406,5093,8
2024-01-23 09:30:00+00:00,2024-01-24 09:00:00+00:00,19420,23.5,14811,4609,9
2024-01-23 09:30:00+00:00,2024-01-24 10:00:00+00:00,19321,24.5,14879,4442,10
2024-01-23 09:30:00+00:00,2024-01-24 11:00:00+00:00,19152,25.5,14882,4270,11
2024-01-23 09:30:00+00:00,2024-01-24 12:00:00+00:00,18834,26.5,14859,3975,12
2024-01-23 09:30:00+00:00,2024-01-24 13:00:00+00:00,18292,27.5,14727,3565,13
2024-01-23 09:30:00+00:00,2024-01-24 14:00:00+00:00,17580,28.5,14200,3380,14
2024-01-23 09:30:00+00:00,2024-01-24 15:00:00+00:00,16682,29.5,14210,2472,15
2024-01-23 09:30:00+00:00,2024-01-24 16:00:00+00:00,15911,30.5,13797,2114,16
2024-01-23 09:30:00+00:00,2024-01-24 17:00:00+00:00,15202,31.5,12907,2295,17
2024-01-23 09:30:00+00:00,2024-01-24 18:00:00+00:00,14306,32.5,12889,1417,18
2024-01-23 09:30:00+00:00,2024-01-24 19:00:00+00:00,13354,33.5,11844,1510,19
2024-01-23 09:30:00+00:00,2024-01-24 20:00:00+00:00,12293,34.5,11630,663,20
2024-01-23 09:30:00+00:00,2024-01-24 21:00:00+00:00,11287,35.5,10361,926,21
2024-01-23 09:30:00+00:00,2024-01-24 22:00:00+00:00,9812,36.5,9429,383,22
2024-01-23 09:30:00+00:00,2024-01-24 23:00:00+00:00,8790,37.5,8380,410,23
2024-01-23 09:30:00+00:00,2024-01-25 00:00:00+00:00,7816,38.5,7512,304,0
2024-01-23 09:30:00+00:00,2024-01-25 01:00:00+00:00,7269,39.5,6910,359,1
2024-01-23 09:30:00+00:00,2024-01-25 02:00:00+00:00,6771,40.5,6321,450,2
2024-01-23 09:30:00+00:00,2024-01-25 03:00:00+00:00,6345,41.5,6055,290,3
2024-01-23 09:30:00+00:00,2024-01-25 04:00:00+00:00,6658,42.5,6007,651,4
2024-01-23 09:30:00+00:00,2024-01-25 05:00:00+00:00,7066,43.5,6135,931,5
2024-01-23 09:30:00+00:00,2024-01-25 06:00:00+00:00,7578,44.5,6573,1005,6
2024-01-23 09:30:00+00:00,2024-01-25 07:00:00+00:00,9148,45.5,7496,1652,7
2024-01-23 09:30:00+00:00,2024-01-25 08:00:00+00:00,10873,46.5,8529,2344,8
2024-01-23 09:30:00+00:00,2024-01-25 09:00:00+00:00,12600,47.5,10362,2238,9
2024-01-23 07:30:00+00:00,2024-01-23 21:00:00+00:00,18824,13.5,14506,4318,21
2024-01-23 07:30:00+00:00,2024-01-23 22:00:00+00:00,18755,14.5,13779,4976,22
2024-01-23 07:30:00+00:00,2024-01-23 23:00:00+00:00,18342,15.5,13784,4558,23
2024-01-23 07:30:00+00:00,2024-01-24 00:00:00+00:00,18133,16.5,13888,4245,0
2024-01-23 07:30:00+00:00,2024-01-24 01:00:00+00:00,18087,17.5,13913,4174,1
2024-01-23 07:30:00+00:00,2024-01-24 02:00:00+00:00,18462,18.5,13586,4876,2
2024-01-23 07:30:00+00:00,2024-01-24 03:00:00+00:00,18523,19.5,13351,5172,3
2024-01-23 07:30:00+00:00,2024-01-24 04:00:00+00:00,18409,20.5,13392,5017,4
2024-01-23 07:30:00+00:00,2024-01-24 05:00:00+00:00,18551,21.5,13320,5231,5
2024-01-23 07:30:00+00:00,2024-01-24 06:00:00+00:00,19003,22.5,13479,5524,6
2024-01-23 07:30:00+00:00,2024-01-24 07:00:00+00:00,19481,23.5,14158,5323,7
2024-01-23 07:30:00+00:00,2024-01-24 08:00:00+00:00,19497,24.5,14406,5091,8
2024-01-23 07:30:00+00:00,2024-01-24 09:00:00+00:00,19420,25.5,14811,4609,9
2024-01-23 07:30:00+00:00,2024-01-24 10:00:00+00:00,19321,26.5,14879,4442,10
2024-01-23 07:30:00+00:00,2024-01-24 11:00:00+00:00,19151,27.5,14882,4269,11
2024-01-23 07:30:00+00:00,2024-01-24 12:00:00+00:00,18834,28.5,14859,3975,12
2024-01-23 07:30:00+00:00,2024-01-24 13:00:00+00:00,18291,29.5,14727,3564,13
2024-01-23 07:30:00+00:00,2024-01-24 14:00:00+00:00,17578,30.5,14200,3378,14
2024-01-23 07:30:00+00:00,2024-01-24 15:00:00+00:00,16679,31.5,14210,2469,15
2024-01-23 07:30:00+00:00,2024-01-24 16:00:00+00:00,15906,32.5,13797,2109,16
2024-01-23 07:30:00+00:00,2024-01-24 17:00:00+00:00,15202,33.5,12907,2295,17
2024-01-23 07:30:00+00:00,2024-01-24 18:00:00+00:00,14310,34.5,12889,1421,18
2024-01-23 07:30:00+00:00,2024-01-24 19:00:00+00:00,13357,35.5,11844,1513,19
2024-01-23 07:30:00+00:00,2024-01-24 20:00:00+00:00,12294,36.5,11630,664,20
2024-01-23 07:30:00+00:00,2024-01-24 21:00:00+00:00,11288,37.5,10361,927,21
2024-01-23 07:30:00+00:00,2024-01-24 22:00:00+00:00,9814,38.5,9429,385,22
2024-01-23 07:30:00+00:00,2024-01-24 23:00:00+00:00,8793,39.5,8380,413,23
2024-01-23 07:30:00+00:00,2024-01-25 00:00:00+00:00,7820,40.5,7512,308,0
2024-01-23 07:30:00+00:00,2024-01-25 01:00:00+00:00,7274,41.5,6910,364,1
2024-01-23 07:30:00+00:00,2024-01-25 02:00:00+00:00,6777,42.5,6321,456,2
2024-01-23 07:30:00+00:00,2024-01-25 03:00:00+00:00,6352,43.5,6055,297,3
2024-01-23 07:30:00+00:00,2024-01-25 04:00:00+00:00,6665,44.5,6007,658,4
2024-01-23 07:30:00+00:00,2024-01-25 05:00:00+00:00,7071,45.5,6135,936,5
2024-01-23 07:30:00+00:00,2024-01-25 06:00:00+00:00,7582,46.5,6573,1009,6
2024-01-23 07:30:00+00:00,2024-01-25 07:00:00+00:00,9152,47.5,7496,1656,7
2024-01-23 04:30:00+00:00,2024-01-23 21:00:00+00:00,18697,16.5,14506,4191,21
2024-01-23 04:30:00+00:00,2024-01-23 22:00:00+00:00,18708,17.5,13779,4929,22
2024-01-23 04:30:00+00:00,2024-01-23 23:00:00+00:00,18166,18.5,13784,4382,23
2024-01-23 04:30:00+00:00,2024-01-24 00:00:00+00:00,18276,19.5,13888,4388,0
2024-01-23 04:30:00+00:00,2024-01-24 01:00:00+00:00,17904,20.5,13913,3991,1
2024-01-23 04:30:00+00:00,2024-01-24 02:00:00+00:00,18413,21.5,13586,4827,2
2024-01-23 04:30:00+00:00,2024-01-24 03:00:00+00:00,18383,22.5,13351,5032,3
2024-01-23 04:30:00+00:00,2024-01-24 04:00:00+00:00,18444,23.5,13392,5052,4
2024-01-23 04:30:00+00:00,2024-01-24 05:00:00+00:00,18551,24.5,13320,5231,5
2024-01-23 04:30:00+00:00,2024-01-24 06:00:00+00:00,18800,25.5,13479,5321,6
2024-01-23 04:30:00+00:00,2024-01-24 07:00:00+00:00,19300,26.5,14158,5142,7
2024-01-23 04:30:00+00:00,2024-01-24 08:00:00+00:00,19537,27.5,14406,5131,8
2024-01-23 04:30:00+00:00,2024-01-24 09:00:00+00:00,19438,28.5,14811,4627,9
2024-01-23 04:30:00+00:00,2024-01-24 10:00:00+00:00,19306,29.5,14879,4427,10
2024-01-23 04:30:00+00:00,2024-01-24 11:00:00+00:00,19257,30.5,14882,4375,11
2024-01-23 04:30:00+00:00,2024-01-24 12:00:00+00:00,18964,31.5,14859,4105,12
2024-01-23 04:30:00+00:00,2024-01-24 13:00:00+00:00,18436,32.5,14727,3709,13
2024-01-23 04:30:00+00:00,2024-01-24 14:00:00+00:00,17696,33.5,14200,3496,14
2024-01-23 04:30:00+00:00,2024-01-24 15:00:00+00:00,16775,34.5,14210,2565,15
2024-01-23 04:30:00+00:00,2024-01-24 16:00:00+00:00,15825,35.5,13797,2028,16
2024-01-23 04:30:00+00:00,2024-01-24 17:00:00+00:00,14831,36.5,12907,1924,17
2024-01-23 04:30:00+00:00,2024-01-24 18:00:00+00:00,13685,37.5,12889,796,18
2024-01-23 04:30:00+00:00,2024-01-24 19:00:00+00:00,12792,38.5,11844,948,19
2024-01-23 04:30:00+00:00,2024-01-24 20:00:00+00:00,11861,39.5,11630,231,20
2024-01-23 04:30:00+00:00,2024-01-24 21:00:00+00:00,10934,40.5,10361,573,21
2024-01-23 04:30:00+00:00,2024-01-24 22:00:00+00:00,9963,41.5,9429,534,22
2024-01-23 04:30:00+00:00,2024-01-24 23:00:00+00:00,9007,42.5,8380,627,23
2024-01-23 04:30:00+00:00,2024-01-25 00:00:00+00:00,8085,43.5,7512,573,0
2024-01-23 04:30:00+00:00,2024-01-25 01:00:00+00:00,7596,44.5,6910,686,1
2024-01-23 04:30:00+00:00,2024-01-25 02:00:00+00:00,7133,45.5,6321,812,2
2024-01-23 04:30:00+00:00,2024-01-25 03:00:00+00:00,6713,46.5,6055,658,3
2024-01-23 04:30:00+00:00,2024-01-25 04:00:00+00:00,7047,47.5,6007,1040,4
2024-01-23 02:30:00+00:00,2024-01-23 21:00:00+00:00,18696,18.5,14506,4190,21
2024-01-23 02:30:00+00:00,2024-01-23 22:00:00+00:00,18708,19.5,13779,4929,22
2024-01-23 02:30:00+00:00,2024-01-23 23:00:00+00:00,18165,20.5,13784,4381,23
2024-01-23 02:30:00+00:00,2024-01-24 00:00:00+00:00,18276,21.5,13888,4388,0
2024-01-23 02:30:00+00:00,2024-01-24 01:00:00+00:00,17904,22.5,13913,3991,1
2024-01-23 02:30:00+00:00,2024-01-24 02:00:00+00:00,18413,23.5,13586,4827,2
2024-01-23 02:30:00+00:00,2024-01-24 03:00:00+00:00,18381,24.5,13351,5030,3
2024-01-23 02:30:00+00:00,2024-01-24 04:00:00+00:00,18444,25.5,13392,5052,4
2024-01-23 02:30:00+00:00,2024-01-24 05:00:00+00:00,18551,26.5,13320,5231,5
2024-01-23 02:30:00+00:00,2024-01-24 06:00:00+00:00,18792,27.5,13479,5313,6
2024-01-23 02:30:00+00:00,2024-01-24 07:00:00+00:00,19300,28.5,14158,5142,7
2024-01-23 02:30:00+00:00,2024-01-24 08:00:00+00:00,19535,29.5,14406,5129,8
2024-01-23 02:30:00+00:00,2024-01-24 09:00:00+00:00,19432,30.5,14811,4621,9
2024-01-23 02:30:00+00:00,2024-01-24 10:00:00+00:00,19305,31.5,14879,4426,10
2024-01-23 02:30:00+00:00,2024-01-24 11:00:00+00:00,19257,32.5,14882,4375,11
2024-01-23 02:30:00+00:00,2024-01-24 12:00:00+00:00,18958,33.5,14859,4099,12
2024-01-23 02:30:00+00:00,2024-01-24 13:00:00+00:00,18436,34.5,14727,3709,13
2024-01-23 02:30:00+00:00,2024-01-24 14:00:00+00:00,17695,35.5,14200,3495,14
2024-01-23 02:30:00+00:00,2024-01-24 15:00:00+00:00,16749,36.5,14210,2539,15
2024-01-23 02:30:00+00:00,2024-01-24 16:00:00+00:00,15811,37.5,13797,2014,16
2024-01-23 02:30:00+00:00,2024-01-24 17:00:00+00:00,14829,38.5,12907,1922,17
2024-01-23 02:30:00+00:00,2024-01-24 18:00:00+00:00,13697,39.5,12889,808,18
2024-01-23 02:30:00+00:00,2024-01-24 19:00:00+00:00,12803,40.5,11844,959,19
2024-01-23 02:30:00+00:00,2024-01-24 20:00:00+00:00,11870,41.5,11630,240,20
2024-01-23 02:30:00+00:00,2024-01-24 21:00:00+00:00,10941,42.5,10361,580,21
2024-01-23 02:30:00+00:00,2024-01-24 22:00:00+00:00,9970,43.5,9429,541,22
2024-01-23 02:30:00+00:00,2024-01-24 23:00:00+00:00,9014,44.5,8380,634,23
2024-01-23 02:30:00+00:00,2024-01-25 00:00:00+00:00,8092,45.5,7512,580,0
2024-01-23 02:30:00+00:00,2024-01-25 01:00:00+00:00,7610,46.5,6910,700,1
2024-01-23 02:30:00+00:00,2024-01-25 02:00:00+00:00,7155,47.5,6321,834,2
2024-01-22 22:30:00+00:00,2024-01-23 03:00:00+00:00,16901,4.5,12974,3927,3
2024-01-22 22:30:00+00:00,2024-01-23 04:00:00+00:00,15775,5.5,12541,3234,4
2024-01-22 22:30:00+00:00,2024-01-23 05:00:00+00:00,14388,6.5,12089,2299,5
2024-01-22 22:30:00+00:00,2024-01-23 06:00:00+00:00,13438,7.5,12206,1232,6
2024-01-22 22:30:00+00:00,2024-01-23 07:00:00+00:00,13188,8.5,13002,186,7
2024-01-22 22:30:00+00:00,2024-01-23 08:00:00+00:00,13889,9.5,14101,212,8
2024-01-22 22:30:00+00:00,2024-01-23 09:00:00+00:00,14855,10.5,14526,329,9
2024-01-22 22:30:00+00:00,2024-01-23 10:00:00+00:00,16612,11.5,14552,2060,10
2024-01-22 22:30:00+00:00,2024-01-23 11:00:00+00:00,17983,12.5,0,17983,11
2024-01-22 22:30:00+00:00,2024-01-23 12:00:00+00:00,18686,13.5,12439,6247,12
2024-01-22 22:30:00+00:00,2024-01-23 13:00:00+00:00,19110,14.5,15288,3822,13
2024-01-22 22:30:00+00:00,2024-01-23 14:00:00+00:00,19234,15.5,15721,3513,14
2024-01-22 22:30:00+00:00,2024-01-23 15:00:00+00:00,19460,16.5,15455,4005,15
2024-01-22 22:30:00+00:00,2024-01-23 16:00:00+00:00,19426,17.5,15280,4146,16
2024-01-22 22:30:00+00:00,2024-01-23 17:00:00+00:00,19561,18.5,15232,4329,17
2024-01-22 22:30:00+00:00,2024-01-23 18:00:00+00:00,19432,19.5,15500,3932,18
2024-01-22 22:30:00+00:00,2024-01-23 19:00:00+00:00,19368,20.5,15087,4281,19
2024-01-22 22:30:00+00:00,2024-01-23 20:00:00+00:00,19071,21.5,15140,3931,20
2024-01-22 22:30:00+00:00,2024-01-23 21:00:00+00:00,18758,22.5,14506,4252,21
2024-01-22 22:30:00+00:00,2024-01-23 22:00:00+00:00,18697,23.5,13779,4918,22
2024-01-22 22:30:00+00:00,2024-01-23 23:00:00+00:00,18624,24.5,13784,4840,23
2024-01-22 22:30:00+00:00,2024-01-24 00:00:00+00:00,18601,25.5,13888,4713,0
2024-01-22 22:30:00+00:00,2024-01-24 01:00:00+00:00,18146,26.5,13913,4233,1
2024-01-22 22:30:00+00:00,2024-01-24 02:00:00+00:00,18461,27.5,13586,4875,2
2024-01-22 22:30:00+00:00,2024-01-24 03:00:00+00:00,18410,28.5,13351,5059,3
2024-01-22 22:30:00+00:00,2024-01-24 04:00:00+00:00,18419,29.5,13392,5027,4
2024-01-22 22:30:00+00:00,2024-01-24 05:00:00+00:00,18293,30.5,13320,4973,5
2024-01-22 22:30:00+00:00,2024-01-24 06:00:00+00:00,18426,31.5,13479,4947,6
2024-01-22 22:30:00+00:00,2024-01-24 07:00:00+00:00,18816,32.5,14158,4658,7
2024-01-22 22:30:00+00:00,2024-01-24 08:00:00+00:00,19551,33.5,14406,5145,8
2024-01-22 22:30:00+00:00,2024-01-24 09:00:00+00:00,19517,34.5,14811,4706,9
2024-01-22 22:30:00+00:00,2024-01-24 10:00:00+00:00,18976,35.5,14879,4097,10
2024-01-22 22:30:00+00:00,2024-01-24 11:00:00+00:00,19136,36.5,14882,4254,11
2024-01-22 22:30:00+00:00,2024-01-24 12:00:00+00:00,18984,37.5,14859,4125,12
2024-01-22 22:30:00+00:00,2024-01-24 13:00:00+00:00,18495,38.5,14727,3768,13
2024-01-22 22:30:00+00:00,2024-01-24 14:00:00+00:00,17875,39.5,14200,3675,14
2024-01-22 22:30:00+00:00,2024-01-24 15:00:00+00:00,16879,40.5,14210,2669,15
2024-01-22 22:30:00+00:00,2024-01-24 16:00:00+00:00,15996,41.5,13797,2199,16
2024-01-22 22:30:00+00:00,2024-01-24 17:00:00+00:00,14923,42.5,12907,2016,17
2024-01-22 22:30:00+00:00,2024-01-24 18:00:00+00:00,13676,43.5,12889,787,18
2024-01-22 22:30:00+00:00,2024-01-24 19:00:00+00:00,12777,44.5,11844,933,19
2024-01-22 22:30:00+00:00,2024-01-24 20:00:00+00:00,11843,45.5,11630,213,20
2024-01-22 22:30:00+00:00,2024-01-24 21:00:00+00:00,10918,46.5,10361,557,21
2024-01-22 18:30:00+00:00,2024-01-22 23:00:00+00:00,19199,4.5,15049,4150,23
2024-01-22 18:30:00+00:00,2024-01-23 00:00:00+00:00,18791,5.5,14934,3857,0
2024-01-22 18:30:00+00:00,2024-01-23 01:00:00+00:00,18319,6.5,14541,3778,1
2024-01-22 18:30:00+00:00,2024-01-23 02:00:00+00:00,17743,7.5,13765,3978,2
2024-01-22 18:30:00+00:00,2024-01-23 03:00:00+00:00,16902,8.5,12974,3928,3
2024-01-22 18:30:00+00:00,2024-01-23 04:00:00+00:00,15782,9.5,12541,3241,4
2024-01-22 18:30:00+00:00,2024-01-23 05:00:00+00:00,14393,10.5,12089,2304,5
2024-01-22 18:30:00+00:00,2024-01-23 06:00:00+00:00,13438,11.5,12206,1232,6
2024-01-22 18:30:00+00:00,2024-01-23 07:00:00+00:00,13188,12.5,13002,186,7
2024-01-22 18:30:00+00:00,2024-01-23 08:00:00+00:00,13891,13.5,14101,210,8
2024-01-22 18:30:00+00:00,2024-01-23 09:00:00+00:00,14854,14.5,14526,328,9
2024-01-22 18:30:00+00:00,2024-01-23 10:00:00+00:00,16611,15.5,14552,2059,10
2024-01-22 18:30:00+00:00,2024-01-23 11:00:00+00:00,17983,16.5,0,17983,11
2024-01-22 18:30:00+00:00,2024-01-23 12:00:00+00:00,18686,17.5,12439,6247,12
2024-01-22 18:30:00+00:00,2024-01-23 13:00:00+00:00,19109,18.5,15288,3821,13
2024-01-22 18:30:00+00:00,2024-01-23 14:00:00+00:00,19233,19.5,15721,3512,14
2024-01-22 18:30:00+00:00,2024-01-23 15:00:00+00:00,19459,20.5,15455,4004,15
2024-01-22 18:30:00+00:00,2024-01-23 16:00:00+00:00,19426,21.5,15280,4146,16
2024-01-22 18:30:00+00:00,2024-01-23 17:00:00+00:00,19561,22.5,15232,4329,17
2024-01-22 18:30:00+00:00,2024-01-23 18:00:00+00:00,19432,23.5,15500,3932,18
2024-01-22 18:30:00+00:00,2024-01-23 19:00:00+00:00,19369,24.5,15087,4282,19
2024-01-22 18:30:00+00:00,2024-01-23 20:00:00+00:00,19071,25.5,15140,3931,20
2024-01-22 18:30:00+00:00,2024-01-23 21:00:00+00:00,18757,26.5,14506,4251,21
2024-01-22 18:30:00+00:00,2024-01-23 22:00:00+00:00,18697,27.5,13779,4918,22
2024-01-22 18:30:00+00:00,2024-01-23 23:00:00+00:00,18623,28.5,13784,4839,23
2024-01-22 18:30:00+00:00,2024-01-24 00:00:00+00:00,18600,29.5,13888,4712,0
2024-01-22 18:30:00+00:00,2024-01-24 01:00:00+00:00,18146,30.5,13913,4233,1
2024-01-22 18:30:00+00:00,2024-01-24 02:00:00+00:00,18461,31.5,13586,4875,2
2024-01-22 18:30:00+00:00,2024-01-24 03:00:00+00:00,18409,32.5,13351,5058,3
2024-01-22 18:30:00+00:00,2024-01-24 04:00:00+00:00,18418,33.5,13392,5026,4
2024-01-22 18:30:00+00:00,2024-01-24 05:00:00+00:00,18292,34.5,13320,4972,5
2024-01-22 18:30:00+00:00,2024-01-24 06:00:00+00:00,18426,35.5,13479,4947,6
2024-01-22 18:30:00+00:00,2024-01-24 07:00:00+00:00,18813,36.5,14158,4655,7
2024-01-22 18:30:00+00:00,2024-01-24 08:00:00+00:00,19548,37.5,14406,5142,8
2024-01-22 18:30:00+00:00,2024-01-24 09:00:00+00:00,19516,38.5,14811,4705,9
2024-01-22 18:30:00+00:00,2024-01-24 10:00:00+00:00,18976,39.5,14879,4097,10
2024-01-22 18:30:00+00:00,2024-01-24 11:00:00+00:00,19137,40.5,14882,4255,11
2024-01-22 18:30:00+00:00,2024-01-24 12:00:00+00:00,18986,41.5,14859,4127,12
2024-01-22 18:30:00+00:00,2024-01-24 13:00:00+00:00,18497,42.5,14727,3770,13
2024-01-22 18:30:00+00:00,2024-01-24 14:00:00+00:00,17879,43.5,14200,3679,14
2024-01-22 18:30:00+00:00,2024-01-24 15:00:00+00:00,16884,44.5,14210,2674,15
2024-01-22 18:30:00+00:00,2024-01-24 16:00:00+00:00,16000,45.5,13797,2203,16
2024-01-22 18:30:00+00:00,2024-01-24 17:00:00+00:00,14926,46.5,12907,2019,17
2024-01-22 18:30:00+00:00,2024-01-24 18:00:00+00:00,13676,47.5,12889,787,18
2024-01-22 15:30:00+00:00,2024-01-22 21:00:00+00:00,19563,5.5,15692,3871,21
2024-01-22 15:30:00+00:00,2024-01-22 22:00:00+00:00,19436,6.5,15461,3975,22
2024-01-22 15:30:00+00:00,2024-01-22 23:00:00+00:00,19210,7.5,15049,4161,23
2024-01-22 15:30:00+00:00,2024-01-23 00:00:00+00:00,18815,8.5,14934,3881,0
2024-01-22 15:30:00+00:00,2024-01-23 01:00:00+00:00,18403,9.5,14541,3862,1
2024-01-22 15:30:00+00:00,2024-01-23 02:00:00+00:00,17831,10.5,13765,4066,2
2024-01-22 15:30:00+00:00,2024-01-23 03:00:00+00:00,17034,11.5,12974,4060,3
2024-01-22 15:30:00+00:00,2024-01-23 04:00:00+00:00,15952,12.5,12541,3411,4
2024-01-22 15:30:00+00:00,2024-01-23 05:00:00+00:00,14372,13.5,12089,2283,5
2024-01-22 15:30:00+00:00,2024-01-23 06:00:00+00:00,13342,14.5,12206,1136,6
2024-01-22 15:30:00+00:00,2024-01-23 07:00:00+00:00,13049,15.5,13002,47,7
2024-01-22 15:30:00+00:00,2024-01-23 08:00:00+00:00,13632,16.5,14101,469,8
2024-01-22 15:30:00+00:00,2024-01-23 09:00:00+00:00,14647,17.5,14526,121,9
2024-01-22 15:30:00+00:00,2024-01-23 10:00:00+00:00,16353,18.5,14552,1801,10
2024-01-22 15:30:00+00:00,2024-01-23 11:00:00+00:00,17736,19.5,0,17736,11
2024-01-22 15:30:00+00:00,2024-01-23 12:00:00+00:00,18582,20.5,12439,6143,12
2024-01-22 15:30:00+00:00,2024-01-23 13:00:00+00:00,19052,21.5,15288,3764,13
2024-01-22 15:30:00+00:00,2024-01-23 14:00:00+00:00,19235,22.5,15721,3514,14
2024-01-22 15:30:00+00:00,2024-01-23 15:00:00+00:00,19433,23.5,15455,3978,15
2024-01-22 15:30:00+00:00,2024-01-23 16:00:00+00:00,19440,24.5,15280,4160,16
2024-01-22 15:30:00+00:00,2024-01-23 17:00:00+00:00,19558,25.5,15232,4326,17
2024-01-22 15:30:00+00:00,2024-01-23 18:00:00+00:00,19310,26.5,15500,3810,18
2024-01-22 15:30:00+00:00,2024-01-23 19:00:00+00:00,19136,27.5,15087,4049,19
2024-01-22 15:30:00+00:00,2024-01-23 20:00:00+00:00,19073,28.5,15140,3933,20
2024-01-22 15:30:00+00:00,2024-01-23 21:00:00+00:00,18765,29.5,14506,4259,21
2024-01-22 15:30:00+00:00,2024-01-23 22:00:00+00:00,18552,30.5,13779,4773,22
2024-01-22 15:30:00+00:00,2024-01-23 23:00:00+00:00,18562,31.5,13784,4778,23
2024-01-22 15:30:00+00:00,2024-01-24 00:00:00+00:00,18407,32.5,13888,4519,0
2024-01-22 15:30:00+00:00,2024-01-24 01:00:00+00:00,18462,33.5,13913,4549,1
2024-01-22 15:30:00+00:00,2024-01-24 02:00:00+00:00,18409,34.5,13586,4823,2
2024-01-22 15:30:00+00:00,2024-01-24 03:00:00+00:00,18450,35.5,13351,5099,3
2024-01-22 15:30:00+00:00,2024-01-24 04:00:00+00:00,18223,36.5,13392,4831,4
2024-01-22 15:30:00+00:00,2024-01-24 05:00:00+00:00,18131,37.5,13320,4811,5
2024-01-22 15:30:00+00:00,2024-01-24 06:00:00+00:00,18174,38.5,13479,4695,6
2024-01-22 15:30:00+00:00,2024-01-24 07:00:00+00:00,18450,39.5,14158,4292,7
2024-01-22 15:30:00+00:00,2024-01-24 08:00:00+00:00,18380,40.5,14406,3974,8
2024-01-22 15:30:00+00:00,2024-01-24 09:00:00+00:00,18369,41.5,14811,3558,9
2024-01-22 15:30:00+00:00,2024-01-24 10:00:00+00:00,18660,42.5,14879,3781,10
2024-01-22 15:30:00+00:00,2024-01-24 11:00:00+00:00,19062,43.5,14882,4180,11
2024-01-22 15:30:00+00:00,2024-01-24 12:00:00+00:00,19137,44.5,14859,4278,12
2024-01-22 15:30:00+00:00,2024-01-24 13:00:00+00:00,18736,45.5,14727,4009,13
2024-01-22 15:30:00+00:00,2024-01-24 14:00:00+00:00,18145,46.5,14200,3945,14
2024-01-22 15:30:00+00:00,2024-01-24 15:00:00+00:00,17277,47.5,14210,3067,15
2024-01-22 11:30:00+00:00,2024-01-22 21:00:00+00:00,19484,9.5,15692,3792,21
2024-01-22 11:30:00+00:00,2024-01-22 22:00:00+00:00,19351,10.5,15461,3890,22
2024-01-22 11:30:00+00:00,2024-01-22 23:00:00+00:00,19129,11.5,15049,4080,23
2024-01-22 11:30:00+00:00,2024-01-23 00:00:00+00:00,18741,12.5,14934,3807,0
2024-01-22 11:30:00+00:00,2024-01-23 01:00:00+00:00,18332,13.5,14541,3791,1
2024-01-22 11:30:00+00:00,2024-01-23 02:00:00+00:00,17805,14.5,13765,4040,2
2024-01-22 11:30:00+00:00,2024-01-23 03:00:00+00:00,17143,15.5,12974,4169,3
2024-01-22 11:30:00+00:00,2024-01-23 04:00:00+00:00,16019,16.5,12541,3478,4
2024-01-22 11:30:00+00:00,2024-01-23 05:00:00+00:00,14436,17.5,12089,2347,5
2024-01-22 11:30:00+00:00,2024-01-23 06:00:00+00:00,13404,18.5,12206,1198,6
2024-01-22 11:30:00+00:00,2024-01-23 07:00:00+00:00,13056,19.5,13002,54,7
2024-01-22 11:30:00+00:00,2024-01-23 08:00:00+00:00,13607,20.5,14101,494,8
2024-01-22 11:30:00+00:00,2024-01-23 09:00:00+00:00,14625,21.5,14526,99,9
2024-01-22 11:30:00+00:00,2024-01-23 10:00:00+00:00,16398,22.5,14552,1846,10
2024-01-22 11:30:00+00:00,2024-01-23 11:00:00+00:00,17826,23.5,0,17826,11
2024-01-22 11:30:00+00:00,2024-01-23 12:00:00+00:00,18575,24.5,12439,6136,12
2024-01-22 11:30:00+00:00,2024-01-23 13:00:00+00:00,19026,25.5,15288,3738,13
2024-01-22 11:30:00+00:00,2024-01-23 14:00:00+00:00,19259,26.5,15721,3538,14
2024-01-22 11:30:00+00:00,2024-01-23 15:00:00+00:00,19353,27.5,15455,3898,15
2024-01-22 11:30:00+00:00,2024-01-23 16:00:00+00:00,19390,28.5,15280,4110,16
2024-01-22 11:30:00+00:00,2024-01-23 17:00:00+00:00,19493,29.5,15232,4261,17
2024-01-22 11:30:00+00:00,2024-01-23 18:00:00+00:00,19547,30.5,15500,4047,18
2024-01-22 11:30:00+00:00,2024-01-23 19:00:00+00:00,19201,31.5,15087,4114,19
2024-01-22 11:30:00+00:00,2024-01-23 20:00:00+00:00,18927,32.5,15140,3787,20
2024-01-22 11:30:00+00:00,2024-01-23 21:00:00+00:00,18754,33.5,14506,4248,21
2024-01-22 11:30:00+00:00,2024-01-23 22:00:00+00:00,18112,34.5,13779,4333,22
2024-01-22 11:30:00+00:00,2024-01-23 23:00:00+00:00,18217,35.5,13784,4433,23
2024-01-22 11:30:00+00:00,2024-01-24 00:00:00+00:00,18242,36.5,13888,4354,0
2024-01-22 11:30:00+00:00,2024-01-24 01:00:00+00:00,18249,37.5,13913,4336,1
2024-01-22 11:30:00+00:00,2024-01-24 02:00:00+00:00,18253,38.5,13586,4667,2
2024-01-22 11:30:00+00:00,2024-01-24 03:00:00+00:00,18355,39.5,13351,5004,3
2024-01-22 11:30:00+00:00,2024-01-24 04:00:00+00:00,18268,40.5,13392,4876,4
2024-01-22 11:30:00+00:00,2024-01-24 05:00:00+00:00,18232,41.5,13320,4912,5
2024-01-22 11:30:00+00:00,2024-01-24 06:00:00+00:00,18172,42.5,13479,4693,6
2024-01-22 11:30:00+00:00,2024-01-24 07:00:00+00:00,18452,43.5,14158,4294,7
2024-01-22 11:30:00+00:00,2024-01-24 08:00:00+00:00,18389,44.5,14406,3983,8
2024-01-22 11:30:00+00:00,2024-01-24 09:00:00+00:00,18365,45.5,14811,3554,9
2024-01-22 11:30:00+00:00,2024-01-24 10:00:00+00:00,18780,46.5,14879,3901,10
2024-01-22 11:30:00+00:00,2024-01-24 11:00:00+00:00,19103,47.5,14882,4221,11
2024-01-22 09:30:00+00:00,2024-01-22 21:00:00+00:00,19480,11.5,15692,3788,21
2024-01-22 09:30:00+00:00,2024-01-22 22:00:00+00:00,19350,12.5,15461,3889,22
2024-01-22 09:30:00+00:00,2024-01-22 23:00:00+00:00,19130,13.5,15049,4081,23
2024-01-22 09:30:00+00:00,2024-01-23 00:00:00+00:00,18756,14.5,14934,3822,0
2024-01-22 09:30:00+00:00,2024-01-23 01:00:00+00:00,18356,15.5,14541,3815,1
2024-01-22 09:30:00+00:00,2024-01-23 02:00:00+00:00,17823,16.5,13765,4058,2
2024-01-22 09:30:00+00:00,2024-01-23 03:00:00+00:00,17149,17.5,12974,4175,3
2024-01-22 09:30:00+00:00,2024-01-23 04:00:00+00:00,16022,18.5,12541,3481,4
2024-01-22 09:30:00+00:00,2024-01-23 05:00:00+00:00,14436,19.5,12089,2347,5
2024-01-22 09:30:00+00:00,2024-01-23 06:00:00+00:00,13422,20.5,12206,1216,6
2024-01-22 09:30:00+00:00,2024-01-23 07:00:00+00:00,13057,21.5,13002,55,7
2024-01-22 09:30:00+00:00,2024-01-23 08:00:00+00:00,13625,22.5,14101,476,8
2024-01-22 09:30:00+00:00,2024-01-23 09:00:00+00:00,14660,23.5,14526,134,9
2024-01-22 09:30:00+00:00,2024-01-23 10:00:00+00:00,16403,24.5,14552,1851,10
2024-01-22 09:30:00+00:00,2024-01-23 11:00:00+00:00,17826,25.5,0,17826,11
2024-01-22 09:30:00+00:00,2024-01-23 12:00:00+00:00,18576,26.5,12439,6137,12
2024-01-22 09:30:00+00:00,2024-01-23 13:00:00+00:00,19026,27.5,15288,3738,13
2024-01-22 09:30:00+00:00,2024-01-23 14:00:00+00:00,19259,28.5,15721,3538,14
2024-01-22 09:30:00+00:00,2024-01-23 15:00:00+00:00,19353,29.5,15455,3898,15
2024-01-22 09:30:00+00:00,2024-01-23 16:00:00+00:00,19390,30.5,15280,4110,16
2024-01-22 09:30:00+00:00,2024-01-23 17:00:00+00:00,19493,31.5,15232,4261,17
2024-01-22 09:30:00+00:00,2024-01-23 18:00:00+00:00,19546,32.5,15500,4046,18
2024-01-22 09:30:00+00:00,2024-01-23 19:00:00+00:00,19200,33.5,15087,4113,19
2024-01-22 09:30:00+00:00,2024-01-23 20:00:00+00:00,18927,34.5,15140,3787,20
2024-01-22 09:30:00+00:00,2024-01-23 21:00:00+00:00,18755,35.5,14506,4249,21
2024-01-22 09:30:00+00:00,2024-01-23 22:00:00+00:00,18113,36.5,13779,4334,22
2024-01-22 09:30:00+00:00,2024-01-23 23:00:00+00:00,18218,37.5,13784,4434,23
2024-01-22 09:30:00+00:00,2024-01-24 00:00:00+00:00,18242,38.5,13888,4354,0
2024-01-22 09:30:00+00:00,2024-01-24 01:00:00+00:00,18252,39.5,13913,4339,1
2024-01-22 09:30:00+00:00,2024-01-24 02:00:00+00:00,18259,40.5,13586,4673,2
2024-01-22 09:30:00+00:00,2024-01-24 03:00:00+00:00,18359,41.5,13351,5008,3
2024-01-22 09:30:00+00:00,2024-01-24 04:00:00+00:00,18271,42.5,13392,4879,4
2024-01-22 09:30:00+00:00,2024-01-24 05:00:00+00:00,18234,43.5,13320,4914,5
2024-01-22 09:30:00+00:00,2024-01-24 06:00:00+00:00,18172,44.5,13479,4693,6
2024-01-22 09:30:00+00:00,2024-01-24 07:00:00+00:00,18452,45.5,14158,4294,7
2024-01-22 09:30:00+00:00,2024-01-24 08:00:00+00:00,18390,46.5,14406,3984,8
2024-01-22 09:30:00+00:00,2024-01-24 09:00:00+00:00,18366,47.5,14811,3555,9
2024-01-22 07:30:00+00:00,2024-01-22 21:00:00+00:00,19480,13.5,15692,3788,21
2024-01-22 07:30:00+00:00,2024-01-22 22:00:00+00:00,19348,14.5,15461,3887,22
2024-01-22 07:30:00+00:00,2024-01-22 23:00:00+00:00,19127,15.5,15049,4078,23
2024-01-22 07:30:00+00:00,2024-01-23 00:00:00+00:00,18749,16.5,14934,3815,0
2024-01-22 07:30:00+00:00,2024-01-23 01:00:00+00:00,18350,17.5,14541,3809,1
2024-01-22 07:30:00+00:00,2024-01-23 02:00:00+00:00,17821,18.5,13765,4056,2
2024-01-22 07:30:00+00:00,2024-01-23 03:00:00+00:00,17150,19.5,12974,4176,3
2024-01-22 07:30:00+00:00,2024-01-23 04:00:00+00:00,16024,20.5,12541,3483,4
2024-01-22 07:30:00+00:00,2024-01-23 05:00:00+00:00,14436,21.5,12089,2347,5
2024-01-22 07:30:00+00:00,2024-01-23 06:00:00+00:00,13423,22.5,12206,1217,6
2024-01-22 07:30:00+00:00,2024-01-23 07:00:00+00:00,13051,23.5,13002,49,7
2024-01-22 07:30:00+00:00,2024-01-23 08:00:00+00:00,13617,24.5,14101,484,8
2024-01-22 07:30:00+00:00,2024-01-23 09:00:00+00:00,14657,25.5,14526,131,9
2024-01-22 07:30:00+00:00,2024-01-23 10:00:00+00:00,16401,26.5,14552,1849,10
2024-01-22 07:30:00+00:00,2024-01-23 11:00:00+00:00,17825,27.5,0,17825,11
2024-01-22 07:30:00+00:00,2024-01-23 12:00:00+00:00,18576,28.5,12439,6137,12
2024-01-22 07:30:00+00:00,2024-01-23 13:00:00+00:00,19025,29.5,15288,3737,13
2024-01-22 07:30:00+00:00,2024-01-23 14:00:00+00:00,19258,30.5,15721,3537,14
2024-01-22 07:30:00+00:00,2024-01-23 15:00:00+00:00,19353,31.5,15455,3898,15
2024-01-22 07:30:00+00:00,2024-01-23 16:00:00+00:00,19390,32.5,15280,4110,16
2024-01-22 07:30:00+00:00,2024-01-23 17:00:00+00:00,19493,33.5,15232,4261,17
2024-01-22 07:30:00+00:00,2024-01-23 18:00:00+00:00,19546,34.5,15500,4046,18
2024-01-22 07:30:00+00:00,2024-01-23 19:00:00+00:00,19200,35.5,15087,4113,19
2024-01-22 07:30:00+00:00,2024-01-23 20:00:00+00:00,18926,36.5,15140,3786,20
2024-01-22 07:30:00+00:00,2024-01-23 21:00:00+00:00,18755,37.5,14506,4249,21
2024-01-22 07:30:00+00:00,2024-01-23 22:00:00+00:00,18113,38.5,13779,4334,22
2024-01-22 07:30:00+00:00,2024-01-23 23:00:00+00:00,18218,39.5,13784,4434,23
2024-01-22 07:30:00+00:00,2024-01-24 00:00:00+00:00,18242,40.5,13888,4354,0
2024-01-22 07:30:00+00:00,2024-01-24 01:00:00+00:00,18252,41.5,13913,4339,1
2024-01-22 07:30:00+00:00,2024-01-24 02:00:00+00:00,18259,42.5,13586,4673,2
2024-01-22 07:30:00+00:00,2024-01-24 03:00:00+00:00,18359,43.5,13351,5008,3
2024-01-22 07:30:00+00:00,2024-01-24 04:00:00+00:00,18271,44.5,13392,4879,4
2024-01-22 07:30:00+00:00,2024-01-24 05:00:00+00:00,18234,45.5,13320,4914,5
2024-01-22 07:30:00+00:00,2024-01-24 06:00:00+00:00,18173,46.5,13479,4694,6
2024-01-22 07:30:00+00:00,2024-01-24 07:00:00+00:00,18453,47.5,14158,4295,7
2024-01-22 04:30:00+00:00,2024-01-22 21:00:00+00:00,19457,16.5,15692,3765,21
2024-01-22 04:30:00+00:00,2024-01-22 22:00:00+00:00,19297,17.5,15461,3836,22
2024-01-22 04:30:00+00:00,2024-01-22 23:00:00+00:00,19060,18.5,15049,4011,23
2024-01-22 04:30:00+00:00,2024-01-23 00:00:00+00:00,18745,19.5,14934,3811,0
2024-01-22 04:30:00+00:00,2024-01-23 01:00:00+00:00,18226,20.5,14541,3685,1
2024-01-22 04:30:00+00:00,2024-01-23 02:00:00+00:00,17747,21.5,13765,3982,2
2024-01-22 04:30:00+00:00,2024-01-23 03:00:00+00:00,17126,22.5,12974,4152,3
2024-01-22 04:30:00+00:00,2024-01-23 04:00:00+00:00,16035,23.5,12541,3494,4
2024-01-22 04:30:00+00:00,2024-01-23 05:00:00+00:00,14522,24.5,12089,2433,5
2024-01-22 04:30:00+00:00,2024-01-23 06:00:00+00:00,13745,25.5,12206,1539,6
2024-01-22 04:30:00+00:00,2024-01-23 07:00:00+00:00,13411,26.5,13002,409,7
2024-01-22 04:30:00+00:00,2024-01-23 08:00:00+00:00,14027,27.5,14101,74,8
2024-01-22 04:30:00+00:00,2024-01-23 09:00:00+00:00,15087,28.5,14526,561,9
2024-01-22 04:30:00+00:00,2024-01-23 10:00:00+00:00,16748,29.5,14552,2196,10
2024-01-22 04:30:00+00:00,2024-01-23 11:00:00+00:00,18061,30.5,0,18061,11
2024-01-22 04:30:00+00:00,2024-01-23 12:00:00+00:00,18763,31.5,12439,6324,12
2024-01-22 04:30:00+00:00,2024-01-23 13:00:00+00:00,19115,32.5,15288,3827,13
2024-01-22 04:30:00+00:00,2024-01-23 14:00:00+00:00,19248,33.5,15721,3527,14
2024-01-22 04:30:00+00:00,2024-01-23 15:00:00+00:00,19363,34.5,15455,3908,15
2024-01-22 04:30:00+00:00,2024-01-23 16:00:00+00:00,18931,35.5,15280,3651,16
2024-01-22 04:30:00+00:00,2024-01-23 17:00:00+00:00,18939,36.5,15232,3707,17
2024-01-22 04:30:00+00:00,2024-01-23 18:00:00+00:00,18746,37.5,15500,3246,18
2024-01-22 04:30:00+00:00,2024-01-23 19:00:00+00:00,18692,38.5,15087,3605,19
2024-01-22 04:30:00+00:00,2024-01-23 20:00:00+00:00,18468,39.5,15140,3328,20
2024-01-22 04:30:00+00:00,2024-01-23 21:00:00+00:00,18227,40.5,14506,3721,21
2024-01-22 04:30:00+00:00,2024-01-23 22:00:00+00:00,18097,41.5,13779,4318,22
2024-01-22 04:30:00+00:00,2024-01-23 23:00:00+00:00,18102,42.5,13784,4318,23
2024-01-22 04:30:00+00:00,2024-01-24 00:00:00+00:00,18227,43.5,13888,4339,0
2024-01-22 04:30:00+00:00,2024-01-24 01:00:00+00:00,18239,44.5,13913,4326,1
2024-01-22 04:30:00+00:00,2024-01-24 02:00:00+00:00,18345,45.5,13586,4759,2
2024-01-22 04:30:00+00:00,2024-01-24 03:00:00+00:00,18349,46.5,13351,4998,3
2024-01-22 04:30:00+00:00,2024-01-24 04:00:00+00:00,18356,47.5,13392,4964,4
2024-01-22 02:30:00+00:00,2024-01-22 21:00:00+00:00,19446,18.5,15692,3754,21
2024-01-22 02:30:00+00:00,2024-01-22 22:00:00+00:00,19274,19.5,15461,3813,22
2024-01-22 02:30:00+00:00,2024-01-22 23:00:00+00:00,19028,20.5,15049,3979,23
2024-01-22 02:30:00+00:00,2024-01-23 00:00:00+00:00,18707,21.5,14934,3773,0
2024-01-22 02:30:00+00:00,2024-01-23 01:00:00+00:00,18234,22.5,14541,3693,1
2024-01-22 02:30:00+00:00,2024-01-23 02:00:00+00:00,17749,23.5,13765,3984,2
2024-01-22 02:30:00+00:00,2024-01-23 03:00:00+00:00,17123,24.5,12974,4149,3
2024-01-22 02:30:00+00:00,2024-01-23 04:00:00+00:00,16035,25.5,12541,3494,4
2024-01-22 02:30:00+00:00,2024-01-23 05:00:00+00:00,14522,26.5,12089,2433,5
2024-01-22 02:30:00+00:00,2024-01-23 06:00:00+00:00,13741,27.5,12206,1535,6
2024-01-22 02:30:00+00:00,2024-01-23 07:00:00+00:00,13408,28.5,13002,406,7
2024-01-22 02:30:00+00:00,2024-01-23 08:00:00+00:00,14025,29.5,14101,76,8
2024-01-22 02:30:00+00:00,2024-01-23 09:00:00+00:00,15092,30.5,14526,566,9
2024-01-22 02:30:00+00:00,2024-01-23 10:00:00+00:00,16748,31.5,14552,2196,10
2024-01-22 02:30:00+00:00,2024-01-23 11:00:00+00:00,18061,32.5,0,18061,11
2024-01-22 02:30:00+00:00,2024-01-23 12:00:00+00:00,18762,33.5,12439,6323,12
2024-01-22 02:30:00+00:00,2024-01-23 13:00:00+00:00,19115,34.5,15288,3827,13
2024-01-22 02:30:00+00:00,2024-01-23 14:00:00+00:00,19248,35.5,15721,3527,14
2024-01-22 02:30:00+00:00,2024-01-23 15:00:00+00:00,19362,36.5,15455,3907,15
2024-01-22 02:30:00+00:00,2024-01-23 16:00:00+00:00,18930,37.5,15280,3650,16
2024-01-22 02:30:00+00:00,2024-01-23 17:00:00+00:00,18937,38.5,15232,3705,17
2024-01-22 02:30:00+00:00,2024-01-23 18:00:00+00:00,18744,39.5,15500,3244,18
2024-01-22 02:30:00+00:00,2024-01-23 19:00:00+00:00,18691,40.5,15087,3604,19
2024-01-22 02:30:00+00:00,2024-01-23 20:00:00+00:00,18467,41.5,15140,3327,20
2024-01-22 02:30:00+00:00,2024-01-23 21:00:00+00:00,18225,42.5,14506,3719,21
2024-01-22 02:30:00+00:00,2024-01-23 22:00:00+00:00,18096,43.5,13779,4317,22
2024-01-22 02:30:00+00:00,2024-01-23 23:00:00+00:00,18101,44.5,13784,4317,23
2024-01-22 02:30:00+00:00,2024-01-24 00:00:00+00:00,18227,45.5,13888,4339,0
2024-01-22 02:30:00+00:00,2024-01-24 01:00:00+00:00,18239,46.5,13913,4326,1
2024-01-22 02:30:00+00:00,2024-01-24 02:00:00+00:00,18345,47.5,13586,4759,2
2024-01-21 22:30:00+00:00,2024-01-22 03:00:00+00:00,18510,4.5,10235,8275,3
2024-01-21 22:30:00+00:00,2024-01-22 04:00:00+00:00,19002,5.5,11196,7806,4
2024-01-21 22:30:00+00:00,2024-01-22 05:00:00+00:00,19646,6.5,11531,8115,5
2024-01-21 22:30:00+00:00,2024-01-22 06:00:00+00:00,19717,7.5,12139,7578,6
2024-01-21 22:30:00+00:00,2024-01-22 07:00:00+00:00,19779,8.5,13423,6356,7
2024-01-21 22:30:00+00:00,2024-01-22 08:00:00+00:00,19716,9.5,14698,5018,8
2024-01-21 22:30:00+00:00,2024-01-22 09:00:00+00:00,19665,10.5,14969,4696,9
2024-01-21 22:30:00+00:00,2024-01-22 10:00:00+00:00,19669,11.5,15231,4438,10
2024-01-21 22:30:00+00:00,2024-01-22 11:00:00+00:00,19689,12.5,15408,4281,11
2024-01-21 22:30:00+00:00,2024-01-22 12:00:00+00:00,19701,13.5,15341,4360,12
2024-01-21 22:30:00+00:00,2024-01-22 13:00:00+00:00,19674,14.5,15638,4036,13
2024-01-21 22:30:00+00:00,2024-01-22 14:00:00+00:00,19631,15.5,16018,3613,14
2024-01-21 22:30:00+00:00,2024-01-22 15:00:00+00:00,19606,16.5,15682,3924,15
2024-01-21 22:30:00+00:00,2024-01-22 16:00:00+00:00,19571,17.5,15877,3694,16
2024-01-21 22:30:00+00:00,2024-01-22 17:00:00+00:00,19564,18.5,15743,3821,17
2024-01-21 22:30:00+00:00,2024-01-22 18:00:00+00:00,19536,19.5,15855,3681,18
2024-01-21 22:30:00+00:00,2024-01-22 19:00:00+00:00,19515,20.5,15798,3717,19
2024-01-21 22:30:00+00:00,2024-01-22 20:00:00+00:00,19533,21.5,15742,3791,20
2024-01-21 22:30:00+00:00,2024-01-22 21:00:00+00:00,19456,22.5,15692,3764,21
2024-01-21 22:30:00+00:00,2024-01-22 22:00:00+00:00,19223,23.5,15461,3762,22
2024-01-21 22:30:00+00:00,2024-01-22 23:00:00+00:00,18994,24.5,15049,3945,23
2024-01-21 22:30:00+00:00,2024-01-23 00:00:00+00:00,18683,25.5,14934,3749,0
2024-01-21 22:30:00+00:00,2024-01-23 01:00:00+00:00,18178,26.5,14541,3637,1
2024-01-21 22:30:00+00:00,2024-01-23 02:00:00+00:00,17667,27.5,13765,3902,2
2024-01-21 22:30:00+00:00,2024-01-23 03:00:00+00:00,17001,28.5,12974,4027,3
2024-01-21 22:30:00+00:00,2024-01-23 04:00:00+00:00,16050,29.5,12541,3509,4
2024-01-21 22:30:00+00:00,2024-01-23 05:00:00+00:00,14589,30.5,12089,2500,5
2024-01-21 22:30:00+00:00,2024-01-23 06:00:00+00:00,13697,31.5,12206,1491,6
2024-01-21 22:30:00+00:00,2024-01-23 07:00:00+00:00,13715,32.5,13002,713,7
2024-01-21 22:30:00+00:00,2024-01-23 08:00:00+00:00,14367,33.5,14101,266,8
2024-01-21 22:30:00+00:00,2024-01-23 09:00:00+00:00,15499,34.5,14526,973,9
2024-01-21 22:30:00+00:00,2024-01-23 10:00:00+00:00,16800,35.5,14552,2248,10
2024-01-21 22:30:00+00:00,2024-01-23 11:00:00+00:00,17848,36.5,0,17848,11
2024-01-21 22:30:00+00:00,2024-01-23 12:00:00+00:00,18444,37.5,12439,6005,12
2024-01-21 22:30:00+00:00,2024-01-23 13:00:00+00:00,18727,38.5,15288,3439,13
2024-01-21 22:30:00+00:00,2024-01-23 14:00:00+00:00,18898,39.5,15721,3177,14
2024-01-21 22:30:00+00:00,2024-01-23 15:00:00+00:00,19004,40.5,15455,3549,15
2024-01-21 22:30:00+00:00,2024-01-23 16:00:00+00:00,18975,41.5,15280,3695,16
2024-01-21 22:30:00+00:00,2024-01-23 17:00:00+00:00,18942,42.5,15232,3710,17
2024-01-21 22:30:00+00:00,2024-01-23 18:00:00+00:00,18878,43.5,15500,3378,18
2024-01-21 22:30:00+00:00,2024-01-23 19:00:00+00:00,18927,44.5,15087,3840,19
2024-01-21 22:30:00+00:00,2024-01-23 20:00:00+00:00,18491,45.5,15140,3351,20
2024-01-21 22:30:00+00:00,2024-01-23 21:00:00+00:00,18372,46.5,14506,3866,21
2024-01-21 18:30:00+00:00,2024-01-21 23:00:00+00:00,12374,4.5,8493,3881,23
2024-01-21 18:30:00+00:00,2024-01-22 00:00:00+00:00,12256,5.5,8662,3594,0
2024-01-21 18:30:00+00:00,2024-01-22 01:00:00+00:00,12891,6.5,8121,4770,1
2024-01-21 18:30:00+00:00,2024-01-22 02:00:00+00:00,17325,7.5,8638,8687,2
2024-01-21 18:30:00+00:00,2024-01-22 03:00:00+00:00,18511,8.5,10235,8276,3
2024-01-21 18:30:00+00:00,2024-01-22 04:00:00+00:00,19003,9.5,11196,7807,4
2024-01-21 18:30:00+00:00,2024-01-22 05:00:00+00:00,19646,10.5,11531,8115,5
2024-01-21 18:30:00+00:00,2024-01-22 06:00:00+00:00,19719,11.5,12139,7580,6
2024-01-21 18:30:00+00:00,2024-01-22 07:00:00+00:00,19779,12.5,13423,6356,7
2024-01-21 18:30:00+00:00,2024-01-22 08:00:00+00:00,19716,13.5,14698,5018,8
2024-01-21 18:30:00+00:00,2024-01-22 09:00:00+00:00,19665,14.5,14969,4696,9
2024-01-21 18:30:00+00:00,2024-01-22 10:00:00+00:00,19669,15.5,15231,4438,10
2024-01-21 18:30:00+00:00,2024-01-22 11:00:00+00:00,19689,16.5,15408,4281,11
2024-01-21 18:30:00+00:00,2024-01-22 12:00:00+00:00,19701,17.5,15341,4360,12
2024-01-21 18:30:00+00:00,2024-01-22 13:00:00+00:00,19673,18.5,15638,4035,13
2024-01-21 18:30:00+00:00,2024-01-22 14:00:00+00:00,19631,19.5,16018,3613,14
2024-01-21 18:30:00+00:00,2024-01-22 15:00:00+00:00,19606,20.5,15682,3924,15
2024-01-21 18:30:00+00:00,2024-01-22 16:00:00+00:00,19571,21.5,15877,3694,16
2024-01-21 18:30:00+00:00,2024-01-22 17:00:00+00:00,19564,22.5,15743,3821,17
2024-01-21 18:30:00+00:00,2024-01-22 18:00:00+00:00,19536,23.5,15855,3681,18
2024-01-21 18:30:00+00:00,2024-01-22 19:00:00+00:00,19514,24.5,15798,3716,19
2024-01-21 18:30:00+00:00,2024-01-22 20:00:00+00:00,19531,25.5,15742,3789,20
2024-01-21 18:30:00+00:00,2024-01-22 21:00:00+00:00,19455,26.5,15692,3763,21
2024-01-21 18:30:00+00:00,2024-01-22 22:00:00+00:00,19219,27.5,15461,3758,22
2024-01-21 18:30:00+00:00,2024-01-22 23:00:00+00:00,18988,28.5,15049,3939,23
2024-01-21 18:30:00+00:00,2024-01-23 00:00:00+00:00,18692,29.5,14934,3758,0
2024-01-21 18:30:00+00:00,2024-01-23 01:00:00+00:00,18175,30.5,14541,3634,1
2024-01-21 18:30:00+00:00,2024-01-23 02:00:00+00:00,17663,31.5,13765,3898,2
2024-01-21 18:30:00+00:00,2024-01-23 03:00:00+00:00,17000,32.5,12974,4026,3
2024-01-21 18:30:00+00:00,2024-01-23 04:00:00+00:00,16049,33.5,12541,3508,4
2024-01-21 18:30:00+00:00,2024-01-23 05:00:00+00:00,14589,34.5,12089,2500,5
2024-01-21 18:30:00+00:00,2024-01-23 06:00:00+00:00,13704,35.5,12206,1498,6
2024-01-21 18:30:00+00:00,2024-01-23 07:00:00+00:00,13714,36.5,13002,712,7
2024-01-21 18:30:00+00:00,2024-01-23 08:00:00+00:00,14372,37.5,14101,271,8
2024-01-21 18:30:00+00:00,2024-01-23 09:00:00+00:00,15499,38.5,14526,973,9
2024-01-21 18:30:00+00:00,2024-01-23 10:00:00+00:00,16801,39.5,14552,2249,10
2024-01-21 18:30:00+00:00,2024-01-23 11:00:00+00:00,17848,40.5,0,17848,11
2024-01-21 18:30:00+00:00,2024-01-23 12:00:00+00:00,18445,41.5,12439,6006,12
2024-01-21 18:30:00+00:00,2024-01-23 13:00:00+00:00,18728,42.5,15288,3440,13
2024-01-21 18:30:00+00:00,2024-01-23 14:00:00+00:00,18898,43.5,15721,3177,14
2024-01-21 18:30:00+00:00,2024-01-23 15:00:00+00:00,19005,44.5,15455,3550,15
2024-01-21 18:30:00+00:00,2024-01-23 16:00:00+00:00,18974,45.5,15280,3694,16
2024-01-21 18:30:00+00:00,2024-01-23 17:00:00+00:00,18942,46.5,15232,3710,17
2024-01-21 18:30:00+00:00,2024-01-23 18:00:00+00:00,18877,47.5,15500,3377,18
2024-01-21 15:30:00+00:00,2024-01-21 21:00:00+00:00,14329,5.5,9112,5217,21
2024-01-21 15:30:00+00:00,2024-01-21 22:00:00+00:00,13950,6.5,8108,5842,22
2024-01-21 15:30:00+00:00,2024-01-21 23:00:00+00:00,12535,7.5,8493,4042,23
2024-01-21 15:30:00+00:00,2024-01-22 00:00:00+00:00,12433,8.5,8662,3771,0
2024-01-21 15:30:00+00:00,2024-01-22 01:00:00+00:00,12505,9.5,8121,4384,1
2024-01-21 15:30:00+00:00,2024-01-22 02:00:00+00:00,16952,10.5,8638,8314,2
2024-01-21 15:30:00+00:00,2024-01-22 03:00:00+00:00,17992,11.5,10235,7757,3
2024-01-21 15:30:00+00:00,2024-01-22 04:00:00+00:00,18494,12.5,11196,7298,4
2024-01-21 15:30:00+00:00,2024-01-22 05:00:00+00:00,19041,13.5,11531,7510,5
2024-01-21 15:30:00+00:00,2024-01-22 06:00:00+00:00,19628,14.5,12139,7489,6
2024-01-21 15:30:00+00:00,2024-01-22 07:00:00+00:00,19818,15.5,13423,6395,7
2024-01-21 15:30:00+00:00,2024-01-22 08:00:00+00:00,19790,16.5,14698,5092,8
2024-01-21 15:30:00+00:00,2024-01-22 09:00:00+00:00,19706,17.5,14969,4737,9
2024-01-21 15:30:00+00:00,2024-01-22 10:00:00+00:00,19725,18.5,15231,4494,10
2024-01-21 15:30:00+00:00,2024-01-22 11:00:00+00:00,19753,19.5,15408,4345,11
2024-01-21 15:30:00+00:00,2024-01-22 12:00:00+00:00,19734,20.5,15341,4393,12
2024-01-21 15:30:00+00:00,2024-01-22 13:00:00+00:00,19678,21.5,15638,4040,13
2024-01-21 15:30:00+00:00,2024-01-22 14:00:00+00:00,19720,22.5,16018,3702,14
2024-01-21 15:30:00+00:00,2024-01-22 15:00:00+00:00,19683,23.5,15682,4001,15
2024-01-21 15:30:00+00:00,2024-01-22 16:00:00+00:00,19636,24.5,15877,3759,16
2024-01-21 15:30:00+00:00,2024-01-22 17:00:00+00:00,19641,25.5,15743,3898,17
2024-01-21 15:30:00+00:00,2024-01-22 18:00:00+00:00,19623,26.5,15855,3768,18
2024-01-21 15:30:00+00:00,2024-01-22 19:00:00+00:00,19605,27.5,15798,3807,19
2024-01-21 15:30:00+00:00,2024-01-22 20:00:00+00:00,19615,28.5,15742,3873,20
2024-01-21 15:30:00+00:00,2024-01-22 21:00:00+00:00,19580,29.5,15692,3888,21
2024-01-21 15:30:00+00:00,2024-01-22 22:00:00+00:00,19362,30.5,15461,3901,22
2024-01-21 15:30:00+00:00,2024-01-22 23:00:00+00:00,19152,31.5,15049,4103,23
2024-01-21 15:30:00+00:00,2024-01-23 00:00:00+00:00,18869,32.5,14934,3935,0
2024-01-21 15:30:00+00:00,2024-01-23 01:00:00+00:00,18359,33.5,14541,3818,1
2024-01-21 15:30:00+00:00,2024-01-23 02:00:00+00:00,17783,34.5,13765,4018,2
2024-01-21 15:30:00+00:00,2024-01-23 03:00:00+00:00,17159,35.5,12974,4185,3
2024-01-21 15:30:00+00:00,2024-01-23 04:00:00+00:00,16067,36.5,12541,3526,4
2024-01-21 15:30:00+00:00,2024-01-23 05:00:00+00:00,15074,37.5,12089,2985,5
2024-01-21 15:30:00+00:00,2024-01-23 06:00:00+00:00,13856,38.5,12206,1650,6
2024-01-21 15:30:00+00:00,2024-01-23 07:00:00+00:00,14583,39.5,13002,1581,7
2024-01-21 15:30:00+00:00,2024-01-23 08:00:00+00:00,15104,40.5,14101,1003,8
2024-01-21 15:30:00+00:00,2024-01-23 09:00:00+00:00,15402,41.5,14526,876,9
2024-01-21 15:30:00+00:00,2024-01-23 10:00:00+00:00,16960,42.5,14552,2408,10
2024-01-21 15:30:00+00:00,2024-01-23 11:00:00+00:00,18022,43.5,0,18022,11
2024-01-21 15:30:00+00:00,2024-01-23 12:00:00+00:00,18624,44.5,12439,6185,12
2024-01-21 15:30:00+00:00,2024-01-23 13:00:00+00:00,18802,45.5,15288,3514,13
2024-01-21 15:30:00+00:00,2024-01-23 14:00:00+00:00,18962,46.5,15721,3241,14
2024-01-21 15:30:00+00:00,2024-01-23 15:00:00+00:00,18952,47.5,15455,3497,15
2024-01-21 11:30:00+00:00,2024-01-21 21:00:00+00:00,15878,9.5,9112,6766,21
2024-01-21 11:30:00+00:00,2024-01-21 22:00:00+00:00,14343,10.5,8108,6235,22
2024-01-21 11:30:00+00:00,2024-01-21 23:00:00+00:00,14767,11.5,8493,6274,23
2024-01-21 11:30:00+00:00,2024-01-22 00:00:00+00:00,14538,12.5,8662,5876,0
2024-01-21 11:30:00+00:00,2024-01-22 01:00:00+00:00,15351,13.5,8121,7230,1
2024-01-21 11:30:00+00:00,2024-01-22 02:00:00+00:00,16655,14.5,8638,8017,2
2024-01-21 11:30:00+00:00,2024-01-22 03:00:00+00:00,18107,15.5,10235,7872,3
2024-01-21 11:30:00+00:00,2024-01-22 04:00:00+00:00,18576,16.5,11196,7380,4
2024-01-21 11:30:00+00:00,2024-01-22 05:00:00+00:00,19327,17.5,11531,7796,5
2024-01-21 11:30:00+00:00,2024-01-22 06:00:00+00:00,19633,18.5,12139,7494,6
2024-01-21 11:30:00+00:00,2024-01-22 07:00:00+00:00,19719,19.5,13423,6296,7
2024-01-21 11:30:00+00:00,2024-01-22 08:00:00+00:00,19788,20.5,14698,5090,8
2024-01-21 11:30:00+00:00,2024-01-22 09:00:00+00:00,19744,21.5,14969,4775,9
2024-01-21 11:30:00+00:00,2024-01-22 10:00:00+00:00,19739,22.5,15231,4508,10
2024-01-21 11:30:00+00:00,2024-01-22 11:00:00+00:00,19744,23.5,15408,4336,11
2024-01-21 11:30:00+00:00,2024-01-22 12:00:00+00:00,19754,24.5,15341,4413,12
2024-01-21 11:30:00+00:00,2024-01-22 13:00:00+00:00,19709,25.5,15638,4071,13
2024-01-21 11:30:00+00:00,2024-01-22 14:00:00+00:00,19711,26.5,16018,3693,14
2024-01-21 11:30:00+00:00,2024-01-22 15:00:00+00:00,19680,27.5,15682,3998,15
2024-01-21 11:30:00+00:00,2024-01-22 16:00:00+00:00,19615,28.5,15877,3738,16
2024-01-21 11:30:00+00:00,2024-01-22 17:00:00+00:00,19650,29.5,15743,3907,17
2024-01-21 11:30:00+00:00,2024-01-22 18:00:00+00:00,19647,30.5,15855,3792,18
2024-01-21 11:30:00+00:00,2024-01-22 19:00:00+00:00,19638,31.5,15798,3840,19
2024-01-21 11:30:00+00:00,2024-01-22 20:00:00+00:00,19614,32.5,15742,3872,20
2024-01-21 11:30:00+00:00,2024-01-22 21:00:00+00:00,19580,33.5,15692,3888,21
2024-01-21 11:30:00+00:00,2024-01-22 22:00:00+00:00,19217,34.5,15461,3756,22
2024-01-21 11:30:00+00:00,2024-01-22 23:00:00+00:00,18966,35.5,15049,3917,23
2024-01-21 11:30:00+00:00,2024-01-23 00:00:00+00:00,18683,36.5,14934,3749,0
2024-01-21 11:30:00+00:00,2024-01-23 01:00:00+00:00,18181,37.5,14541,3640,1
2024-01-21 11:30:00+00:00,2024-01-23 02:00:00+00:00,17584,38.5,13765,3819,2
2024-01-21 11:30:00+00:00,2024-01-23 03:00:00+00:00,16867,39.5,12974,3893,3
2024-01-21 11:30:00+00:00,2024-01-23 04:00:00+00:00,16126,40.5,12541,3585,4
2024-01-21 11:30:00+00:00,2024-01-23 05:00:00+00:00,15177,41.5,12089,3088,5
2024-01-21 11:30:00+00:00,2024-01-23 06:00:00+00:00,14007,42.5,12206,1801,6
2024-01-21 11:30:00+00:00,2024-01-23 07:00:00+00:00,14743,43.5,13002,1741,7
2024-01-21 11:30:00+00:00,2024-01-23 08:00:00+00:00,15264,44.5,14101,1163,8
2024-01-21 11:30:00+00:00,2024-01-23 09:00:00+00:00,15560,45.5,14526,1034,9
2024-01-21 11:30:00+00:00,2024-01-23 10:00:00+00:00,17056,46.5,14552,2504,10
2024-01-21 11:30:00+00:00,2024-01-23 11:00:00+00:00,18076,47.5,0,18076,11
2024-01-21 09:30:00+00:00,2024-01-21 21:00:00+00:00,15878,11.5,9112,6766,21
2024-01-21 09:30:00+00:00,2024-01-21 22:00:00+00:00,14343,12.5,8108,6235,22
2024-01-21 09:30:00+00:00,2024-01-21 23:00:00+00:00,14766,13.5,8493,6273,23
2024-01-21 09:30:00+00:00,2024-01-22 00:00:00+00:00,14539,14.5,8662,5877,0
2024-01-21 09:30:00+00:00,2024-01-22 01:00:00+00:00,15352,15.5,8121,7231,1
2024-01-21 09:30:00+00:00,2024-01-22 02:00:00+00:00,16655,16.5,8638,8017,2
2024-01-21 09:30:00+00:00,2024-01-22 03:00:00+00:00,18107,17.5,10235,7872,3
2024-01-21 09:30:00+00:00,2024-01-22 04:00:00+00:00,18577,18.5,11196,7381,4
2024-01-21 09:30:00+00:00,2024-01-22 05:00:00+00:00,19329,19.5,11531,7798,5
2024-01-21 09:30:00+00:00,2024-01-22 06:00:00+00:00,19633,20.5,12139,7494,6
2024-01-21 09:30:00+00:00,2024-01-22 07:00:00+00:00,19718,21.5,13423,6295,7
2024-01-21 09:30:00+00:00,2024-01-22 08:00:00+00:00,19789,22.5,14698,5091,8
2024-01-21 09:30:00+00:00,2024-01-22 09:00:00+00:00,19740,23.5,14969,4771,9
2024-01-21 09:30:00+00:00,2024-01-22 10:00:00+00:00,19736,24.5,15231,4505,10
2024-01-21 09:30:00+00:00,2024-01-22 11:00:00+00:00,19742,25.5,15408,4334,11
2024-01-21 09:30:00+00:00,2024-01-22 12:00:00+00:00,19753,26.5,15341,4412,12
2024-01-21 09:30:00+00:00,2024-01-22 13:00:00+00:00,19707,27.5,15638,4069,13
2024-01-21 09:30:00+00:00,2024-01-22 14:00:00+00:00,19708,28.5,16018,3690,14
2024-01-21 09:30:00+00:00,2024-01-22 15:00:00+00:00,19680,29.5,15682,3998,15
2024-01-21 09:30:00+00:00,2024-01-22 16:00:00+00:00,19614,30.5,15877,3737,16
2024-01-21 09:30:00+00:00,2024-01-22 17:00:00+00:00,19643,31.5,15743,3900,17
2024-01-21 09:30:00+00:00,2024-01-22 18:00:00+00:00,19647,32.5,15855,3792,18
2024-01-21 09:30:00+00:00,2024-01-22 19:00:00+00:00,19637,33.5,15798,3839,19
2024-01-21 09:30:00+00:00,2024-01-22 20:00:00+00:00,19613,34.5,15742,3871,20
2024-01-21 09:30:00+00:00,2024-01-22 21:00:00+00:00,19581,35.5,15692,3889,21
2024-01-21 09:30:00+00:00,2024-01-22 22:00:00+00:00,19241,36.5,15461,3780,22
2024-01-21 09:30:00+00:00,2024-01-22 23:00:00+00:00,19022,37.5,15049,3973,23
2024-01-21 09:30:00+00:00,2024-01-23 00:00:00+00:00,18746,38.5,14934,3812,0
2024-01-21 09:30:00+00:00,2024-01-23 01:00:00+00:00,18325,39.5,14541,3784,1
2024-01-21 09:30:00+00:00,2024-01-23 02:00:00+00:00,17719,40.5,13765,3954,2
2024-01-21 09:30:00+00:00,2024-01-23 03:00:00+00:00,16929,41.5,12974,3955,3
2024-01-21 09:30:00+00:00,2024-01-23 04:00:00+00:00,16168,42.5,12541,3627,4
2024-01-21 09:30:00+00:00,2024-01-23 05:00:00+00:00,15198,43.5,12089,3109,5
2024-01-21 09:30:00+00:00,2024-01-23 06:00:00+00:00,14007,44.5,12206,1801,6
2024-01-21 09:30:00+00:00,2024-01-23 07:00:00+00:00,14742,45.5,13002,1740,7
2024-01-21 09:30:00+00:00,2024-01-23 08:00:00+00:00,15263,46.5,14101,1162,8
2024-01-21 09:30:00+00:00,2024-01-23 09:00:00+00:00,15560,47.5,14526,1034,9
2024-01-21 07:30:00+00:00,2024-01-21 21:00:00+00:00,15878,13.5,9112,6766,21
2024-01-21 07:30:00+00:00,2024-01-21 22:00:00+00:00,14343,14.5,8108,6235,22
2024-01-21 07:30:00+00:00,2024-01-21 23:00:00+00:00,14766,15.5,8493,6273,23
2024-01-21 07:30:00+00:00,2024-01-22 00:00:00+00:00,14539,16.5,8662,5877,0
2024-01-21 07:30:00+00:00,2024-01-22 01:00:00+00:00,15352,17.5,8121,7231,1
2024-01-21 07:30:00+00:00,2024-01-22 02:00:00+00:00,16655,18.5,8638,8017,2
2024-01-21 07:30:00+00:00,2024-01-22 03:00:00+00:00,18107,19.5,10235,7872,3
2024-01-21 07:30:00+00:00,2024-01-22 04:00:00+00:00,18578,20.5,11196,7382,4
2024-01-21 07:30:00+00:00,2024-01-22 05:00:00+00:00,19330,21.5,11531,7799,5
2024-01-21 07:30:00+00:00,2024-01-22 06:00:00+00:00,19633,22.5,12139,7494,6
2024-01-21 07:30:00+00:00,2024-01-22 07:00:00+00:00,19717,23.5,13423,6294,7
2024-01-21 07:30:00+00:00,2024-01-22 08:00:00+00:00,19789,24.5,14698,5091,8
2024-01-21 07:30:00+00:00,2024-01-22 09:00:00+00:00,19741,25.5,14969,4772,9
2024-01-21 07:30:00+00:00,2024-01-22 10:00:00+00:00,19737,26.5,15231,4506,10
2024-01-21 07:30:00+00:00,2024-01-22 11:00:00+00:00,19743,27.5,15408,4335,11
2024-01-21 07:30:00+00:00,2024-01-22 12:00:00+00:00,19754,28.5,15341,4413,12
2024-01-21 07:30:00+00:00,2024-01-22 13:00:00+00:00,19707,29.5,15638,4069,13
2024-01-21 07:30:00+00:00,2024-01-22 14:00:00+00:00,19708,30.5,16018,3690,14
2024-01-21 07:30:00+00:00,2024-01-22 15:00:00+00:00,19680,31.5,15682,3998,15
2024-01-21 07:30:00+00:00,2024-01-22 16:00:00+00:00,19613,32.5,15877,3736,16
2024-01-21 07:30:00+00:00,2024-01-22 17:00:00+00:00,19642,33.5,15743,3899,17
2024-01-21 07:30:00+00:00,2024-01-22 18:00:00+00:00,19647,34.5,15855,3792,18
2024-01-21 07:30:00+00:00,2024-01-22 19:00:00+00:00,19637,35.5,15798,3839,19
2024-01-21 07:30:00+00:00,2024-01-22 20:00:00+00:00,19612,36.5,15742,3870,20
2024-01-21 07:30:00+00:00,2024-01-22 21:00:00+00:00,19581,37.5,15692,3889,21
2024-01-21 07:30:00+00:00,2024-01-22 22:00:00+00:00,19241,38.5,15461,3780,22
2024-01-21 07:30:00+00:00,2024-01-22 23:00:00+00:00,19023,39.5,15049,3974,23
2024-01-21 07:30:00+00:00,2024-01-23 00:00:00+00:00,18747,40.5,14934,3813,0
2024-01-21 07:30:00+00:00,2024-01-23 01:00:00+00:00,18327,41.5,14541,3786,1
2024-01-21 07:30:00+00:00,2024-01-23 02:00:00+00:00,17721,42.5,13765,3956,2
2024-01-21 07:30:00+00:00,2024-01-23 03:00:00+00:00,16932,43.5,12974,3958,3
2024-01-21 07:30:00+00:00,2024-01-23 04:00:00+00:00,16171,44.5,12541,3630,4
2024-01-21 07:30:00+00:00,2024-01-23 05:00:00+00:00,15202,45.5,12089,3113,5
2024-01-21 07:30:00+00:00,2024-01-23 06:00:00+00:00,14011,46.5,12206,1805,6
2024-01-21 07:30:00+00:00,2024-01-23 07:00:00+00:00,14745,47.5,13002,1743,7
2024-01-21 04:30:00+00:00,2024-01-21 21:00:00+00:00,15038,16.5,9112,5926,21
2024-01-21 04:30:00+00:00,2024-01-21 22:00:00+00:00,14732,17.5,8108,6624,22
2024-01-21 04:30:00+00:00,2024-01-21 23:00:00+00:00,14932,18.5,8493,6439,23
2024-01-21 04:30:00+00:00,2024-01-22 00:00:00+00:00,12673,19.5,8662,4011,0
2024-01-21 04:30:00+00:00,2024-01-22 01:00:00+00:00,16000,20.5,8121,7879,1
2024-01-21 04:30:00+00:00,2024-01-22 02:00:00+00:00,17746,21.5,8638,9108,2
2024-01-21 04:30:00+00:00,2024-01-22 03:00:00+00:00,18506,22.5,10235,8271,3
2024-01-21 04:30:00+00:00,2024-01-22 04:00:00+00:00,18653,23.5,11196,7457,4
2024-01-21 04:30:00+00:00,2024-01-22 05:00:00+00:00,19423,24.5,11531,7892,5
2024-01-21 04:30:00+00:00,2024-01-22 06:00:00+00:00,19660,25.5,12139,7521,6
2024-01-21 04:30:00+00:00,2024-01-22 07:00:00+00:00,19707,26.5,13423,6284,7
2024-01-21 04:30:00+00:00,2024-01-22 08:00:00+00:00,19812,27.5,14698,5114,8
2024-01-21 04:30:00+00:00,2024-01-22 09:00:00+00:00,19760,28.5,14969,4791,9
2024-01-21 04:30:00+00:00,2024-01-22 10:00:00+00:00,19676,29.5,15231,4445,10
2024-01-21 04:30:00+00:00,2024-01-22 11:00:00+00:00,19734,30.5,15408,4326,11
2024-01-21 04:30:00+00:00,2024-01-22 12:00:00+00:00,19739,31.5,15341,4398,12
2024-01-21 04:30:00+00:00,2024-01-22 13:00:00+00:00,19650,32.5,15638,4012,13
2024-01-21 04:30:00+00:00,2024-01-22 14:00:00+00:00,19620,33.5,16018,3602,14
2024-01-21 04:30:00+00:00,2024-01-22 15:00:00+00:00,19677,34.5,15682,3995,15
2024-01-21 04:30:00+00:00,2024-01-22 16:00:00+00:00,19093,35.5,15877,3216,16
2024-01-21 04:30:00+00:00,2024-01-22 17:00:00+00:00,19086,36.5,15743,3343,17
2024-01-21 04:30:00+00:00,2024-01-22 18:00:00+00:00,19074,37.5,15855,3219,18
2024-01-21 04:30:00+00:00,2024-01-22 19:00:00+00:00,19067,38.5,15798,3269,19
2024-01-21 04:30:00+00:00,2024-01-22 20:00:00+00:00,19126,39.5,15742,3384,20
2024-01-21 04:30:00+00:00,2024-01-22 21:00:00+00:00,19226,40.5,15692,3534,21
2024-01-21 04:30:00+00:00,2024-01-22 22:00:00+00:00,19208,41.5,15461,3747,22
2024-01-21 04:30:00+00:00,2024-01-22 23:00:00+00:00,19078,42.5,15049,4029,23
2024-01-21 04:30:00+00:00,2024-01-23 00:00:00+00:00,18812,43.5,14934,3878,0
2024-01-21 04:30:00+00:00,2024-01-23 01:00:00+00:00,18413,44.5,14541,3872,1
2024-01-21 04:30:00+00:00,2024-01-23 02:00:00+00:00,17830,45.5,13765,4065,2
2024-01-21 04:30:00+00:00,2024-01-23 03:00:00+00:00,17064,46.5,12974,4090,3
2024-01-21 04:30:00+00:00,2024-01-23 04:00:00+00:00,16409,47.5,12541,3868,4
2024-01-21 02:30:00+00:00,2024-01-21 21:00:00+00:00,15038,18.5,9112,5926,21
2024-01-21 02:30:00+00:00,2024-01-21 22:00:00+00:00,14732,19.5,8108,6624,22
2024-01-21 02:30:00+00:00,2024-01-21 23:00:00+00:00,14931,20.5,8493,6438,23
2024-01-21 02:30:00+00:00,2024-01-22 00:00:00+00:00,12673,21.5,8662,4011,0
2024-01-21 02:30:00+00:00,2024-01-22 01:00:00+00:00,16000,22.5,8121,7879,1
2024-01-21 02:30:00+00:00,2024-01-22 02:00:00+00:00,17746,23.5,8638,9108,2
2024-01-21 02:30:00+00:00,2024-01-22 03:00:00+00:00,18507,24.5,10235,8272,3
2024-01-21 02:30:00+00:00,2024-01-22 04:00:00+00:00,18654,25.5,11196,7458,4
2024-01-21 02:30:00+00:00,2024-01-22 05:00:00+00:00,19423,26.5,11531,7892,5
2024-01-21 02:30:00+00:00,2024-01-22 06:00:00+00:00,19662,27.5,12139,7523,6
2024-01-21 02:30:00+00:00,2024-01-22 07:00:00+00:00,19709,28.5,13423,6286,7
2024-01-21 02:30:00+00:00,2024-01-22 08:00:00+00:00,19813,29.5,14698,5115,8
2024-01-21 02:30:00+00:00,2024-01-22 09:00:00+00:00,19762,30.5,14969,4793,9
2024-01-21 02:30:00+00:00,2024-01-22 10:00:00+00:00,19675,31.5,15231,4444,10
2024-01-21 02:30:00+00:00,2024-01-22 11:00:00+00:00,19734,32.5,15408,4326,11
2024-01-21 02:30:00+00:00,2024-01-22 12:00:00+00:00,19740,33.5,15341,4399,12
2024-01-21 02:30:00+00:00,2024-01-22 13:00:00+00:00,19650,34.5,15638,4012,13
2024-01-21 02:30:00+00:00,2024-01-22 14:00:00+00:00,19620,35.5,16018,3602,14
2024-01-21 02:30:00+00:00,2024-01-22 15:00:00+00:00,19675,36.5,15682,3993,15
2024-01-21 02:30:00+00:00,2024-01-22 16:00:00+00:00,19092,37.5,15877,3215,16
2024-01-21 02:30:00+00:00,2024-01-22 17:00:00+00:00,19087,38.5,15743,3344,17
2024-01-21 02:30:00+00:00,2024-01-22 18:00:00+00:00,19075,39.5,15855,3220,18
2024-01-21 02:30:00+00:00,2024-01-22 19:00:00+00:00,19069,40.5,15798,3271,19
2024-01-21 02:30:00+00:00,2024-01-22 20:00:00+00:00,19127,41.5,15742,3385,20
2024-01-21 02:30:00+00:00,2024-01-22 21:00:00+00:00,19228,42.5,15692,3536,21
2024-01-21 02:30:00+00:00,2024-01-22 22:00:00+00:00,19210,43.5,15461,3749,22
2024-01-21 02:30:00+00:00,2024-01-22 23:00:00+00:00,19082,44.5,15049,4033,23
2024-01-21 02:30:00+00:00,2024-01-23 00:00:00+00:00,18818,45.5,14934,3884,0
2024-01-21 02:30:00+00:00,2024-01-23 01:00:00+00:00,18423,46.5,14541,3882,1
2024-01-21 02:30:00+00:00,2024-01-23 02:00:00+00:00,17845,47.5,13765,4080,2
2024-01-20 22:30:00+00:00,2024-01-21 03:00:00+00:00,16976,4.5,14474,2502,3
2024-01-20 22:30:00+00:00,2024-01-21 04:00:00+00:00,16733,5.5,13775,2958,4
2024-01-20 22:30:00+00:00,2024-01-21 05:00:00+00:00,16739,6.5,14540,2199,5
2024-01-20 22:30:00+00:00,2024-01-21 06:00:00+00:00,16864,7.5,13505,3359,6
2024-01-20 22:30:00+00:00,2024-01-21 07:00:00+00:00,16964,8.5,14359,2605,7
2024-01-20 22:30:00+00:00,2024-01-21 08:00:00+00:00,17093,9.5,14072,3021,8
2024-01-20 22:30:00+00:00,2024-01-21 09:00:00+00:00,17326,10.5,14474,2852,9
2024-01-20 22:30:00+00:00,2024-01-21 10:00:00+00:00,17582,11.5,15221,2361,10
2024-01-20 22:30:00+00:00,2024-01-21 11:00:00+00:00,17872,12.5,15127,2745,11
2024-01-20 22:30:00+00:00,2024-01-21 12:00:00+00:00,18193,13.5,15746,2447,12
2024-01-20 22:30:00+00:00,2024-01-21 13:00:00+00:00,18590,14.5,14874,3716,13
2024-01-20 22:30:00+00:00,2024-01-21 14:00:00+00:00,18381,15.5,14866,3515,14
2024-01-20 22:30:00+00:00,2024-01-21 15:00:00+00:00,17429,16.5,14802,2627,15
2024-01-20 22:30:00+00:00,2024-01-21 16:00:00+00:00,17220,17.5,14731,2489,16
2024-01-20 22:30:00+00:00,2024-01-21 17:00:00+00:00,17241,18.5,14630,2611,17
2024-01-20 22:30:00+00:00,2024-01-21 18:00:00+00:00,17270,19.5,13740,3530,18
2024-01-20 22:30:00+00:00,2024-01-21 19:00:00+00:00,16941,20.5,12901,4040,19
2024-01-20 22:30:00+00:00,2024-01-21 20:00:00+00:00,15905,21.5,11299,4606,20
2024-01-20 22:30:00+00:00,2024-01-21 21:00:00+00:00,14642,22.5,9112,5530,21
2024-01-20 22:30:00+00:00,2024-01-21 22:00:00+00:00,14796,23.5,8108,6688,22
2024-01-20 22:30:00+00:00,2024-01-21 23:00:00+00:00,15245,24.5,8493,6752,23
2024-01-20 22:30:00+00:00,2024-01-22 00:00:00+00:00,13284,25.5,8662,4622,0
2024-01-20 22:30:00+00:00,2024-01-22 01:00:00+00:00,16563,26.5,8121,8442,1
2024-01-20 22:30:00+00:00,2024-01-22 02:00:00+00:00,18584,27.5,8638,9946,2
2024-01-20 22:30:00+00:00,2024-01-22 03:00:00+00:00,18945,28.5,10235,8710,3
2024-01-20 22:30:00+00:00,2024-01-22 04:00:00+00:00,19094,29.5,11196,7898,4
2024-01-20 22:30:00+00:00,2024-01-22 05:00:00+00:00,19303,30.5,11531,7772,5
2024-01-20 22:30:00+00:00,2024-01-22 06:00:00+00:00,19605,31.5,12139,7466,6
2024-01-20 22:30:00+00:00,2024-01-22 07:00:00+00:00,19659,32.5,13423,6236,7
2024-01-20 22:30:00+00:00,2024-01-22 08:00:00+00:00,19748,33.5,14698,5050,8
2024-01-20 22:30:00+00:00,2024-01-22 09:00:00+00:00,19773,34.5,14969,4804,9
2024-01-20 22:30:00+00:00,2024-01-22 10:00:00+00:00,19017,35.5,15231,3786,10
2024-01-20 22:30:00+00:00,2024-01-22 11:00:00+00:00,19008,36.5,15408,3600,11
2024-01-20 22:30:00+00:00,2024-01-22 12:00:00+00:00,19102,37.5,15341,3761,12
2024-01-20 22:30:00+00:00,2024-01-22 13:00:00+00:00,19248,38.5,15638,3610,13
2024-01-20 22:30:00+00:00,2024-01-22 14:00:00+00:00,19218,39.5,16018,3200,14
2024-01-20 22:30:00+00:00,2024-01-22 15:00:00+00:00,19182,40.5,15682,3500,15
2024-01-20 22:30:00+00:00,2024-01-22 16:00:00+00:00,19176,41.5,15877,3299,16
2024-01-20 22:30:00+00:00,2024-01-22 17:00:00+00:00,19060,42.5,15743,3317,17
2024-01-20 22:30:00+00:00,2024-01-22 18:00:00+00:00,19046,43.5,15855,3191,18
2024-01-20 22:30:00+00:00,2024-01-22 19:00:00+00:00,19134,44.5,15798,3336,19
2024-01-20 22:30:00+00:00,2024-01-22 20:00:00+00:00,19158,45.5,15742,3416,20
2024-01-20 22:30:00+00:00,2024-01-22 21:00:00+00:00,19193,46.5,15692,3501,21
2024-01-20 18:30:00+00:00,2024-01-20 23:00:00+00:00,19351,4.5,16072,3279,23
2024-01-20 18:30:00+00:00,2024-01-21 00:00:00+00:00,18997,5.5,15884,3113,0
2024-01-20 18:30:00+00:00,2024-01-21 01:00:00+00:00,18306,6.5,15248,3058,1
2024-01-20 18:30:00+00:00,2024-01-21 02:00:00+00:00,17599,7.5,14809,2790,2
2024-01-20 18:30:00+00:00,2024-01-21 03:00:00+00:00,16974,8.5,14474,2500,3
2024-01-20 18:30:00+00:00,2024-01-21 04:00:00+00:00,16732,9.5,13775,2957,4
2024-01-20 18:30:00+00:00,2024-01-21 05:00:00+00:00,16738,10.5,14540,2198,5
2024-01-20 18:30:00+00:00,2024-01-21 06:00:00+00:00,16863,11.5,13505,3358,6
2024-01-20 18:30:00+00:00,2024-01-21 07:00:00+00:00,16964,12.5,14359,2605,7
2024-01-20 18:30:00+00:00,2024-01-21 08:00:00+00:00,17093,13.5,14072,3021,8
2024-01-20 18:30:00+00:00,2024-01-21 09:00:00+00:00,17327,14.5,14474,2853,9
2024-01-20 18:30:00+00:00,2024-01-21 10:00:00+00:00,17583,15.5,15221,2362,10
2024-01-20 18:30:00+00:00,2024-01-21 11:00:00+00:00,17872,16.5,15127,2745,11
2024-01-20 18:30:00+00:00,2024-01-21 12:00:00+00:00,18193,17.5,15746,2447,12
2024-01-20 18:30:00+00:00,2024-01-21 13:00:00+00:00,18590,18.5,14874,3716,13
2024-01-20 18:30:00+00:00,2024-01-21 14:00:00+00:00,18382,19.5,14866,3516,14
2024-01-20 18:30:00+00:00,2024-01-21 15:00:00+00:00,17429,20.5,14802,2627,15
2024-01-20 18:30:00+00:00,2024-01-21 16:00:00+00:00,17220,21.5,14731,2489,16
2024-01-20 18:30:00+00:00,2024-01-21 17:00:00+00:00,17241,22.5,14630,2611,17
2024-01-20 18:30:00+00:00,2024-01-21 18:00:00+00:00,17270,23.5,13740,3530,18
2024-01-20 18:30:00+00:00,2024-01-21 19:00:00+00:00,16941,24.5,12901,4040,19
2024-01-20 18:30:00+00:00,2024-01-21 20:00:00+00:00,15905,25.5,11299,4606,20
2024-01-20 18:30:00+00:00,2024-01-21 21:00:00+00:00,14642,26.5,9112,5530,21
2024-01-20 18:30:00+00:00,2024-01-21 22:00:00+00:00,14796,27.5,8108,6688,22
2024-01-20 18:30:00+00:00,2024-01-21 23:00:00+00:00,15245,28.5,8493,6752,23
2024-01-20 18:30:00+00:00,2024-01-22 00:00:00+00:00,13285,29.5,8662,4623,0
2024-01-20 18:30:00+00:00,2024-01-22 01:00:00+00:00,16563,30.5,8121,8442,1
2024-01-20 18:30:00+00:00,2024-01-22 02:00:00+00:00,18584,31.5,8638,9946,2
2024-01-20 18:30:00+00:00,2024-01-22 03:00:00+00:00,18944,32.5,10235,8709,3
2024-01-20 18:30:00+00:00,2024-01-22 04:00:00+00:00,19095,33.5,11196,7899,4
2024-01-20 18:30:00+00:00,2024-01-22 05:00:00+00:00,19304,34.5,11531,7773,5
2024-01-20 18:30:00+00:00,2024-01-22 06:00:00+00:00,19606,35.5,12139,7467,6
2024-01-20 18:30:00+00:00,2024-01-22 07:00:00+00:00,19660,36.5,13423,6237,7
2024-01-20 18:30:00+00:00,2024-01-22 08:00:00+00:00,19749,37.5,14698,5051,8
2024-01-20 18:30:00+00:00,2024-01-22 09:00:00+00:00,19775,38.5,14969,4806,9
2024-01-20 18:30:00+00:00,2024-01-22 10:00:00+00:00,19018,39.5,15231,3787,10
2024-01-20 18:30:00+00:00,2024-01-22 11:00:00+00:00,19009,40.5,15408,3601,11
2024-01-20 18:30:00+00:00,2024-01-22 12:00:00+00:00,19102,41.5,15341,3761,12
2024-01-20 18:30:00+00:00,2024-01-22 13:00:00+00:00,19248,42.5,15638,3610,13
2024-01-20 18:30:00+00:00,2024-01-22 14:00:00+00:00,19218,43.5,16018,3200,14
2024-01-20 18:30:00+00:00,2024-01-22 15:00:00+00:00,19183,44.5,15682,3501,15
2024-01-20 18:30:00+00:00,2024-01-22 16:00:00+00:00,19177,45.5,15877,3300,16
2024-01-20 18:30:00+00:00,2024-01-22 17:00:00+00:00,19060,46.5,15743,3317,17
2024-01-20 18:30:00+00:00,2024-01-22 18:00:00+00:00,19046,47.5,15855,3191,18
2024-01-20 15:30:00+00:00,2024-01-20 21:00:00+00:00,19508,5.5,16434,3074,21
2024-01-20 15:30:00+00:00,2024-01-20 22:00:00+00:00,19488,6.5,16118,3370,22
2024-01-20 15:30:00+00:00,2024-01-20 23:00:00+00:00,19320,7.5,16072,3248,23
2024-01-20 15:30:00+00:00,2024-01-21 00:00:00+00:00,18988,8.5,15884,3104,0
2024-01-20 15:30:00+00:00,2024-01-21 01:00:00+00:00,18397,9.5,15248,3149,1
2024-01-20 15:30:00+00:00,2024-01-21 02:00:00+00:00,17701,10.5,14809,2892,2
2024-01-20 15:30:00+00:00,2024-01-21 03:00:00+00:00,17104,11.5,14474,2630,3
2024-01-20 15:30:00+00:00,2024-01-21 04:00:00+00:00,16908,12.5,13775,3133,4
2024-01-20 15:30:00+00:00,2024-01-21 05:00:00+00:00,16913,13.5,14540,2373,5
2024-01-20 15:30:00+00:00,2024-01-21 06:00:00+00:00,17044,14.5,13505,3539,6
2024-01-20 15:30:00+00:00,2024-01-21 07:00:00+00:00,17199,15.5,14359,2840,7
2024-01-20 15:30:00+00:00,2024-01-21 08:00:00+00:00,17273,16.5,14072,3201,8
2024-01-20 15:30:00+00:00,2024-01-21 09:00:00+00:00,17403,17.5,14474,2929,9
2024-01-20 15:30:00+00:00,2024-01-21 10:00:00+00:00,17588,18.5,15221,2367,10
2024-01-20 15:30:00+00:00,2024-01-21 11:00:00+00:00,17788,19.5,15127,2661,11
2024-01-20 15:30:00+00:00,2024-01-21 12:00:00+00:00,18060,20.5,15746,2314,12
2024-01-20 15:30:00+00:00,2024-01-21 13:00:00+00:00,18464,21.5,14874,3590,13
2024-01-20 15:30:00+00:00,2024-01-21 14:00:00+00:00,18231,22.5,14866,3365,14
2024-01-20 15:30:00+00:00,2024-01-21 15:00:00+00:00,18315,23.5,14802,3513,15
2024-01-20 15:30:00+00:00,2024-01-21 16:00:00+00:00,18062,24.5,14731,3331,16
2024-01-20 15:30:00+00:00,2024-01-21 17:00:00+00:00,17681,25.5,14630,3051,17
2024-01-20 15:30:00+00:00,2024-01-21 18:00:00+00:00,17487,26.5,13740,3747,18
2024-01-20 15:30:00+00:00,2024-01-21 19:00:00+00:00,17488,27.5,12901,4587,19
2024-01-20 15:30:00+00:00,2024-01-21 20:00:00+00:00,17300,28.5,11299,6001,20
2024-01-20 15:30:00+00:00,2024-01-21 21:00:00+00:00,16143,29.5,9112,7031,21
2024-01-20 15:30:00+00:00,2024-01-21 22:00:00+00:00,14951,30.5,8108,6843,22
2024-01-20 15:30:00+00:00,2024-01-21 23:00:00+00:00,15915,31.5,8493,7422,23
2024-01-20 15:30:00+00:00,2024-01-22 00:00:00+00:00,13916,32.5,8662,5254,0
2024-01-20 15:30:00+00:00,2024-01-22 01:00:00+00:00,17126,33.5,8121,9005,1
2024-01-20 15:30:00+00:00,2024-01-22 02:00:00+00:00,18761,34.5,8638,10123,2
2024-01-20 15:30:00+00:00,2024-01-22 03:00:00+00:00,18690,35.5,10235,8455,3
2024-01-20 15:30:00+00:00,2024-01-22 04:00:00+00:00,18576,36.5,11196,7380,4
2024-01-20 15:30:00+00:00,2024-01-22 05:00:00+00:00,18594,37.5,11531,7063,5
2024-01-20 15:30:00+00:00,2024-01-22 06:00:00+00:00,18478,38.5,12139,6339,6
2024-01-20 15:30:00+00:00,2024-01-22 07:00:00+00:00,18850,39.5,13423,5427,7
2024-01-20 15:30:00+00:00,2024-01-22 08:00:00+00:00,18789,40.5,14698,4091,8
2024-01-20 15:30:00+00:00,2024-01-22 09:00:00+00:00,19015,41.5,14969,4046,9
2024-01-20 15:30:00+00:00,2024-01-22 10:00:00+00:00,19004,42.5,15231,3773,10
2024-01-20 15:30:00+00:00,2024-01-22 11:00:00+00:00,19096,43.5,15408,3688,11
2024-01-20 15:30:00+00:00,2024-01-22 12:00:00+00:00,19076,44.5,15341,3735,12
2024-01-20 15:30:00+00:00,2024-01-22 13:00:00+00:00,19215,45.5,15638,3577,13
2024-01-20 15:30:00+00:00,2024-01-22 14:00:00+00:00,19176,46.5,16018,3158,14
2024-01-20 15:30:00+00:00,2024-01-22 15:00:00+00:00,19130,47.5,15682,3448,15
2024-01-20 11:30:00+00:00,2024-01-20 21:00:00+00:00,19490,9.5,16434,3056,21
2024-01-20 11:30:00+00:00,2024-01-20 22:00:00+00:00,19479,10.5,16118,3361,22
2024-01-20 11:30:00+00:00,2024-01-20 23:00:00+00:00,19320,11.5,16072,3248,23
2024-01-20 11:30:00+00:00,2024-01-21 00:00:00+00:00,19024,12.5,15884,3140,0
2024-01-20 11:30:00+00:00,2024-01-21 01:00:00+00:00,18536,13.5,15248,3288,1
2024-01-20 11:30:00+00:00,2024-01-21 02:00:00+00:00,17883,14.5,14809,3074,2
2024-01-20 11:30:00+00:00,2024-01-21 03:00:00+00:00,17261,15.5,14474,2787,3
2024-01-20 11:30:00+00:00,2024-01-21 04:00:00+00:00,16973,16.5,13775,3198,4
2024-01-20 11:30:00+00:00,2024-01-21 05:00:00+00:00,16958,17.5,14540,2418,5
2024-01-20 11:30:00+00:00,2024-01-21 06:00:00+00:00,17071,18.5,13505,3566,6
2024-01-20 11:30:00+00:00,2024-01-21 07:00:00+00:00,17202,19.5,14359,2843,7
2024-01-20 11:30:00+00:00,2024-01-21 08:00:00+00:00,17236,20.5,14072,3164,8
2024-01-20 11:30:00+00:00,2024-01-21 09:00:00+00:00,17241,21.5,14474,2767,9
2024-01-20 11:30:00+00:00,2024-01-21 10:00:00+00:00,17323,22.5,15221,2102,10
2024-01-20 11:30:00+00:00,2024-01-21 11:00:00+00:00,17540,23.5,15127,2413,11
2024-01-20 11:30:00+00:00,2024-01-21 12:00:00+00:00,17779,24.5,15746,2033,12
2024-01-20 11:30:00+00:00,2024-01-21 13:00:00+00:00,18253,25.5,14874,3379,13
2024-01-20 11:30:00+00:00,2024-01-21 14:00:00+00:00,18683,26.5,14866,3817,14
2024-01-20 11:30:00+00:00,2024-01-21 15:00:00+00:00,19056,27.5,14802,4254,15
2024-01-20 11:30:00+00:00,2024-01-21 16:00:00+00:00,18746,28.5,14731,4015,16
2024-01-20 11:30:00+00:00,2024-01-21 17:00:00+00:00,18169,29.5,14630,3539,17
2024-01-20 11:30:00+00:00,2024-01-21 18:00:00+00:00,17497,30.5,13740,3757,18
2024-01-20 11:30:00+00:00,2024-01-21 19:00:00+00:00,17448,31.5,12901,4547,19
2024-01-20 11:30:00+00:00,2024-01-21 20:00:00+00:00,17346,32.5,11299,6047,20
2024-01-20 11:30:00+00:00,2024-01-21 21:00:00+00:00,16207,33.5,9112,7095,21
2024-01-20 11:30:00+00:00,2024-01-21 22:00:00+00:00,14806,34.5,8108,6698,22
2024-01-20 11:30:00+00:00,2024-01-21 23:00:00+00:00,14593,35.5,8493,6100,23
2024-01-20 11:30:00+00:00,2024-01-22 00:00:00+00:00,14999,36.5,8662,6337,0
2024-01-20 11:30:00+00:00,2024-01-22 01:00:00+00:00,16382,37.5,8121,8261,1
2024-01-20 11:30:00+00:00,2024-01-22 02:00:00+00:00,16911,38.5,8638,8273,2
2024-01-20 11:30:00+00:00,2024-01-22 03:00:00+00:00,18141,39.5,10235,7906,3
2024-01-20 11:30:00+00:00,2024-01-22 04:00:00+00:00,18588,40.5,11196,7392,4
2024-01-20 11:30:00+00:00,2024-01-22 05:00:00+00:00,18720,41.5,11531,7189,5
2024-01-20 11:30:00+00:00,2024-01-22 06:00:00+00:00,18702,42.5,12139,6563,6
2024-01-20 11:30:00+00:00,2024-01-22 07:00:00+00:00,18819,43.5,13423,5396,7
2024-01-20 11:30:00+00:00,2024-01-22 08:00:00+00:00,19071,44.5,14698,4373,8
2024-01-20 11:30:00+00:00,2024-01-22 09:00:00+00:00,19142,45.5,14969,4173,9
2024-01-20 11:30:00+00:00,2024-01-22 10:00:00+00:00,19298,46.5,15231,4067,10
2024-01-20 11:30:00+00:00,2024-01-22 11:00:00+00:00,19278,47.5,15408,3870,11
2024-01-20 09:30:00+00:00,2024-01-20 21:00:00+00:00,19492,11.5,16434,3058,21
2024-01-20 09:30:00+00:00,2024-01-20 22:00:00+00:00,19479,12.5,16118,3361,22
2024-01-20 09:30:00+00:00,2024-01-20 23:00:00+00:00,19319,13.5,16072,3247,23
2024-01-20 09:30:00+00:00,2024-01-21 00:00:00+00:00,19024,14.5,15884,3140,0
2024-01-20 09:30:00+00:00,2024-01-21 01:00:00+00:00,18537,15.5,15248,3289,1
2024-01-20 09:30:00+00:00,2024-01-21 02:00:00+00:00,17884,16.5,14809,3075,2
2024-01-20 09:30:00+00:00,2024-01-21 03:00:00+00:00,17266,17.5,14474,2792,3
2024-01-20 09:30:00+00:00,2024-01-21 04:00:00+00:00,16978,18.5,13775,3203,4
2024-01-20 09:30:00+00:00,2024-01-21 05:00:00+00:00,16960,19.5,14540,2420,5
2024-01-20 09:30:00+00:00,2024-01-21 06:00:00+00:00,17075,20.5,13505,3570,6
2024-01-20 09:30:00+00:00,2024-01-21 07:00:00+00:00,17201,21.5,14359,2842,7
2024-01-20 09:30:00+00:00,2024-01-21 08:00:00+00:00,17232,22.5,14072,3160,8
2024-01-20 09:30:00+00:00,2024-01-21 09:00:00+00:00,17237,23.5,14474,2763,9
2024-01-20 09:30:00+00:00,2024-01-21 10:00:00+00:00,17316,24.5,15221,2095,10
2024-01-20 09:30:00+00:00,2024-01-21 11:00:00+00:00,17532,25.5,15127,2405,11
2024-01-20 09:30:00+00:00,2024-01-21 12:00:00+00:00,17776,26.5,15746,2030,12
2024-01-20 09:30:00+00:00,2024-01-21 13:00:00+00:00,18247,27.5,14874,3373,13
2024-01-20 09:30:00+00:00,2024-01-21 14:00:00+00:00,18677,28.5,14866,3811,14
2024-01-20 09:30:00+00:00,2024-01-21 15:00:00+00:00,19051,29.5,14802,4249,15
2024-01-20 09:30:00+00:00,2024-01-21 16:00:00+00:00,18742,30.5,14731,4011,16
2024-01-20 09:30:00+00:00,2024-01-21 17:00:00+00:00,18167,31.5,14630,3537,17
2024-01-20 09:30:00+00:00,2024-01-21 18:00:00+00:00,17495,32.5,13740,3755,18
2024-01-20 09:30:00+00:00,2024-01-21 19:00:00+00:00,17447,33.5,12901,4546,19
2024-01-20 09:30:00+00:00,2024-01-21 20:00:00+00:00,17345,34.5,11299,6046,20
2024-01-20 09:30:00+00:00,2024-01-21 21:00:00+00:00,16207,35.5,9112,7095,21
2024-01-20 09:30:00+00:00,2024-01-21 22:00:00+00:00,14805,36.5,8108,6697,22
2024-01-20 09:30:00+00:00,2024-01-21 23:00:00+00:00,14591,37.5,8493,6098,23
2024-01-20 09:30:00+00:00,2024-01-22 00:00:00+00:00,14999,38.5,8662,6337,0
2024-01-20 09:30:00+00:00,2024-01-22 01:00:00+00:00,16381,39.5,8121,8260,1
2024-01-20 09:30:00+00:00,2024-01-22 02:00:00+00:00,16910,40.5,8638,8272,2
2024-01-20 09:30:00+00:00,2024-01-22 03:00:00+00:00,18140,41.5,10235,7905,3
2024-01-20 09:30:00+00:00,2024-01-22 04:00:00+00:00,18587,42.5,11196,7391,4
2024-01-20 09:30:00+00:00,2024-01-22 05:00:00+00:00,18719,43.5,11531,7188,5
2024-01-20 09:30:00+00:00,2024-01-22 06:00:00+00:00,18702,44.5,12139,6563,6
2024-01-20 09:30:00+00:00,2024-01-22 07:00:00+00:00,18819,45.5,13423,5396,7
2024-01-20 09:30:00+00:00,2024-01-22 08:00:00+00:00,19072,46.5,14698,4374,8
2024-01-20 09:30:00+00:00,2024-01-22 09:00:00+00:00,19143,47.5,14969,4174,9
2024-01-20 07:30:00+00:00,2024-01-20 21:00:00+00:00,19492,13.5,16434,3058,21
2024-01-20 07:30:00+00:00,2024-01-20 22:00:00+00:00,19479,14.5,16118,3361,22
2024-01-20 07:30:00+00:00,2024-01-20 23:00:00+00:00,19319,15.5,16072,3247,23
2024-01-20 07:30:00+00:00,2024-01-21 00:00:00+00:00,19024,16.5,15884,3140,0
2024-01-20 07:30:00+00:00,2024-01-21 01:00:00+00:00,18538,17.5,15248,3290,1
2024-01-20 07:30:00+00:00,2024-01-21 02:00:00+00:00,17885,18.5,14809,3076,2
2024-01-20 07:30:00+00:00,2024-01-21 03:00:00+00:00,17267,19.5,14474,2793,3
2024-01-20 07:30:00+00:00,2024-01-21 04:00:00+00:00,16978,20.5,13775,3203,4
2024-01-20 07:30:00+00:00,2024-01-21 05:00:00+00:00,16960,21.5,14540,2420,5
2024-01-20 07:30:00+00:00,2024-01-21 06:00:00+00:00,17074,22.5,13505,3569,6
2024-01-20 07:30:00+00:00,2024-01-21 07:00:00+00:00,17200,23.5,14359,2841,7
2024-01-20 07:30:00+00:00,2024-01-21 08:00:00+00:00,17231,24.5,14072,3159,8
2024-01-20 07:30:00+00:00,2024-01-21 09:00:00+00:00,17237,25.5,14474,2763,9
2024-01-20 07:30:00+00:00,2024-01-21 10:00:00+00:00,17316,26.5,15221,2095,10
2024-01-20 07:30:00+00:00,2024-01-21 11:00:00+00:00,17532,27.5,15127,2405,11
2024-01-20 07:30:00+00:00,2024-01-21 12:00:00+00:00,17775,28.5,15746,2029,12
2024-01-20 07:30:00+00:00,2024-01-21 13:00:00+00:00,18246,29.5,14874,3372,13
2024-01-20 07:30:00+00:00,2024-01-21 14:00:00+00:00,18676,30.5,14866,3810,14
2024-01-20 07:30:00+00:00,2024-01-21 15:00:00+00:00,19050,31.5,14802,4248,15
2024-01-20 07:30:00+00:00,2024-01-21 16:00:00+00:00,18741,32.5,14731,4010,16
2024-01-20 07:30:00+00:00,2024-01-21 17:00:00+00:00,18167,33.5,14630,3537,17
2024-01-20 07:30:00+00:00,2024-01-21 18:00:00+00:00,17495,34.5,13740,3755,18
2024-01-20 07:30:00+00:00,2024-01-21 19:00:00+00:00,17447,35.5,12901,4546,19
2024-01-20 07:30:00+00:00,2024-01-21 20:00:00+00:00,17345,36.5,11299,6046,20
2024-01-20 07:30:00+00:00,2024-01-21 21:00:00+00:00,16207,37.5,9112,7095,21
2024-01-20 07:30:00+00:00,2024-01-21 22:00:00+00:00,14805,38.5,8108,6697,22
2024-01-20 07:30:00+00:00,2024-01-21 23:00:00+00:00,14591,39.5,8493,6098,23
2024-01-20 07:30:00+00:00,2024-01-22 00:00:00+00:00,14999,40.5,8662,6337,0
2024-01-20 07:30:00+00:00,2024-01-22 01:00:00+00:00,16381,41.5,8121,8260,1
2024-01-20 07:30:00+00:00,2024-01-22 02:00:00+00:00,16910,42.5,8638,8272,2
2024-01-20 07:30:00+00:00,2024-01-22 03:00:00+00:00,18140,43.5,10235,7905,3
2024-01-20 07:30:00+00:00,2024-01-22 04:00:00+00:00,18587,44.5,11196,7391,4
2024-01-20 07:30:00+00:00,2024-01-22 05:00:00+00:00,18720,45.5,11531,7189,5
2024-01-20 07:30:00+00:00,2024-01-22 06:00:00+00:00,18703,46.5,12139,6564,6
2024-01-20 07:30:00+00:00,2024-01-22 07:00:00+00:00,18820,47.5,13423,5397,7
2024-01-20 04:30:00+00:00,2024-01-20 21:00:00+00:00,19540,16.5,16434,3106,21
2024-01-20 04:30:00+00:00,2024-01-20 22:00:00+00:00,19511,17.5,16118,3393,22
2024-01-20 04:30:00+00:00,2024-01-20 23:00:00+00:00,19349,18.5,16072,3277,23
2024-01-20 04:30:00+00:00,2024-01-21 00:00:00+00:00,19045,19.5,15884,3161,0
2024-01-20 04:30:00+00:00,2024-01-21 01:00:00+00:00,18520,20.5,15248,3272,1
2024-01-20 04:30:00+00:00,2024-01-21 02:00:00+00:00,17885,21.5,14809,3076,2
2024-01-20 04:30:00+00:00,2024-01-21 03:00:00+00:00,17263,22.5,14474,2789,3
2024-01-20 04:30:00+00:00,2024-01-21 04:00:00+00:00,17050,23.5,13775,3275,4
2024-01-20 04:30:00+00:00,2024-01-21 05:00:00+00:00,17069,24.5,14540,2529,5
2024-01-20 04:30:00+00:00,2024-01-21 06:00:00+00:00,17162,25.5,13505,3657,6
2024-01-20 04:30:00+00:00,2024-01-21 07:00:00+00:00,17222,26.5,14359,2863,7
2024-01-20 04:30:00+00:00,2024-01-21 08:00:00+00:00,17173,27.5,14072,3101,8
2024-01-20 04:30:00+00:00,2024-01-21 09:00:00+00:00,17170,28.5,14474,2696,9
2024-01-20 04:30:00+00:00,2024-01-21 10:00:00+00:00,17290,29.5,15221,2069,10
2024-01-20 04:30:00+00:00,2024-01-21 11:00:00+00:00,17509,30.5,15127,2382,11
2024-01-20 04:30:00+00:00,2024-01-21 12:00:00+00:00,17743,31.5,15746,1997,12
2024-01-20 04:30:00+00:00,2024-01-21 13:00:00+00:00,18243,32.5,14874,3369,13
2024-01-20 04:30:00+00:00,2024-01-21 14:00:00+00:00,18664,33.5,14866,3798,14
2024-01-20 04:30:00+00:00,2024-01-21 15:00:00+00:00,19062,34.5,14802,4260,15
2024-01-20 04:30:00+00:00,2024-01-21 16:00:00+00:00,18688,35.5,14731,3957,16
2024-01-20 04:30:00+00:00,2024-01-21 17:00:00+00:00,17818,36.5,14630,3188,17
2024-01-20 04:30:00+00:00,2024-01-21 18:00:00+00:00,17561,37.5,13740,3821,18
2024-01-20 04:30:00+00:00,2024-01-21 19:00:00+00:00,17031,38.5,12901,4130,19
2024-01-20 04:30:00+00:00,2024-01-21 20:00:00+00:00,16335,39.5,11299,5036,20
2024-01-20 04:30:00+00:00,2024-01-21 21:00:00+00:00,15196,40.5,9112,6084,21
2024-01-20 04:30:00+00:00,2024-01-21 22:00:00+00:00,15002,41.5,8108,6894,22
2024-01-20 04:30:00+00:00,2024-01-21 23:00:00+00:00,15227,42.5,8493,6734,23
2024-01-20 04:30:00+00:00,2024-01-22 00:00:00+00:00,15574,43.5,8662,6912,0
2024-01-20 04:30:00+00:00,2024-01-22 01:00:00+00:00,15868,44.5,8121,7747,1
2024-01-20 04:30:00+00:00,2024-01-22 02:00:00+00:00,17094,45.5,8638,8456,2
2024-01-20 04:30:00+00:00,2024-01-22 03:00:00+00:00,18071,46.5,10235,7836,3
2024-01-20 04:30:00+00:00,2024-01-22 04:00:00+00:00,18569,47.5,11196,7373,4
2024-01-20 02:30:00+00:00,2024-01-20 21:00:00+00:00,19542,18.5,16434,3108,21
2024-01-20 02:30:00+00:00,2024-01-20 22:00:00+00:00,19512,19.5,16118,3394,22
2024-01-20 02:30:00+00:00,2024-01-20 23:00:00+00:00,19350,20.5,16072,3278,23
2024-01-20 02:30:00+00:00,2024-01-21 00:00:00+00:00,19046,21.5,15884,3162,0
2024-01-20 02:30:00+00:00,2024-01-21 01:00:00+00:00,18520,22.5,15248,3272,1
2024-01-20 02:30:00+00:00,2024-01-21 02:00:00+00:00,17885,23.5,14809,3076,2
2024-01-20 02:30:00+00:00,2024-01-21 03:00:00+00:00,17264,24.5,14474,2790,3
2024-01-20 02:30:00+00:00,2024-01-21 04:00:00+00:00,17050,25.5,13775,3275,4
2024-01-20 02:30:00+00:00,2024-01-21 05:00:00+00:00,17069,26.5,14540,2529,5
2024-01-20 02:30:00+00:00,2024-01-21 06:00:00+00:00,17160,27.5,13505,3655,6
2024-01-20 02:30:00+00:00,2024-01-21 07:00:00+00:00,17222,28.5,14359,2863,7
2024-01-20 02:30:00+00:00,2024-01-21 08:00:00+00:00,17174,29.5,14072,3102,8
2024-01-20 02:30:00+00:00,2024-01-21 09:00:00+00:00,17165,30.5,14474,2691,9
2024-01-20 02:30:00+00:00,2024-01-21 10:00:00+00:00,17290,31.5,15221,2069,10
2024-01-20 02:30:00+00:00,2024-01-21 11:00:00+00:00,17508,32.5,15127,2381,11
2024-01-20 02:30:00+00:00,2024-01-21 12:00:00+00:00,17741,33.5,15746,1995,12
2024-01-20 02:30:00+00:00,2024-01-21 13:00:00+00:00,18242,34.5,14874,3368,13
2024-01-20 02:30:00+00:00,2024-01-21 14:00:00+00:00,18662,35.5,14866,3796,14
2024-01-20 02:30:00+00:00,2024-01-21 15:00:00+00:00,19058,36.5,14802,4256,15
2024-01-20 02:30:00+00:00,2024-01-21 16:00:00+00:00,18686,37.5,14731,3955,16
2024-01-20 02:30:00+00:00,2024-01-21 17:00:00+00:00,17816,38.5,14630,3186,17
2024-01-20 02:30:00+00:00,2024-01-21 18:00:00+00:00,17560,39.5,13740,3820,18
2024-01-20 02:30:00+00:00,2024-01-21 19:00:00+00:00,17030,40.5,12901,4129,19
2024-01-20 02:30:00+00:00,2024-01-21 20:00:00+00:00,16334,41.5,11299,5035,20
2024-01-20 02:30:00+00:00,2024-01-21 21:00:00+00:00,15195,42.5,9112,6083,21
2024-01-20 02:30:00+00:00,2024-01-21 22:00:00+00:00,15002,43.5,8108,6894,22
2024-01-20 02:30:00+00:00,2024-01-21 23:00:00+00:00,15226,44.5,8493,6733,23
2024-01-20 02:30:00+00:00,2024-01-22 00:00:00+00:00,15574,45.5,8662,6912,0
2024-01-20 02:30:00+00:00,2024-01-22 01:00:00+00:00,15868,46.5,8121,7747,1
2024-01-20 02:30:00+00:00,2024-01-22 02:00:00+00:00,17094,47.5,8638,8456,2
2024-01-19 22:30:00+00:00,2024-01-20 03:00:00+00:00,17693,4.5,14459,3234,3
2024-01-19 22:30:00+00:00,2024-01-20 04:00:00+00:00,18043,5.5,14938,3105,4
2024-01-19 22:30:00+00:00,2024-01-20 05:00:00+00:00,18251,6.5,15267,2984,5
2024-01-19 22:30:00+00:00,2024-01-20 06:00:00+00:00,18296,7.5,14918,3378,6
2024-01-19 22:30:00+00:00,2024-01-20 07:00:00+00:00,18271,8.5,14954,3317,7
2024-01-19 22:30:00+00:00,2024-01-20 08:00:00+00:00,18240,9.5,15281,2959,8
2024-01-19 22:30:00+00:00,2024-01-20 09:00:00+00:00,18238,10.5,15269,2969,9
2024-01-19 22:30:00+00:00,2024-01-20 10:00:00+00:00,18283,11.5,15432,2851,10
2024-01-19 22:30:00+00:00,2024-01-20 11:00:00+00:00,18264,12.5,15970,2294,11
2024-01-19 22:30:00+00:00,2024-01-20 12:00:00+00:00,18281,13.5,16185,2096,12
2024-01-19 22:30:00+00:00,2024-01-20 13:00:00+00:00,18342,14.5,16129,2213,13
2024-01-19 22:30:00+00:00,2024-01-20 14:00:00+00:00,18454,15.5,16279,2175,14
2024-01-19 22:30:00+00:00,2024-01-20 15:00:00+00:00,18685,16.5,16261,2424,15
2024-01-19 22:30:00+00:00,2024-01-20 16:00:00+00:00,18950,17.5,16240,2710,16
2024-01-19 22:30:00+00:00,2024-01-20 17:00:00+00:00,19171,18.5,16246,2925,17
2024-01-19 22:30:00+00:00,2024-01-20 18:00:00+00:00,19341,19.5,16073,3268,18
2024-01-19 22:30:00+00:00,2024-01-20 19:00:00+00:00,19508,20.5,15985,3523,19
2024-01-19 22:30:00+00:00,2024-01-20 20:00:00+00:00,19602,21.5,16260,3342,20
2024-01-19 22:30:00+00:00,2024-01-20 21:00:00+00:00,19599,22.5,16434,3165,21
2024-01-19 22:30:00+00:00,2024-01-20 22:00:00+00:00,19525,23.5,16118,3407,22
2024-01-19 22:30:00+00:00,2024-01-20 23:00:00+00:00,19308,24.5,16072,3236,23
2024-01-19 22:30:00+00:00,2024-01-21 00:00:00+00:00,18930,25.5,15884,3046,0
2024-01-19 22:30:00+00:00,2024-01-21 01:00:00+00:00,18357,26.5,15248,3109,1
2024-01-19 22:30:00+00:00,2024-01-21 02:00:00+00:00,17803,27.5,14809,2994,2
2024-01-19 22:30:00+00:00,2024-01-21 03:00:00+00:00,17229,28.5,14474,2755,3
2024-01-19 22:30:00+00:00,2024-01-21 04:00:00+00:00,17087,29.5,13775,3312,4
2024-01-19 22:30:00+00:00,2024-01-21 05:00:00+00:00,17060,30.5,14540,2520,5
2024-01-19 22:30:00+00:00,2024-01-21 06:00:00+00:00,17067,31.5,13505,3562,6
2024-01-19 22:30:00+00:00,2024-01-21 07:00:00+00:00,17125,32.5,14359,2766,7
2024-01-19 22:30:00+00:00,2024-01-21 08:00:00+00:00,17185,33.5,14072,3113,8
2024-01-19 22:30:00+00:00,2024-01-21 09:00:00+00:00,17278,34.5,14474,2804,9
2024-01-19 22:30:00+00:00,2024-01-21 10:00:00+00:00,17492,35.5,15221,2271,10
2024-01-19 22:30:00+00:00,2024-01-21 11:00:00+00:00,17717,36.5,15127,2590,11
2024-01-19 22:30:00+00:00,2024-01-21 12:00:00+00:00,17888,37.5,15746,2142,12
2024-01-19 22:30:00+00:00,2024-01-21 13:00:00+00:00,18342,38.5,14874,3468,13
2024-01-19 22:30:00+00:00,2024-01-21 14:00:00+00:00,18563,39.5,14866,3697,14
2024-01-19 22:30:00+00:00,2024-01-21 15:00:00+00:00,18592,40.5,14802,3790,15
2024-01-19 22:30:00+00:00,2024-01-21 16:00:00+00:00,18837,41.5,14731,4106,16
2024-01-19 22:30:00+00:00,2024-01-21 17:00:00+00:00,18737,42.5,14630,4107,17
2024-01-19 22:30:00+00:00,2024-01-21 18:00:00+00:00,17996,43.5,13740,4256,18
2024-01-19 22:30:00+00:00,2024-01-21 19:00:00+00:00,17604,44.5,12901,4703,19
2024-01-19 22:30:00+00:00,2024-01-21 20:00:00+00:00,17113,45.5,11299,5814,20
2024-01-19 22:30:00+00:00,2024-01-21 21:00:00+00:00,15763,46.5,9112,6651,21
2024-01-19 18:30:00+00:00,2024-01-19 23:00:00+00:00,16409,4.5,14025,2384,23
2024-01-19 18:30:00+00:00,2024-01-20 00:00:00+00:00,16746,5.5,13736,3010,0
2024-01-19 18:30:00+00:00,2024-01-20 01:00:00+00:00,17061,6.5,13650,3411,1
2024-01-19 18:30:00+00:00,2024-01-20 02:00:00+00:00,17363,7.5,14124,3239,2
2024-01-19 18:30:00+00:00,2024-01-20 03:00:00+00:00,17690,8.5,14459,3231,3
2024-01-19 18:30:00+00:00,2024-01-20 04:00:00+00:00,18048,9.5,14938,3110,4
2024-01-19 18:30:00+00:00,2024-01-20 05:00:00+00:00,18254,10.5,15267,2987,5
2024-01-19 18:30:00+00:00,2024-01-20 06:00:00+00:00,18296,11.5,14918,3378,6
2024-01-19 18:30:00+00:00,2024-01-20 07:00:00+00:00,18271,12.5,14954,3317,7
2024-01-19 18:30:00+00:00,2024-01-20 08:00:00+00:00,18240,13.5,15281,2959,8
2024-01-19 18:30:00+00:00,2024-01-20 09:00:00+00:00,18240,14.5,15269,2971,9
2024-01-19 18:30:00+00:00,2024-01-20 10:00:00+00:00,18284,15.5,15432,2852,10
2024-01-19 18:30:00+00:00,2024-01-20 11:00:00+00:00,18265,16.5,15970,2295,11
2024-01-19 18:30:00+00:00,2024-01-20 12:00:00+00:00,18283,17.5,16185,2098,12
2024-01-19 18:30:00+00:00,2024-01-20 13:00:00+00:00,18344,18.5,16129,2215,13
2024-01-19 18:30:00+00:00,2024-01-20 14:00:00+00:00,18457,19.5,16279,2178,14
2024-01-19 18:30:00+00:00,2024-01-20 15:00:00+00:00,18688,20.5,16261,2427,15
2024-01-19 18:30:00+00:00,2024-01-20 16:00:00+00:00,18952,21.5,16240,2712,16
2024-01-19 18:30:00+00:00,2024-01-20 17:00:00+00:00,19174,22.5,16246,2928,17
2024-01-19 18:30:00+00:00,2024-01-20 18:00:00+00:00,19343,23.5,16073,3270,18
2024-01-19 18:30:00+00:00,2024-01-20 19:00:00+00:00,19509,24.5,15985,3524,19
2024-01-19 18:30:00+00:00,2024-01-20 20:00:00+00:00,19603,25.5,16260,3343,20
2024-01-19 18:30:00+00:00,2024-01-20 21:00:00+00:00,19600,26.5,16434,3166,21
2024-01-19 18:30:00+00:00,2024-01-20 22:00:00+00:00,19526,27.5,16118,3408,22
2024-01-19 18:30:00+00:00,2024-01-20 23:00:00+00:00,19309,28.5,16072,3237,23
2024-01-19 18:30:00+00:00,2024-01-21 00:00:00+00:00,18930,29.5,15884,3046,0
2024-01-19 18:30:00+00:00,2024-01-21 01:00:00+00:00,18357,30.5,15248,3109,1
2024-01-19 18:30:00+00:00,2024-01-21 02:00:00+00:00,17803,31.5,14809,2994,2
2024-01-19 18:30:00+00:00,2024-01-21 03:00:00+00:00,17229,32.5,14474,2755,3
2024-01-19 18:30:00+00:00,2024-01-21 04:00:00+00:00,17086,33.5,13775,3311,4
2024-01-19 18:30:00+00:00,2024-01-21 05:00:00+00:00,17060,34.5,14540,2520,5
2024-01-19 18:30:00+00:00,2024-01-21 06:00:00+00:00,17067,35.5,13505,3562,6
2024-01-19 18:30:00+00:00,2024-01-21 07:00:00+00:00,17124,36.5,14359,2765,7
2024-01-19 18:30:00+00:00,2024-01-21 08:00:00+00:00,17185,37.5,14072,3113,8
2024-01-19 18:30:00+00:00,2024-01-21 09:00:00+00:00,17280,38.5,14474,2806,9
2024-01-19 18:30:00+00:00,2024-01-21 10:00:00+00:00,17493,39.5,15221,2272,10
2024-01-19 18:30:00+00:00,2024-01-21 11:00:00+00:00,17718,40.5,15127,2591,11
2024-01-19 18:30:00+00:00,2024-01-21 12:00:00+00:00,17888,41.5,15746,2142,12
2024-01-19 18:30:00+00:00,2024-01-21 13:00:00+00:00,18341,42.5,14874,3467,13
2024-01-19 18:30:00+00:00,2024-01-21 14:00:00+00:00,18563,43.5,14866,3697,14
2024-01-19 18:30:00+00:00,2024-01-21 15:00:00+00:00,18591,44.5,14802,3789,15
2024-01-19 18:30:00+00:00,2024-01-21 16:00:00+00:00,18836,45.5,14731,4105,16
2024-01-19 18:30:00+00:00,2024-01-21 17:00:00+00:00,18736,46.5,14630,4106,17
2024-01-19 18:30:00+00:00,2024-01-21 18:00:00+00:00,17995,47.5,13740,4255,18
2024-01-19 15:30:00+00:00,2024-01-19 21:00:00+00:00,14993,5.5,13992,1001,21
2024-01-19 15:30:00+00:00,2024-01-19 22:00:00+00:00,15460,6.5,13956,1504,22
2024-01-19 15:30:00+00:00,2024-01-19 23:00:00+00:00,16013,7.5,14025,1988,23
2024-01-19 15:30:00+00:00,2024-01-20 00:00:00+00:00,16358,8.5,13736,2622,0
2024-01-19 15:30:00+00:00,2024-01-20 01:00:00+00:00,16670,9.5,13650,3020,1
2024-01-19 15:30:00+00:00,2024-01-20 02:00:00+00:00,17054,10.5,14124,2930,2
2024-01-19 15:30:00+00:00,2024-01-20 03:00:00+00:00,17428,11.5,14459,2969,3
2024-01-19 15:30:00+00:00,2024-01-20 04:00:00+00:00,17712,12.5,14938,2774,4
2024-01-19 15:30:00+00:00,2024-01-20 05:00:00+00:00,17964,13.5,15267,2697,5
2024-01-19 15:30:00+00:00,2024-01-20 06:00:00+00:00,18097,14.5,14918,3179,6
2024-01-19 15:30:00+00:00,2024-01-20 07:00:00+00:00,18167,15.5,14954,3213,7
2024-01-19 15:30:00+00:00,2024-01-20 08:00:00+00:00,18178,16.5,15281,2897,8
2024-01-19 15:30:00+00:00,2024-01-20 09:00:00+00:00,18197,17.5,15269,2928,9
2024-01-19 15:30:00+00:00,2024-01-20 10:00:00+00:00,18269,18.5,15432,2837,10
2024-01-19 15:30:00+00:00,2024-01-20 11:00:00+00:00,18276,19.5,15970,2306,11
2024-01-19 15:30:00+00:00,2024-01-20 12:00:00+00:00,18334,20.5,16185,2149,12
2024-01-19 15:30:00+00:00,2024-01-20 13:00:00+00:00,18426,21.5,16129,2297,13
2024-01-19 15:30:00+00:00,2024-01-20 14:00:00+00:00,18517,22.5,16279,2238,14
2024-01-19 15:30:00+00:00,2024-01-20 15:00:00+00:00,18791,23.5,16261,2530,15
2024-01-19 15:30:00+00:00,2024-01-20 16:00:00+00:00,19037,24.5,16240,2797,16
2024-01-19 15:30:00+00:00,2024-01-20 17:00:00+00:00,19203,25.5,16246,2957,17
2024-01-19 15:30:00+00:00,2024-01-20 18:00:00+00:00,19348,26.5,16073,3275,18
2024-01-19 15:30:00+00:00,2024-01-20 19:00:00+00:00,19498,27.5,15985,3513,19
2024-01-19 15:30:00+00:00,2024-01-20 20:00:00+00:00,19567,28.5,16260,3307,20
2024-01-19 15:30:00+00:00,2024-01-20 21:00:00+00:00,19549,29.5,16434,3115,21
2024-01-19 15:30:00+00:00,2024-01-20 22:00:00+00:00,19386,30.5,16118,3268,22
2024-01-19 15:30:00+00:00,2024-01-20 23:00:00+00:00,19322,31.5,16072,3250,23
2024-01-19 15:30:00+00:00,2024-01-21 00:00:00+00:00,19008,32.5,15884,3124,0
2024-01-19 15:30:00+00:00,2024-01-21 01:00:00+00:00,18588,33.5,15248,3340,1
2024-01-19 15:30:00+00:00,2024-01-21 02:00:00+00:00,18169,34.5,14809,3360,2
2024-01-19 15:30:00+00:00,2024-01-21 03:00:00+00:00,17692,35.5,14474,3218,3
2024-01-19 15:30:00+00:00,2024-01-21 04:00:00+00:00,17224,36.5,13775,3449,4
2024-01-19 15:30:00+00:00,2024-01-21 05:00:00+00:00,17174,37.5,14540,2634,5
2024-01-19 15:30:00+00:00,2024-01-21 06:00:00+00:00,17104,38.5,13505,3599,6
2024-01-19 15:30:00+00:00,2024-01-21 07:00:00+00:00,17254,39.5,14359,2895,7
2024-01-19 15:30:00+00:00,2024-01-21 08:00:00+00:00,17381,40.5,14072,3309,8
2024-01-19 15:30:00+00:00,2024-01-21 09:00:00+00:00,17483,41.5,14474,3009,9
2024-01-19 15:30:00+00:00,2024-01-21 10:00:00+00:00,17965,42.5,15221,2744,10
2024-01-19 15:30:00+00:00,2024-01-21 11:00:00+00:00,18320,43.5,15127,3193,11
2024-01-19 15:30:00+00:00,2024-01-21 12:00:00+00:00,18471,44.5,15746,2725,12
2024-01-19 15:30:00+00:00,2024-01-21 13:00:00+00:00,18678,45.5,14874,3804,13
2024-01-19 15:30:00+00:00,2024-01-21 14:00:00+00:00,18658,46.5,14866,3792,14
2024-01-19 15:30:00+00:00,2024-01-21 15:00:00+00:00,18762,47.5,14802,3960,15
2024-01-19 11:30:00+00:00,2024-01-19 21:00:00+00:00,14501,9.5,13992,509,21
2024-01-19 11:30:00+00:00,2024-01-19 22:00:00+00:00,14928,10.5,13956,972,22
2024-01-19 11:30:00+00:00,2024-01-19 23:00:00+00:00,15469,11.5,14025,1444,23
2024-01-19 11:30:00+00:00,2024-01-20 00:00:00+00:00,15926,12.5,13736,2190,0
2024-01-19 11:30:00+00:00,2024-01-20 01:00:00+00:00,16280,13.5,13650,2630,1
2024-01-19 11:30:00+00:00,2024-01-20 02:00:00+00:00,16640,14.5,14124,2516,2
2024-01-19 11:30:00+00:00,2024-01-20 03:00:00+00:00,17058,15.5,14459,2599,3
2024-01-19 11:30:00+00:00,2024-01-20 04:00:00+00:00,17340,16.5,14938,2402,4
2024-01-19 11:30:00+00:00,2024-01-20 05:00:00+00:00,17611,17.5,15267,2344,5
2024-01-19 11:30:00+00:00,2024-01-20 06:00:00+00:00,17827,18.5,14918,2909,6
2024-01-19 11:30:00+00:00,2024-01-20 07:00:00+00:00,18003,19.5,14954,3049,7
2024-01-19 11:30:00+00:00,2024-01-20 08:00:00+00:00,18121,20.5,15281,2840,8
2024-01-19 11:30:00+00:00,2024-01-20 09:00:00+00:00,18219,21.5,15269,2950,9
2024-01-19 11:30:00+00:00,2024-01-20 10:00:00+00:00,18350,22.5,15432,2918,10
2024-01-19 11:30:00+00:00,2024-01-20 11:00:00+00:00,18437,23.5,15970,2467,11
2024-01-19 11:30:00+00:00,2024-01-20 12:00:00+00:00,18532,24.5,16185,2347,12
2024-01-19 11:30:00+00:00,2024-01-20 13:00:00+00:00,18613,25.5,16129,2484,13
2024-01-19 11:30:00+00:00,2024-01-20 14:00:00+00:00,18667,26.5,16279,2388,14
2024-01-19 11:30:00+00:00,2024-01-20 15:00:00+00:00,18772,27.5,16261,2511,15
2024-01-19 11:30:00+00:00,2024-01-20 16:00:00+00:00,19004,28.5,16240,2764,16
2024-01-19 11:30:00+00:00,2024-01-20 17:00:00+00:00,19151,29.5,16246,2905,17
2024-01-19 11:30:00+00:00,2024-01-20 18:00:00+00:00,19331,30.5,16073,3258,18
2024-01-19 11:30:00+00:00,2024-01-20 19:00:00+00:00,19396,31.5,15985,3411,19
2024-01-19 11:30:00+00:00,2024-01-20 20:00:00+00:00,19323,32.5,16260,3063,20
2024-01-19 11:30:00+00:00,2024-01-20 21:00:00+00:00,19394,33.5,16434,2960,21
2024-01-19 11:30:00+00:00,2024-01-20 22:00:00+00:00,18982,34.5,16118,2864,22
2024-01-19 11:30:00+00:00,2024-01-20 23:00:00+00:00,19047,35.5,16072,2975,23
2024-01-19 11:30:00+00:00,2024-01-21 00:00:00+00:00,18782,36.5,15884,2898,0
2024-01-19 11:30:00+00:00,2024-01-21 01:00:00+00:00,18618,37.5,15248,3370,1
2024-01-19 11:30:00+00:00,2024-01-21 02:00:00+00:00,18246,38.5,14809,3437,2
2024-01-19 11:30:00+00:00,2024-01-21 03:00:00+00:00,17680,39.5,14474,3206,3
2024-01-19 11:30:00+00:00,2024-01-21 04:00:00+00:00,17606,40.5,13775,3831,4
2024-01-19 11:30:00+00:00,2024-01-21 05:00:00+00:00,17515,41.5,14540,2975,5
2024-01-19 11:30:00+00:00,2024-01-21 06:00:00+00:00,17403,42.5,13505,3898,6
2024-01-19 11:30:00+00:00,2024-01-21 07:00:00+00:00,17539,43.5,14359,3180,7
2024-01-19 11:30:00+00:00,2024-01-21 08:00:00+00:00,17649,44.5,14072,3577,8
2024-01-19 11:30:00+00:00,2024-01-21 09:00:00+00:00,17731,45.5,14474,3257,9
2024-01-19 11:30:00+00:00,2024-01-21 10:00:00+00:00,18257,46.5,15221,3036,10
2024-01-19 11:30:00+00:00,2024-01-21 11:00:00+00:00,18587,47.5,15127,3460,11
2024-01-19 09:30:00+00:00,2024-01-19 21:00:00+00:00,14495,11.5,13992,503,21
2024-01-19 09:30:00+00:00,2024-01-19 22:00:00+00:00,14924,12.5,13956,968,22
2024-01-19 09:30:00+00:00,2024-01-19 23:00:00+00:00,15462,13.5,14025,1437,23
2024-01-19 09:30:00+00:00,2024-01-20 00:00:00+00:00,15915,14.5,13736,2179,0
2024-01-19 09:30:00+00:00,2024-01-20 01:00:00+00:00,16262,15.5,13650,2612,1
2024-01-19 09:30:00+00:00,2024-01-20 02:00:00+00:00,16616,16.5,14124,2492,2
2024-01-19 09:30:00+00:00,2024-01-20 03:00:00+00:00,17037,17.5,14459,2578,3
2024-01-19 09:30:00+00:00,2024-01-20 04:00:00+00:00,17326,18.5,14938,2388,4
2024-01-19 09:30:00+00:00,2024-01-20 05:00:00+00:00,17603,19.5,15267,2336,5
2024-01-19 09:30:00+00:00,2024-01-20 06:00:00+00:00,17834,20.5,14918,2916,6
2024-01-19 09:30:00+00:00,2024-01-20 07:00:00+00:00,17993,21.5,14954,3039,7
2024-01-19 09:30:00+00:00,2024-01-20 08:00:00+00:00,18107,22.5,15281,2826,8
2024-01-19 09:30:00+00:00,2024-01-20 09:00:00+00:00,18225,23.5,15269,2956,9
2024-01-19 09:30:00+00:00,2024-01-20 10:00:00+00:00,18344,24.5,15432,2912,10
2024-01-19 09:30:00+00:00,2024-01-20 11:00:00+00:00,18433,25.5,15970,2463,11
2024-01-19 09:30:00+00:00,2024-01-20 12:00:00+00:00,18532,26.5,16185,2347,12
2024-01-19 09:30:00+00:00,2024-01-20 13:00:00+00:00,18614,27.5,16129,2485,13
2024-01-19 09:30:00+00:00,2024-01-20 14:00:00+00:00,18665,28.5,16279,2386,14
2024-01-19 09:30:00+00:00,2024-01-20 15:00:00+00:00,18777,29.5,16261,2516,15
2024-01-19 09:30:00+00:00,2024-01-20 16:00:00+00:00,19008,30.5,16240,2768,16
2024-01-19 09:30:00+00:00,2024-01-20 17:00:00+00:00,19157,31.5,16246,2911,17
2024-01-19 09:30:00+00:00,2024-01-20 18:00:00+00:00,19343,32.5,16073,3270,18
2024-01-19 09:30:00+00:00,2024-01-20 19:00:00+00:00,19396,33.5,15985,3411,19
2024-01-19 09:30:00+00:00,2024-01-20 20:00:00+00:00,19320,34.5,16260,3060,20
2024-01-19 09:30:00+00:00,2024-01-20 21:00:00+00:00,19395,35.5,16434,2961,21
2024-01-19 09:30:00+00:00,2024-01-20 22:00:00+00:00,18986,36.5,16118,2868,22
2024-01-19 09:30:00+00:00,2024-01-20 23:00:00+00:00,19050,37.5,16072,2978,23
2024-01-19 09:30:00+00:00,2024-01-21 00:00:00+00:00,18783,38.5,15884,2899,0
2024-01-19 09:30:00+00:00,2024-01-21 01:00:00+00:00,18619,39.5,15248,3371,1
2024-01-19 09:30:00+00:00,2024-01-21 02:00:00+00:00,18249,40.5,14809,3440,2
2024-01-19 09:30:00+00:00,2024-01-21 03:00:00+00:00,17685,41.5,14474,3211,3
2024-01-19 09:30:00+00:00,2024-01-21 04:00:00+00:00,17609,42.5,13775,3834,4
2024-01-19 09:30:00+00:00,2024-01-21 05:00:00+00:00,17517,43.5,14540,2977,5
2024-01-19 09:30:00+00:00,2024-01-21 06:00:00+00:00,17403,44.5,13505,3898,6
2024-01-19 09:30:00+00:00,2024-01-21 07:00:00+00:00,17540,45.5,14359,3181,7
2024-01-19 09:30:00+00:00,2024-01-21 08:00:00+00:00,17650,46.5,14072,3578,8
2024-01-19 09:30:00+00:00,2024-01-21 09:00:00+00:00,17731,47.5,14474,3257,9
2024-01-19 07:30:00+00:00,2024-01-19 21:00:00+00:00,14495,13.5,13992,503,21
2024-01-19 07:30:00+00:00,2024-01-19 22:00:00+00:00,14923,14.5,13956,967,22
2024-01-19 07:30:00+00:00,2024-01-19 23:00:00+00:00,15462,15.5,14025,1437,23
2024-01-19 07:30:00+00:00,2024-01-20 00:00:00+00:00,15916,16.5,13736,2180,0
2024-01-19 07:30:00+00:00,2024-01-20 01:00:00+00:00,16262,17.5,13650,2612,1
2024-01-19 07:30:00+00:00,2024-01-20 02:00:00+00:00,16614,18.5,14124,2490,2
2024-01-19 07:30:00+00:00,2024-01-20 03:00:00+00:00,17033,19.5,14459,2574,3
2024-01-19 07:30:00+00:00,2024-01-20 04:00:00+00:00,17322,20.5,14938,2384,4
2024-01-19 07:30:00+00:00,2024-01-20 05:00:00+00:00,17601,21.5,15267,2334,5
2024-01-19 07:30:00+00:00,2024-01-20 06:00:00+00:00,17832,22.5,14918,2914,6
2024-01-19 07:30:00+00:00,2024-01-20 07:00:00+00:00,17990,23.5,14954,3036,7
2024-01-19 07:30:00+00:00,2024-01-20 08:00:00+00:00,18103,24.5,15281,2822,8
2024-01-19 07:30:00+00:00,2024-01-20 09:00:00+00:00,18223,25.5,15269,2954,9
2024-01-19 07:30:00+00:00,2024-01-20 10:00:00+00:00,18344,26.5,15432,2912,10
2024-01-19 07:30:00+00:00,2024-01-20 11:00:00+00:00,18434,27.5,15970,2464,11
2024-01-19 07:30:00+00:00,2024-01-20 12:00:00+00:00,18532,28.5,16185,2347,12
2024-01-19 07:30:00+00:00,2024-01-20 13:00:00+00:00,18615,29.5,16129,2486,13
2024-01-19 07:30:00+00:00,2024-01-20 14:00:00+00:00,18666,30.5,16279,2387,14
2024-01-19 07:30:00+00:00,2024-01-20 15:00:00+00:00,18778,31.5,16261,2517,15
2024-01-19 07:30:00+00:00,2024-01-20 16:00:00+00:00,19009,32.5,16240,2769,16
2024-01-19 07:30:00+00:00,2024-01-20 17:00:00+00:00,19157,33.5,16246,2911,17
2024-01-19 07:30:00+00:00,2024-01-20 18:00:00+00:00,19345,34.5,16073,3272,18
2024-01-19 07:30:00+00:00,2024-01-20 19:00:00+00:00,19397,35.5,15985,3412,19
2024-01-19 07:30:00+00:00,2024-01-20 20:00:00+00:00,19321,36.5,16260,3061,20
2024-01-19 07:30:00+00:00,2024-01-20 21:00:00+00:00,19395,37.5,16434,2961,21
2024-01-19 07:30:00+00:00,2024-01-20 22:00:00+00:00,18987,38.5,16118,2869,22
2024-01-19 07:30:00+00:00,2024-01-20 23:00:00+00:00,19050,39.5,16072,2978,23
2024-01-19 07:30:00+00:00,2024-01-21 00:00:00+00:00,18783,40.5,15884,2899,0
2024-01-19 07:30:00+00:00,2024-01-21 01:00:00+00:00,18619,41.5,15248,3371,1
2024-01-19 07:30:00+00:00,2024-01-21 02:00:00+00:00,18249,42.5,14809,3440,2
2024-01-19 07:30:00+00:00,2024-01-21 03:00:00+00:00,17685,43.5,14474,3211,3
2024-01-19 07:30:00+00:00,2024-01-21 04:00:00+00:00,17609,44.5,13775,3834,4
2024-01-19 07:30:00+00:00,2024-01-21 05:00:00+00:00,17517,45.5,14540,2977,5
2024-01-19 07:30:00+00:00,2024-01-21 06:00:00+00:00,17403,46.5,13505,3898,6
2024-01-19 07:30:00+00:00,2024-01-21 07:00:00+00:00,17540,47.5,14359,3181,7
2024-01-19 04:30:00+00:00,2024-01-19 21:00:00+00:00,14198,16.5,13992,206,21
2024-01-19 04:30:00+00:00,2024-01-19 22:00:00+00:00,14699,17.5,13956,743,22
2024-01-19 04:30:00+00:00,2024-01-19 23:00:00+00:00,15240,18.5,14025,1215,23
2024-01-19 04:30:00+00:00,2024-01-20 00:00:00+00:00,15773,19.5,13736,2037,0
2024-01-19 04:30:00+00:00,2024-01-20 01:00:00+00:00,16196,20.5,13650,2546,1
2024-01-19 04:30:00+00:00,2024-01-20 02:00:00+00:00,16592,21.5,14124,2468,2
2024-01-19 04:30:00+00:00,2024-01-20 03:00:00+00:00,16996,22.5,14459,2537,3
2024-01-19 04:30:00+00:00,2024-01-20 04:00:00+00:00,17298,23.5,14938,2360,4
2024-01-19 04:30:00+00:00,2024-01-20 05:00:00+00:00,17569,24.5,15267,2302,5
2024-01-19 04:30:00+00:00,2024-01-20 06:00:00+00:00,17870,25.5,14918,2952,6
2024-01-19 04:30:00+00:00,2024-01-20 07:00:00+00:00,18057,26.5,14954,3103,7
2024-01-19 04:30:00+00:00,2024-01-20 08:00:00+00:00,18259,27.5,15281,2978,8
2024-01-19 04:30:00+00:00,2024-01-20 09:00:00+00:00,18460,28.5,15269,3191,9
2024-01-19 04:30:00+00:00,2024-01-20 10:00:00+00:00,18583,29.5,15432,3151,10
2024-01-19 04:30:00+00:00,2024-01-20 11:00:00+00:00,18677,30.5,15970,2707,11
2024-01-19 04:30:00+00:00,2024-01-20 12:00:00+00:00,18772,31.5,16185,2587,12
2024-01-19 04:30:00+00:00,2024-01-20 13:00:00+00:00,18835,32.5,16129,2706,13
2024-01-19 04:30:00+00:00,2024-01-20 14:00:00+00:00,18849,33.5,16279,2570,14
2024-01-19 04:30:00+00:00,2024-01-20 15:00:00+00:00,18872,34.5,16261,2611,15
2024-01-19 04:30:00+00:00,2024-01-20 16:00:00+00:00,18571,35.5,16240,2331,16
2024-01-19 04:30:00+00:00,2024-01-20 17:00:00+00:00,18566,36.5,16246,2320,17
2024-01-19 04:30:00+00:00,2024-01-20 18:00:00+00:00,18696,37.5,16073,2623,18
2024-01-19 04:30:00+00:00,2024-01-20 19:00:00+00:00,18595,38.5,15985,2610,19
2024-01-19 04:30:00+00:00,2024-01-20 20:00:00+00:00,18671,39.5,16260,2411,20
2024-01-19 04:30:00+00:00,2024-01-20 21:00:00+00:00,18759,40.5,16434,2325,21
2024-01-19 04:30:00+00:00,2024-01-20 22:00:00+00:00,18917,41.5,16118,2799,22
2024-01-19 04:30:00+00:00,2024-01-20 23:00:00+00:00,18890,42.5,16072,2818,23
2024-01-19 04:30:00+00:00,2024-01-21 00:00:00+00:00,18932,43.5,15884,3048,0
2024-01-19 04:30:00+00:00,2024-01-21 01:00:00+00:00,18790,44.5,15248,3542,1
2024-01-19 04:30:00+00:00,2024-01-21 02:00:00+00:00,18406,45.5,14809,3597,2
2024-01-19 04:30:00+00:00,2024-01-21 03:00:00+00:00,17920,46.5,14474,3446,3
2024-01-19 04:30:00+00:00,2024-01-21 04:00:00+00:00,17812,47.5,13775,4037,4
2024-01-19 02:30:00+00:00,2024-01-19 21:00:00+00:00,14192,18.5,13992,200,21
2024-01-19 02:30:00+00:00,2024-01-19 22:00:00+00:00,14694,19.5,13956,738,22
2024-01-19 02:30:00+00:00,2024-01-19 23:00:00+00:00,15233,20.5,14025,1208,23
2024-01-19 02:30:00+00:00,2024-01-20 00:00:00+00:00,15764,21.5,13736,2028,0
2024-01-19 02:30:00+00:00,2024-01-20 01:00:00+00:00,16196,22.5,13650,2546,1
2024-01-19 02:30:00+00:00,2024-01-20 02:00:00+00:00,16590,23.5,14124,2466,2
2024-01-19 02:30:00+00:00,2024-01-20 03:00:00+00:00,16989,24.5,14459,2530,3
2024-01-19 02:30:00+00:00,2024-01-20 04:00:00+00:00,17295,25.5,14938,2357,4
2024-01-19 02:30:00+00:00,2024-01-20 05:00:00+00:00,17566,26.5,15267,2299,5
2024-01-19 02:30:00+00:00,2024-01-20 06:00:00+00:00,17869,27.5,14918,2951,6
2024-01-19 02:30:00+00:00,2024-01-20 07:00:00+00:00,18058,28.5,14954,3104,7
2024-01-19 02:30:00+00:00,2024-01-20 08:00:00+00:00,18261,29.5,15281,2980,8
2024-01-19 02:30:00+00:00,2024-01-20 09:00:00+00:00,18459,30.5,15269,3190,9
2024-01-19 02:30:00+00:00,2024-01-20 10:00:00+00:00,18584,31.5,15432,3152,10
2024-01-19 02:30:00+00:00,2024-01-20 11:00:00+00:00,18678,32.5,15970,2708,11
2024-01-19 02:30:00+00:00,2024-01-20 12:00:00+00:00,18776,33.5,16185,2591,12
2024-01-19 02:30:00+00:00,2024-01-20 13:00:00+00:00,18835,34.5,16129,2706,13
2024-01-19 02:30:00+00:00,2024-01-20 14:00:00+00:00,18849,35.5,16279,2570,14
2024-01-19 02:30:00+00:00,2024-01-20 15:00:00+00:00,18878,36.5,16261,2617,15
2024-01-19 02:30:00+00:00,2024-01-20 16:00:00+00:00,18578,37.5,16240,2338,16
2024-01-19 02:30:00+00:00,2024-01-20 17:00:00+00:00,18572,38.5,16246,2326,17
2024-01-19 02:30:00+00:00,2024-01-20 18:00:00+00:00,18700,39.5,16073,2627,18
2024-01-19 02:30:00+00:00,2024-01-20 19:00:00+00:00,18598,40.5,15985,2613,19
2024-01-19 02:30:00+00:00,2024-01-20 20:00:00+00:00,18673,41.5,16260,2413,20
2024-01-19 02:30:00+00:00,2024-01-20 21:00:00+00:00,18760,42.5,16434,2326,21
2024-01-19 02:30:00+00:00,2024-01-20 22:00:00+00:00,18918,43.5,16118,2800,22
2024-01-19 02:30:00+00:00,2024-01-20 23:00:00+00:00,18892,44.5,16072,2820,23
2024-01-19 02:30:00+00:00,2024-01-21 00:00:00+00:00,18933,45.5,15884,3049,0
2024-01-19 02:30:00+00:00,2024-01-21 01:00:00+00:00,18791,46.5,15248,3543,1
2024-01-19 02:30:00+00:00,2024-01-21 02:00:00+00:00,18407,47.5,14809,3598,2
2024-01-18 22:30:00+00:00,2024-01-19 03:00:00+00:00,12507,4.5,11687,820,3
2024-01-18 22:30:00+00:00,2024-01-19 04:00:00+00:00,12790,5.5,11337,1453,4
2024-01-18 22:30:00+00:00,2024-01-19 05:00:00+00:00,13026,6.5,11423,1603,5
2024-01-18 22:30:00+00:00,2024-01-19 06:00:00+00:00,13208,7.5,11717,1491,6
2024-01-18 22:30:00+00:00,2024-01-19 07:00:00+00:00,13365,8.5,11668,1697,7
2024-01-18 22:30:00+00:00,2024-01-19 08:00:00+00:00,13655,9.5,12606,1049,8
2024-01-18 22:30:00+00:00,2024-01-19 09:00:00+00:00,13950,10.5,12592,1358,9
2024-01-18 22:30:00+00:00,2024-01-19 10:00:00+00:00,14073,11.5,12700,1373,10
2024-01-18 22:30:00+00:00,2024-01-19 11:00:00+00:00,14155,12.5,13342,813,11
2024-01-18 22:30:00+00:00,2024-01-19 12:00:00+00:00,14285,13.5,13807,478,12
2024-01-18 22:30:00+00:00,2024-01-19 13:00:00+00:00,14224,14.5,11807,2417,13
2024-01-18 22:30:00+00:00,2024-01-19 14:00:00+00:00,14102,15.5,14160,58,14
2024-01-18 22:30:00+00:00,2024-01-19 15:00:00+00:00,13848,16.5,13844,4,15
2024-01-18 22:30:00+00:00,2024-01-19 16:00:00+00:00,13437,17.5,13906,469,16
2024-01-18 22:30:00+00:00,2024-01-19 17:00:00+00:00,13283,18.5,13613,330,17
2024-01-18 22:30:00+00:00,2024-01-19 18:00:00+00:00,13337,19.5,14025,688,18
2024-01-18 22:30:00+00:00,2024-01-19 19:00:00+00:00,13468,20.5,14208,740,19
2024-01-18 22:30:00+00:00,2024-01-19 20:00:00+00:00,13678,21.5,14634,956,20
2024-01-18 22:30:00+00:00,2024-01-19 21:00:00+00:00,13906,22.5,13992,86,21
2024-01-18 22:30:00+00:00,2024-01-19 22:00:00+00:00,14312,23.5,13956,356,22
2024-01-18 22:30:00+00:00,2024-01-19 23:00:00+00:00,14862,24.5,14025,837,23
2024-01-18 22:30:00+00:00,2024-01-20 00:00:00+00:00,15429,25.5,13736,1693,0
2024-01-18 22:30:00+00:00,2024-01-20 01:00:00+00:00,15948,26.5,13650,2298,1
2024-01-18 22:30:00+00:00,2024-01-20 02:00:00+00:00,16408,27.5,14124,2284,2
2024-01-18 22:30:00+00:00,2024-01-20 03:00:00+00:00,16848,28.5,14459,2389,3
2024-01-18 22:30:00+00:00,2024-01-20 04:00:00+00:00,17280,29.5,14938,2342,4
2024-01-18 22:30:00+00:00,2024-01-20 05:00:00+00:00,17543,30.5,15267,2276,5
2024-01-18 22:30:00+00:00,2024-01-20 06:00:00+00:00,17864,31.5,14918,2946,6
2024-01-18 22:30:00+00:00,2024-01-20 07:00:00+00:00,18098,32.5,14954,3144,7
2024-01-18 22:30:00+00:00,2024-01-20 08:00:00+00:00,18335,33.5,15281,3054,8
2024-01-18 22:30:00+00:00,2024-01-20 09:00:00+00:00,18568,34.5,15269,3299,9
2024-01-18 22:30:00+00:00,2024-01-20 10:00:00+00:00,18309,35.5,15432,2877,10
2024-01-18 22:30:00+00:00,2024-01-20 11:00:00+00:00,18406,36.5,15970,2436,11
2024-01-18 22:30:00+00:00,2024-01-20 12:00:00+00:00,18471,37.5,16185,2286,12
2024-01-18 22:30:00+00:00,2024-01-20 13:00:00+00:00,18485,38.5,16129,2356,13
2024-01-18 22:30:00+00:00,2024-01-20 14:00:00+00:00,18496,39.5,16279,2217,14
2024-01-18 22:30:00+00:00,2024-01-20 15:00:00+00:00,18503,40.5,16261,2242,15
2024-01-18 22:30:00+00:00,2024-01-20 16:00:00+00:00,18627,41.5,16240,2387,16
2024-01-18 22:30:00+00:00,2024-01-20 17:00:00+00:00,18705,42.5,16246,2459,17
2024-01-18 22:30:00+00:00,2024-01-20 18:00:00+00:00,18766,43.5,16073,2693,18
2024-01-18 22:30:00+00:00,2024-01-20 19:00:00+00:00,18851,44.5,15985,2866,19
2024-01-18 22:30:00+00:00,2024-01-20 20:00:00+00:00,18926,45.5,16260,2666,20
2024-01-18 22:30:00+00:00,2024-01-20 21:00:00+00:00,18964,46.5,16434,2530,21
2024-01-18 18:30:00+00:00,2024-01-18 23:00:00+00:00,11190,4.5,11716,526,23
2024-01-18 18:30:00+00:00,2024-01-19 00:00:00+00:00,11629,5.5,11417,212,0
2024-01-18 18:30:00+00:00,2024-01-19 01:00:00+00:00,11977,6.5,11590,387,1
2024-01-18 18:30:00+00:00,2024-01-19 02:00:00+00:00,12317,7.5,11509,808,2
2024-01-18 18:30:00+00:00,2024-01-19 03:00:00+00:00,12506,8.5,11687,819,3
2024-01-18 18:30:00+00:00,2024-01-19 04:00:00+00:00,12789,9.5,11337,1452,4
2024-01-18 18:30:00+00:00,2024-01-19 05:00:00+00:00,13026,10.5,11423,1603,5
2024-01-18 18:30:00+00:00,2024-01-19 06:00:00+00:00,13209,11.5,11717,1492,6
2024-01-18 18:30:00+00:00,2024-01-19 07:00:00+00:00,13365,12.5,11668,1697,7
2024-01-18 18:30:00+00:00,2024-01-19 08:00:00+00:00,13655,13.5,12606,1049,8
2024-01-18 18:30:00+00:00,2024-01-19 09:00:00+00:00,13950,14.5,12592,1358,9
2024-01-18 18:30:00+00:00,2024-01-19 10:00:00+00:00,14073,15.5,12700,1373,10
2024-01-18 18:30:00+00:00,2024-01-19 11:00:00+00:00,14155,16.5,13342,813,11
2024-01-18 18:30:00+00:00,2024-01-19 12:00:00+00:00,14286,17.5,13807,479,12
2024-01-18 18:30:00+00:00,2024-01-19 13:00:00+00:00,14224,18.5,11807,2417,13
2024-01-18 18:30:00+00:00,2024-01-19 14:00:00+00:00,14099,19.5,14160,61,14
2024-01-18 18:30:00+00:00,2024-01-19 15:00:00+00:00,13846,20.5,13844,2,15
2024-01-18 18:30:00+00:00,2024-01-19 16:00:00+00:00,13435,21.5,13906,471,16
2024-01-18 18:30:00+00:00,2024-01-19 17:00:00+00:00,13281,22.5,13613,332,17
2024-01-18 18:30:00+00:00,2024-01-19 18:00:00+00:00,13334,23.5,14025,691,18
2024-01-18 18:30:00+00:00,2024-01-19 19:00:00+00:00,13464,24.5,14208,744,19
2024-01-18 18:30:00+00:00,2024-01-19 20:00:00+00:00,13676,25.5,14634,958,20
2024-01-18 18:30:00+00:00,2024-01-19 21:00:00+00:00,13905,26.5,13992,87,21
2024-01-18 18:30:00+00:00,2024-01-19 22:00:00+00:00,14313,27.5,13956,357,22
2024-01-18 18:30:00+00:00,2024-01-19 23:00:00+00:00,14865,28.5,14025,840,23
2024-01-18 18:30:00+00:00,2024-01-20 00:00:00+00:00,15431,29.5,13736,1695,0
2024-01-18 18:30:00+00:00,2024-01-20 01:00:00+00:00,15946,30.5,13650,2296,1
2024-01-18 18:30:00+00:00,2024-01-20 02:00:00+00:00,16407,31.5,14124,2283,2
2024-01-18 18:30:00+00:00,2024-01-20 03:00:00+00:00,16842,32.5,14459,2383,3
2024-01-18 18:30:00+00:00,2024-01-20 04:00:00+00:00,17272,33.5,14938,2334,4
2024-01-18 18:30:00+00:00,2024-01-20 05:00:00+00:00,17541,34.5,15267,2274,5
2024-01-18 18:30:00+00:00,2024-01-20 06:00:00+00:00,17869,35.5,14918,2951,6
2024-01-18 18:30:00+00:00,2024-01-20 07:00:00+00:00,18101,36.5,14954,3147,7
2024-01-18 18:30:00+00:00,2024-01-20 08:00:00+00:00,18336,37.5,15281,3055,8
2024-01-18 18:30:00+00:00,2024-01-20 09:00:00+00:00,18572,38.5,15269,3303,9
2024-01-18 18:30:00+00:00,2024-01-20 10:00:00+00:00,18312,39.5,15432,2880,10
2024-01-18 18:30:00+00:00,2024-01-20 11:00:00+00:00,18408,40.5,15970,2438,11
2024-01-18 18:30:00+00:00,2024-01-20 12:00:00+00:00,18472,41.5,16185,2287,12
2024-01-18 18:30:00+00:00,2024-01-20 13:00:00+00:00,18486,42.5,16129,2357,13
2024-01-18 18:30:00+00:00,2024-01-20 14:00:00+00:00,18498,43.5,16279,2219,14
2024-01-18 18:30:00+00:00,2024-01-20 15:00:00+00:00,18505,44.5,16261,2244,15
2024-01-18 18:30:00+00:00,2024-01-20 16:00:00+00:00,18629,45.5,16240,2389,16
2024-01-18 18:30:00+00:00,2024-01-20 17:00:00+00:00,18706,46.5,16246,2460,17
2024-01-18 18:30:00+00:00,2024-01-20 18:00:00+00:00,18767,47.5,16073,2694,18
2024-01-18 15:30:00+00:00,2024-01-18 21:00:00+00:00,11636,5.5,11629,7,21
2024-01-18 15:30:00+00:00,2024-01-18 22:00:00+00:00,11674,6.5,11561,113,22
2024-01-18 15:30:00+00:00,2024-01-18 23:00:00+00:00,11966,7.5,11716,250,23
2024-01-18 15:30:00+00:00,2024-01-19 00:00:00+00:00,12213,8.5,11417,796,0
2024-01-18 15:30:00+00:00,2024-01-19 01:00:00+00:00,12666,9.5,11590,1076,1
2024-01-18 15:30:00+00:00,2024-01-19 02:00:00+00:00,12968,10.5,11509,1459,2
2024-01-18 15:30:00+00:00,2024-01-19 03:00:00+00:00,13121,11.5,11687,1434,3
2024-01-18 15:30:00+00:00,2024-01-19 04:00:00+00:00,13401,12.5,11337,2064,4
2024-01-18 15:30:00+00:00,2024-01-19 05:00:00+00:00,13745,13.5,11423,2322,5
2024-01-18 15:30:00+00:00,2024-01-19 06:00:00+00:00,13882,14.5,11717,2165,6
2024-01-18 15:30:00+00:00,2024-01-19 07:00:00+00:00,14037,15.5,11668,2369,7
2024-01-18 15:30:00+00:00,2024-01-19 08:00:00+00:00,14242,16.5,12606,1636,8
2024-01-18 15:30:00+00:00,2024-01-19 09:00:00+00:00,14357,17.5,12592,1765,9
2024-01-18 15:30:00+00:00,2024-01-19 10:00:00+00:00,14361,18.5,12700,1661,10
2024-01-18 15:30:00+00:00,2024-01-19 11:00:00+00:00,14322,19.5,13342,980,11
2024-01-18 15:30:00+00:00,2024-01-19 12:00:00+00:00,14460,20.5,13807,653,12
2024-01-18 15:30:00+00:00,2024-01-19 13:00:00+00:00,14398,21.5,11807,2591,13
2024-01-18 15:30:00+00:00,2024-01-19 14:00:00+00:00,14163,22.5,14160,3,14
2024-01-18 15:30:00+00:00,2024-01-19 15:00:00+00:00,13933,23.5,13844,89,15
2024-01-18 15:30:00+00:00,2024-01-19 16:00:00+00:00,13622,24.5,13906,284,16
2024-01-18 15:30:00+00:00,2024-01-19 17:00:00+00:00,13421,25.5,13613,192,17
2024-01-18 15:30:00+00:00,2024-01-19 18:00:00+00:00,13426,26.5,14025,599,18
2024-01-18 15:30:00+00:00,2024-01-19 19:00:00+00:00,13506,27.5,14208,702,19
2024-01-18 15:30:00+00:00,2024-01-19 20:00:00+00:00,13683,28.5,14634,951,20
2024-01-18 15:30:00+00:00,2024-01-19 21:00:00+00:00,13944,29.5,13992,48,21
2024-01-18 15:30:00+00:00,2024-01-19 22:00:00+00:00,14350,30.5,13956,394,22
2024-01-18 15:30:00+00:00,2024-01-19 23:00:00+00:00,14849,31.5,14025,824,23
2024-01-18 15:30:00+00:00,2024-01-20 00:00:00+00:00,15324,32.5,13736,1588,0
2024-01-18 15:30:00+00:00,2024-01-20 01:00:00+00:00,15890,33.5,13650,2240,1
2024-01-18 15:30:00+00:00,2024-01-20 02:00:00+00:00,16359,34.5,14124,2235,2
2024-01-18 15:30:00+00:00,2024-01-20 03:00:00+00:00,16901,35.5,14459,2442,3
2024-01-18 15:30:00+00:00,2024-01-20 04:00:00+00:00,17057,36.5,14938,2119,4
2024-01-18 15:30:00+00:00,2024-01-20 05:00:00+00:00,17449,37.5,15267,2182,5
2024-01-18 15:30:00+00:00,2024-01-20 06:00:00+00:00,17625,38.5,14918,2707,6
2024-01-18 15:30:00+00:00,2024-01-20 07:00:00+00:00,17860,39.5,14954,2906,7
2024-01-18 15:30:00+00:00,2024-01-20 08:00:00+00:00,18082,40.5,15281,2801,8
2024-01-18 15:30:00+00:00,2024-01-20 09:00:00+00:00,18231,41.5,15269,2962,9
2024-01-18 15:30:00+00:00,2024-01-20 10:00:00+00:00,18367,42.5,15432,2935,10
2024-01-18 15:30:00+00:00,2024-01-20 11:00:00+00:00,18475,43.5,15970,2505,11
2024-01-18 15:30:00+00:00,2024-01-20 12:00:00+00:00,18560,44.5,16185,2375,12
2024-01-18 15:30:00+00:00,2024-01-20 13:00:00+00:00,18526,45.5,16129,2397,13
2024-01-18 15:30:00+00:00,2024-01-20 14:00:00+00:00,18489,46.5,16279,2210,14
2024-01-18 15:30:00+00:00,2024-01-20 15:00:00+00:00,18449,47.5,16261,2188,15
2024-01-18 11:30:00+00:00,2024-01-18 21:00:00+00:00,11962,9.5,11629,333,21
2024-01-18 11:30:00+00:00,2024-01-18 22:00:00+00:00,12065,10.5,11561,504,22
2024-01-18 11:30:00+00:00,2024-01-18 23:00:00+00:00,12283,11.5,11716,567,23
2024-01-18 11:30:00+00:00,2024-01-19 00:00:00+00:00,12386,12.5,11417,969,0
2024-01-18 11:30:00+00:00,2024-01-19 01:00:00+00:00,12852,13.5,11590,1262,1
2024-01-18 11:30:00+00:00,2024-01-19 02:00:00+00:00,13033,14.5,11509,1524,2
2024-01-18 11:30:00+00:00,2024-01-19 03:00:00+00:00,13207,15.5,11687,1520,3
2024-01-18 11:30:00+00:00,2024-01-19 04:00:00+00:00,13458,16.5,11337,2121,4
2024-01-18 11:30:00+00:00,2024-01-19 05:00:00+00:00,13819,17.5,11423,2396,5
2024-01-18 11:30:00+00:00,2024-01-19 06:00:00+00:00,13960,18.5,11717,2243,6
2024-01-18 11:30:00+00:00,2024-01-19 07:00:00+00:00,14177,19.5,11668,2509,7
2024-01-18 11:30:00+00:00,2024-01-19 08:00:00+00:00,14328,20.5,12606,1722,8
2024-01-18 11:30:00+00:00,2024-01-19 09:00:00+00:00,14409,21.5,12592,1817,9
2024-01-18 11:30:00+00:00,2024-01-19 10:00:00+00:00,14437,22.5,12700,1737,10
2024-01-18 11:30:00+00:00,2024-01-19 11:00:00+00:00,14345,23.5,13342,1003,11
2024-01-18 11:30:00+00:00,2024-01-19 12:00:00+00:00,14411,24.5,13807,604,12
2024-01-18 11:30:00+00:00,2024-01-19 13:00:00+00:00,14463,25.5,11807,2656,13
2024-01-18 11:30:00+00:00,2024-01-19 14:00:00+00:00,14185,26.5,14160,25,14
2024-01-18 11:30:00+00:00,2024-01-19 15:00:00+00:00,13846,27.5,13844,2,15
2024-01-18 11:30:00+00:00,2024-01-19 16:00:00+00:00,13754,28.5,13906,152,16
2024-01-18 11:30:00+00:00,2024-01-19 17:00:00+00:00,13559,29.5,13613,54,17
2024-01-18 11:30:00+00:00,2024-01-19 18:00:00+00:00,13454,30.5,14025,571,18
2024-01-18 11:30:00+00:00,2024-01-19 19:00:00+00:00,13554,31.5,14208,654,19
2024-01-18 11:30:00+00:00,2024-01-19 20:00:00+00:00,13810,32.5,14634,824,20
2024-01-18 11:30:00+00:00,2024-01-19 21:00:00+00:00,14035,33.5,13992,43,21
2024-01-18 11:30:00+00:00,2024-01-19 22:00:00+00:00,14502,34.5,13956,546,22
2024-01-18 11:30:00+00:00,2024-01-19 23:00:00+00:00,14958,35.5,14025,933,23
2024-01-18 11:30:00+00:00,2024-01-20 00:00:00+00:00,15398,36.5,13736,1662,0
2024-01-18 11:30:00+00:00,2024-01-20 01:00:00+00:00,15859,37.5,13650,2209,1
2024-01-18 11:30:00+00:00,2024-01-20 02:00:00+00:00,16279,38.5,14124,2155,2
2024-01-18 11:30:00+00:00,2024-01-20 03:00:00+00:00,16699,39.5,14459,2240,3
2024-01-18 11:30:00+00:00,2024-01-20 04:00:00+00:00,17114,40.5,14938,2176,4
2024-01-18 11:30:00+00:00,2024-01-20 05:00:00+00:00,17456,41.5,15267,2189,5
2024-01-18 11:30:00+00:00,2024-01-20 06:00:00+00:00,17752,42.5,14918,2834,6
2024-01-18 11:30:00+00:00,2024-01-20 07:00:00+00:00,17837,43.5,14954,2883,7
2024-01-18 11:30:00+00:00,2024-01-20 08:00:00+00:00,18016,44.5,15281,2735,8
2024-01-18 11:30:00+00:00,2024-01-20 09:00:00+00:00,18157,45.5,15269,2888,9
2024-01-18 11:30:00+00:00,2024-01-20 10:00:00+00:00,18303,46.5,15432,2871,10
2024-01-18 11:30:00+00:00,2024-01-20 11:00:00+00:00,18424,47.5,15970,2454,11
2024-01-18 09:30:00+00:00,2024-01-18 21:00:00+00:00,11960,11.5,11629,331,21
2024-01-18 09:30:00+00:00,2024-01-18 22:00:00+00:00,12063,12.5,11561,502,22
2024-01-18 09:30:00+00:00,2024-01-18 23:00:00+00:00,12279,13.5,11716,563,23
2024-01-18 09:30:00+00:00,2024-01-19 00:00:00+00:00,12381,14.5,11417,964,0
2024-01-18 09:30:00+00:00,2024-01-19 01:00:00+00:00,12849,15.5,11590,1259,1
2024-01-18 09:30:00+00:00,2024-01-19 02:00:00+00:00,13034,16.5,11509,1525,2
2024-01-18 09:30:00+00:00,2024-01-19 03:00:00+00:00,13210,17.5,11687,1523,3
2024-01-18 09:30:00+00:00,2024-01-19 04:00:00+00:00,13459,18.5,11337,2122,4
2024-01-18 09:30:00+00:00,2024-01-19 05:00:00+00:00,13820,19.5,11423,2397,5
2024-01-18 09:30:00+00:00,2024-01-19 06:00:00+00:00,13960,20.5,11717,2243,6
2024-01-18 09:30:00+00:00,2024-01-19 07:00:00+00:00,14176,21.5,11668,2508,7
2024-01-18 09:30:00+00:00,2024-01-19 08:00:00+00:00,14328,22.5,12606,1722,8
2024-01-18 09:30:00+00:00,2024-01-19 09:00:00+00:00,14411,23.5,12592,1819,9
2024-01-18 09:30:00+00:00,2024-01-19 10:00:00+00:00,14437,24.5,12700,1737,10
2024-01-18 09:30:00+00:00,2024-01-19 11:00:00+00:00,14345,25.5,13342,1003,11
2024-01-18 09:30:00+00:00,2024-01-19 12:00:00+00:00,14416,26.5,13807,609,12
2024-01-18 09:30:00+00:00,2024-01-19 13:00:00+00:00,14465,27.5,11807,2658,13
2024-01-18 09:30:00+00:00,2024-01-19 14:00:00+00:00,14185,28.5,14160,25,14
2024-01-18 09:30:00+00:00,2024-01-19 15:00:00+00:00,13851,29.5,13844,7,15
2024-01-18 09:30:00+00:00,2024-01-19 16:00:00+00:00,13754,30.5,13906,152,16
2024-01-18 09:30:00+00:00,2024-01-19 17:00:00+00:00,13559,31.5,13613,54,17
2024-01-18 09:30:00+00:00,2024-01-19 18:00:00+00:00,13460,32.5,14025,565,18
2024-01-18 09:30:00+00:00,2024-01-19 19:00:00+00:00,13554,33.5,14208,654,19
2024-01-18 09:30:00+00:00,2024-01-19 20:00:00+00:00,13804,34.5,14634,830,20
2024-01-18 09:30:00+00:00,2024-01-19 21:00:00+00:00,14036,35.5,13992,44,21
2024-01-18 09:30:00+00:00,2024-01-19 22:00:00+00:00,14522,36.5,13956,566,22
2024-01-18 09:30:00+00:00,2024-01-19 23:00:00+00:00,14992,37.5,14025,967,23
2024-01-18 09:30:00+00:00,2024-01-20 00:00:00+00:00,15439,38.5,13736,1703,0
2024-01-18 09:30:00+00:00,2024-01-20 01:00:00+00:00,15959,39.5,13650,2309,1
2024-01-18 09:30:00+00:00,2024-01-20 02:00:00+00:00,16399,40.5,14124,2275,2
2024-01-18 09:30:00+00:00,2024-01-20 03:00:00+00:00,16793,41.5,14459,2334,3
2024-01-18 09:30:00+00:00,2024-01-20 04:00:00+00:00,17173,42.5,14938,2235,4
2024-01-18 09:30:00+00:00,2024-01-20 05:00:00+00:00,17482,43.5,15267,2215,5
2024-01-18 09:30:00+00:00,2024-01-20 06:00:00+00:00,17755,44.5,14918,2837,6
2024-01-18 09:30:00+00:00,2024-01-20 07:00:00+00:00,17837,45.5,14954,2883,7
2024-01-18 09:30:00+00:00,2024-01-20 08:00:00+00:00,18015,46.5,15281,2734,8
2024-01-18 09:30:00+00:00,2024-01-20 09:00:00+00:00,18155,47.5,15269,2886,9
2024-01-18 07:30:00+00:00,2024-01-18 21:00:00+00:00,11960,13.5,11629,331,21
2024-01-18 07:30:00+00:00,2024-01-18 22:00:00+00:00,12063,14.5,11561,502,22
2024-01-18 07:30:00+00:00,2024-01-18 23:00:00+00:00,12280,15.5,11716,564,23
2024-01-18 07:30:00+00:00,2024-01-19 00:00:00+00:00,12382,16.5,11417,965,0
2024-01-18 07:30:00+00:00,2024-01-19 01:00:00+00:00,12849,17.5,11590,1259,1
2024-01-18 07:30:00+00:00,2024-01-19 02:00:00+00:00,13034,18.5,11509,1525,2
2024-01-18 07:30:00+00:00,2024-01-19 03:00:00+00:00,13210,19.5,11687,1523,3
2024-01-18 07:30:00+00:00,2024-01-19 04:00:00+00:00,13459,20.5,11337,2122,4
2024-01-18 07:30:00+00:00,2024-01-19 05:00:00+00:00,13820,21.5,11423,2397,5
2024-01-18 07:30:00+00:00,2024-01-19 06:00:00+00:00,13961,22.5,11717,2244,6
2024-01-18 07:30:00+00:00,2024-01-19 07:00:00+00:00,14176,23.5,11668,2508,7
2024-01-18 07:30:00+00:00,2024-01-19 08:00:00+00:00,14328,24.5,12606,1722,8
2024-01-18 07:30:00+00:00,2024-01-19 09:00:00+00:00,14411,25.5,12592,1819,9
2024-01-18 07:30:00+00:00,2024-01-19 10:00:00+00:00,14436,26.5,12700,1736,10
2024-01-18 07:30:00+00:00,2024-01-19 11:00:00+00:00,14344,27.5,13342,1002,11
2024-01-18 07:30:00+00:00,2024-01-19 12:00:00+00:00,14415,28.5,13807,608,12
2024-01-18 07:30:00+00:00,2024-01-19 13:00:00+00:00,14464,29.5,11807,2657,13
2024-01-18 07:30:00+00:00,2024-01-19 14:00:00+00:00,14184,30.5,14160,24,14
2024-01-18 07:30:00+00:00,2024-01-19 15:00:00+00:00,13850,31.5,13844,6,15
2024-01-18 07:30:00+00:00,2024-01-19 16:00:00+00:00,13753,32.5,13906,153,16
2024-01-18 07:30:00+00:00,2024-01-19 17:00:00+00:00,13558,33.5,13613,55,17
2024-01-18 07:30:00+00:00,2024-01-19 18:00:00+00:00,13460,34.5,14025,565,18
2024-01-18 07:30:00+00:00,2024-01-19 19:00:00+00:00,13553,35.5,14208,655,19
2024-01-18 07:30:00+00:00,2024-01-19 20:00:00+00:00,13804,36.5,14634,830,20
2024-01-18 07:30:00+00:00,2024-01-19 21:00:00+00:00,14037,37.5,13992,45,21
2024-01-18 07:30:00+00:00,2024-01-19 22:00:00+00:00,14524,38.5,13956,568,22
2024-01-18 07:30:00+00:00,2024-01-19 23:00:00+00:00,14995,39.5,14025,970,23
2024-01-18 07:30:00+00:00,2024-01-20 00:00:00+00:00,15444,40.5,13736,1708,0
2024-01-18 07:30:00+00:00,2024-01-20 01:00:00+00:00,15964,41.5,13650,2314,1
2024-01-18 07:30:00+00:00,2024-01-20 02:00:00+00:00,16406,42.5,14124,2282,2
2024-01-18 07:30:00+00:00,2024-01-20 03:00:00+00:00,16801,43.5,14459,2342,3
2024-01-18 07:30:00+00:00,2024-01-20 04:00:00+00:00,17180,44.5,14938,2242,4
2024-01-18 07:30:00+00:00,2024-01-20 05:00:00+00:00,17488,45.5,15267,2221,5
2024-01-18 07:30:00+00:00,2024-01-20 06:00:00+00:00,17760,46.5,14918,2842,6
2024-01-18 07:30:00+00:00,2024-01-20 07:00:00+00:00,17840,47.5,14954,2886,7
2024-01-18 04:30:00+00:00,2024-01-18 21:00:00+00:00,12313,16.5,11629,684,21
2024-01-18 04:30:00+00:00,2024-01-18 22:00:00+00:00,12284,17.5,11561,723,22
2024-01-18 04:30:00+00:00,2024-01-18 23:00:00+00:00,12528,18.5,11716,812,23
2024-01-18 04:30:00+00:00,2024-01-19 00:00:00+00:00,12629,19.5,11417,1212,0
2024-01-18 04:30:00+00:00,2024-01-19 01:00:00+00:00,13002,20.5,11590,1412,1
2024-01-18 04:30:00+00:00,2024-01-19 02:00:00+00:00,13085,21.5,11509,1576,2
2024-01-18 04:30:00+00:00,2024-01-19 03:00:00+00:00,13271,22.5,11687,1584,3
2024-01-18 04:30:00+00:00,2024-01-19 04:00:00+00:00,13578,23.5,11337,2241,4
2024-01-18 04:30:00+00:00,2024-01-19 05:00:00+00:00,13877,24.5,11423,2454,5
2024-01-18 04:30:00+00:00,2024-01-19 06:00:00+00:00,14060,25.5,11717,2343,6
2024-01-18 04:30:00+00:00,2024-01-19 07:00:00+00:00,14218,26.5,11668,2550,7
2024-01-18 04:30:00+00:00,2024-01-19 08:00:00+00:00,14380,27.5,12606,1774,8
2024-01-18 04:30:00+00:00,2024-01-19 09:00:00+00:00,14441,28.5,12592,1849,9
2024-01-18 04:30:00+00:00,2024-01-19 10:00:00+00:00,14609,29.5,12700,1909,10
2024-01-18 04:30:00+00:00,2024-01-19 11:00:00+00:00,14542,30.5,13342,1200,11
2024-01-18 04:30:00+00:00,2024-01-19 12:00:00+00:00,14540,31.5,13807,733,12
2024-01-18 04:30:00+00:00,2024-01-19 13:00:00+00:00,14614,32.5,11807,2807,13
2024-01-18 04:30:00+00:00,2024-01-19 14:00:00+00:00,14374,33.5,14160,214,14
2024-01-18 04:30:00+00:00,2024-01-19 15:00:00+00:00,13961,34.5,13844,117,15
2024-01-18 04:30:00+00:00,2024-01-19 16:00:00+00:00,14188,35.5,13906,282,16
2024-01-18 04:30:00+00:00,2024-01-19 17:00:00+00:00,13933,36.5,13613,320,17
2024-01-18 04:30:00+00:00,2024-01-19 18:00:00+00:00,13683,37.5,14025,342,18
2024-01-18 04:30:00+00:00,2024-01-19 19:00:00+00:00,13895,38.5,14208,313,19
2024-01-18 04:30:00+00:00,2024-01-19 20:00:00+00:00,14103,39.5,14634,531,20
2024-01-18 04:30:00+00:00,2024-01-19 21:00:00+00:00,14303,40.5,13992,311,21
2024-01-18 04:30:00+00:00,2024-01-19 22:00:00+00:00,14800,41.5,13956,844,22
2024-01-18 04:30:00+00:00,2024-01-19 23:00:00+00:00,15287,42.5,14025,1262,23
2024-01-18 04:30:00+00:00,2024-01-20 00:00:00+00:00,15736,43.5,13736,2000,0
2024-01-18 04:30:00+00:00,2024-01-20 01:00:00+00:00,16194,44.5,13650,2544,1
2024-01-18 04:30:00+00:00,2024-01-20 02:00:00+00:00,16637,45.5,14124,2513,2
2024-01-18 04:30:00+00:00,2024-01-20 03:00:00+00:00,16965,46.5,14459,2506,3
2024-01-18 04:30:00+00:00,2024-01-20 04:00:00+00:00,17246,47.5,14938,2308,4
2024-01-18 02:30:00+00:00,2024-01-18 21:00:00+00:00,12315,18.5,11629,686,21
2024-01-18 02:30:00+00:00,2024-01-18 22:00:00+00:00,12284,19.5,11561,723,22
2024-01-18 02:30:00+00:00,2024-01-18 23:00:00+00:00,12527,20.5,11716,811,23
2024-01-18 02:30:00+00:00,2024-01-19 00:00:00+00:00,12629,21.5,11417,1212,0
2024-01-18 02:30:00+00:00,2024-01-19 01:00:00+00:00,13003,22.5,11590,1413,1
2024-01-18 02:30:00+00:00,2024-01-19 02:00:00+00:00,13085,23.5,11509,1576,2
2024-01-18 02:30:00+00:00,2024-01-19 03:00:00+00:00,13268,24.5,11687,1581,3
2024-01-18 02:30:00+00:00,2024-01-19 04:00:00+00:00,13577,25.5,11337,2240,4
2024-01-18 02:30:00+00:00,2024-01-19 05:00:00+00:00,13877,26.5,11423,2454,5
2024-01-18 02:30:00+00:00,2024-01-19 06:00:00+00:00,14055,27.5,11717,2338,6
2024-01-18 02:30:00+00:00,2024-01-19 07:00:00+00:00,14218,28.5,11668,2550,7
2024-01-18 02:30:00+00:00,2024-01-19 08:00:00+00:00,14380,29.5,12606,1774,8
2024-01-18 02:30:00+00:00,2024-01-19 09:00:00+00:00,14435,30.5,12592,1843,9
2024-01-18 02:30:00+00:00,2024-01-19 10:00:00+00:00,14610,31.5,12700,1910,10
2024-01-18 02:30:00+00:00,2024-01-19 11:00:00+00:00,14542,32.5,13342,1200,11
2024-01-18 02:30:00+00:00,2024-01-19 12:00:00+00:00,14535,33.5,13807,728,12
2024-01-18 02:30:00+00:00,2024-01-19 13:00:00+00:00,14614,34.5,11807,2807,13
2024-01-18 02:30:00+00:00,2024-01-19 14:00:00+00:00,14374,35.5,14160,214,14
2024-01-18 02:30:00+00:00,2024-01-19 15:00:00+00:00,13954,36.5,13844,110,15
2024-01-18 02:30:00+00:00,2024-01-19 16:00:00+00:00,14184,37.5,13906,278,16
2024-01-18 02:30:00+00:00,2024-01-19 17:00:00+00:00,13934,38.5,13613,321,17
2024-01-18 02:30:00+00:00,2024-01-19 18:00:00+00:00,13691,39.5,14025,334,18
2024-01-18 02:30:00+00:00,2024-01-19 19:00:00+00:00,13906,40.5,14208,302,19
2024-01-18 02:30:00+00:00,2024-01-19 20:00:00+00:00,14116,41.5,14634,518,20
2024-01-18 02:30:00+00:00,2024-01-19 21:00:00+00:00,14319,42.5,13992,327,21
2024-01-18 02:30:00+00:00,2024-01-19 22:00:00+00:00,14817,43.5,13956,861,22
2024-01-18 02:30:00+00:00,2024-01-19 23:00:00+00:00,15305,44.5,14025,1280,23
2024-01-18 02:30:00+00:00,2024-01-20 00:00:00+00:00,15755,45.5,13736,2019,0
2024-01-18 02:30:00+00:00,2024-01-20 01:00:00+00:00,16215,46.5,13650,2565,1
2024-01-18 02:30:00+00:00,2024-01-20 02:00:00+00:00,16660,47.5,14124,2536,2
2024-01-17 22:30:00+00:00,2024-01-18 03:00:00+00:00,8416,4.5,7493,923,3
2024-01-17 22:30:00+00:00,2024-01-18 04:00:00+00:00,8426,5.5,6878,1548,4
2024-01-17 22:30:00+00:00,2024-01-18 05:00:00+00:00,8822,6.5,6362,2460,5
2024-01-17 22:30:00+00:00,2024-01-18 06:00:00+00:00,8806,7.5,6990,1816,6
2024-01-17 22:30:00+00:00,2024-01-18 07:00:00+00:00,8845,8.5,6833,2012,7
2024-01-17 22:30:00+00:00,2024-01-18 08:00:00+00:00,8935,9.5,6392,2543,8
2024-01-17 22:30:00+00:00,2024-01-18 09:00:00+00:00,9210,10.5,5659,3551,9
2024-01-17 22:30:00+00:00,2024-01-18 10:00:00+00:00,9564,11.5,6206,3358,10
2024-01-17 22:30:00+00:00,2024-01-18 11:00:00+00:00,9191,12.5,6688,2503,11
2024-01-17 22:30:00+00:00,2024-01-18 12:00:00+00:00,9742,13.5,7551,2191,12
2024-01-17 22:30:00+00:00,2024-01-18 13:00:00+00:00,10488,14.5,7082,3406,13
2024-01-17 22:30:00+00:00,2024-01-18 14:00:00+00:00,11106,15.5,8365,2741,14
2024-01-17 22:30:00+00:00,2024-01-18 15:00:00+00:00,11213,16.5,9515,1698,15
2024-01-17 22:30:00+00:00,2024-01-18 16:00:00+00:00,11743,17.5,10356,1387,16
2024-01-17 22:30:00+00:00,2024-01-18 17:00:00+00:00,12395,18.5,11322,1073,17
2024-01-17 22:30:00+00:00,2024-01-18 18:00:00+00:00,12552,19.5,12362,190,18
2024-01-17 22:30:00+00:00,2024-01-18 19:00:00+00:00,12505,20.5,11678,827,19
2024-01-17 22:30:00+00:00,2024-01-18 20:00:00+00:00,12211,21.5,11339,872,20
2024-01-17 22:30:00+00:00,2024-01-18 21:00:00+00:00,12118,22.5,11629,489,21
2024-01-17 22:30:00+00:00,2024-01-18 22:00:00+00:00,12116,23.5,11561,555,22
2024-01-17 22:30:00+00:00,2024-01-18 23:00:00+00:00,12381,24.5,11716,665,23
2024-01-17 22:30:00+00:00,2024-01-19 00:00:00+00:00,12466,25.5,11417,1049,0
2024-01-17 22:30:00+00:00,2024-01-19 01:00:00+00:00,12742,26.5,11590,1152,1
2024-01-17 22:30:00+00:00,2024-01-19 02:00:00+00:00,12932,27.5,11509,1423,2
2024-01-17 22:30:00+00:00,2024-01-19 03:00:00+00:00,13116,28.5,11687,1429,3
2024-01-17 22:30:00+00:00,2024-01-19 04:00:00+00:00,13536,29.5,11337,2199,4
2024-01-17 22:30:00+00:00,2024-01-19 05:00:00+00:00,13792,30.5,11423,2369,5
2024-01-17 22:30:00+00:00,2024-01-19 06:00:00+00:00,13940,31.5,11717,2223,6
2024-01-17 22:30:00+00:00,2024-01-19 07:00:00+00:00,14069,32.5,11668,2401,7
2024-01-17 22:30:00+00:00,2024-01-19 08:00:00+00:00,14253,33.5,12606,1647,8
2024-01-17 22:30:00+00:00,2024-01-19 09:00:00+00:00,14282,34.5,12592,1690,9
2024-01-17 22:30:00+00:00,2024-01-19 10:00:00+00:00,14624,35.5,12700,1924,10
2024-01-17 22:30:00+00:00,2024-01-19 11:00:00+00:00,14634,36.5,13342,1292,11
2024-01-17 22:30:00+00:00,2024-01-19 12:00:00+00:00,14592,37.5,13807,785,12
2024-01-17 22:30:00+00:00,2024-01-19 13:00:00+00:00,14461,38.5,11807,2654,13
2024-01-17 22:30:00+00:00,2024-01-19 14:00:00+00:00,14299,39.5,14160,139,14
2024-01-17 22:30:00+00:00,2024-01-19 15:00:00+00:00,14112,40.5,13844,268,15
2024-01-17 22:30:00+00:00,2024-01-19 16:00:00+00:00,13884,41.5,13906,22,16
2024-01-17 22:30:00+00:00,2024-01-19 17:00:00+00:00,13637,42.5,13613,24,17
2024-01-17 22:30:00+00:00,2024-01-19 18:00:00+00:00,13381,43.5,14025,644,18
2024-01-17 22:30:00+00:00,2024-01-19 19:00:00+00:00,13588,44.5,14208,620,19
2024-01-17 22:30:00+00:00,2024-01-19 20:00:00+00:00,13789,45.5,14634,845,20
2024-01-17 22:30:00+00:00,2024-01-19 21:00:00+00:00,13982,46.5,13992,10,21
2024-01-17 18:30:00+00:00,2024-01-17 23:00:00+00:00,7486,4.5,6841,645,23
2024-01-17 18:30:00+00:00,2024-01-18 00:00:00+00:00,7966,5.5,6431,1535,0
2024-01-17 18:30:00+00:00,2024-01-18 01:00:00+00:00,7821,6.5,7447,374,1
2024-01-17 18:30:00+00:00,2024-01-18 02:00:00+00:00,8412,7.5,8596,184,2
2024-01-17 18:30:00+00:00,2024-01-18 03:00:00+00:00,8418,8.5,7493,925,3
2024-01-17 18:30:00+00:00,2024-01-18 04:00:00+00:00,8429,9.5,6878,1551,4
2024-01-17 18:30:00+00:00,2024-01-18 05:00:00+00:00,8828,10.5,6362,2466,5
2024-01-17 18:30:00+00:00,2024-01-18 06:00:00+00:00,8807,11.5,6990,1817,6
2024-01-17 18:30:00+00:00,2024-01-18 07:00:00+00:00,8847,12.5,6833,2014,7
2024-01-17 18:30:00+00:00,2024-01-18 08:00:00+00:00,8935,13.5,6392,2543,8
2024-01-17 18:30:00+00:00,2024-01-18 09:00:00+00:00,9210,14.5,5659,3551,9
2024-01-17 18:30:00+00:00,2024-01-18 10:00:00+00:00,9565,15.5,6206,3359,10
2024-01-17 18:30:00+00:00,2024-01-18 11:00:00+00:00,9194,16.5,6688,2506,11
2024-01-17 18:30:00+00:00,2024-01-18 12:00:00+00:00,9744,17.5,7551,2193,12
2024-01-17 18:30:00+00:00,2024-01-18 13:00:00+00:00,10490,18.5,7082,3408,13
2024-01-17 18:30:00+00:00,2024-01-18 14:00:00+00:00,11105,19.5,8365,2740,14
2024-01-17 18:30:00+00:00,2024-01-18 15:00:00+00:00,11210,20.5,9515,1695,15
2024-01-17 18:30:00+00:00,2024-01-18 16:00:00+00:00,11741,21.5,10356,1385,16
2024-01-17 18:30:00+00:00,2024-01-18 17:00:00+00:00,12397,22.5,11322,1075,17
2024-01-17 18:30:00+00:00,2024-01-18 18:00:00+00:00,12557,23.5,12362,195,18
2024-01-17 18:30:00+00:00,2024-01-18 19:00:00+00:00,12508,24.5,11678,830,19
2024-01-17 18:30:00+00:00,2024-01-18 20:00:00+00:00,12214,25.5,11339,875,20
2024-01-17 18:30:00+00:00,2024-01-18 21:00:00+00:00,12120,26.5,11629,491,21
2024-01-17 18:30:00+00:00,2024-01-18 22:00:00+00:00,12118,27.5,11561,557,22
2024-01-17 18:30:00+00:00,2024-01-18 23:00:00+00:00,12383,28.5,11716,667,23
2024-01-17 18:30:00+00:00,2024-01-19 00:00:00+00:00,12468,29.5,11417,1051,0
2024-01-17 18:30:00+00:00,2024-01-19 01:00:00+00:00,12743,30.5,11590,1153,1
2024-01-17 18:30:00+00:00,2024-01-19 02:00:00+00:00,12932,31.5,11509,1423,2
2024-01-17 18:30:00+00:00,2024-01-19 03:00:00+00:00,13117,32.5,11687,1430,3
2024-01-17 18:30:00+00:00,2024-01-19 04:00:00+00:00,13536,33.5,11337,2199,4
2024-01-17 18:30:00+00:00,2024-01-19 05:00:00+00:00,13792,34.5,11423,2369,5
2024-01-17 18:30:00+00:00,2024-01-19 06:00:00+00:00,13941,35.5,11717,2224,6
2024-01-17 18:30:00+00:00,2024-01-19 07:00:00+00:00,14068,36.5,11668,2400,7
2024-01-17 18:30:00+00:00,2024-01-19 08:00:00+00:00,14252,37.5,12606,1646,8
2024-01-17 18:30:00+00:00,2024-01-19 09:00:00+00:00,14282,38.5,12592,1690,9
2024-01-17 18:30:00+00:00,2024-01-19 10:00:00+00:00,14625,39.5,12700,1925,10
2024-01-17 18:30:00+00:00,2024-01-19 11:00:00+00:00,14635,40.5,13342,1293,11
2024-01-17 18:30:00+00:00,2024-01-19 12:00:00+00:00,14594,41.5,13807,787,12
2024-01-17 18:30:00+00:00,2024-01-19 13:00:00+00:00,14463,42.5,11807,2656,13
2024-01-17 18:30:00+00:00,2024-01-19 14:00:00+00:00,14301,43.5,14160,141,14
2024-01-17 18:30:00+00:00,2024-01-19 15:00:00+00:00,14113,44.5,13844,269,15
2024-01-17 18:30:00+00:00,2024-01-19 16:00:00+00:00,13886,45.5,13906,20,16
2024-01-17 18:30:00+00:00,2024-01-19 17:00:00+00:00,13640,46.5,13613,27,17
2024-01-17 18:30:00+00:00,2024-01-19 18:00:00+00:00,13385,47.5,14025,640,18
2024-01-17 15:30:00+00:00,2024-01-17 21:00:00+00:00,7649,5.5,7426,223,21
2024-01-17 15:30:00+00:00,2024-01-17 22:00:00+00:00,8188,6.5,6788,1400,22
2024-01-17 15:30:00+00:00,2024-01-17 23:00:00+00:00,7862,7.5,6841,1021,23
2024-01-17 15:30:00+00:00,2024-01-18 00:00:00+00:00,8075,8.5,6431,1644,0
2024-01-17 15:30:00+00:00,2024-01-18 01:00:00+00:00,8144,9.5,7447,697,1
2024-01-17 15:30:00+00:00,2024-01-18 02:00:00+00:00,8444,10.5,8596,152,2
2024-01-17 15:30:00+00:00,2024-01-18 03:00:00+00:00,8380,11.5,7493,887,3
2024-01-17 15:30:00+00:00,2024-01-18 04:00:00+00:00,8589,12.5,6878,1711,4
2024-01-17 15:30:00+00:00,2024-01-18 05:00:00+00:00,8780,13.5,6362,2418,5
2024-01-17 15:30:00+00:00,2024-01-18 06:00:00+00:00,8770,14.5,6990,1780,6
2024-01-17 15:30:00+00:00,2024-01-18 07:00:00+00:00,8717,15.5,6833,1884,7
2024-01-17 15:30:00+00:00,2024-01-18 08:00:00+00:00,8716,16.5,6392,2324,8
2024-01-17 15:30:00+00:00,2024-01-18 09:00:00+00:00,8622,17.5,5659,2963,9
2024-01-17 15:30:00+00:00,2024-01-18 10:00:00+00:00,8864,18.5,6206,2658,10
2024-01-17 15:30:00+00:00,2024-01-18 11:00:00+00:00,8671,19.5,6688,1983,11
2024-01-17 15:30:00+00:00,2024-01-18 12:00:00+00:00,9332,20.5,7551,1781,12
2024-01-17 15:30:00+00:00,2024-01-18 13:00:00+00:00,10255,21.5,7082,3173,13
2024-01-17 15:30:00+00:00,2024-01-18 14:00:00+00:00,10623,22.5,8365,2258,14
2024-01-17 15:30:00+00:00,2024-01-18 15:00:00+00:00,11230,23.5,9515,1715,15
2024-01-17 15:30:00+00:00,2024-01-18 16:00:00+00:00,11544,24.5,10356,1188,16
2024-01-17 15:30:00+00:00,2024-01-18 17:00:00+00:00,12279,25.5,11322,957,17
2024-01-17 15:30:00+00:00,2024-01-18 18:00:00+00:00,12413,26.5,12362,51,18
2024-01-17 15:30:00+00:00,2024-01-18 19:00:00+00:00,12313,27.5,11678,635,19
2024-01-17 15:30:00+00:00,2024-01-18 20:00:00+00:00,11871,28.5,11339,532,20
2024-01-17 15:30:00+00:00,2024-01-18 21:00:00+00:00,11852,29.5,11629,223,21
2024-01-17 15:30:00+00:00,2024-01-18 22:00:00+00:00,11941,30.5,11561,380,22
2024-01-17 15:30:00+00:00,2024-01-18 23:00:00+00:00,12136,31.5,11716,420,23
2024-01-17 15:30:00+00:00,2024-01-19 00:00:00+00:00,12258,32.5,11417,841,0
2024-01-17 15:30:00+00:00,2024-01-19 01:00:00+00:00,12489,33.5,11590,899,1
2024-01-17 15:30:00+00:00,2024-01-19 02:00:00+00:00,12790,34.5,11509,1281,2
2024-01-17 15:30:00+00:00,2024-01-19 03:00:00+00:00,13023,35.5,11687,1336,3
2024-01-17 15:30:00+00:00,2024-01-19 04:00:00+00:00,13252,36.5,11337,1915,4
2024-01-17 15:30:00+00:00,2024-01-19 05:00:00+00:00,13547,37.5,11423,2124,5
2024-01-17 15:30:00+00:00,2024-01-19 06:00:00+00:00,13804,38.5,11717,2087,6
2024-01-17 15:30:00+00:00,2024-01-19 07:00:00+00:00,13976,39.5,11668,2308,7
2024-01-17 15:30:00+00:00,2024-01-19 08:00:00+00:00,14113,40.5,12606,1507,8
2024-01-17 15:30:00+00:00,2024-01-19 09:00:00+00:00,14213,41.5,12592,1621,9
2024-01-17 15:30:00+00:00,2024-01-19 10:00:00+00:00,14293,42.5,12700,1593,10
2024-01-17 15:30:00+00:00,2024-01-19 11:00:00+00:00,14338,43.5,13342,996,11
2024-01-17 15:30:00+00:00,2024-01-19 12:00:00+00:00,14346,44.5,13807,539,12
2024-01-17 15:30:00+00:00,2024-01-19 13:00:00+00:00,14276,45.5,11807,2469,13
2024-01-17 15:30:00+00:00,2024-01-19 14:00:00+00:00,14186,46.5,14160,26,14
2024-01-17 15:30:00+00:00,2024-01-19 15:00:00+00:00,14077,47.5,13844,233,15
2024-01-17 11:30:00+00:00,2024-01-17 21:00:00+00:00,7457,9.5,7426,31,21
2024-01-17 11:30:00+00:00,2024-01-17 22:00:00+00:00,7825,10.5,6788,1037,22
2024-01-17 11:30:00+00:00,2024-01-17 23:00:00+00:00,7733,11.5,6841,892,23
2024-01-17 11:30:00+00:00,2024-01-18 00:00:00+00:00,7856,12.5,6431,1425,0
2024-01-17 11:30:00+00:00,2024-01-18 01:00:00+00:00,7786,13.5,7447,339,1
2024-01-17 11:30:00+00:00,2024-01-18 02:00:00+00:00,8278,14.5,8596,318,2
2024-01-17 11:30:00+00:00,2024-01-18 03:00:00+00:00,7910,15.5,7493,417,3
2024-01-17 11:30:00+00:00,2024-01-18 04:00:00+00:00,8061,16.5,6878,1183,4
2024-01-17 11:30:00+00:00,2024-01-18 05:00:00+00:00,8215,17.5,6362,1853,5
2024-01-17 11:30:00+00:00,2024-01-18 06:00:00+00:00,8494,18.5,6990,1504,6
2024-01-17 11:30:00+00:00,2024-01-18 07:00:00+00:00,8250,19.5,6833,1417,7
2024-01-17 11:30:00+00:00,2024-01-18 08:00:00+00:00,8268,20.5,6392,1876,8
2024-01-17 11:30:00+00:00,2024-01-18 09:00:00+00:00,8029,21.5,5659,2370,9
2024-01-17 11:30:00+00:00,2024-01-18 10:00:00+00:00,8276,22.5,6206,2070,10
2024-01-17 11:30:00+00:00,2024-01-18 11:00:00+00:00,8105,23.5,6688,1417,11
2024-01-17 11:30:00+00:00,2024-01-18 12:00:00+00:00,8595,24.5,7551,1044,12
2024-01-17 11:30:00+00:00,2024-01-18 13:00:00+00:00,9422,25.5,7082,2340,13
2024-01-17 11:30:00+00:00,2024-01-18 14:00:00+00:00,9962,26.5,8365,1597,14
2024-01-17 11:30:00+00:00,2024-01-18 15:00:00+00:00,10460,27.5,9515,945,15
2024-01-17 11:30:00+00:00,2024-01-18 16:00:00+00:00,11201,28.5,10356,845,16
2024-01-17 11:30:00+00:00,2024-01-18 17:00:00+00:00,11708,29.5,11322,386,17
2024-01-17 11:30:00+00:00,2024-01-18 18:00:00+00:00,12087,30.5,12362,275,18
2024-01-17 11:30:00+00:00,2024-01-18 19:00:00+00:00,11738,31.5,11678,60,19
2024-01-17 11:30:00+00:00,2024-01-18 20:00:00+00:00,11549,32.5,11339,210,20
2024-01-17 11:30:00+00:00,2024-01-18 21:00:00+00:00,11566,33.5,11629,63,21
2024-01-17 11:30:00+00:00,2024-01-18 22:00:00+00:00,11897,34.5,11561,336,22
2024-01-17 11:30:00+00:00,2024-01-18 23:00:00+00:00,11873,35.5,11716,157,23
2024-01-17 11:30:00+00:00,2024-01-19 00:00:00+00:00,11851,36.5,11417,434,0
2024-01-17 11:30:00+00:00,2024-01-19 01:00:00+00:00,12082,37.5,11590,492,1
2024-01-17 11:30:00+00:00,2024-01-19 02:00:00+00:00,12329,38.5,11509,820,2
2024-01-17 11:30:00+00:00,2024-01-19 03:00:00+00:00,12577,39.5,11687,890,3
2024-01-17 11:30:00+00:00,2024-01-19 04:00:00+00:00,12856,40.5,11337,1519,4
2024-01-17 11:30:00+00:00,2024-01-19 05:00:00+00:00,13130,41.5,11423,1707,5
2024-01-17 11:30:00+00:00,2024-01-19 06:00:00+00:00,13377,42.5,11717,1660,6
2024-01-17 11:30:00+00:00,2024-01-19 07:00:00+00:00,13581,43.5,11668,1913,7
2024-01-17 11:30:00+00:00,2024-01-19 08:00:00+00:00,13752,44.5,12606,1146,8
2024-01-17 11:30:00+00:00,2024-01-19 09:00:00+00:00,13888,45.5,12592,1296,9
2024-01-17 11:30:00+00:00,2024-01-19 10:00:00+00:00,14039,46.5,12700,1339,10
2024-01-17 11:30:00+00:00,2024-01-19 11:00:00+00:00,14155,47.5,13342,813,11
2024-01-17 09:30:00+00:00,2024-01-17 21:00:00+00:00,7424,11.5,7426,2,21
2024-01-17 09:30:00+00:00,2024-01-17 22:00:00+00:00,7794,12.5,6788,1006,22
2024-01-17 09:30:00+00:00,2024-01-17 23:00:00+00:00,7704,13.5,6841,863,23
2024-01-17 09:30:00+00:00,2024-01-18 00:00:00+00:00,7829,14.5,6431,1398,0
2024-01-17 09:30:00+00:00,2024-01-18 01:00:00+00:00,7759,15.5,7447,312,1
2024-01-17 09:30:00+00:00,2024-01-18 02:00:00+00:00,8262,16.5,8596,334,2
2024-01-17 09:30:00+00:00,2024-01-18 03:00:00+00:00,7900,17.5,7493,407,3
2024-01-17 09:30:00+00:00,2024-01-18 04:00:00+00:00,8055,18.5,6878,1177,4
2024-01-17 09:30:00+00:00,2024-01-18 05:00:00+00:00,8205,19.5,6362,1843,5
2024-01-17 09:30:00+00:00,2024-01-18 06:00:00+00:00,8491,20.5,6990,1501,6
2024-01-17 09:30:00+00:00,2024-01-18 07:00:00+00:00,8239,21.5,6833,1406,7
2024-01-17 09:30:00+00:00,2024-01-18 08:00:00+00:00,8256,22.5,6392,1864,8
2024-01-17 09:30:00+00:00,2024-01-18 09:00:00+00:00,8026,23.5,5659,2367,9
2024-01-17 09:30:00+00:00,2024-01-18 10:00:00+00:00,8264,24.5,6206,2058,10
2024-01-17 09:30:00+00:00,2024-01-18 11:00:00+00:00,8086,25.5,6688,1398,11
2024-01-17 09:30:00+00:00,2024-01-18 12:00:00+00:00,8588,26.5,7551,1037,12
2024-01-17 09:30:00+00:00,2024-01-18 13:00:00+00:00,9411,27.5,7082,2329,13
2024-01-17 09:30:00+00:00,2024-01-18 14:00:00+00:00,9945,28.5,8365,1580,14
2024-01-17 09:30:00+00:00,2024-01-18 15:00:00+00:00,10447,29.5,9515,932,15
2024-01-17 09:30:00+00:00,2024-01-18 16:00:00+00:00,11193,30.5,10356,837,16
2024-01-17 09:30:00+00:00,2024-01-18 17:00:00+00:00,11694,31.5,11322,372,17
2024-01-17 09:30:00+00:00,2024-01-18 18:00:00+00:00,12078,32.5,12362,284,18
2024-01-17 09:30:00+00:00,2024-01-18 19:00:00+00:00,11729,33.5,11678,51,19
2024-01-17 09:30:00+00:00,2024-01-18 20:00:00+00:00,11538,34.5,11339,199,20
2024-01-17 09:30:00+00:00,2024-01-18 21:00:00+00:00,11563,35.5,11629,66,21
2024-01-17 09:30:00+00:00,2024-01-18 22:00:00+00:00,11912,36.5,11561,351,22
2024-01-17 09:30:00+00:00,2024-01-18 23:00:00+00:00,11895,37.5,11716,179,23
2024-01-17 09:30:00+00:00,2024-01-19 00:00:00+00:00,11874,38.5,11417,457,0
2024-01-17 09:30:00+00:00,2024-01-19 01:00:00+00:00,12120,39.5,11590,530,1
2024-01-17 09:30:00+00:00,2024-01-19 02:00:00+00:00,12366,40.5,11509,857,2
2024-01-17 09:30:00+00:00,2024-01-19 03:00:00+00:00,12606,41.5,11687,919,3
2024-01-17 09:30:00+00:00,2024-01-19 04:00:00+00:00,12874,42.5,11337,1537,4
2024-01-17 09:30:00+00:00,2024-01-19 05:00:00+00:00,13139,43.5,11423,1716,5
2024-01-17 09:30:00+00:00,2024-01-19 06:00:00+00:00,13378,44.5,11717,1661,6
2024-01-17 09:30:00+00:00,2024-01-19 07:00:00+00:00,13582,45.5,11668,1914,7
2024-01-17 09:30:00+00:00,2024-01-19 08:00:00+00:00,13753,46.5,12606,1147,8
2024-01-17 09:30:00+00:00,2024-01-19 09:00:00+00:00,13889,47.5,12592,1297,9
2024-01-17 07:30:00+00:00,2024-01-17 21:00:00+00:00,7422,13.5,7426,4,21
2024-01-17 07:30:00+00:00,2024-01-17 22:00:00+00:00,7787,14.5,6788,999,22
2024-01-17 07:30:00+00:00,2024-01-17 23:00:00+00:00,7698,15.5,6841,857,23
2024-01-17 07:30:00+00:00,2024-01-18 00:00:00+00:00,7825,16.5,6431,1394,0
2024-01-17 07:30:00+00:00,2024-01-18 01:00:00+00:00,7756,17.5,7447,309,1
2024-01-17 07:30:00+00:00,2024-01-18 02:00:00+00:00,8261,18.5,8596,335,2
2024-01-17 07:30:00+00:00,2024-01-18 03:00:00+00:00,7901,19.5,7493,408,3
2024-01-17 07:30:00+00:00,2024-01-18 04:00:00+00:00,8055,20.5,6878,1177,4
2024-01-17 07:30:00+00:00,2024-01-18 05:00:00+00:00,8205,21.5,6362,1843,5
2024-01-17 07:30:00+00:00,2024-01-18 06:00:00+00:00,8491,22.5,6990,1501,6
2024-01-17 07:30:00+00:00,2024-01-18 07:00:00+00:00,8238,23.5,6833,1405,7
2024-01-17 07:30:00+00:00,2024-01-18 08:00:00+00:00,8254,24.5,6392,1862,8
2024-01-17 07:30:00+00:00,2024-01-18 09:00:00+00:00,8025,25.5,5659,2366,9
2024-01-17 07:30:00+00:00,2024-01-18 10:00:00+00:00,8265,26.5,6206,2059,10
2024-01-17 07:30:00+00:00,2024-01-18 11:00:00+00:00,8087,27.5,6688,1399,11
2024-01-17 07:30:00+00:00,2024-01-18 12:00:00+00:00,8590,28.5,7551,1039,12
2024-01-17 07:30:00+00:00,2024-01-18 13:00:00+00:00,9413,29.5,7082,2331,13
2024-01-17 07:30:00+00:00,2024-01-18 14:00:00+00:00,9946,30.5,8365,1581,14
2024-01-17 07:30:00+00:00,2024-01-18 15:00:00+00:00,10443,31.5,9515,928,15
2024-01-17 07:30:00+00:00,2024-01-18 16:00:00+00:00,11189,32.5,10356,833,16
2024-01-17 07:30:00+00:00,2024-01-18 17:00:00+00:00,11691,33.5,11322,369,17
2024-01-17 07:30:00+00:00,2024-01-18 18:00:00+00:00,12077,34.5,12362,285,18
2024-01-17 07:30:00+00:00,2024-01-18 19:00:00+00:00,11728,35.5,11678,50,19
2024-01-17 07:30:00+00:00,2024-01-18 20:00:00+00:00,11537,36.5,11339,198,20
2024-01-17 07:30:00+00:00,2024-01-18 21:00:00+00:00,11563,37.5,11629,66,21
2024-01-17 07:30:00+00:00,2024-01-18 22:00:00+00:00,11913,38.5,11561,352,22
2024-01-17 07:30:00+00:00,2024-01-18 23:00:00+00:00,11897,39.5,11716,181,23
2024-01-17 07:30:00+00:00,2024-01-19 00:00:00+00:00,11878,40.5,11417,461,0
2024-01-17 07:30:00+00:00,2024-01-19 01:00:00+00:00,12124,41.5,11590,534,1
2024-01-17 07:30:00+00:00,2024-01-19 02:00:00+00:00,12370,42.5,11509,861,2
2024-01-17 07:30:00+00:00,2024-01-19 03:00:00+00:00,12610,43.5,11687,923,3
2024-01-17 07:30:00+00:00,2024-01-19 04:00:00+00:00,12878,44.5,11337,1541,4
2024-01-17 07:30:00+00:00,2024-01-19 05:00:00+00:00,13143,45.5,11423,1720,5
2024-01-17 07:30:00+00:00,2024-01-19 06:00:00+00:00,13382,46.5,11717,1665,6
2024-01-17 07:30:00+00:00,2024-01-19 07:00:00+00:00,13585,47.5,11668,1917,7
2024-01-17 04:30:00+00:00,2024-01-17 21:00:00+00:00,7283,16.5,7426,143,21
2024-01-17 04:30:00+00:00,2024-01-17 22:00:00+00:00,7436,17.5,6788,648,22
2024-01-17 04:30:00+00:00,2024-01-17 23:00:00+00:00,7395,18.5,6841,554,23
2024-01-17 04:30:00+00:00,2024-01-18 00:00:00+00:00,7686,19.5,6431,1255,0
2024-01-17 04:30:00+00:00,2024-01-18 01:00:00+00:00,7488,20.5,7447,41,1
2024-01-17 04:30:00+00:00,2024-01-18 02:00:00+00:00,7787,21.5,8596,809,2
2024-01-17 04:30:00+00:00,2024-01-18 03:00:00+00:00,7414,22.5,7493,79,3
2024-01-17 04:30:00+00:00,2024-01-18 04:00:00+00:00,7614,23.5,6878,736,4
2024-01-17 04:30:00+00:00,2024-01-18 05:00:00+00:00,7803,24.5,6362,1441,5
2024-01-17 04:30:00+00:00,2024-01-18 06:00:00+00:00,8031,25.5,6990,1041,6
2024-01-17 04:30:00+00:00,2024-01-18 07:00:00+00:00,7684,26.5,6833,851,7
2024-01-17 04:30:00+00:00,2024-01-18 08:00:00+00:00,7796,27.5,6392,1404,8
2024-01-17 04:30:00+00:00,2024-01-18 09:00:00+00:00,7649,28.5,5659,1990,9
2024-01-17 04:30:00+00:00,2024-01-18 10:00:00+00:00,8090,29.5,6206,1884,10
2024-01-17 04:30:00+00:00,2024-01-18 11:00:00+00:00,7967,30.5,6688,1279,11
2024-01-17 04:30:00+00:00,2024-01-18 12:00:00+00:00,8377,31.5,7551,826,12
2024-01-17 04:30:00+00:00,2024-01-18 13:00:00+00:00,8904,32.5,7082,1822,13
2024-01-17 04:30:00+00:00,2024-01-18 14:00:00+00:00,9340,33.5,8365,975,14
2024-01-17 04:30:00+00:00,2024-01-18 15:00:00+00:00,9710,34.5,9515,195,15
2024-01-17 04:30:00+00:00,2024-01-18 16:00:00+00:00,11413,35.5,10356,1057,16
2024-01-17 04:30:00+00:00,2024-01-18 17:00:00+00:00,11604,36.5,11322,282,17
2024-01-17 04:30:00+00:00,2024-01-18 18:00:00+00:00,11770,37.5,12362,592,18
2024-01-17 04:30:00+00:00,2024-01-18 19:00:00+00:00,11571,38.5,11678,107,19
2024-01-17 04:30:00+00:00,2024-01-18 20:00:00+00:00,11355,39.5,11339,16,20
2024-01-17 04:30:00+00:00,2024-01-18 21:00:00+00:00,11147,40.5,11629,482,21
2024-01-17 04:30:00+00:00,2024-01-18 22:00:00+00:00,11231,41.5,11561,330,22
2024-01-17 04:30:00+00:00,2024-01-18 23:00:00+00:00,11307,42.5,11716,409,23
2024-01-17 04:30:00+00:00,2024-01-19 00:00:00+00:00,11372,43.5,11417,45,0
2024-01-17 04:30:00+00:00,2024-01-19 01:00:00+00:00,11616,44.5,11590,26,1
2024-01-17 04:30:00+00:00,2024-01-19 02:00:00+00:00,11875,45.5,11509,366,2
2024-01-17 04:30:00+00:00,2024-01-19 03:00:00+00:00,12140,46.5,11687,453,3
2024-01-17 04:30:00+00:00,2024-01-19 04:00:00+00:00,12467,47.5,11337,1130,4
2024-01-17 02:30:00+00:00,2024-01-17 21:00:00+00:00,7259,18.5,7426,167,21
2024-01-17 02:30:00+00:00,2024-01-17 22:00:00+00:00,7409,19.5,6788,621,22
2024-01-17 02:30:00+00:00,2024-01-17 23:00:00+00:00,7366,20.5,6841,525,23
2024-01-17 02:30:00+00:00,2024-01-18 00:00:00+00:00,7659,21.5,6431,1228,0
2024-01-17 02:30:00+00:00,2024-01-18 01:00:00+00:00,7486,22.5,7447,39,1
2024-01-17 02:30:00+00:00,2024-01-18 02:00:00+00:00,7785,23.5,8596,811,2
2024-01-17 02:30:00+00:00,2024-01-18 03:00:00+00:00,7393,24.5,7493,100,3
2024-01-17 02:30:00+00:00,2024-01-18 04:00:00+00:00,7614,25.5,6878,736,4
2024-01-17 02:30:00+00:00,2024-01-18 05:00:00+00:00,7804,26.5,6362,1442,5
2024-01-17 02:30:00+00:00,2024-01-18 06:00:00+00:00,8018,27.5,6990,1028,6
2024-01-17 02:30:00+00:00,2024-01-18 07:00:00+00:00,7686,28.5,6833,853,7
2024-01-17 02:30:00+00:00,2024-01-18 08:00:00+00:00,7799,29.5,6392,1407,8
2024-01-17 02:30:00+00:00,2024-01-18 09:00:00+00:00,7630,30.5,5659,1971,9
2024-01-17 02:30:00+00:00,2024-01-18 10:00:00+00:00,8089,31.5,6206,1883,10
2024-01-17 02:30:00+00:00,2024-01-18 11:00:00+00:00,7965,32.5,6688,1277,11
2024-01-17 02:30:00+00:00,2024-01-18 12:00:00+00:00,8371,33.5,7551,820,12
2024-01-17 02:30:00+00:00,2024-01-18 13:00:00+00:00,8899,34.5,7082,1817,13
2024-01-17 02:30:00+00:00,2024-01-18 14:00:00+00:00,9337,35.5,8365,972,14
2024-01-17 02:30:00+00:00,2024-01-18 15:00:00+00:00,9695,36.5,9515,180,15
2024-01-17 02:30:00+00:00,2024-01-18 16:00:00+00:00,11406,37.5,10356,1050,16
2024-01-17 02:30:00+00:00,2024-01-18 17:00:00+00:00,11606,38.5,11322,284,17
2024-01-17 02:30:00+00:00,2024-01-18 18:00:00+00:00,11781,39.5,12362,581,18
2024-01-17 02:30:00+00:00,2024-01-18 19:00:00+00:00,11583,40.5,11678,95,19
2024-01-17 02:30:00+00:00,2024-01-18 20:00:00+00:00,11368,41.5,11339,29,20
2024-01-17 02:30:00+00:00,2024-01-18 21:00:00+00:00,11160,42.5,11629,469,21
2024-01-17 02:30:00+00:00,2024-01-18 22:00:00+00:00,11243,43.5,11561,318,22
2024-01-17 02:30:00+00:00,2024-01-18 23:00:00+00:00,11316,44.5,11716,400,23
2024-01-17 02:30:00+00:00,2024-01-19 00:00:00+00:00,11379,45.5,11417,38,0
2024-01-17 02:30:00+00:00,2024-01-19 01:00:00+00:00,11621,46.5,11590,31,1
2024-01-17 02:30:00+00:00,2024-01-19 02:00:00+00:00,11878,47.5,11509,369,2
2024-01-16 22:30:00+00:00,2024-01-17 03:00:00+00:00,9705,4.5,7573,2132,3
2024-01-16 22:30:00+00:00,2024-01-17 04:00:00+00:00,8932,5.5,6030,2902,4
2024-01-16 22:30:00+00:00,2024-01-17 05:00:00+00:00,7802,6.5,4695,3107,5
2024-01-16 22:30:00+00:00,2024-01-17 06:00:00+00:00,6848,7.5,4682,2166,6
2024-01-16 22:30:00+00:00,2024-01-17 07:00:00+00:00,6425,8.5,4822,1603,7
2024-01-16 22:30:00+00:00,2024-01-17 08:00:00+00:00,5686,9.5,3988,1698,8
2024-01-16 22:30:00+00:00,2024-01-17 09:00:00+00:00,5448,10.5,4434,1014,9
2024-01-16 22:30:00+00:00,2024-01-17 10:00:00+00:00,4980,11.5,3902,1078,10
2024-01-16 22:30:00+00:00,2024-01-17 11:00:00+00:00,4849,12.5,3455,1394,11
2024-01-16 22:30:00+00:00,2024-01-17 12:00:00+00:00,4800,13.5,3238,1562,12
2024-01-16 22:30:00+00:00,2024-01-17 13:00:00+00:00,5141,14.5,3785,1356,13
2024-01-16 22:30:00+00:00,2024-01-17 14:00:00+00:00,5509,15.5,4774,735,14
2024-01-16 22:30:00+00:00,2024-01-17 15:00:00+00:00,5934,16.5,5291,643,15
2024-01-16 22:30:00+00:00,2024-01-17 16:00:00+00:00,6555,17.5,6190,365,16
2024-01-16 22:30:00+00:00,2024-01-17 17:00:00+00:00,6871,18.5,6631,240,17
2024-01-16 22:30:00+00:00,2024-01-17 18:00:00+00:00,7117,19.5,7004,113,18
2024-01-16 22:30:00+00:00,2024-01-17 19:00:00+00:00,6878,20.5,8038,1160,19
2024-01-16 22:30:00+00:00,2024-01-17 20:00:00+00:00,7014,21.5,7850,836,20
2024-01-16 22:30:00+00:00,2024-01-17 21:00:00+00:00,7105,22.5,7426,321,21
2024-01-16 22:30:00+00:00,2024-01-17 22:00:00+00:00,6993,23.5,6788,205,22
2024-01-16 22:30:00+00:00,2024-01-17 23:00:00+00:00,7107,24.5,6841,266,23
2024-01-16 22:30:00+00:00,2024-01-18 00:00:00+00:00,7679,25.5,6431,1248,0
2024-01-16 22:30:00+00:00,2024-01-18 01:00:00+00:00,7723,26.5,7447,276,1
2024-01-16 22:30:00+00:00,2024-01-18 02:00:00+00:00,7720,27.5,8596,876,2
2024-01-16 22:30:00+00:00,2024-01-18 03:00:00+00:00,7844,28.5,7493,351,3
2024-01-16 22:30:00+00:00,2024-01-18 04:00:00+00:00,8305,29.5,6878,1427,4
2024-01-16 22:30:00+00:00,2024-01-18 05:00:00+00:00,8665,30.5,6362,2303,5
2024-01-16 22:30:00+00:00,2024-01-18 06:00:00+00:00,8731,31.5,6990,1741,6
2024-01-16 22:30:00+00:00,2024-01-18 07:00:00+00:00,8395,32.5,6833,1562,7
2024-01-16 22:30:00+00:00,2024-01-18 08:00:00+00:00,8617,33.5,6392,2225,8
2024-01-16 22:30:00+00:00,2024-01-18 09:00:00+00:00,8378,34.5,5659,2719,9
2024-01-16 22:30:00+00:00,2024-01-18 10:00:00+00:00,9056,35.5,6206,2850,10
2024-01-16 22:30:00+00:00,2024-01-18 11:00:00+00:00,9222,36.5,6688,2534,11
2024-01-16 22:30:00+00:00,2024-01-18 12:00:00+00:00,9402,37.5,7551,1851,12
2024-01-16 22:30:00+00:00,2024-01-18 13:00:00+00:00,9838,38.5,7082,2756,13
2024-01-16 22:30:00+00:00,2024-01-18 14:00:00+00:00,10269,39.5,8365,1904,14
2024-01-16 22:30:00+00:00,2024-01-18 15:00:00+00:00,10683,40.5,9515,1168,15
2024-01-16 22:30:00+00:00,2024-01-18 16:00:00+00:00,10843,41.5,10356,487,16
2024-01-16 22:30:00+00:00,2024-01-18 17:00:00+00:00,10993,42.5,11322,329,17
2024-01-16 22:30:00+00:00,2024-01-18 18:00:00+00:00,11129,43.5,12362,1233,18
2024-01-16 22:30:00+00:00,2024-01-18 19:00:00+00:00,10988,44.5,11678,690,19
2024-01-16 22:30:00+00:00,2024-01-18 20:00:00+00:00,10833,45.5,11339,506,20
2024-01-16 22:30:00+00:00,2024-01-18 21:00:00+00:00,10687,46.5,11629,942,21
2024-01-16 18:30:00+00:00,2024-01-16 23:00:00+00:00,11658,4.5,11622,36,23
2024-01-16 18:30:00+00:00,2024-01-17 00:00:00+00:00,11697,5.5,10883,814,0
2024-01-16 18:30:00+00:00,2024-01-17 01:00:00+00:00,11206,6.5,9675,1531,1
2024-01-16 18:30:00+00:00,2024-01-17 02:00:00+00:00,10616,7.5,9013,1603,2
2024-01-16 18:30:00+00:00,2024-01-17 03:00:00+00:00,9704,8.5,7573,2131,3
2024-01-16 18:30:00+00:00,2024-01-17 04:00:00+00:00,8930,9.5,6030,2900,4
2024-01-16 18:30:00+00:00,2024-01-17 05:00:00+00:00,7801,10.5,4695,3106,5
2024-01-16 18:30:00+00:00,2024-01-17 06:00:00+00:00,6847,11.5,4682,2165,6
2024-01-16 18:30:00+00:00,2024-01-17 07:00:00+00:00,6425,12.5,4822,1603,7
2024-01-16 18:30:00+00:00,2024-01-17 08:00:00+00:00,5686,13.5,3988,1698,8
2024-01-16 18:30:00+00:00,2024-01-17 09:00:00+00:00,5447,14.5,4434,1013,9
2024-01-16 18:30:00+00:00,2024-01-17 10:00:00+00:00,4977,15.5,3902,1075,10
2024-01-16 18:30:00+00:00,2024-01-17 11:00:00+00:00,4843,16.5,3455,1388,11
2024-01-16 18:30:00+00:00,2024-01-17 12:00:00+00:00,4800,17.5,3238,1562,12
2024-01-16 18:30:00+00:00,2024-01-17 13:00:00+00:00,5140,18.5,3785,1355,13
2024-01-16 18:30:00+00:00,2024-01-17 14:00:00+00:00,5515,19.5,4774,741,14
2024-01-16 18:30:00+00:00,2024-01-17 15:00:00+00:00,5932,20.5,5291,641,15
2024-01-16 18:30:00+00:00,2024-01-17 16:00:00+00:00,6549,21.5,6190,359,16
2024-01-16 18:30:00+00:00,2024-01-17 17:00:00+00:00,6864,22.5,6631,233,17
2024-01-16 18:30:00+00:00,2024-01-17 18:00:00+00:00,7105,23.5,7004,101,18
2024-01-16 18:30:00+00:00,2024-01-17 19:00:00+00:00,6864,24.5,8038,1174,19
2024-01-16 18:30:00+00:00,2024-01-17 20:00:00+00:00,7001,25.5,7850,849,20
2024-01-16 18:30:00+00:00,2024-01-17 21:00:00+00:00,7096,26.5,7426,330,21
2024-01-16 18:30:00+00:00,2024-01-17 22:00:00+00:00,6985,27.5,6788,197,22
2024-01-16 18:30:00+00:00,2024-01-17 23:00:00+00:00,7101,28.5,6841,260,23
2024-01-16 18:30:00+00:00,2024-01-18 00:00:00+00:00,7673,29.5,6431,1242,0
2024-01-16 18:30:00+00:00,2024-01-18 01:00:00+00:00,7716,30.5,7447,269,1
2024-01-16 18:30:00+00:00,2024-01-18 02:00:00+00:00,7716,31.5,8596,880,2
2024-01-16 18:30:00+00:00,2024-01-18 03:00:00+00:00,7842,32.5,7493,349,3
2024-01-16 18:30:00+00:00,2024-01-18 04:00:00+00:00,8301,33.5,6878,1423,4
2024-01-16 18:30:00+00:00,2024-01-18 05:00:00+00:00,8663,34.5,6362,2301,5
2024-01-16 18:30:00+00:00,2024-01-18 06:00:00+00:00,8733,35.5,6990,1743,6
2024-01-16 18:30:00+00:00,2024-01-18 07:00:00+00:00,8394,36.5,6833,1561,7
2024-01-16 18:30:00+00:00,2024-01-18 08:00:00+00:00,8617,37.5,6392,2225,8
2024-01-16 18:30:00+00:00,2024-01-18 09:00:00+00:00,8383,38.5,5659,2724,9
2024-01-16 18:30:00+00:00,2024-01-18 10:00:00+00:00,9060,39.5,6206,2854,10
2024-01-16 18:30:00+00:00,2024-01-18 11:00:00+00:00,9226,40.5,6688,2538,11
2024-01-16 18:30:00+00:00,2024-01-18 12:00:00+00:00,9404,41.5,7551,1853,12
2024-01-16 18:30:00+00:00,2024-01-18 13:00:00+00:00,9840,42.5,7082,2758,13
2024-01-16 18:30:00+00:00,2024-01-18 14:00:00+00:00,10272,43.5,8365,1907,14
2024-01-16 18:30:00+00:00,2024-01-18 15:00:00+00:00,10686,44.5,9515,1171,15
2024-01-16 18:30:00+00:00,2024-01-18 16:00:00+00:00,10847,45.5,10356,491,16
2024-01-16 18:30:00+00:00,2024-01-18 17:00:00+00:00,10997,46.5,11322,325,17
2024-01-16 18:30:00+00:00,2024-01-18 18:00:00+00:00,11135,47.5,12362,1227,18
2024-01-16 15:30:00+00:00,2024-01-16 21:00:00+00:00,11397,5.5,12042,645,21
2024-01-16 15:30:00+00:00,2024-01-16 22:00:00+00:00,11346,6.5,11610,264,22
2024-01-16 15:30:00+00:00,2024-01-16 23:00:00+00:00,11344,7.5,11622,278,23
2024-01-16 15:30:00+00:00,2024-01-17 00:00:00+00:00,11415,8.5,10883,532,0
2024-01-16 15:30:00+00:00,2024-01-17 01:00:00+00:00,10906,9.5,9675,1231,1
2024-01-16 15:30:00+00:00,2024-01-17 02:00:00+00:00,10523,10.5,9013,1510,2
2024-01-16 15:30:00+00:00,2024-01-17 03:00:00+00:00,9791,11.5,7573,2218,3
2024-01-16 15:30:00+00:00,2024-01-17 04:00:00+00:00,9200,12.5,6030,3170,4
2024-01-16 15:30:00+00:00,2024-01-17 05:00:00+00:00,8152,13.5,4695,3457,5
2024-01-16 15:30:00+00:00,2024-01-17 06:00:00+00:00,7220,14.5,4682,2538,6
2024-01-16 15:30:00+00:00,2024-01-17 07:00:00+00:00,6654,15.5,4822,1832,7
2024-01-16 15:30:00+00:00,2024-01-17 08:00:00+00:00,5739,16.5,3988,1751,8
2024-01-16 15:30:00+00:00,2024-01-17 09:00:00+00:00,5525,17.5,4434,1091,9
2024-01-16 15:30:00+00:00,2024-01-17 10:00:00+00:00,5119,18.5,3902,1217,10
2024-01-16 15:30:00+00:00,2024-01-17 11:00:00+00:00,4994,19.5,3455,1539,11
2024-01-16 15:30:00+00:00,2024-01-17 12:00:00+00:00,4909,20.5,3238,1671,12
2024-01-16 15:30:00+00:00,2024-01-17 13:00:00+00:00,5184,21.5,3785,1399,13
2024-01-16 15:30:00+00:00,2024-01-17 14:00:00+00:00,5463,22.5,4774,689,14
2024-01-16 15:30:00+00:00,2024-01-17 15:00:00+00:00,5824,23.5,5291,533,15
2024-01-16 15:30:00+00:00,2024-01-17 16:00:00+00:00,6612,24.5,6190,422,16
2024-01-16 15:30:00+00:00,2024-01-17 17:00:00+00:00,7019,25.5,6631,388,17
2024-01-16 15:30:00+00:00,2024-01-17 18:00:00+00:00,7569,26.5,7004,565,18
2024-01-16 15:30:00+00:00,2024-01-17 19:00:00+00:00,7169,27.5,8038,869,19
2024-01-16 15:30:00+00:00,2024-01-17 20:00:00+00:00,7372,28.5,7850,478,20
2024-01-16 15:30:00+00:00,2024-01-17 21:00:00+00:00,7483,29.5,7426,57,21
2024-01-16 15:30:00+00:00,2024-01-17 22:00:00+00:00,7174,30.5,6788,386,22
2024-01-16 15:30:00+00:00,2024-01-17 23:00:00+00:00,7439,31.5,6841,598,23
2024-01-16 15:30:00+00:00,2024-01-18 00:00:00+00:00,7994,32.5,6431,1563,0
2024-01-16 15:30:00+00:00,2024-01-18 01:00:00+00:00,8418,33.5,7447,971,1
2024-01-16 15:30:00+00:00,2024-01-18 02:00:00+00:00,8370,34.5,8596,226,2
2024-01-16 15:30:00+00:00,2024-01-18 03:00:00+00:00,8993,35.5,7493,1500,3
2024-01-16 15:30:00+00:00,2024-01-18 04:00:00+00:00,9554,36.5,6878,2676,4
2024-01-16 15:30:00+00:00,2024-01-18 05:00:00+00:00,9827,37.5,6362,3465,5
2024-01-16 15:30:00+00:00,2024-01-18 06:00:00+00:00,10085,38.5,6990,3095,6
2024-01-16 15:30:00+00:00,2024-01-18 07:00:00+00:00,10040,39.5,6833,3207,7
2024-01-16 15:30:00+00:00,2024-01-18 08:00:00+00:00,9992,40.5,6392,3600,8
2024-01-16 15:30:00+00:00,2024-01-18 09:00:00+00:00,9941,41.5,5659,4282,9
2024-01-16 15:30:00+00:00,2024-01-18 10:00:00+00:00,10078,42.5,6206,3872,10
2024-01-16 15:30:00+00:00,2024-01-18 11:00:00+00:00,10224,43.5,6688,3536,11
2024-01-16 15:30:00+00:00,2024-01-18 12:00:00+00:00,10377,44.5,7551,2826,12
2024-01-16 15:30:00+00:00,2024-01-18 13:00:00+00:00,10673,45.5,7082,3591,13
2024-01-16 15:30:00+00:00,2024-01-18 14:00:00+00:00,10956,46.5,8365,2591,14
2024-01-16 15:30:00+00:00,2024-01-18 15:00:00+00:00,11225,47.5,9515,1710,15
2024-01-16 11:30:00+00:00,2024-01-16 21:00:00+00:00,10244,9.5,12042,1798,21
2024-01-16 11:30:00+00:00,2024-01-16 22:00:00+00:00,10412,10.5,11610,1198,22
2024-01-16 11:30:00+00:00,2024-01-16 23:00:00+00:00,10263,11.5,11622,1359,23
2024-01-16 11:30:00+00:00,2024-01-17 00:00:00+00:00,10416,12.5,10883,467,0
2024-01-16 11:30:00+00:00,2024-01-17 01:00:00+00:00,10013,13.5,9675,338,1
2024-01-16 11:30:00+00:00,2024-01-17 02:00:00+00:00,9695,14.5,9013,682,2
2024-01-16 11:30:00+00:00,2024-01-17 03:00:00+00:00,9090,15.5,7573,1517,3
2024-01-16 11:30:00+00:00,2024-01-17 04:00:00+00:00,8665,16.5,6030,2635,4
2024-01-16 11:30:00+00:00,2024-01-17 05:00:00+00:00,7860,17.5,4695,3165,5
2024-01-16 11:30:00+00:00,2024-01-17 06:00:00+00:00,7131,18.5,4682,2449,6
2024-01-16 11:30:00+00:00,2024-01-17 07:00:00+00:00,6600,19.5,4822,1778,7
2024-01-16 11:30:00+00:00,2024-01-17 08:00:00+00:00,5803,20.5,3988,1815,8
2024-01-16 11:30:00+00:00,2024-01-17 09:00:00+00:00,5552,21.5,4434,1118,9
2024-01-16 11:30:00+00:00,2024-01-17 10:00:00+00:00,5361,22.5,3902,1459,10
2024-01-16 11:30:00+00:00,2024-01-17 11:00:00+00:00,5078,23.5,3455,1623,11
2024-01-16 11:30:00+00:00,2024-01-17 12:00:00+00:00,5168,24.5,3238,1930,12
2024-01-16 11:30:00+00:00,2024-01-17 13:00:00+00:00,5525,25.5,3785,1740,13
2024-01-16 11:30:00+00:00,2024-01-17 14:00:00+00:00,6182,26.5,4774,1408,14
2024-01-16 11:30:00+00:00,2024-01-17 15:00:00+00:00,6681,27.5,5291,1390,15
2024-01-16 11:30:00+00:00,2024-01-17 16:00:00+00:00,7383,28.5,6190,1193,16
2024-01-16 11:30:00+00:00,2024-01-17 17:00:00+00:00,7920,29.5,6631,1289,17
2024-01-16 11:30:00+00:00,2024-01-17 18:00:00+00:00,8406,30.5,7004,1402,18
2024-01-16 11:30:00+00:00,2024-01-17 19:00:00+00:00,8349,31.5,8038,311,19
2024-01-16 11:30:00+00:00,2024-01-17 20:00:00+00:00,8456,32.5,7850,606,20
2024-01-16 11:30:00+00:00,2024-01-17 21:00:00+00:00,8647,33.5,7426,1221,21
2024-01-16 11:30:00+00:00,2024-01-17 22:00:00+00:00,8479,34.5,6788,1691,22
2024-01-16 11:30:00+00:00,2024-01-17 23:00:00+00:00,8708,35.5,6841,1867,23
2024-01-16 11:30:00+00:00,2024-01-18 00:00:00+00:00,8982,36.5,6431,2551,0
2024-01-16 11:30:00+00:00,2024-01-18 01:00:00+00:00,9224,37.5,7447,1777,1
2024-01-16 11:30:00+00:00,2024-01-18 02:00:00+00:00,9518,38.5,8596,922,2
2024-01-16 11:30:00+00:00,2024-01-18 03:00:00+00:00,9830,39.5,7493,2337,3
2024-01-16 11:30:00+00:00,2024-01-18 04:00:00+00:00,10145,40.5,6878,3267,4
2024-01-16 11:30:00+00:00,2024-01-18 05:00:00+00:00,10447,41.5,6362,4085,5
2024-01-16 11:30:00+00:00,2024-01-18 06:00:00+00:00,10738,42.5,6990,3748,6
2024-01-16 11:30:00+00:00,2024-01-18 07:00:00+00:00,10717,43.5,6833,3884,7
2024-01-16 11:30:00+00:00,2024-01-18 08:00:00+00:00,10696,44.5,6392,4304,8
2024-01-16 11:30:00+00:00,2024-01-18 09:00:00+00:00,10673,45.5,5659,5014,9
2024-01-16 11:30:00+00:00,2024-01-18 10:00:00+00:00,10834,46.5,6206,4628,10
2024-01-16 11:30:00+00:00,2024-01-18 11:00:00+00:00,10997,47.5,6688,4309,11
2024-01-16 09:30:00+00:00,2024-01-16 21:00:00+00:00,10239,11.5,12042,1803,21
2024-01-16 09:30:00+00:00,2024-01-16 22:00:00+00:00,10410,12.5,11610,1200,22
2024-01-16 09:30:00+00:00,2024-01-16 23:00:00+00:00,10257,13.5,11622,1365,23
2024-01-16 09:30:00+00:00,2024-01-17 00:00:00+00:00,10414,14.5,10883,469,0
2024-01-16 09:30:00+00:00,2024-01-17 01:00:00+00:00,10009,15.5,9675,334,1
2024-01-16 09:30:00+00:00,2024-01-17 02:00:00+00:00,9696,16.5,9013,683,2
2024-01-16 09:30:00+00:00,2024-01-17 03:00:00+00:00,9090,17.5,7573,1517,3
2024-01-16 09:30:00+00:00,2024-01-17 04:00:00+00:00,8667,18.5,6030,2637,4
2024-01-16 09:30:00+00:00,2024-01-17 05:00:00+00:00,7860,19.5,4695,3165,5
2024-01-16 09:30:00+00:00,2024-01-17 06:00:00+00:00,7132,20.5,4682,2450,6
2024-01-16 09:30:00+00:00,2024-01-17 07:00:00+00:00,6601,21.5,4822,1779,7
2024-01-16 09:30:00+00:00,2024-01-17 08:00:00+00:00,5801,22.5,3988,1813,8
2024-01-16 09:30:00+00:00,2024-01-17 09:00:00+00:00,5553,23.5,4434,1119,9
2024-01-16 09:30:00+00:00,2024-01-17 10:00:00+00:00,5356,24.5,3902,1454,10
2024-01-16 09:30:00+00:00,2024-01-17 11:00:00+00:00,5067,25.5,3455,1612,11
2024-01-16 09:30:00+00:00,2024-01-17 12:00:00+00:00,5158,26.5,3238,1920,12
2024-01-16 09:30:00+00:00,2024-01-17 13:00:00+00:00,5519,27.5,3785,1734,13
2024-01-16 09:30:00+00:00,2024-01-17 14:00:00+00:00,6175,28.5,4774,1401,14
2024-01-16 09:30:00+00:00,2024-01-17 15:00:00+00:00,6679,29.5,5291,1388,15
2024-01-16 09:30:00+00:00,2024-01-17 16:00:00+00:00,7388,30.5,6190,1198,16
2024-01-16 09:30:00+00:00,2024-01-17 17:00:00+00:00,7920,31.5,6631,1289,17
2024-01-16 09:30:00+00:00,2024-01-17 18:00:00+00:00,8436,32.5,7004,1432,18
2024-01-16 09:30:00+00:00,2024-01-17 19:00:00+00:00,8352,33.5,8038,314,19
2024-01-16 09:30:00+00:00,2024-01-17 20:00:00+00:00,8456,34.5,7850,606,20
2024-01-16 09:30:00+00:00,2024-01-17 21:00:00+00:00,8666,35.5,7426,1240,21
2024-01-16 09:30:00+00:00,2024-01-17 22:00:00+00:00,8558,36.5,6788,1770,22
2024-01-16 09:30:00+00:00,2024-01-17 23:00:00+00:00,8823,37.5,6841,1982,23
2024-01-16 09:30:00+00:00,2024-01-18 00:00:00+00:00,9088,38.5,6431,2657,0
2024-01-16 09:30:00+00:00,2024-01-18 01:00:00+00:00,9378,39.5,7447,1931,1
2024-01-16 09:30:00+00:00,2024-01-18 02:00:00+00:00,9663,40.5,8596,1067,2
2024-01-16 09:30:00+00:00,2024-01-18 03:00:00+00:00,9940,41.5,7493,2447,3
2024-01-16 09:30:00+00:00,2024-01-18 04:00:00+00:00,10222,42.5,6878,3344,4
2024-01-16 09:30:00+00:00,2024-01-18 05:00:00+00:00,10490,43.5,6362,4128,5
2024-01-16 09:30:00+00:00,2024-01-18 06:00:00+00:00,10744,44.5,6990,3754,6
2024-01-16 09:30:00+00:00,2024-01-18 07:00:00+00:00,10723,45.5,6833,3890,7
2024-01-16 09:30:00+00:00,2024-01-18 08:00:00+00:00,10701,46.5,6392,4309,8
2024-01-16 09:30:00+00:00,2024-01-18 09:00:00+00:00,10678,47.5,5659,5019,9
2024-01-16 07:30:00+00:00,2024-01-16 21:00:00+00:00,10239,13.5,12042,1803,21
2024-01-16 07:30:00+00:00,2024-01-16 22:00:00+00:00,10410,14.5,11610,1200,22
2024-01-16 07:30:00+00:00,2024-01-16 23:00:00+00:00,10256,15.5,11622,1366,23
2024-01-16 07:30:00+00:00,2024-01-17 00:00:00+00:00,10414,16.5,10883,469,0
2024-01-16 07:30:00+00:00,2024-01-17 01:00:00+00:00,10008,17.5,9675,333,1
2024-01-16 07:30:00+00:00,2024-01-17 02:00:00+00:00,9695,18.5,9013,682,2
2024-01-16 07:30:00+00:00,2024-01-17 03:00:00+00:00,9089,19.5,7573,1516,3
2024-01-16 07:30:00+00:00,2024-01-17 04:00:00+00:00,8667,20.5,6030,2637,4
2024-01-16 07:30:00+00:00,2024-01-17 05:00:00+00:00,7859,21.5,4695,3164,5
2024-01-16 07:30:00+00:00,2024-01-17 06:00:00+00:00,7131,22.5,4682,2449,6
2024-01-16 07:30:00+00:00,2024-01-17 07:00:00+00:00,6600,23.5,4822,1778,7
2024-01-16 07:30:00+00:00,2024-01-17 08:00:00+00:00,5800,24.5,3988,1812,8
2024-01-16 07:30:00+00:00,2024-01-17 09:00:00+00:00,5552,25.5,4434,1118,9
2024-01-16 07:30:00+00:00,2024-01-17 10:00:00+00:00,5353,26.5,3902,1451,10
2024-01-16 07:30:00+00:00,2024-01-17 11:00:00+00:00,5063,27.5,3455,1608,11
2024-01-16 07:30:00+00:00,2024-01-17 12:00:00+00:00,5153,28.5,3238,1915,12
2024-01-16 07:30:00+00:00,2024-01-17 13:00:00+00:00,5513,29.5,3785,1728,13
2024-01-16 07:30:00+00:00,2024-01-17 14:00:00+00:00,6169,30.5,4774,1395,14
2024-01-16 07:30:00+00:00,2024-01-17 15:00:00+00:00,6672,31.5,5291,1381,15
2024-01-16 07:30:00+00:00,2024-01-17 16:00:00+00:00,7382,32.5,6190,1192,16
2024-01-16 07:30:00+00:00,2024-01-17 17:00:00+00:00,7915,33.5,6631,1284,17
2024-01-16 07:30:00+00:00,2024-01-17 18:00:00+00:00,8434,34.5,7004,1430,18
2024-01-16 07:30:00+00:00,2024-01-17 19:00:00+00:00,8349,35.5,8038,311,19
2024-01-16 07:30:00+00:00,2024-01-17 20:00:00+00:00,8454,36.5,7850,604,20
2024-01-16 07:30:00+00:00,2024-01-17 21:00:00+00:00,8665,37.5,7426,1239,21
2024-01-16 07:30:00+00:00,2024-01-17 22:00:00+00:00,8559,38.5,6788,1771,22
2024-01-16 07:30:00+00:00,2024-01-17 23:00:00+00:00,8827,39.5,6841,1986,23
2024-01-16 07:30:00+00:00,2024-01-18 00:00:00+00:00,9094,40.5,6431,2663,0
2024-01-16 07:30:00+00:00,2024-01-18 01:00:00+00:00,9384,41.5,7447,1937,1
2024-01-16 07:30:00+00:00,2024-01-18 02:00:00+00:00,9670,42.5,8596,1074,2
2024-01-16 07:30:00+00:00,2024-01-18 03:00:00+00:00,9946,43.5,7493,2453,3
2024-01-16 07:30:00+00:00,2024-01-18 04:00:00+00:00,10229,44.5,6878,3351,4
2024-01-16 07:30:00+00:00,2024-01-18 05:00:00+00:00,10498,45.5,6362,4136,5
2024-01-16 07:30:00+00:00,2024-01-18 06:00:00+00:00,10753,46.5,6990,3763,6
2024-01-16 07:30:00+00:00,2024-01-18 07:00:00+00:00,10731,47.5,6833,3898,7
2024-01-16 04:30:00+00:00,2024-01-16 21:00:00+00:00,9665,16.5,12042,2377,21
2024-01-16 04:30:00+00:00,2024-01-16 22:00:00+00:00,9764,17.5,11610,1846,22
2024-01-16 04:30:00+00:00,2024-01-16 23:00:00+00:00,9543,18.5,11622,2079,23
2024-01-16 04:30:00+00:00,2024-01-17 00:00:00+00:00,9622,19.5,10883,1261,0
2024-01-16 04:30:00+00:00,2024-01-17 01:00:00+00:00,9215,20.5,9675,460,1
2024-01-16 04:30:00+00:00,2024-01-17 02:00:00+00:00,8902,21.5,9013,111,2
2024-01-16 04:30:00+00:00,2024-01-17 03:00:00+00:00,8152,22.5,7573,579,3
2024-01-16 04:30:00+00:00,2024-01-17 04:00:00+00:00,7734,23.5,6030,1704,4
2024-01-16 04:30:00+00:00,2024-01-17 05:00:00+00:00,7222,24.5,4695,2527,5
2024-01-16 04:30:00+00:00,2024-01-17 06:00:00+00:00,6608,25.5,4682,1926,6
2024-01-16 04:30:00+00:00,2024-01-17 07:00:00+00:00,6237,26.5,4822,1415,7
2024-01-16 04:30:00+00:00,2024-01-17 08:00:00+00:00,5731,27.5,3988,1743,8
2024-01-16 04:30:00+00:00,2024-01-17 09:00:00+00:00,5454,28.5,4434,1020,9
2024-01-16 04:30:00+00:00,2024-01-17 10:00:00+00:00,5411,29.5,3902,1509,10
2024-01-16 04:30:00+00:00,2024-01-17 11:00:00+00:00,5192,30.5,3455,1737,11
2024-01-16 04:30:00+00:00,2024-01-17 12:00:00+00:00,5374,31.5,3238,2136,12
2024-01-16 04:30:00+00:00,2024-01-17 13:00:00+00:00,5916,32.5,3785,2131,13
2024-01-16 04:30:00+00:00,2024-01-17 14:00:00+00:00,6722,33.5,4774,1948,14
2024-01-16 04:30:00+00:00,2024-01-17 15:00:00+00:00,7482,34.5,5291,2191,15
2024-01-16 04:30:00+00:00,2024-01-17 16:00:00+00:00,8391,35.5,6190,2201,16
2024-01-16 04:30:00+00:00,2024-01-17 17:00:00+00:00,9099,36.5,6631,2468,17
2024-01-16 04:30:00+00:00,2024-01-17 18:00:00+00:00,9822,37.5,7004,2818,18
2024-01-16 04:30:00+00:00,2024-01-17 19:00:00+00:00,9945,38.5,8038,1907,19
2024-01-16 04:30:00+00:00,2024-01-17 20:00:00+00:00,10068,39.5,7850,2218,20
2024-01-16 04:30:00+00:00,2024-01-17 21:00:00+00:00,10189,40.5,7426,2763,21
2024-01-16 04:30:00+00:00,2024-01-17 22:00:00+00:00,10351,41.5,6788,3563,22
2024-01-16 04:30:00+00:00,2024-01-17 23:00:00+00:00,10509,42.5,6841,3668,23
2024-01-16 04:30:00+00:00,2024-01-18 00:00:00+00:00,10660,43.5,6431,4229,0
2024-01-16 04:30:00+00:00,2024-01-18 01:00:00+00:00,10734,44.5,7447,3287,1
2024-01-16 04:30:00+00:00,2024-01-18 02:00:00+00:00,10801,45.5,8596,2205,2
2024-01-16 04:30:00+00:00,2024-01-18 03:00:00+00:00,10862,46.5,7493,3369,3
2024-01-16 04:30:00+00:00,2024-01-18 04:00:00+00:00,11003,47.5,6878,4125,4
2024-01-16 02:30:00+00:00,2024-01-16 21:00:00+00:00,9661,18.5,12042,2381,21
2024-01-16 02:30:00+00:00,2024-01-16 22:00:00+00:00,9760,19.5,11610,1850,22
2024-01-16 02:30:00+00:00,2024-01-16 23:00:00+00:00,9539,20.5,11622,2083,23
2024-01-16 02:30:00+00:00,2024-01-17 00:00:00+00:00,9620,21.5,10883,1263,0
2024-01-16 02:30:00+00:00,2024-01-17 01:00:00+00:00,9214,22.5,9675,461,1
2024-01-16 02:30:00+00:00,2024-01-17 02:00:00+00:00,8901,23.5,9013,112,2
2024-01-16 02:30:00+00:00,2024-01-17 03:00:00+00:00,8151,24.5,7573,578,3
2024-01-16 02:30:00+00:00,2024-01-17 04:00:00+00:00,7734,25.5,6030,1704,4
2024-01-16 02:30:00+00:00,2024-01-17 05:00:00+00:00,7223,26.5,4695,2528,5
2024-01-16 02:30:00+00:00,2024-01-17 06:00:00+00:00,6607,27.5,4682,1925,6
2024-01-16 02:30:00+00:00,2024-01-17 07:00:00+00:00,6238,28.5,4822,1416,7
2024-01-16 02:30:00+00:00,2024-01-17 08:00:00+00:00,5731,29.5,3988,1743,8
2024-01-16 02:30:00+00:00,2024-01-17 09:00:00+00:00,5448,30.5,4434,1014,9
2024-01-16 02:30:00+00:00,2024-01-17 10:00:00+00:00,5412,31.5,3902,1510,10
2024-01-16 02:30:00+00:00,2024-01-17 11:00:00+00:00,5190,32.5,3455,1735,11
2024-01-16 02:30:00+00:00,2024-01-17 12:00:00+00:00,5359,33.5,3238,2121,12
2024-01-16 02:30:00+00:00,2024-01-17 13:00:00+00:00,5909,34.5,3785,2124,13
2024-01-16 02:30:00+00:00,2024-01-17 14:00:00+00:00,6714,35.5,4774,1940,14
2024-01-16 02:30:00+00:00,2024-01-17 15:00:00+00:00,7469,36.5,5291,2178,15
2024-01-16 02:30:00+00:00,2024-01-17 16:00:00+00:00,8385,37.5,6190,2195,16
2024-01-16 02:30:00+00:00,2024-01-17 17:00:00+00:00,9101,38.5,6631,2470,17
2024-01-16 02:30:00+00:00,2024-01-17 18:00:00+00:00,9831,39.5,7004,2827,18
2024-01-16 02:30:00+00:00,2024-01-17 19:00:00+00:00,9956,40.5,8038,1918,19
2024-01-16 02:30:00+00:00,2024-01-17 20:00:00+00:00,10081,41.5,7850,2231,20
2024-01-16 02:30:00+00:00,2024-01-17 21:00:00+00:00,10205,42.5,7426,2779,21
2024-01-16 02:30:00+00:00,2024-01-17 22:00:00+00:00,10372,43.5,6788,3584,22
2024-01-16 02:30:00+00:00,2024-01-17 23:00:00+00:00,10534,44.5,6841,3693,23
2024-01-16 02:30:00+00:00,2024-01-18 00:00:00+00:00,10690,45.5,6431,4259,0
2024-01-16 02:30:00+00:00,2024-01-18 01:00:00+00:00,10763,46.5,7447,3316,1
2024-01-16 02:30:00+00:00,2024-01-18 02:00:00+00:00,10829,47.5,8596,2233,2
2024-01-15 22:30:00+00:00,2024-01-16 03:00:00+00:00,5723,4.5,5814,91,3
2024-01-15 22:30:00+00:00,2024-01-16 04:00:00+00:00,5650,5.5,5985,335,4
2024-01-15 22:30:00+00:00,2024-01-16 05:00:00+00:00,6163,6.5,6396,233,5
2024-01-15 22:30:00+00:00,2024-01-16 06:00:00+00:00,5992,7.5,7111,1119,6
2024-01-15 22:30:00+00:00,2024-01-16 07:00:00+00:00,5964,8.5,7343,1379,7
2024-01-15 22:30:00+00:00,2024-01-16 08:00:00+00:00,6519,9.5,7387,868,8
2024-01-15 22:30:00+00:00,2024-01-16 09:00:00+00:00,6893,10.5,7756,863,9
2024-01-15 22:30:00+00:00,2024-01-16 10:00:00+00:00,7566,11.5,7412,154,10
2024-01-15 22:30:00+00:00,2024-01-16 11:00:00+00:00,8343,12.5,7463,880,11
2024-01-15 22:30:00+00:00,2024-01-16 12:00:00+00:00,8919,13.5,7607,1312,12
2024-01-15 22:30:00+00:00,2024-01-16 13:00:00+00:00,8986,14.5,8206,780,13
2024-01-15 22:30:00+00:00,2024-01-16 14:00:00+00:00,9354,15.5,9047,307,14
2024-01-15 22:30:00+00:00,2024-01-16 15:00:00+00:00,9457,16.5,9603,146,15
2024-01-15 22:30:00+00:00,2024-01-16 16:00:00+00:00,9805,17.5,11451,1646,16
2024-01-15 22:30:00+00:00,2024-01-16 17:00:00+00:00,10147,18.5,12975,2828,17
2024-01-15 22:30:00+00:00,2024-01-16 18:00:00+00:00,10278,19.5,12865,2587,18
2024-01-15 22:30:00+00:00,2024-01-16 19:00:00+00:00,10134,20.5,13083,2949,19
2024-01-15 22:30:00+00:00,2024-01-16 20:00:00+00:00,10267,21.5,12888,2621,20
2024-01-15 22:30:00+00:00,2024-01-16 21:00:00+00:00,10103,22.5,12042,1939,21
2024-01-15 22:30:00+00:00,2024-01-16 22:00:00+00:00,9868,23.5,11610,1742,22
2024-01-15 22:30:00+00:00,2024-01-16 23:00:00+00:00,9671,24.5,11622,1951,23
2024-01-15 22:30:00+00:00,2024-01-17 00:00:00+00:00,9305,25.5,10883,1578,0
2024-01-15 22:30:00+00:00,2024-01-17 01:00:00+00:00,8845,26.5,9675,830,1
2024-01-15 22:30:00+00:00,2024-01-17 02:00:00+00:00,8430,27.5,9013,583,2
2024-01-15 22:30:00+00:00,2024-01-17 03:00:00+00:00,7600,28.5,7573,27,3
2024-01-15 22:30:00+00:00,2024-01-17 04:00:00+00:00,7147,29.5,6030,1117,4
2024-01-15 22:30:00+00:00,2024-01-17 05:00:00+00:00,6676,30.5,4695,1981,5
2024-01-15 22:30:00+00:00,2024-01-17 06:00:00+00:00,6034,31.5,4682,1352,6
2024-01-15 22:30:00+00:00,2024-01-17 07:00:00+00:00,5548,32.5,4822,726,7
2024-01-15 22:30:00+00:00,2024-01-17 08:00:00+00:00,5268,33.5,3988,1280,8
2024-01-15 22:30:00+00:00,2024-01-17 09:00:00+00:00,4965,34.5,4434,531,9
2024-01-15 22:30:00+00:00,2024-01-17 10:00:00+00:00,5451,35.5,3902,1549,10
2024-01-15 22:30:00+00:00,2024-01-17 11:00:00+00:00,5548,36.5,3455,2093,11
2024-01-15 22:30:00+00:00,2024-01-17 12:00:00+00:00,5676,37.5,3238,2438,12
2024-01-15 22:30:00+00:00,2024-01-17 13:00:00+00:00,6411,38.5,3785,2626,13
2024-01-15 22:30:00+00:00,2024-01-17 14:00:00+00:00,7239,39.5,4774,2465,14
2024-01-15 22:30:00+00:00,2024-01-17 15:00:00+00:00,8158,40.5,5291,2867,15
2024-01-15 22:30:00+00:00,2024-01-17 16:00:00+00:00,8819,41.5,6190,2629,16
2024-01-15 22:30:00+00:00,2024-01-17 17:00:00+00:00,9506,42.5,6631,2875,17
2024-01-15 22:30:00+00:00,2024-01-17 18:00:00+00:00,10194,43.5,7004,3190,18
2024-01-15 22:30:00+00:00,2024-01-17 19:00:00+00:00,10307,44.5,8038,2269,19
2024-01-15 22:30:00+00:00,2024-01-17 20:00:00+00:00,10418,45.5,7850,2568,20
2024-01-15 22:30:00+00:00,2024-01-17 21:00:00+00:00,10525,46.5,7426,3099,21
2024-01-15 18:30:00+00:00,2024-01-15 23:00:00+00:00,8120,4.5,8022,98,23
2024-01-15 18:30:00+00:00,2024-01-16 00:00:00+00:00,7389,5.5,7892,503,0
2024-01-15 18:30:00+00:00,2024-01-16 01:00:00+00:00,6781,6.5,7270,489,1
2024-01-15 18:30:00+00:00,2024-01-16 02:00:00+00:00,6146,7.5,6228,82,2
2024-01-15 18:30:00+00:00,2024-01-16 03:00:00+00:00,5725,8.5,5814,89,3
2024-01-15 18:30:00+00:00,2024-01-16 04:00:00+00:00,5651,9.5,5985,334,4
2024-01-15 18:30:00+00:00,2024-01-16 05:00:00+00:00,6165,10.5,6396,231,5
2024-01-15 18:30:00+00:00,2024-01-16 06:00:00+00:00,5992,11.5,7111,1119,6
2024-01-15 18:30:00+00:00,2024-01-16 07:00:00+00:00,5965,12.5,7343,1378,7
2024-01-15 18:30:00+00:00,2024-01-16 08:00:00+00:00,6519,13.5,7387,868,8
2024-01-15 18:30:00+00:00,2024-01-16 09:00:00+00:00,6893,14.5,7756,863,9
2024-01-15 18:30:00+00:00,2024-01-16 10:00:00+00:00,7565,15.5,7412,153,10
2024-01-15 18:30:00+00:00,2024-01-16 11:00:00+00:00,8342,16.5,7463,879,11
2024-01-15 18:30:00+00:00,2024-01-16 12:00:00+00:00,8918,17.5,7607,1311,12
2024-01-15 18:30:00+00:00,2024-01-16 13:00:00+00:00,8987,18.5,8206,781,13
2024-01-15 18:30:00+00:00,2024-01-16 14:00:00+00:00,9355,19.5,9047,308,14
2024-01-15 18:30:00+00:00,2024-01-16 15:00:00+00:00,9458,20.5,9603,145,15
2024-01-15 18:30:00+00:00,2024-01-16 16:00:00+00:00,9806,21.5,11451,1645,16
2024-01-15 18:30:00+00:00,2024-01-16 17:00:00+00:00,10149,22.5,12975,2826,17
2024-01-15 18:30:00+00:00,2024-01-16 18:00:00+00:00,10280,23.5,12865,2585,18
2024-01-15 18:30:00+00:00,2024-01-16 19:00:00+00:00,10136,24.5,13083,2947,19
2024-01-15 18:30:00+00:00,2024-01-16 20:00:00+00:00,10268,25.5,12888,2620,20
2024-01-15 18:30:00+00:00,2024-01-16 21:00:00+00:00,10105,26.5,12042,1937,21
2024-01-15 18:30:00+00:00,2024-01-16 22:00:00+00:00,9870,27.5,11610,1740,22
2024-01-15 18:30:00+00:00,2024-01-16 23:00:00+00:00,9671,28.5,11622,1951,23
2024-01-15 18:30:00+00:00,2024-01-17 00:00:00+00:00,9303,29.5,10883,1580,0
2024-01-15 18:30:00+00:00,2024-01-17 01:00:00+00:00,8845,30.5,9675,830,1
2024-01-15 18:30:00+00:00,2024-01-17 02:00:00+00:00,8428,31.5,9013,585,2
2024-01-15 18:30:00+00:00,2024-01-17 03:00:00+00:00,7600,32.5,7573,27,3
2024-01-15 18:30:00+00:00,2024-01-17 04:00:00+00:00,7146,33.5,6030,1116,4
2024-01-15 18:30:00+00:00,2024-01-17 05:00:00+00:00,6674,34.5,4695,1979,5
2024-01-15 18:30:00+00:00,2024-01-17 06:00:00+00:00,6034,35.5,4682,1352,6
2024-01-15 18:30:00+00:00,2024-01-17 07:00:00+00:00,5547,36.5,4822,725,7
2024-01-15 18:30:00+00:00,2024-01-17 08:00:00+00:00,5267,37.5,3988,1279,8
2024-01-15 18:30:00+00:00,2024-01-17 09:00:00+00:00,4966,38.5,4434,532,9
2024-01-15 18:30:00+00:00,2024-01-17 10:00:00+00:00,5456,39.5,3902,1554,10
2024-01-15 18:30:00+00:00,2024-01-17 11:00:00+00:00,5560,40.5,3455,2105,11
2024-01-15 18:30:00+00:00,2024-01-17 12:00:00+00:00,5694,41.5,3238,2456,12
2024-01-15 18:30:00+00:00,2024-01-17 13:00:00+00:00,6426,42.5,3785,2641,13
2024-01-15 18:30:00+00:00,2024-01-17 14:00:00+00:00,7251,43.5,4774,2477,14
2024-01-15 18:30:00+00:00,2024-01-17 15:00:00+00:00,8167,44.5,5291,2876,15
2024-01-15 18:30:00+00:00,2024-01-17 16:00:00+00:00,8829,45.5,6190,2639,16
2024-01-15 18:30:00+00:00,2024-01-17 17:00:00+00:00,9516,46.5,6631,2885,17
2024-01-15 18:30:00+00:00,2024-01-17 18:00:00+00:00,10205,47.5,7004,3201,18
2024-01-15 15:30:00+00:00,2024-01-15 21:00:00+00:00,10091,5.5,9569,522,21
2024-01-15 15:30:00+00:00,2024-01-15 22:00:00+00:00,9218,6.5,8995,223,22
2024-01-15 15:30:00+00:00,2024-01-15 23:00:00+00:00,8521,7.5,8022,499,23
2024-01-15 15:30:00+00:00,2024-01-16 00:00:00+00:00,7704,8.5,7892,188,0
2024-01-15 15:30:00+00:00,2024-01-16 01:00:00+00:00,7060,9.5,7270,210,1
2024-01-15 15:30:00+00:00,2024-01-16 02:00:00+00:00,6553,10.5,6228,325,2
2024-01-15 15:30:00+00:00,2024-01-16 03:00:00+00:00,6220,11.5,5814,406,3
2024-01-15 15:30:00+00:00,2024-01-16 04:00:00+00:00,6353,12.5,5985,368,4
2024-01-15 15:30:00+00:00,2024-01-16 05:00:00+00:00,6824,13.5,6396,428,5
2024-01-15 15:30:00+00:00,2024-01-16 06:00:00+00:00,6913,14.5,7111,198,6
2024-01-15 15:30:00+00:00,2024-01-16 07:00:00+00:00,7191,15.5,7343,152,7
2024-01-15 15:30:00+00:00,2024-01-16 08:00:00+00:00,7873,16.5,7387,486,8
2024-01-15 15:30:00+00:00,2024-01-16 09:00:00+00:00,8938,17.5,7756,1182,9
2024-01-15 15:30:00+00:00,2024-01-16 10:00:00+00:00,9612,18.5,7412,2200,10
2024-01-15 15:30:00+00:00,2024-01-16 11:00:00+00:00,9999,19.5,7463,2536,11
2024-01-15 15:30:00+00:00,2024-01-16 12:00:00+00:00,10546,20.5,7607,2939,12
2024-01-15 15:30:00+00:00,2024-01-16 13:00:00+00:00,10963,21.5,8206,2757,13
2024-01-15 15:30:00+00:00,2024-01-16 14:00:00+00:00,11624,22.5,9047,2577,14
2024-01-15 15:30:00+00:00,2024-01-16 15:00:00+00:00,11977,23.5,9603,2374,15
2024-01-15 15:30:00+00:00,2024-01-16 16:00:00+00:00,12462,24.5,11451,1011,16
2024-01-15 15:30:00+00:00,2024-01-16 17:00:00+00:00,12847,25.5,12975,128,17
2024-01-15 15:30:00+00:00,2024-01-16 18:00:00+00:00,12702,26.5,12865,163,18
2024-01-15 15:30:00+00:00,2024-01-16 19:00:00+00:00,12392,27.5,13083,691,19
2024-01-15 15:30:00+00:00,2024-01-16 20:00:00+00:00,12221,28.5,12888,667,20
2024-01-15 15:30:00+00:00,2024-01-16 21:00:00+00:00,11903,29.5,12042,139,21
2024-01-15 15:30:00+00:00,2024-01-16 22:00:00+00:00,11155,30.5,11610,455,22
2024-01-15 15:30:00+00:00,2024-01-16 23:00:00+00:00,10717,31.5,11622,905,23
2024-01-15 15:30:00+00:00,2024-01-17 00:00:00+00:00,10240,32.5,10883,643,0
2024-01-15 15:30:00+00:00,2024-01-17 01:00:00+00:00,9720,33.5,9675,45,1
2024-01-15 15:30:00+00:00,2024-01-17 02:00:00+00:00,9194,34.5,9013,181,2
2024-01-15 15:30:00+00:00,2024-01-17 03:00:00+00:00,8436,35.5,7573,863,3
2024-01-15 15:30:00+00:00,2024-01-17 04:00:00+00:00,7898,36.5,6030,1868,4
2024-01-15 15:30:00+00:00,2024-01-17 05:00:00+00:00,7195,37.5,4695,2500,5
2024-01-15 15:30:00+00:00,2024-01-17 06:00:00+00:00,6510,38.5,4682,1828,6
2024-01-15 15:30:00+00:00,2024-01-17 07:00:00+00:00,5966,39.5,4822,1144,7
2024-01-15 15:30:00+00:00,2024-01-17 08:00:00+00:00,5461,40.5,3988,1473,8
2024-01-15 15:30:00+00:00,2024-01-17 09:00:00+00:00,5005,41.5,4434,571,9
2024-01-15 15:30:00+00:00,2024-01-17 10:00:00+00:00,5127,42.5,3902,1225,10
2024-01-15 15:30:00+00:00,2024-01-17 11:00:00+00:00,5267,43.5,3455,1812,11
2024-01-15 15:30:00+00:00,2024-01-17 12:00:00+00:00,5423,44.5,3238,2185,12
2024-01-15 15:30:00+00:00,2024-01-17 13:00:00+00:00,6122,45.5,3785,2337,13
2024-01-15 15:30:00+00:00,2024-01-17 14:00:00+00:00,6933,46.5,4774,2159,14
2024-01-15 15:30:00+00:00,2024-01-17 15:00:00+00:00,7851,47.5,5291,2560,15
2024-01-15 11:30:00+00:00,2024-01-15 21:00:00+00:00,10392,9.5,9569,823,21
2024-01-15 11:30:00+00:00,2024-01-15 22:00:00+00:00,9639,10.5,8995,644,22
2024-01-15 11:30:00+00:00,2024-01-15 23:00:00+00:00,8951,11.5,8022,929,23
2024-01-15 11:30:00+00:00,2024-01-16 00:00:00+00:00,8149,12.5,7892,257,0
2024-01-15 11:30:00+00:00,2024-01-16 01:00:00+00:00,7645,13.5,7270,375,1
2024-01-15 11:30:00+00:00,2024-01-16 02:00:00+00:00,7090,14.5,6228,862,2
2024-01-15 11:30:00+00:00,2024-01-16 03:00:00+00:00,6722,15.5,5814,908,3
2024-01-15 11:30:00+00:00,2024-01-16 04:00:00+00:00,6946,16.5,5985,961,4
2024-01-15 11:30:00+00:00,2024-01-16 05:00:00+00:00,7119,17.5,6396,723,5
2024-01-15 11:30:00+00:00,2024-01-16 06:00:00+00:00,7314,18.5,7111,203,6
2024-01-15 11:30:00+00:00,2024-01-16 07:00:00+00:00,7801,19.5,7343,458,7
2024-01-15 11:30:00+00:00,2024-01-16 08:00:00+00:00,8597,20.5,7387,1210,8
2024-01-15 11:30:00+00:00,2024-01-16 09:00:00+00:00,9726,21.5,7756,1970,9
2024-01-15 11:30:00+00:00,2024-01-16 10:00:00+00:00,10478,22.5,7412,3066,10
2024-01-15 11:30:00+00:00,2024-01-16 11:00:00+00:00,10910,23.5,7463,3447,11
2024-01-15 11:30:00+00:00,2024-01-16 12:00:00+00:00,11506,24.5,7607,3899,12
2024-01-15 11:30:00+00:00,2024-01-16 13:00:00+00:00,12256,25.5,8206,4050,13
2024-01-15 11:30:00+00:00,2024-01-16 14:00:00+00:00,12931,26.5,9047,3884,14
2024-01-15 11:30:00+00:00,2024-01-16 15:00:00+00:00,13410,27.5,9603,3807,15
2024-01-15 11:30:00+00:00,2024-01-16 16:00:00+00:00,13647,28.5,11451,2196,16
2024-01-15 11:30:00+00:00,2024-01-16 17:00:00+00:00,14007,29.5,12975,1032,17
2024-01-15 11:30:00+00:00,2024-01-16 18:00:00+00:00,13953,30.5,12865,1088,18
2024-01-15 11:30:00+00:00,2024-01-16 19:00:00+00:00,13723,31.5,13083,640,19
2024-01-15 11:30:00+00:00,2024-01-16 20:00:00+00:00,13405,32.5,12888,517,20
2024-01-15 11:30:00+00:00,2024-01-16 21:00:00+00:00,13134,33.5,12042,1092,21
2024-01-15 11:30:00+00:00,2024-01-16 22:00:00+00:00,12202,34.5,11610,592,22
2024-01-15 11:30:00+00:00,2024-01-16 23:00:00+00:00,11751,35.5,11622,129,23
2024-01-15 11:30:00+00:00,2024-01-17 00:00:00+00:00,11275,36.5,10883,392,0
2024-01-15 11:30:00+00:00,2024-01-17 01:00:00+00:00,10597,37.5,9675,922,1
2024-01-15 11:30:00+00:00,2024-01-17 02:00:00+00:00,9866,38.5,9013,853,2
2024-01-15 11:30:00+00:00,2024-01-17 03:00:00+00:00,9075,39.5,7573,1502,3
2024-01-15 11:30:00+00:00,2024-01-17 04:00:00+00:00,8303,40.5,6030,2273,4
2024-01-15 11:30:00+00:00,2024-01-17 05:00:00+00:00,7523,41.5,4695,2828,5
2024-01-15 11:30:00+00:00,2024-01-17 06:00:00+00:00,6770,42.5,4682,2088,6
2024-01-15 11:30:00+00:00,2024-01-17 07:00:00+00:00,6299,43.5,4822,1477,7
2024-01-15 11:30:00+00:00,2024-01-17 08:00:00+00:00,5859,44.5,3988,1871,8
2024-01-15 11:30:00+00:00,2024-01-17 09:00:00+00:00,5460,45.5,4434,1026,9
2024-01-15 11:30:00+00:00,2024-01-17 10:00:00+00:00,5599,46.5,3902,1697,10
2024-01-15 11:30:00+00:00,2024-01-17 11:00:00+00:00,5754,47.5,3455,2299,11
2024-01-15 09:30:00+00:00,2024-01-15 21:00:00+00:00,10397,11.5,9569,828,21
2024-01-15 09:30:00+00:00,2024-01-15 22:00:00+00:00,9643,12.5,8995,648,22
2024-01-15 09:30:00+00:00,2024-01-15 23:00:00+00:00,8955,13.5,8022,933,23
2024-01-15 09:30:00+00:00,2024-01-16 00:00:00+00:00,8152,14.5,7892,260,0
2024-01-15 09:30:00+00:00,2024-01-16 01:00:00+00:00,7649,15.5,7270,379,1
2024-01-15 09:30:00+00:00,2024-01-16 02:00:00+00:00,7093,16.5,6228,865,2
2024-01-15 09:30:00+00:00,2024-01-16 03:00:00+00:00,6724,17.5,5814,910,3
2024-01-15 09:30:00+00:00,2024-01-16 04:00:00+00:00,6950,18.5,5985,965,4
2024-01-15 09:30:00+00:00,2024-01-16 05:00:00+00:00,7122,19.5,6396,726,5
2024-01-15 09:30:00+00:00,2024-01-16 06:00:00+00:00,7317,20.5,7111,206,6
2024-01-15 09:30:00+00:00,2024-01-16 07:00:00+00:00,7804,21.5,7343,461,7
2024-01-15 09:30:00+00:00,2024-01-16 08:00:00+00:00,8599,22.5,7387,1212,8
2024-01-15 09:30:00+00:00,2024-01-16 09:00:00+00:00,9730,23.5,7756,1974,9
2024-01-15 09:30:00+00:00,2024-01-16 10:00:00+00:00,10483,24.5,7412,3071,10
2024-01-15 09:30:00+00:00,2024-01-16 11:00:00+00:00,10918,25.5,7463,3455,11
2024-01-15 09:30:00+00:00,2024-01-16 12:00:00+00:00,11521,26.5,7607,3914,12
2024-01-15 09:30:00+00:00,2024-01-16 13:00:00+00:00,12274,27.5,8206,4068,13
2024-01-15 09:30:00+00:00,2024-01-16 14:00:00+00:00,12943,28.5,9047,3896,14
2024-01-15 09:30:00+00:00,2024-01-16 15:00:00+00:00,13418,29.5,9603,3815,15
2024-01-15 09:30:00+00:00,2024-01-16 16:00:00+00:00,13652,30.5,11451,2201,16
2024-01-15 09:30:00+00:00,2024-01-16 17:00:00+00:00,14014,31.5,12975,1039,17
2024-01-15 09:30:00+00:00,2024-01-16 18:00:00+00:00,13966,32.5,12865,1101,18
2024-01-15 09:30:00+00:00,2024-01-16 19:00:00+00:00,13729,33.5,13083,646,19
2024-01-15 09:30:00+00:00,2024-01-16 20:00:00+00:00,13412,34.5,12888,524,20
2024-01-15 09:30:00+00:00,2024-01-16 21:00:00+00:00,13151,35.5,12042,1109,21
2024-01-15 09:30:00+00:00,2024-01-16 22:00:00+00:00,12234,36.5,11610,624,22
2024-01-15 09:30:00+00:00,2024-01-16 23:00:00+00:00,11794,37.5,11622,172,23
2024-01-15 09:30:00+00:00,2024-01-17 00:00:00+00:00,11318,38.5,10883,435,0
2024-01-15 09:30:00+00:00,2024-01-17 01:00:00+00:00,10641,39.5,9675,966,1
2024-01-15 09:30:00+00:00,2024-01-17 02:00:00+00:00,9900,40.5,9013,887,2
2024-01-15 09:30:00+00:00,2024-01-17 03:00:00+00:00,9096,41.5,7573,1523,3
2024-01-15 09:30:00+00:00,2024-01-17 04:00:00+00:00,8322,42.5,6030,2292,4
2024-01-15 09:30:00+00:00,2024-01-17 05:00:00+00:00,7534,43.5,4695,2839,5
2024-01-15 09:30:00+00:00,2024-01-17 06:00:00+00:00,6765,44.5,4682,2083,6
2024-01-15 09:30:00+00:00,2024-01-17 07:00:00+00:00,6295,45.5,4822,1473,7
2024-01-15 09:30:00+00:00,2024-01-17 08:00:00+00:00,5857,46.5,3988,1869,8
2024-01-15 09:30:00+00:00,2024-01-17 09:00:00+00:00,5462,47.5,4434,1028,9
2024-01-15 07:30:00+00:00,2024-01-15 21:00:00+00:00,10398,13.5,9569,829,21
2024-01-15 07:30:00+00:00,2024-01-15 22:00:00+00:00,9644,14.5,8995,649,22
2024-01-15 07:30:00+00:00,2024-01-15 23:00:00+00:00,8956,15.5,8022,934,23
2024-01-15 07:30:00+00:00,2024-01-16 00:00:00+00:00,8153,16.5,7892,261,0
2024-01-15 07:30:00+00:00,2024-01-16 01:00:00+00:00,7649,17.5,7270,379,1
2024-01-15 07:30:00+00:00,2024-01-16 02:00:00+00:00,7093,18.5,6228,865,2
2024-01-15 07:30:00+00:00,2024-01-16 03:00:00+00:00,6724,19.5,5814,910,3
2024-01-15 07:30:00+00:00,2024-01-16 04:00:00+00:00,6950,20.5,5985,965,4
2024-01-15 07:30:00+00:00,2024-01-16 05:00:00+00:00,7122,21.5,6396,726,5
2024-01-15 07:30:00+00:00,2024-01-16 06:00:00+00:00,7316,22.5,7111,205,6
2024-01-15 07:30:00+00:00,2024-01-16 07:00:00+00:00,7803,23.5,7343,460,7
2024-01-15 07:30:00+00:00,2024-01-16 08:00:00+00:00,8598,24.5,7387,1211,8
2024-01-15 07:30:00+00:00,2024-01-16 09:00:00+00:00,9729,25.5,7756,1973,9
2024-01-15 07:30:00+00:00,2024-01-16 10:00:00+00:00,10482,26.5,7412,3070,10
2024-01-15 07:30:00+00:00,2024-01-16 11:00:00+00:00,10917,27.5,7463,3454,11
2024-01-15 07:30:00+00:00,2024-01-16 12:00:00+00:00,11521,28.5,7607,3914,12
2024-01-15 07:30:00+00:00,2024-01-16 13:00:00+00:00,12275,29.5,8206,4069,13
2024-01-15 07:30:00+00:00,2024-01-16 14:00:00+00:00,12945,30.5,9047,3898,14
2024-01-15 07:30:00+00:00,2024-01-16 15:00:00+00:00,13420,31.5,9603,3817,15
2024-01-15 07:30:00+00:00,2024-01-16 16:00:00+00:00,13654,32.5,11451,2203,16
2024-01-15 07:30:00+00:00,2024-01-16 17:00:00+00:00,14015,33.5,12975,1040,17
2024-01-15 07:30:00+00:00,2024-01-16 18:00:00+00:00,13968,34.5,12865,1103,18
2024-01-15 07:30:00+00:00,2024-01-16 19:00:00+00:00,13730,35.5,13083,647,19
2024-01-15 07:30:00+00:00,2024-01-16 20:00:00+00:00,13412,36.5,12888,524,20
2024-01-15 07:30:00+00:00,2024-01-16 21:00:00+00:00,13152,37.5,12042,1110,21
2024-01-15 07:30:00+00:00,2024-01-16 22:00:00+00:00,12234,38.5,11610,624,22
2024-01-15 07:30:00+00:00,2024-01-16 23:00:00+00:00,11795,39.5,11622,173,23
2024-01-15 07:30:00+00:00,2024-01-17 00:00:00+00:00,11319,40.5,10883,436,0
2024-01-15 07:30:00+00:00,2024-01-17 01:00:00+00:00,10641,41.5,9675,966,1
2024-01-15 07:30:00+00:00,2024-01-17 02:00:00+00:00,9900,42.5,9013,887,2
2024-01-15 07:30:00+00:00,2024-01-17 03:00:00+00:00,9096,43.5,7573,1523,3
2024-01-15 07:30:00+00:00,2024-01-17 04:00:00+00:00,8321,44.5,6030,2291,4
2024-01-15 07:30:00+00:00,2024-01-17 05:00:00+00:00,7534,45.5,4695,2839,5
2024-01-15 07:30:00+00:00,2024-01-17 06:00:00+00:00,6766,46.5,4682,2084,6
2024-01-15 07:30:00+00:00,2024-01-17 07:00:00+00:00,6298,47.5,4822,1476,7
2024-01-15 04:30:00+00:00,2024-01-15 21:00:00+00:00,10501,16.5,9569,932,21
2024-01-15 04:30:00+00:00,2024-01-15 22:00:00+00:00,9809,17.5,8995,814,22
2024-01-15 04:30:00+00:00,2024-01-15 23:00:00+00:00,9071,18.5,8022,1049,23
2024-01-15 04:30:00+00:00,2024-01-16 00:00:00+00:00,8432,19.5,7892,540,0
2024-01-15 04:30:00+00:00,2024-01-16 01:00:00+00:00,8107,20.5,7270,837,1
2024-01-15 04:30:00+00:00,2024-01-16 02:00:00+00:00,7538,21.5,6228,1310,2
2024-01-15 04:30:00+00:00,2024-01-16 03:00:00+00:00,7368,22.5,5814,1554,3
2024-01-15 04:30:00+00:00,2024-01-16 04:00:00+00:00,7537,23.5,5985,1552,4
2024-01-15 04:30:00+00:00,2024-01-16 05:00:00+00:00,7807,24.5,6396,1411,5
2024-01-15 04:30:00+00:00,2024-01-16 06:00:00+00:00,7845,25.5,7111,734,6
2024-01-15 04:30:00+00:00,2024-01-16 07:00:00+00:00,8427,26.5,7343,1084,7
2024-01-15 04:30:00+00:00,2024-01-16 08:00:00+00:00,9336,27.5,7387,1949,8
2024-01-15 04:30:00+00:00,2024-01-16 09:00:00+00:00,10221,28.5,7756,2465,9
2024-01-15 04:30:00+00:00,2024-01-16 10:00:00+00:00,10809,29.5,7412,3397,10
2024-01-15 04:30:00+00:00,2024-01-16 11:00:00+00:00,11491,30.5,7463,4028,11
2024-01-15 04:30:00+00:00,2024-01-16 12:00:00+00:00,12146,31.5,7607,4539,12
2024-01-15 04:30:00+00:00,2024-01-16 13:00:00+00:00,12898,32.5,8206,4692,13
2024-01-15 04:30:00+00:00,2024-01-16 14:00:00+00:00,13373,33.5,9047,4326,14
2024-01-15 04:30:00+00:00,2024-01-16 15:00:00+00:00,13629,34.5,9603,4026,15
2024-01-15 04:30:00+00:00,2024-01-16 16:00:00+00:00,13476,35.5,11451,2025,16
2024-01-15 04:30:00+00:00,2024-01-16 17:00:00+00:00,13817,36.5,12975,842,17
2024-01-15 04:30:00+00:00,2024-01-16 18:00:00+00:00,14066,37.5,12865,1201,18
2024-01-15 04:30:00+00:00,2024-01-16 19:00:00+00:00,14013,38.5,13083,930,19
2024-01-15 04:30:00+00:00,2024-01-16 20:00:00+00:00,13924,39.5,12888,1036,20
2024-01-15 04:30:00+00:00,2024-01-16 21:00:00+00:00,13794,40.5,12042,1752,21
2024-01-15 04:30:00+00:00,2024-01-16 22:00:00+00:00,13369,41.5,11610,1759,22
2024-01-15 04:30:00+00:00,2024-01-16 23:00:00+00:00,12910,42.5,11622,1288,23
2024-01-15 04:30:00+00:00,2024-01-17 00:00:00+00:00,12416,43.5,10883,1533,0
2024-01-15 04:30:00+00:00,2024-01-17 01:00:00+00:00,11687,44.5,9675,2012,1
2024-01-15 04:30:00+00:00,2024-01-17 02:00:00+00:00,10867,45.5,9013,1854,2
2024-01-15 04:30:00+00:00,2024-01-17 03:00:00+00:00,9959,46.5,7573,2386,3
2024-01-15 04:30:00+00:00,2024-01-17 04:00:00+00:00,9141,47.5,6030,3111,4
2024-01-15 02:30:00+00:00,2024-01-15 21:00:00+00:00,10506,18.5,9569,937,21
2024-01-15 02:30:00+00:00,2024-01-15 22:00:00+00:00,9812,19.5,8995,817,22
2024-01-15 02:30:00+00:00,2024-01-15 23:00:00+00:00,9072,20.5,8022,1050,23
2024-01-15 02:30:00+00:00,2024-01-16 00:00:00+00:00,8432,21.5,7892,540,0
2024-01-15 02:30:00+00:00,2024-01-16 01:00:00+00:00,8107,22.5,7270,837,1
2024-01-15 02:30:00+00:00,2024-01-16 02:00:00+00:00,7537,23.5,6228,1309,2
2024-01-15 02:30:00+00:00,2024-01-16 03:00:00+00:00,7368,24.5,5814,1554,3
2024-01-15 02:30:00+00:00,2024-01-16 04:00:00+00:00,7537,25.5,5985,1552,4
2024-01-15 02:30:00+00:00,2024-01-16 05:00:00+00:00,7807,26.5,6396,1411,5
2024-01-15 02:30:00+00:00,2024-01-16 06:00:00+00:00,7844,27.5,7111,733,6
2024-01-15 02:30:00+00:00,2024-01-16 07:00:00+00:00,8427,28.5,7343,1084,7
2024-01-15 02:30:00+00:00,2024-01-16 08:00:00+00:00,9335,29.5,7387,1948,8
2024-01-15 02:30:00+00:00,2024-01-16 09:00:00+00:00,10219,30.5,7756,2463,9
2024-01-15 02:30:00+00:00,2024-01-16 10:00:00+00:00,10809,31.5,7412,3397,10
2024-01-15 02:30:00+00:00,2024-01-16 11:00:00+00:00,11493,32.5,7463,4030,11
2024-01-15 02:30:00+00:00,2024-01-16 12:00:00+00:00,12155,33.5,7607,4548,12
2024-01-15 02:30:00+00:00,2024-01-16 13:00:00+00:00,12898,34.5,8206,4692,13
2024-01-15 02:30:00+00:00,2024-01-16 14:00:00+00:00,13373,35.5,9047,4326,14
2024-01-15 02:30:00+00:00,2024-01-16 15:00:00+00:00,13634,36.5,9603,4031,15
2024-01-15 02:30:00+00:00,2024-01-16 16:00:00+00:00,13482,37.5,11451,2031,16
2024-01-15 02:30:00+00:00,2024-01-16 17:00:00+00:00,13826,38.5,12975,851,17
2024-01-15 02:30:00+00:00,2024-01-16 18:00:00+00:00,14080,39.5,12865,1215,18
2024-01-15 02:30:00+00:00,2024-01-16 19:00:00+00:00,14033,40.5,13083,950,19
2024-01-15 02:30:00+00:00,2024-01-16 20:00:00+00:00,13951,41.5,12888,1063,20
2024-01-15 02:30:00+00:00,2024-01-16 21:00:00+00:00,13830,42.5,12042,1788,21
2024-01-15 02:30:00+00:00,2024-01-16 22:00:00+00:00,13397,43.5,11610,1787,22
2024-01-15 02:30:00+00:00,2024-01-16 23:00:00+00:00,12932,44.5,11622,1310,23
2024-01-15 02:30:00+00:00,2024-01-17 00:00:00+00:00,12432,45.5,10883,1549,0
2024-01-15 02:30:00+00:00,2024-01-17 01:00:00+00:00,11697,46.5,9675,2022,1
2024-01-15 02:30:00+00:00,2024-01-17 02:00:00+00:00,10873,47.5,9013,1860,2
2024-01-14 22:30:00+00:00,2024-01-15 03:00:00+00:00,16095,4.5,14534,1561,3
2024-01-14 22:30:00+00:00,2024-01-15 04:00:00+00:00,16158,5.5,14840,1318,4
2024-01-14 22:30:00+00:00,2024-01-15 05:00:00+00:00,16235,6.5,15001,1234,5
2024-01-14 22:30:00+00:00,2024-01-15 06:00:00+00:00,16184,7.5,15022,1162,6
2024-01-14 22:30:00+00:00,2024-01-15 07:00:00+00:00,16030,8.5,14963,1067,7
2024-01-14 22:30:00+00:00,2024-01-15 08:00:00+00:00,15777,9.5,14492,1285,8
2024-01-14 22:30:00+00:00,2024-01-15 09:00:00+00:00,15580,10.5,14233,1347,9
2024-01-14 22:30:00+00:00,2024-01-15 10:00:00+00:00,15561,11.5,14315,1246,10
2024-01-14 22:30:00+00:00,2024-01-15 11:00:00+00:00,15576,12.5,13835,1741,11
2024-01-14 22:30:00+00:00,2024-01-15 12:00:00+00:00,15668,13.5,13529,2139,12
2024-01-14 22:30:00+00:00,2024-01-15 13:00:00+00:00,15633,14.5,13859,1774,13
2024-01-14 22:30:00+00:00,2024-01-15 14:00:00+00:00,15150,15.5,13810,1340,14
2024-01-14 22:30:00+00:00,2024-01-15 15:00:00+00:00,14256,16.5,13547,709,15
2024-01-14 22:30:00+00:00,2024-01-15 16:00:00+00:00,13637,17.5,12939,698,16
2024-01-14 22:30:00+00:00,2024-01-15 17:00:00+00:00,13203,18.5,12466,737,17
2024-01-14 22:30:00+00:00,2024-01-15 18:00:00+00:00,12635,19.5,11775,860,18
2024-01-14 22:30:00+00:00,2024-01-15 19:00:00+00:00,11835,20.5,10834,1001,19
2024-01-14 22:30:00+00:00,2024-01-15 20:00:00+00:00,11023,21.5,10046,977,20
2024-01-14 22:30:00+00:00,2024-01-15 21:00:00+00:00,10306,22.5,9569,737,21
2024-01-14 22:30:00+00:00,2024-01-15 22:00:00+00:00,9571,23.5,8995,576,22
2024-01-14 22:30:00+00:00,2024-01-15 23:00:00+00:00,8746,24.5,8022,724,23
2024-01-14 22:30:00+00:00,2024-01-16 00:00:00+00:00,8274,25.5,7892,382,0
2024-01-14 22:30:00+00:00,2024-01-16 01:00:00+00:00,7855,26.5,7270,585,1
2024-01-14 22:30:00+00:00,2024-01-16 02:00:00+00:00,7540,27.5,6228,1312,2
2024-01-14 22:30:00+00:00,2024-01-16 03:00:00+00:00,7424,28.5,5814,1610,3
2024-01-14 22:30:00+00:00,2024-01-16 04:00:00+00:00,7555,29.5,5985,1570,4
2024-01-14 22:30:00+00:00,2024-01-16 05:00:00+00:00,7835,30.5,6396,1439,5
2024-01-14 22:30:00+00:00,2024-01-16 06:00:00+00:00,7839,31.5,7111,728,6
2024-01-14 22:30:00+00:00,2024-01-16 07:00:00+00:00,8227,32.5,7343,884,7
2024-01-14 22:30:00+00:00,2024-01-16 08:00:00+00:00,9077,33.5,7387,1690,8
2024-01-14 22:30:00+00:00,2024-01-16 09:00:00+00:00,9932,34.5,7756,2176,9
2024-01-14 22:30:00+00:00,2024-01-16 10:00:00+00:00,10120,35.5,7412,2708,10
2024-01-14 22:30:00+00:00,2024-01-16 11:00:00+00:00,10944,36.5,7463,3481,11
2024-01-14 22:30:00+00:00,2024-01-16 12:00:00+00:00,11689,37.5,7607,4082,12
2024-01-14 22:30:00+00:00,2024-01-16 13:00:00+00:00,12231,38.5,8206,4025,13
2024-01-14 22:30:00+00:00,2024-01-16 14:00:00+00:00,12694,39.5,9047,3647,14
2024-01-14 22:30:00+00:00,2024-01-16 15:00:00+00:00,13081,40.5,9603,3478,15
2024-01-14 22:30:00+00:00,2024-01-16 16:00:00+00:00,13253,41.5,11451,1802,16
2024-01-14 22:30:00+00:00,2024-01-16 17:00:00+00:00,13365,42.5,12975,390,17
2024-01-14 22:30:00+00:00,2024-01-16 18:00:00+00:00,13427,43.5,12865,562,18
2024-01-14 22:30:00+00:00,2024-01-16 19:00:00+00:00,13319,44.5,13083,236,19
2024-01-14 22:30:00+00:00,2024-01-16 20:00:00+00:00,13178,45.5,12888,290,20
2024-01-14 22:30:00+00:00,2024-01-16 21:00:00+00:00,13001,46.5,12042,959,21
2024-01-14 18:30:00+00:00,2024-01-14 23:00:00+00:00,14946,4.5,13352,1594,23
2024-01-14 18:30:00+00:00,2024-01-15 00:00:00+00:00,15252,5.5,13826,1426,0
2024-01-14 18:30:00+00:00,2024-01-15 01:00:00+00:00,15538,6.5,14343,1195,1
2024-01-14 18:30:00+00:00,2024-01-15 02:00:00+00:00,15885,7.5,14431,1454,2
2024-01-14 18:30:00+00:00,2024-01-15 03:00:00+00:00,16105,8.5,14534,1571,3
2024-01-14 18:30:00+00:00,2024-01-15 04:00:00+00:00,16166,9.5,14840,1326,4
2024-01-14 18:30:00+00:00,2024-01-15 05:00:00+00:00,16242,10.5,15001,1241,5
2024-01-14 18:30:00+00:00,2024-01-15 06:00:00+00:00,16188,11.5,15022,1166,6
2024-01-14 18:30:00+00:00,2024-01-15 07:00:00+00:00,16031,12.5,14963,1068,7
2024-01-14 18:30:00+00:00,2024-01-15 08:00:00+00:00,15774,13.5,14492,1282,8
2024-01-14 18:30:00+00:00,2024-01-15 09:00:00+00:00,15580,14.5,14233,1347,9
2024-01-14 18:30:00+00:00,2024-01-15 10:00:00+00:00,15563,15.5,14315,1248,10
2024-01-14 18:30:00+00:00,2024-01-15 11:00:00+00:00,15578,16.5,13835,1743,11
2024-01-14 18:30:00+00:00,2024-01-15 12:00:00+00:00,15667,17.5,13529,2138,12
2024-01-14 18:30:00+00:00,2024-01-15 13:00:00+00:00,15634,18.5,13859,1775,13
2024-01-14 18:30:00+00:00,2024-01-15 14:00:00+00:00,15152,19.5,13810,1342,14
2024-01-14 18:30:00+00:00,2024-01-15 15:00:00+00:00,14256,20.5,13547,709,15
2024-01-14 18:30:00+00:00,2024-01-15 16:00:00+00:00,13637,21.5,12939,698,16
2024-01-14 18:30:00+00:00,2024-01-15 17:00:00+00:00,13204,22.5,12466,738,17
2024-01-14 18:30:00+00:00,2024-01-15 18:00:00+00:00,12638,23.5,11775,863,18
2024-01-14 18:30:00+00:00,2024-01-15 19:00:00+00:00,11836,24.5,10834,1002,19
2024-01-14 18:30:00+00:00,2024-01-15 20:00:00+00:00,11022,25.5,10046,976,20
2024-01-14 18:30:00+00:00,2024-01-15 21:00:00+00:00,10305,26.5,9569,736,21
2024-01-14 18:30:00+00:00,2024-01-15 22:00:00+00:00,9571,27.5,8995,576,22
2024-01-14 18:30:00+00:00,2024-01-15 23:00:00+00:00,8746,28.5,8022,724,23
2024-01-14 18:30:00+00:00,2024-01-16 00:00:00+00:00,8275,29.5,7892,383,0
2024-01-14 18:30:00+00:00,2024-01-16 01:00:00+00:00,7857,30.5,7270,587,1
2024-01-14 18:30:00+00:00,2024-01-16 02:00:00+00:00,7540,31.5,6228,1312,2
2024-01-14 18:30:00+00:00,2024-01-16 03:00:00+00:00,7425,32.5,5814,1611,3
2024-01-14 18:30:00+00:00,2024-01-16 04:00:00+00:00,7554,33.5,5985,1569,4
2024-01-14 18:30:00+00:00,2024-01-16 05:00:00+00:00,7835,34.5,6396,1439,5
2024-01-14 18:30:00+00:00,2024-01-16 06:00:00+00:00,7838,35.5,7111,727,6
2024-01-14 18:30:00+00:00,2024-01-16 07:00:00+00:00,8226,36.5,7343,883,7
2024-01-14 18:30:00+00:00,2024-01-16 08:00:00+00:00,9076,37.5,7387,1689,8
2024-01-14 18:30:00+00:00,2024-01-16 09:00:00+00:00,9933,38.5,7756,2177,9
2024-01-14 18:30:00+00:00,2024-01-16 10:00:00+00:00,10122,39.5,7412,2710,10
2024-01-14 18:30:00+00:00,2024-01-16 11:00:00+00:00,10949,40.5,7463,3486,11
2024-01-14 18:30:00+00:00,2024-01-16 12:00:00+00:00,11699,41.5,7607,4092,12
2024-01-14 18:30:00+00:00,2024-01-16 13:00:00+00:00,12240,42.5,8206,4034,13
2024-01-14 18:30:00+00:00,2024-01-16 14:00:00+00:00,12703,43.5,9047,3656,14
2024-01-14 18:30:00+00:00,2024-01-16 15:00:00+00:00,13089,44.5,9603,3486,15
2024-01-14 18:30:00+00:00,2024-01-16 16:00:00+00:00,13261,45.5,11451,1810,16
2024-01-14 18:30:00+00:00,2024-01-16 17:00:00+00:00,13373,46.5,12975,398,17
2024-01-14 18:30:00+00:00,2024-01-16 18:00:00+00:00,13436,47.5,12865,571,18
2024-01-14 15:30:00+00:00,2024-01-14 21:00:00+00:00,14656,5.5,13213,1443,21
2024-01-14 15:30:00+00:00,2024-01-14 22:00:00+00:00,14898,6.5,13731,1167,22
2024-01-14 15:30:00+00:00,2024-01-14 23:00:00+00:00,15100,7.5,13352,1748,23
2024-01-14 15:30:00+00:00,2024-01-15 00:00:00+00:00,15370,8.5,13826,1544,0
2024-01-14 15:30:00+00:00,2024-01-15 01:00:00+00:00,15628,9.5,14343,1285,1
2024-01-14 15:30:00+00:00,2024-01-15 02:00:00+00:00,15930,10.5,14431,1499,2
2024-01-14 15:30:00+00:00,2024-01-15 03:00:00+00:00,16121,11.5,14534,1587,3
2024-01-14 15:30:00+00:00,2024-01-15 04:00:00+00:00,16223,12.5,14840,1383,4
2024-01-14 15:30:00+00:00,2024-01-15 05:00:00+00:00,16248,13.5,15001,1247,5
2024-01-14 15:30:00+00:00,2024-01-15 06:00:00+00:00,16282,14.5,15022,1260,6
2024-01-14 15:30:00+00:00,2024-01-15 07:00:00+00:00,16198,15.5,14963,1235,7
2024-01-14 15:30:00+00:00,2024-01-15 08:00:00+00:00,16004,16.5,14492,1512,8
2024-01-14 15:30:00+00:00,2024-01-15 09:00:00+00:00,15872,17.5,14233,1639,9
2024-01-14 15:30:00+00:00,2024-01-15 10:00:00+00:00,15846,18.5,14315,1531,10
2024-01-14 15:30:00+00:00,2024-01-15 11:00:00+00:00,15878,19.5,13835,2043,11
2024-01-14 15:30:00+00:00,2024-01-15 12:00:00+00:00,15995,20.5,13529,2466,12
2024-01-14 15:30:00+00:00,2024-01-15 13:00:00+00:00,15971,21.5,13859,2112,13
2024-01-14 15:30:00+00:00,2024-01-15 14:00:00+00:00,15515,22.5,13810,1705,14
2024-01-14 15:30:00+00:00,2024-01-15 15:00:00+00:00,14596,23.5,13547,1049,15
2024-01-14 15:30:00+00:00,2024-01-15 16:00:00+00:00,14004,24.5,12939,1065,16
2024-01-14 15:30:00+00:00,2024-01-15 17:00:00+00:00,13618,25.5,12466,1152,17
2024-01-14 15:30:00+00:00,2024-01-15 18:00:00+00:00,13089,26.5,11775,1314,18
2024-01-14 15:30:00+00:00,2024-01-15 19:00:00+00:00,12383,27.5,10834,1549,19
2024-01-14 15:30:00+00:00,2024-01-15 20:00:00+00:00,11573,28.5,10046,1527,20
2024-01-14 15:30:00+00:00,2024-01-15 21:00:00+00:00,10824,29.5,9569,1255,21
2024-01-14 15:30:00+00:00,2024-01-15 22:00:00+00:00,9840,30.5,8995,845,22
2024-01-14 15:30:00+00:00,2024-01-15 23:00:00+00:00,9088,31.5,8022,1066,23
2024-01-14 15:30:00+00:00,2024-01-16 00:00:00+00:00,8499,32.5,7892,607,0
2024-01-14 15:30:00+00:00,2024-01-16 01:00:00+00:00,8003,33.5,7270,733,1
2024-01-14 15:30:00+00:00,2024-01-16 02:00:00+00:00,7830,34.5,6228,1602,2
2024-01-14 15:30:00+00:00,2024-01-16 03:00:00+00:00,7611,35.5,5814,1797,3
2024-01-14 15:30:00+00:00,2024-01-16 04:00:00+00:00,7357,36.5,5985,1372,4
2024-01-14 15:30:00+00:00,2024-01-16 05:00:00+00:00,7522,37.5,6396,1126,5
2024-01-14 15:30:00+00:00,2024-01-16 06:00:00+00:00,7733,38.5,7111,622,6
2024-01-14 15:30:00+00:00,2024-01-16 07:00:00+00:00,8287,39.5,7343,944,7
2024-01-14 15:30:00+00:00,2024-01-16 08:00:00+00:00,8883,40.5,7387,1496,8
2024-01-14 15:30:00+00:00,2024-01-16 09:00:00+00:00,9470,41.5,7756,1714,9
2024-01-14 15:30:00+00:00,2024-01-16 10:00:00+00:00,10331,42.5,7412,2919,10
2024-01-14 15:30:00+00:00,2024-01-16 11:00:00+00:00,11128,43.5,7463,3665,11
2024-01-14 15:30:00+00:00,2024-01-16 12:00:00+00:00,11859,44.5,7607,4252,12
2024-01-14 15:30:00+00:00,2024-01-16 13:00:00+00:00,12292,45.5,8206,4086,13
2024-01-14 15:30:00+00:00,2024-01-16 14:00:00+00:00,12663,46.5,9047,3616,14
2024-01-14 15:30:00+00:00,2024-01-16 15:00:00+00:00,12974,47.5,9603,3371,15
2024-01-14 11:30:00+00:00,2024-01-14 21:00:00+00:00,14869,9.5,13213,1656,21
2024-01-14 11:30:00+00:00,2024-01-14 22:00:00+00:00,15088,10.5,13731,1357,22
2024-01-14 11:30:00+00:00,2024-01-14 23:00:00+00:00,15305,11.5,13352,1953,23
2024-01-14 11:30:00+00:00,2024-01-15 00:00:00+00:00,15532,12.5,13826,1706,0
2024-01-14 11:30:00+00:00,2024-01-15 01:00:00+00:00,15753,13.5,14343,1410,1
2024-01-14 11:30:00+00:00,2024-01-15 02:00:00+00:00,15964,14.5,14431,1533,2
2024-01-14 11:30:00+00:00,2024-01-15 03:00:00+00:00,16117,15.5,14534,1583,3
2024-01-14 11:30:00+00:00,2024-01-15 04:00:00+00:00,16249,16.5,14840,1409,4
2024-01-14 11:30:00+00:00,2024-01-15 05:00:00+00:00,16313,17.5,15001,1312,5
2024-01-14 11:30:00+00:00,2024-01-15 06:00:00+00:00,16377,18.5,15022,1355,6
2024-01-14 11:30:00+00:00,2024-01-15 07:00:00+00:00,16276,19.5,14963,1313,7
2024-01-14 11:30:00+00:00,2024-01-15 08:00:00+00:00,16114,20.5,14492,1622,8
2024-01-14 11:30:00+00:00,2024-01-15 09:00:00+00:00,15978,21.5,14233,1745,9
2024-01-14 11:30:00+00:00,2024-01-15 10:00:00+00:00,16007,22.5,14315,1692,10
2024-01-14 11:30:00+00:00,2024-01-15 11:00:00+00:00,16070,23.5,13835,2235,11
2024-01-14 11:30:00+00:00,2024-01-15 12:00:00+00:00,16226,24.5,13529,2697,12
2024-01-14 11:30:00+00:00,2024-01-15 13:00:00+00:00,16200,25.5,13859,2341,13
2024-01-14 11:30:00+00:00,2024-01-15 14:00:00+00:00,15867,26.5,13810,2057,14
2024-01-14 11:30:00+00:00,2024-01-15 15:00:00+00:00,15008,27.5,13547,1461,15
2024-01-14 11:30:00+00:00,2024-01-15 16:00:00+00:00,14502,28.5,12939,1563,16
2024-01-14 11:30:00+00:00,2024-01-15 17:00:00+00:00,14075,29.5,12466,1609,17
2024-01-14 11:30:00+00:00,2024-01-15 18:00:00+00:00,13518,30.5,11775,1743,18
2024-01-14 11:30:00+00:00,2024-01-15 19:00:00+00:00,12954,31.5,10834,2120,19
2024-01-14 11:30:00+00:00,2024-01-15 20:00:00+00:00,12233,32.5,10046,2187,20
2024-01-14 11:30:00+00:00,2024-01-15 21:00:00+00:00,11543,33.5,9569,1974,21
2024-01-14 11:30:00+00:00,2024-01-15 22:00:00+00:00,10205,34.5,8995,1210,22
2024-01-14 11:30:00+00:00,2024-01-15 23:00:00+00:00,9562,35.5,8022,1540,23
2024-01-14 11:30:00+00:00,2024-01-16 00:00:00+00:00,8889,36.5,7892,997,0
2024-01-14 11:30:00+00:00,2024-01-16 01:00:00+00:00,8541,37.5,7270,1271,1
2024-01-14 11:30:00+00:00,2024-01-16 02:00:00+00:00,8183,38.5,6228,1955,2
2024-01-14 11:30:00+00:00,2024-01-16 03:00:00+00:00,7823,39.5,5814,2009,3
2024-01-14 11:30:00+00:00,2024-01-16 04:00:00+00:00,7923,40.5,5985,1938,4
2024-01-14 11:30:00+00:00,2024-01-16 05:00:00+00:00,8052,41.5,6396,1656,5
2024-01-14 11:30:00+00:00,2024-01-16 06:00:00+00:00,8208,42.5,7111,1097,6
2024-01-14 11:30:00+00:00,2024-01-16 07:00:00+00:00,8641,43.5,7343,1298,7
2024-01-14 11:30:00+00:00,2024-01-16 08:00:00+00:00,9114,44.5,7387,1727,8
2024-01-14 11:30:00+00:00,2024-01-16 09:00:00+00:00,9595,45.5,7756,1839,9
2024-01-14 11:30:00+00:00,2024-01-16 10:00:00+00:00,10421,46.5,7412,3009,10
2024-01-14 11:30:00+00:00,2024-01-16 11:00:00+00:00,11184,47.5,7463,3721,11
2024-01-14 09:30:00+00:00,2024-01-14 21:00:00+00:00,14890,11.5,13213,1677,21
2024-01-14 09:30:00+00:00,2024-01-14 22:00:00+00:00,15102,12.5,13731,1371,22
2024-01-14 09:30:00+00:00,2024-01-14 23:00:00+00:00,15316,13.5,13352,1964,23
2024-01-14 09:30:00+00:00,2024-01-15 00:00:00+00:00,15555,14.5,13826,1729,0
2024-01-14 09:30:00+00:00,2024-01-15 01:00:00+00:00,15758,15.5,14343,1415,1
2024-01-14 09:30:00+00:00,2024-01-15 02:00:00+00:00,15959,16.5,14431,1528,2
2024-01-14 09:30:00+00:00,2024-01-15 03:00:00+00:00,16116,17.5,14534,1582,3
2024-01-14 09:30:00+00:00,2024-01-15 04:00:00+00:00,16246,18.5,14840,1406,4
2024-01-14 09:30:00+00:00,2024-01-15 05:00:00+00:00,16316,19.5,15001,1315,5
2024-01-14 09:30:00+00:00,2024-01-15 06:00:00+00:00,16388,20.5,15022,1366,6
2024-01-14 09:30:00+00:00,2024-01-15 07:00:00+00:00,16276,21.5,14963,1313,7
2024-01-14 09:30:00+00:00,2024-01-15 08:00:00+00:00,16115,22.5,14492,1623,8
2024-01-14 09:30:00+00:00,2024-01-15 09:00:00+00:00,15987,23.5,14233,1754,9
2024-01-14 09:30:00+00:00,2024-01-15 10:00:00+00:00,16002,24.5,14315,1687,10
2024-01-14 09:30:00+00:00,2024-01-15 11:00:00+00:00,16080,25.5,13835,2245,11
2024-01-14 09:30:00+00:00,2024-01-15 12:00:00+00:00,16243,26.5,13529,2714,12
2024-01-14 09:30:00+00:00,2024-01-15 13:00:00+00:00,16223,27.5,13859,2364,13
2024-01-14 09:30:00+00:00,2024-01-15 14:00:00+00:00,15890,28.5,13810,2080,14
2024-01-14 09:30:00+00:00,2024-01-15 15:00:00+00:00,15038,29.5,13547,1491,15
2024-01-14 09:30:00+00:00,2024-01-15 16:00:00+00:00,14532,30.5,12939,1593,16
2024-01-14 09:30:00+00:00,2024-01-15 17:00:00+00:00,14093,31.5,12466,1627,17
2024-01-14 09:30:00+00:00,2024-01-15 18:00:00+00:00,13540,32.5,11775,1765,18
2024-01-14 09:30:00+00:00,2024-01-15 19:00:00+00:00,12965,33.5,10834,2131,19
2024-01-14 09:30:00+00:00,2024-01-15 20:00:00+00:00,12248,34.5,10046,2202,20
2024-01-14 09:30:00+00:00,2024-01-15 21:00:00+00:00,11558,35.5,9569,1989,21
2024-01-14 09:30:00+00:00,2024-01-15 22:00:00+00:00,10234,36.5,8995,1239,22
2024-01-14 09:30:00+00:00,2024-01-15 23:00:00+00:00,9591,37.5,8022,1569,23
2024-01-14 09:30:00+00:00,2024-01-16 00:00:00+00:00,8910,38.5,7892,1018,0
2024-01-14 09:30:00+00:00,2024-01-16 01:00:00+00:00,8568,39.5,7270,1298,1
2024-01-14 09:30:00+00:00,2024-01-16 02:00:00+00:00,8209,40.5,6228,1981,2
2024-01-14 09:30:00+00:00,2024-01-16 03:00:00+00:00,7839,41.5,5814,2025,3
2024-01-14 09:30:00+00:00,2024-01-16 04:00:00+00:00,7936,42.5,5985,1951,4
2024-01-14 09:30:00+00:00,2024-01-16 05:00:00+00:00,8060,43.5,6396,1664,5
2024-01-14 09:30:00+00:00,2024-01-16 06:00:00+00:00,8212,44.5,7111,1101,6
2024-01-14 09:30:00+00:00,2024-01-16 07:00:00+00:00,8647,45.5,7343,1304,7
2024-01-14 09:30:00+00:00,2024-01-16 08:00:00+00:00,9121,46.5,7387,1734,8
2024-01-14 09:30:00+00:00,2024-01-16 09:00:00+00:00,9603,47.5,7756,1847,9
2024-01-14 07:30:00+00:00,2024-01-14 21:00:00+00:00,14890,13.5,13213,1677,21
2024-01-14 07:30:00+00:00,2024-01-14 22:00:00+00:00,15102,14.5,13731,1371,22
2024-01-14 07:30:00+00:00,2024-01-14 23:00:00+00:00,15316,15.5,13352,1964,23
2024-01-14 07:30:00+00:00,2024-01-15 00:00:00+00:00,15555,16.5,13826,1729,0
2024-01-14 07:30:00+00:00,2024-01-15 01:00:00+00:00,15757,17.5,14343,1414,1
2024-01-14 07:30:00+00:00,2024-01-15 02:00:00+00:00,15959,18.5,14431,1528,2
2024-01-14 07:30:00+00:00,2024-01-15 03:00:00+00:00,16116,19.5,14534,1582,3
2024-01-14 07:30:00+00:00,2024-01-15 04:00:00+00:00,16247,20.5,14840,1407,4
2024-01-14 07:30:00+00:00,2024-01-15 05:00:00+00:00,16317,21.5,15001,1316,5
2024-01-14 07:30:00+00:00,2024-01-15 06:00:00+00:00,16390,22.5,15022,1368,6
2024-01-14 07:30:00+00:00,2024-01-15 07:00:00+00:00,16277,23.5,14963,1314,7
2024-01-14 07:30:00+00:00,2024-01-15 08:00:00+00:00,16116,24.5,14492,1624,8
2024-01-14 07:30:00+00:00,2024-01-15 09:00:00+00:00,15989,25.5,14233,1756,9
2024-01-14 07:30:00+00:00,2024-01-15 10:00:00+00:00,16006,26.5,14315,1691,10
2024-01-14 07:30:00+00:00,2024-01-15 11:00:00+00:00,16083,27.5,13835,2248,11
2024-01-14 07:30:00+00:00,2024-01-15 12:00:00+00:00,16245,28.5,13529,2716,12
2024-01-14 07:30:00+00:00,2024-01-15 13:00:00+00:00,16227,29.5,13859,2368,13
2024-01-14 07:30:00+00:00,2024-01-15 14:00:00+00:00,15894,30.5,13810,2084,14
2024-01-14 07:30:00+00:00,2024-01-15 15:00:00+00:00,15040,31.5,13547,1493,15
2024-01-14 07:30:00+00:00,2024-01-15 16:00:00+00:00,14531,32.5,12939,1592,16
2024-01-14 07:30:00+00:00,2024-01-15 17:00:00+00:00,14092,33.5,12466,1626,17
2024-01-14 07:30:00+00:00,2024-01-15 18:00:00+00:00,13540,34.5,11775,1765,18
2024-01-14 07:30:00+00:00,2024-01-15 19:00:00+00:00,12965,35.5,10834,2131,19
2024-01-14 07:30:00+00:00,2024-01-15 20:00:00+00:00,12249,36.5,10046,2203,20
2024-01-14 07:30:00+00:00,2024-01-15 21:00:00+00:00,11560,37.5,9569,1991,21
2024-01-14 07:30:00+00:00,2024-01-15 22:00:00+00:00,10236,38.5,8995,1241,22
2024-01-14 07:30:00+00:00,2024-01-15 23:00:00+00:00,9593,39.5,8022,1571,23
2024-01-14 07:30:00+00:00,2024-01-16 00:00:00+00:00,8912,40.5,7892,1020,0
2024-01-14 07:30:00+00:00,2024-01-16 01:00:00+00:00,8569,41.5,7270,1299,1
2024-01-14 07:30:00+00:00,2024-01-16 02:00:00+00:00,8210,42.5,6228,1982,2
2024-01-14 07:30:00+00:00,2024-01-16 03:00:00+00:00,7839,43.5,5814,2025,3
2024-01-14 07:30:00+00:00,2024-01-16 04:00:00+00:00,7936,44.5,5985,1951,4
2024-01-14 07:30:00+00:00,2024-01-16 05:00:00+00:00,8060,45.5,6396,1664,5
2024-01-14 07:30:00+00:00,2024-01-16 06:00:00+00:00,8212,46.5,7111,1101,6
2024-01-14 07:30:00+00:00,2024-01-16 07:00:00+00:00,8647,47.5,7343,1304,7
2024-01-14 04:30:00+00:00,2024-01-14 21:00:00+00:00,15399,16.5,13213,2186,21
2024-01-14 04:30:00+00:00,2024-01-14 22:00:00+00:00,15575,17.5,13731,1844,22
2024-01-14 04:30:00+00:00,2024-01-14 23:00:00+00:00,15772,18.5,13352,2420,23
2024-01-14 04:30:00+00:00,2024-01-15 00:00:00+00:00,15923,19.5,13826,2097,0
2024-01-14 04:30:00+00:00,2024-01-15 01:00:00+00:00,16111,20.5,14343,1768,1
2024-01-14 04:30:00+00:00,2024-01-15 02:00:00+00:00,16244,21.5,14431,1813,2
2024-01-14 04:30:00+00:00,2024-01-15 03:00:00+00:00,16362,22.5,14534,1828,3
2024-01-14 04:30:00+00:00,2024-01-15 04:00:00+00:00,16458,23.5,14840,1618,4
2024-01-14 04:30:00+00:00,2024-01-15 05:00:00+00:00,16552,24.5,15001,1551,5
2024-01-14 04:30:00+00:00,2024-01-15 06:00:00+00:00,16531,25.5,15022,1509,6
2024-01-14 04:30:00+00:00,2024-01-15 07:00:00+00:00,16419,26.5,14963,1456,7
2024-01-14 04:30:00+00:00,2024-01-15 08:00:00+00:00,16226,27.5,14492,1734,8
2024-01-14 04:30:00+00:00,2024-01-15 09:00:00+00:00,16122,28.5,14233,1889,9
2024-01-14 04:30:00+00:00,2024-01-15 10:00:00+00:00,16180,29.5,14315,1865,10
2024-01-14 04:30:00+00:00,2024-01-15 11:00:00+00:00,16254,30.5,13835,2419,11
2024-01-14 04:30:00+00:00,2024-01-15 12:00:00+00:00,16382,31.5,13529,2853,12
2024-01-14 04:30:00+00:00,2024-01-15 13:00:00+00:00,16297,32.5,13859,2438,13
2024-01-14 04:30:00+00:00,2024-01-15 14:00:00+00:00,15928,33.5,13810,2118,14
2024-01-14 04:30:00+00:00,2024-01-15 15:00:00+00:00,15174,34.5,13547,1627,15
2024-01-14 04:30:00+00:00,2024-01-15 16:00:00+00:00,14795,35.5,12939,1856,16
2024-01-14 04:30:00+00:00,2024-01-15 17:00:00+00:00,14184,36.5,12466,1718,17
2024-01-14 04:30:00+00:00,2024-01-15 18:00:00+00:00,13565,37.5,11775,1790,18
2024-01-14 04:30:00+00:00,2024-01-15 19:00:00+00:00,13095,38.5,10834,2261,19
2024-01-14 04:30:00+00:00,2024-01-15 20:00:00+00:00,12594,39.5,10046,2548,20
2024-01-14 04:30:00+00:00,2024-01-15 21:00:00+00:00,12064,40.5,9569,2495,21
2024-01-14 04:30:00+00:00,2024-01-15 22:00:00+00:00,11525,41.5,8995,2530,22
2024-01-14 04:30:00+00:00,2024-01-15 23:00:00+00:00,10949,42.5,8022,2927,23
2024-01-14 04:30:00+00:00,2024-01-16 00:00:00+00:00,10338,43.5,7892,2446,0
2024-01-14 04:30:00+00:00,2024-01-16 01:00:00+00:00,9987,44.5,7270,2717,1
2024-01-14 04:30:00+00:00,2024-01-16 02:00:00+00:00,9612,45.5,6228,3384,2
2024-01-14 04:30:00+00:00,2024-01-16 03:00:00+00:00,9214,46.5,5814,3400,3
2024-01-14 04:30:00+00:00,2024-01-16 04:00:00+00:00,9205,47.5,5985,3220,4
2024-01-14 02:30:00+00:00,2024-01-14 21:00:00+00:00,15396,18.5,13213,2183,21
2024-01-14 02:30:00+00:00,2024-01-14 22:00:00+00:00,15578,19.5,13731,1847,22
2024-01-14 02:30:00+00:00,2024-01-14 23:00:00+00:00,15769,20.5,13352,2417,23
2024-01-14 02:30:00+00:00,2024-01-15 00:00:00+00:00,15928,21.5,13826,2102,0
2024-01-14 02:30:00+00:00,2024-01-15 01:00:00+00:00,16113,22.5,14343,1770,1
2024-01-14 02:30:00+00:00,2024-01-15 02:00:00+00:00,16245,23.5,14431,1814,2
2024-01-14 02:30:00+00:00,2024-01-15 03:00:00+00:00,16368,24.5,14534,1834,3
2024-01-14 02:30:00+00:00,2024-01-15 04:00:00+00:00,16459,25.5,14840,1619,4
2024-01-14 02:30:00+00:00,2024-01-15 05:00:00+00:00,16554,26.5,15001,1553,5
2024-01-14 02:30:00+00:00,2024-01-15 06:00:00+00:00,16540,27.5,15022,1518,6
2024-01-14 02:30:00+00:00,2024-01-15 07:00:00+00:00,16420,28.5,14963,1457,7
2024-01-14 02:30:00+00:00,2024-01-15 08:00:00+00:00,16226,29.5,14492,1734,8
2024-01-14 02:30:00+00:00,2024-01-15 09:00:00+00:00,16113,30.5,14233,1880,9
2024-01-14 02:30:00+00:00,2024-01-15 10:00:00+00:00,16180,31.5,14315,1865,10
2024-01-14 02:30:00+00:00,2024-01-15 11:00:00+00:00,16254,32.5,13835,2419,11
2024-01-14 02:30:00+00:00,2024-01-15 12:00:00+00:00,16392,33.5,13529,2863,12
2024-01-14 02:30:00+00:00,2024-01-15 13:00:00+00:00,16299,34.5,13859,2440,13
2024-01-14 02:30:00+00:00,2024-01-15 14:00:00+00:00,15931,35.5,13810,2121,14
2024-01-14 02:30:00+00:00,2024-01-15 15:00:00+00:00,15187,36.5,13547,1640,15
2024-01-14 02:30:00+00:00,2024-01-15 16:00:00+00:00,14813,37.5,12939,1874,16
2024-01-14 02:30:00+00:00,2024-01-15 17:00:00+00:00,14205,38.5,12466,1739,17
2024-01-14 02:30:00+00:00,2024-01-15 18:00:00+00:00,13587,39.5,11775,1812,18
2024-01-14 02:30:00+00:00,2024-01-15 19:00:00+00:00,13115,40.5,10834,2281,19
2024-01-14 02:30:00+00:00,2024-01-15 20:00:00+00:00,12613,41.5,10046,2567,20
2024-01-14 02:30:00+00:00,2024-01-15 21:00:00+00:00,12081,42.5,9569,2512,21
2024-01-14 02:30:00+00:00,2024-01-15 22:00:00+00:00,11540,43.5,8995,2545,22
2024-01-14 02:30:00+00:00,2024-01-15 23:00:00+00:00,10962,44.5,8022,2940,23
2024-01-14 02:30:00+00:00,2024-01-16 00:00:00+00:00,10349,45.5,7892,2457,0
2024-01-14 02:30:00+00:00,2024-01-16 01:00:00+00:00,9998,46.5,7270,2728,1
2024-01-14 02:30:00+00:00,2024-01-16 02:00:00+00:00,9623,47.5,6228,3395,2
2024-01-13 22:30:00+00:00,2024-01-14 03:00:00+00:00,6440,4.5,5596,844,3
2024-01-13 22:30:00+00:00,2024-01-14 04:00:00+00:00,6750,5.5,5477,1273,4
2024-01-13 22:30:00+00:00,2024-01-14 05:00:00+00:00,7107,6.5,5288,1819,5
2024-01-13 22:30:00+00:00,2024-01-14 06:00:00+00:00,7446,7.5,5862,1584,6
2024-01-13 22:30:00+00:00,2024-01-14 07:00:00+00:00,7781,8.5,6461,1320,7
2024-01-13 22:30:00+00:00,2024-01-14 08:00:00+00:00,8239,9.5,7130,1109,8
2024-01-13 22:30:00+00:00,2024-01-14 09:00:00+00:00,9030,10.5,8614,416,9
2024-01-13 22:30:00+00:00,2024-01-14 10:00:00+00:00,9608,11.5,9487,121,10
2024-01-13 22:30:00+00:00,2024-01-14 11:00:00+00:00,10562,12.5,9952,610,11
2024-01-13 22:30:00+00:00,2024-01-14 12:00:00+00:00,11379,13.5,10051,1328,12
2024-01-13 22:30:00+00:00,2024-01-14 13:00:00+00:00,12181,14.5,10400,1781,13
2024-01-13 22:30:00+00:00,2024-01-14 14:00:00+00:00,12531,15.5,11368,1163,14
2024-01-13 22:30:00+00:00,2024-01-14 15:00:00+00:00,12958,16.5,12175,783,15
2024-01-13 22:30:00+00:00,2024-01-14 16:00:00+00:00,13528,17.5,12559,969,16
2024-01-13 22:30:00+00:00,2024-01-14 17:00:00+00:00,14227,18.5,12347,1880,17
2024-01-13 22:30:00+00:00,2024-01-14 18:00:00+00:00,14628,19.5,12424,2204,18
2024-01-13 22:30:00+00:00,2024-01-14 19:00:00+00:00,15010,20.5,12364,2646,19
2024-01-13 22:30:00+00:00,2024-01-14 20:00:00+00:00,15228,21.5,12757,2471,20
2024-01-13 22:30:00+00:00,2024-01-14 21:00:00+00:00,15390,22.5,13213,2177,21
2024-01-13 22:30:00+00:00,2024-01-14 22:00:00+00:00,15521,23.5,13731,1790,22
2024-01-13 22:30:00+00:00,2024-01-14 23:00:00+00:00,15672,24.5,13352,2320,23
2024-01-13 22:30:00+00:00,2024-01-15 00:00:00+00:00,15844,25.5,13826,2018,0
2024-01-13 22:30:00+00:00,2024-01-15 01:00:00+00:00,16036,26.5,14343,1693,1
2024-01-13 22:30:00+00:00,2024-01-15 02:00:00+00:00,16170,27.5,14431,1739,2
2024-01-13 22:30:00+00:00,2024-01-15 03:00:00+00:00,16348,28.5,14534,1814,3
2024-01-13 22:30:00+00:00,2024-01-15 04:00:00+00:00,16502,29.5,14840,1662,4
2024-01-13 22:30:00+00:00,2024-01-15 05:00:00+00:00,16553,30.5,15001,1552,5
2024-01-13 22:30:00+00:00,2024-01-15 06:00:00+00:00,16549,31.5,15022,1527,6
2024-01-13 22:30:00+00:00,2024-01-15 07:00:00+00:00,16410,32.5,14963,1447,7
2024-01-13 22:30:00+00:00,2024-01-15 08:00:00+00:00,16211,33.5,14492,1719,8
2024-01-13 22:30:00+00:00,2024-01-15 09:00:00+00:00,16121,34.5,14233,1888,9
2024-01-13 22:30:00+00:00,2024-01-15 10:00:00+00:00,16255,35.5,14315,1940,10
2024-01-13 22:30:00+00:00,2024-01-15 11:00:00+00:00,16320,36.5,13835,2485,11
2024-01-13 22:30:00+00:00,2024-01-15 12:00:00+00:00,16361,37.5,13529,2832,12
2024-01-13 22:30:00+00:00,2024-01-15 13:00:00+00:00,16059,38.5,13859,2200,13
2024-01-13 22:30:00+00:00,2024-01-15 14:00:00+00:00,15737,39.5,13810,1927,14
2024-01-13 22:30:00+00:00,2024-01-15 15:00:00+00:00,15398,40.5,13547,1851,15
2024-01-13 22:30:00+00:00,2024-01-15 16:00:00+00:00,14845,41.5,12939,1906,16
2024-01-13 22:30:00+00:00,2024-01-15 17:00:00+00:00,14270,42.5,12466,1804,17
2024-01-13 22:30:00+00:00,2024-01-15 18:00:00+00:00,13684,43.5,11775,1909,18
2024-01-13 22:30:00+00:00,2024-01-15 19:00:00+00:00,13258,44.5,10834,2424,19
2024-01-13 22:30:00+00:00,2024-01-15 20:00:00+00:00,12805,45.5,10046,2759,20
2024-01-13 22:30:00+00:00,2024-01-15 21:00:00+00:00,12323,46.5,9569,2754,21
2024-01-13 18:30:00+00:00,2024-01-13 23:00:00+00:00,6204,4.5,6264,60,23
2024-01-13 18:30:00+00:00,2024-01-14 00:00:00+00:00,6148,5.5,5873,275,0
2024-01-13 18:30:00+00:00,2024-01-14 01:00:00+00:00,6201,6.5,6058,143,1
2024-01-13 18:30:00+00:00,2024-01-14 02:00:00+00:00,6420,7.5,5737,683,2
2024-01-13 18:30:00+00:00,2024-01-14 03:00:00+00:00,6439,8.5,5596,843,3
2024-01-13 18:30:00+00:00,2024-01-14 04:00:00+00:00,6751,9.5,5477,1274,4
2024-01-13 18:30:00+00:00,2024-01-14 05:00:00+00:00,7108,10.5,5288,1820,5
2024-01-13 18:30:00+00:00,2024-01-14 06:00:00+00:00,7447,11.5,5862,1585,6
2024-01-13 18:30:00+00:00,2024-01-14 07:00:00+00:00,7780,12.5,6461,1319,7
2024-01-13 18:30:00+00:00,2024-01-14 08:00:00+00:00,8238,13.5,7130,1108,8
2024-01-13 18:30:00+00:00,2024-01-14 09:00:00+00:00,9031,14.5,8614,417,9
2024-01-13 18:30:00+00:00,2024-01-14 10:00:00+00:00,9610,15.5,9487,123,10
2024-01-13 18:30:00+00:00,2024-01-14 11:00:00+00:00,10562,16.5,9952,610,11
2024-01-13 18:30:00+00:00,2024-01-14 12:00:00+00:00,11379,17.5,10051,1328,12
2024-01-13 18:30:00+00:00,2024-01-14 13:00:00+00:00,12180,18.5,10400,1780,13
2024-01-13 18:30:00+00:00,2024-01-14 14:00:00+00:00,12528,19.5,11368,1160,14
2024-01-13 18:30:00+00:00,2024-01-14 15:00:00+00:00,12958,20.5,12175,783,15
2024-01-13 18:30:00+00:00,2024-01-14 16:00:00+00:00,13527,21.5,12559,968,16
2024-01-13 18:30:00+00:00,2024-01-14 17:00:00+00:00,14231,22.5,12347,1884,17
2024-01-13 18:30:00+00:00,2024-01-14 18:00:00+00:00,14637,23.5,12424,2213,18
2024-01-13 18:30:00+00:00,2024-01-14 19:00:00+00:00,15018,24.5,12364,2654,19
2024-01-13 18:30:00+00:00,2024-01-14 20:00:00+00:00,15239,25.5,12757,2482,20
2024-01-13 18:30:00+00:00,2024-01-14 21:00:00+00:00,15396,26.5,13213,2183,21
2024-01-13 18:30:00+00:00,2024-01-14 22:00:00+00:00,15534,27.5,13731,1803,22
2024-01-13 18:30:00+00:00,2024-01-14 23:00:00+00:00,15674,28.5,13352,2322,23
2024-01-13 18:30:00+00:00,2024-01-15 00:00:00+00:00,15841,29.5,13826,2015,0
2024-01-13 18:30:00+00:00,2024-01-15 01:00:00+00:00,16036,30.5,14343,1693,1
2024-01-13 18:30:00+00:00,2024-01-15 02:00:00+00:00,16168,31.5,14431,1737,2
2024-01-13 18:30:00+00:00,2024-01-15 03:00:00+00:00,16352,32.5,14534,1818,3
2024-01-13 18:30:00+00:00,2024-01-15 04:00:00+00:00,16506,33.5,14840,1666,4
2024-01-13 18:30:00+00:00,2024-01-15 05:00:00+00:00,16555,34.5,15001,1554,5
2024-01-13 18:30:00+00:00,2024-01-15 06:00:00+00:00,16554,35.5,15022,1532,6
2024-01-13 18:30:00+00:00,2024-01-15 07:00:00+00:00,16413,36.5,14963,1450,7
2024-01-13 18:30:00+00:00,2024-01-15 08:00:00+00:00,16208,37.5,14492,1716,8
2024-01-13 18:30:00+00:00,2024-01-15 09:00:00+00:00,16122,38.5,14233,1889,9
2024-01-13 18:30:00+00:00,2024-01-15 10:00:00+00:00,16256,39.5,14315,1941,10
2024-01-13 18:30:00+00:00,2024-01-15 11:00:00+00:00,16321,40.5,13835,2486,11
2024-01-13 18:30:00+00:00,2024-01-15 12:00:00+00:00,16362,41.5,13529,2833,12
2024-01-13 18:30:00+00:00,2024-01-15 13:00:00+00:00,16061,42.5,13859,2202,13
2024-01-13 18:30:00+00:00,2024-01-15 14:00:00+00:00,15741,43.5,13810,1931,14
2024-01-13 18:30:00+00:00,2024-01-15 15:00:00+00:00,15404,44.5,13547,1857,15
2024-01-13 18:30:00+00:00,2024-01-15 16:00:00+00:00,14854,45.5,12939,1915,16
2024-01-13 18:30:00+00:00,2024-01-15 17:00:00+00:00,14281,46.5,12466,1815,17
2024-01-13 18:30:00+00:00,2024-01-15 18:00:00+00:00,13696,47.5,11775,1921,18
2024-01-13 15:30:00+00:00,2024-01-13 21:00:00+00:00,6614,5.5,7009,395,21
2024-01-13 15:30:00+00:00,2024-01-13 22:00:00+00:00,6605,6.5,6926,321,22
2024-01-13 15:30:00+00:00,2024-01-13 23:00:00+00:00,6622,7.5,6264,358,23
2024-01-13 15:30:00+00:00,2024-01-14 00:00:00+00:00,6682,8.5,5873,809,0
2024-01-13 15:30:00+00:00,2024-01-14 01:00:00+00:00,6656,9.5,6058,598,1
2024-01-13 15:30:00+00:00,2024-01-14 02:00:00+00:00,6775,10.5,5737,1038,2
2024-01-13 15:30:00+00:00,2024-01-14 03:00:00+00:00,6843,11.5,5596,1247,3
2024-01-13 15:30:00+00:00,2024-01-14 04:00:00+00:00,7356,12.5,5477,1879,4
2024-01-13 15:30:00+00:00,2024-01-14 05:00:00+00:00,7952,13.5,5288,2664,5
2024-01-13 15:30:00+00:00,2024-01-14 06:00:00+00:00,8365,14.5,5862,2503,6
2024-01-13 15:30:00+00:00,2024-01-14 07:00:00+00:00,8814,15.5,6461,2353,7
2024-01-13 15:30:00+00:00,2024-01-14 08:00:00+00:00,9424,16.5,7130,2294,8
2024-01-13 15:30:00+00:00,2024-01-14 09:00:00+00:00,10111,17.5,8614,1497,9
2024-01-13 15:30:00+00:00,2024-01-14 10:00:00+00:00,10754,18.5,9487,1267,10
2024-01-13 15:30:00+00:00,2024-01-14 11:00:00+00:00,11606,19.5,9952,1654,11
2024-01-13 15:30:00+00:00,2024-01-14 12:00:00+00:00,12318,20.5,10051,2267,12
2024-01-13 15:30:00+00:00,2024-01-14 13:00:00+00:00,13098,21.5,10400,2698,13
2024-01-13 15:30:00+00:00,2024-01-14 14:00:00+00:00,13431,22.5,11368,2063,14
2024-01-13 15:30:00+00:00,2024-01-14 15:00:00+00:00,13814,23.5,12175,1639,15
2024-01-13 15:30:00+00:00,2024-01-14 16:00:00+00:00,14151,24.5,12559,1592,16
2024-01-13 15:30:00+00:00,2024-01-14 17:00:00+00:00,14690,25.5,12347,2343,17
2024-01-13 15:30:00+00:00,2024-01-14 18:00:00+00:00,15078,26.5,12424,2654,18
2024-01-13 15:30:00+00:00,2024-01-14 19:00:00+00:00,15335,27.5,12364,2971,19
2024-01-13 15:30:00+00:00,2024-01-14 20:00:00+00:00,15562,28.5,12757,2805,20
2024-01-13 15:30:00+00:00,2024-01-14 21:00:00+00:00,15711,29.5,13213,2498,21
2024-01-13 15:30:00+00:00,2024-01-14 22:00:00+00:00,15751,30.5,13731,2020,22
2024-01-13 15:30:00+00:00,2024-01-14 23:00:00+00:00,15859,31.5,13352,2507,23
2024-01-13 15:30:00+00:00,2024-01-15 00:00:00+00:00,16069,32.5,13826,2243,0
2024-01-13 15:30:00+00:00,2024-01-15 01:00:00+00:00,16187,33.5,14343,1844,1
2024-01-13 15:30:00+00:00,2024-01-15 02:00:00+00:00,16315,34.5,14431,1884,2
2024-01-13 15:30:00+00:00,2024-01-15 03:00:00+00:00,16492,35.5,14534,1958,3
2024-01-13 15:30:00+00:00,2024-01-15 04:00:00+00:00,16538,36.5,14840,1698,4
2024-01-13 15:30:00+00:00,2024-01-15 05:00:00+00:00,16584,37.5,15001,1583,5
2024-01-13 15:30:00+00:00,2024-01-15 06:00:00+00:00,16627,38.5,15022,1605,6
2024-01-13 15:30:00+00:00,2024-01-15 07:00:00+00:00,16530,39.5,14963,1567,7
2024-01-13 15:30:00+00:00,2024-01-15 08:00:00+00:00,16423,40.5,14492,1931,8
2024-01-13 15:30:00+00:00,2024-01-15 09:00:00+00:00,16308,41.5,14233,2075,9
2024-01-13 15:30:00+00:00,2024-01-15 10:00:00+00:00,16396,42.5,14315,2081,10
2024-01-13 15:30:00+00:00,2024-01-15 11:00:00+00:00,16472,43.5,13835,2637,11
2024-01-13 15:30:00+00:00,2024-01-15 12:00:00+00:00,16534,44.5,13529,3005,12
2024-01-13 15:30:00+00:00,2024-01-15 13:00:00+00:00,16234,45.5,13859,2375,13
2024-01-13 15:30:00+00:00,2024-01-15 14:00:00+00:00,15915,46.5,13810,2105,14
2024-01-13 15:30:00+00:00,2024-01-15 15:00:00+00:00,15578,47.5,13547,2031,15
2024-01-13 11:30:00+00:00,2024-01-13 21:00:00+00:00,6985,9.5,7009,24,21
2024-01-13 11:30:00+00:00,2024-01-13 22:00:00+00:00,7046,10.5,6926,120,22
2024-01-13 11:30:00+00:00,2024-01-13 23:00:00+00:00,7262,11.5,6264,998,23
2024-01-13 11:30:00+00:00,2024-01-14 00:00:00+00:00,7418,12.5,5873,1545,0
2024-01-13 11:30:00+00:00,2024-01-14 01:00:00+00:00,7313,13.5,6058,1255,1
2024-01-13 11:30:00+00:00,2024-01-14 02:00:00+00:00,7550,14.5,5737,1813,2
2024-01-13 11:30:00+00:00,2024-01-14 03:00:00+00:00,7592,15.5,5596,1996,3
2024-01-13 11:30:00+00:00,2024-01-14 04:00:00+00:00,8106,16.5,5477,2629,4
2024-01-13 11:30:00+00:00,2024-01-14 05:00:00+00:00,8807,17.5,5288,3519,5
2024-01-13 11:30:00+00:00,2024-01-14 06:00:00+00:00,9126,18.5,5862,3264,6
2024-01-13 11:30:00+00:00,2024-01-14 07:00:00+00:00,9666,19.5,6461,3205,7
2024-01-13 11:30:00+00:00,2024-01-14 08:00:00+00:00,10326,20.5,7130,3196,8
2024-01-13 11:30:00+00:00,2024-01-14 09:00:00+00:00,10832,21.5,8614,2218,9
2024-01-13 11:30:00+00:00,2024-01-14 10:00:00+00:00,11398,22.5,9487,1911,10
2024-01-13 11:30:00+00:00,2024-01-14 11:00:00+00:00,12095,23.5,9952,2143,11
2024-01-13 11:30:00+00:00,2024-01-14 12:00:00+00:00,12752,24.5,10051,2701,12
2024-01-13 11:30:00+00:00,2024-01-14 13:00:00+00:00,13510,25.5,10400,3110,13
2024-01-13 11:30:00+00:00,2024-01-14 14:00:00+00:00,13888,26.5,11368,2520,14
2024-01-13 11:30:00+00:00,2024-01-14 15:00:00+00:00,14177,27.5,12175,2002,15
2024-01-13 11:30:00+00:00,2024-01-14 16:00:00+00:00,14468,28.5,12559,1909,16
2024-01-13 11:30:00+00:00,2024-01-14 17:00:00+00:00,14953,29.5,12347,2606,17
2024-01-13 11:30:00+00:00,2024-01-14 18:00:00+00:00,15379,30.5,12424,2955,18
2024-01-13 11:30:00+00:00,2024-01-14 19:00:00+00:00,15635,31.5,12364,3271,19
2024-01-13 11:30:00+00:00,2024-01-14 20:00:00+00:00,15875,32.5,12757,3118,20
2024-01-13 11:30:00+00:00,2024-01-14 21:00:00+00:00,16013,33.5,13213,2800,21
2024-01-13 11:30:00+00:00,2024-01-14 22:00:00+00:00,15695,34.5,13731,1964,22
2024-01-13 11:30:00+00:00,2024-01-14 23:00:00+00:00,15899,35.5,13352,2547,23
2024-01-13 11:30:00+00:00,2024-01-15 00:00:00+00:00,16123,36.5,13826,2297,0
2024-01-13 11:30:00+00:00,2024-01-15 01:00:00+00:00,16200,37.5,14343,1857,1
2024-01-13 11:30:00+00:00,2024-01-15 02:00:00+00:00,16326,38.5,14431,1895,2
2024-01-13 11:30:00+00:00,2024-01-15 03:00:00+00:00,16487,39.5,14534,1953,3
2024-01-13 11:30:00+00:00,2024-01-15 04:00:00+00:00,16527,40.5,14840,1687,4
2024-01-13 11:30:00+00:00,2024-01-15 05:00:00+00:00,16564,41.5,15001,1563,5
2024-01-13 11:30:00+00:00,2024-01-15 06:00:00+00:00,16598,42.5,15022,1576,6
2024-01-13 11:30:00+00:00,2024-01-15 07:00:00+00:00,16505,43.5,14963,1542,7
2024-01-13 11:30:00+00:00,2024-01-15 08:00:00+00:00,16404,44.5,14492,1912,8
2024-01-13 11:30:00+00:00,2024-01-15 09:00:00+00:00,16295,45.5,14233,2062,9
2024-01-13 11:30:00+00:00,2024-01-15 10:00:00+00:00,16390,46.5,14315,2075,10
2024-01-13 11:30:00+00:00,2024-01-15 11:00:00+00:00,16469,47.5,13835,2634,11
2024-01-13 09:30:00+00:00,2024-01-13 21:00:00+00:00,6986,11.5,7009,23,21
2024-01-13 09:30:00+00:00,2024-01-13 22:00:00+00:00,7046,12.5,6926,120,22
2024-01-13 09:30:00+00:00,2024-01-13 23:00:00+00:00,7263,13.5,6264,999,23
2024-01-13 09:30:00+00:00,2024-01-14 00:00:00+00:00,7420,14.5,5873,1547,0
2024-01-13 09:30:00+00:00,2024-01-14 01:00:00+00:00,7315,15.5,6058,1257,1
2024-01-13 09:30:00+00:00,2024-01-14 02:00:00+00:00,7553,16.5,5737,1816,2
2024-01-13 09:30:00+00:00,2024-01-14 03:00:00+00:00,7594,17.5,5596,1998,3
2024-01-13 09:30:00+00:00,2024-01-14 04:00:00+00:00,8106,18.5,5477,2629,4
2024-01-13 09:30:00+00:00,2024-01-14 05:00:00+00:00,8809,19.5,5288,3521,5
2024-01-13 09:30:00+00:00,2024-01-14 06:00:00+00:00,9126,20.5,5862,3264,6
2024-01-13 09:30:00+00:00,2024-01-14 07:00:00+00:00,9675,21.5,6461,3214,7
2024-01-13 09:30:00+00:00,2024-01-14 08:00:00+00:00,10341,22.5,7130,3211,8
2024-01-13 09:30:00+00:00,2024-01-14 09:00:00+00:00,10843,23.5,8614,2229,9
2024-01-13 09:30:00+00:00,2024-01-14 10:00:00+00:00,11405,24.5,9487,1918,10
2024-01-13 09:30:00+00:00,2024-01-14 11:00:00+00:00,12096,25.5,9952,2144,11
2024-01-13 09:30:00+00:00,2024-01-14 12:00:00+00:00,12763,26.5,10051,2712,12
2024-01-13 09:30:00+00:00,2024-01-14 13:00:00+00:00,13516,27.5,10400,3116,13
2024-01-13 09:30:00+00:00,2024-01-14 14:00:00+00:00,13905,28.5,11368,2537,14
2024-01-13 09:30:00+00:00,2024-01-14 15:00:00+00:00,14195,29.5,12175,2020,15
2024-01-13 09:30:00+00:00,2024-01-14 16:00:00+00:00,14482,30.5,12559,1923,16
2024-01-13 09:30:00+00:00,2024-01-14 17:00:00+00:00,14981,31.5,12347,2634,17
2024-01-13 09:30:00+00:00,2024-01-14 18:00:00+00:00,15401,32.5,12424,2977,18
2024-01-13 09:30:00+00:00,2024-01-14 19:00:00+00:00,15636,33.5,12364,3272,19
2024-01-13 09:30:00+00:00,2024-01-14 20:00:00+00:00,15869,34.5,12757,3112,20
2024-01-13 09:30:00+00:00,2024-01-14 21:00:00+00:00,16018,35.5,13213,2805,21
2024-01-13 09:30:00+00:00,2024-01-14 22:00:00+00:00,15731,36.5,13731,2000,22
2024-01-13 09:30:00+00:00,2024-01-14 23:00:00+00:00,15976,37.5,13352,2624,23
2024-01-13 09:30:00+00:00,2024-01-15 00:00:00+00:00,16198,38.5,13826,2372,0
2024-01-13 09:30:00+00:00,2024-01-15 01:00:00+00:00,16322,39.5,14343,1979,1
2024-01-13 09:30:00+00:00,2024-01-15 02:00:00+00:00,16440,40.5,14431,2009,2
2024-01-13 09:30:00+00:00,2024-01-15 03:00:00+00:00,16552,41.5,14534,2018,3
2024-01-13 09:30:00+00:00,2024-01-15 04:00:00+00:00,16570,42.5,14840,1730,4
2024-01-13 09:30:00+00:00,2024-01-15 05:00:00+00:00,16586,43.5,15001,1585,5
2024-01-13 09:30:00+00:00,2024-01-15 06:00:00+00:00,16599,44.5,15022,1577,6
2024-01-13 09:30:00+00:00,2024-01-15 07:00:00+00:00,16509,45.5,14963,1546,7
2024-01-13 09:30:00+00:00,2024-01-15 08:00:00+00:00,16410,46.5,14492,1918,8
2024-01-13 09:30:00+00:00,2024-01-15 09:00:00+00:00,16303,47.5,14233,2070,9
2024-01-13 07:30:00+00:00,2024-01-13 21:00:00+00:00,6986,13.5,7009,23,21
2024-01-13 07:30:00+00:00,2024-01-13 22:00:00+00:00,7047,14.5,6926,121,22
2024-01-13 07:30:00+00:00,2024-01-13 23:00:00+00:00,7263,15.5,6264,999,23
2024-01-13 07:30:00+00:00,2024-01-14 00:00:00+00:00,7420,16.5,5873,1547,0
2024-01-13 07:30:00+00:00,2024-01-14 01:00:00+00:00,7316,17.5,6058,1258,1
2024-01-13 07:30:00+00:00,2024-01-14 02:00:00+00:00,7554,18.5,5737,1817,2
2024-01-13 07:30:00+00:00,2024-01-14 03:00:00+00:00,7596,19.5,5596,2000,3
2024-01-13 07:30:00+00:00,2024-01-14 04:00:00+00:00,8108,20.5,5477,2631,4
2024-01-13 07:30:00+00:00,2024-01-14 05:00:00+00:00,8811,21.5,5288,3523,5
2024-01-13 07:30:00+00:00,2024-01-14 06:00:00+00:00,9128,22.5,5862,3266,6
2024-01-13 07:30:00+00:00,2024-01-14 07:00:00+00:00,9676,23.5,6461,3215,7
2024-01-13 07:30:00+00:00,2024-01-14 08:00:00+00:00,10343,24.5,7130,3213,8
2024-01-13 07:30:00+00:00,2024-01-14 09:00:00+00:00,10846,25.5,8614,2232,9
2024-01-13 07:30:00+00:00,2024-01-14 10:00:00+00:00,11409,26.5,9487,1922,10
2024-01-13 07:30:00+00:00,2024-01-14 11:00:00+00:00,12100,27.5,9952,2148,11
2024-01-13 07:30:00+00:00,2024-01-14 12:00:00+00:00,12768,28.5,10051,2717,12
2024-01-13 07:30:00+00:00,2024-01-14 13:00:00+00:00,13523,29.5,10400,3123,13
2024-01-13 07:30:00+00:00,2024-01-14 14:00:00+00:00,13913,30.5,11368,2545,14
2024-01-13 07:30:00+00:00,2024-01-14 15:00:00+00:00,14200,31.5,12175,2025,15
2024-01-13 07:30:00+00:00,2024-01-14 16:00:00+00:00,14487,32.5,12559,1928,16
2024-01-13 07:30:00+00:00,2024-01-14 17:00:00+00:00,14993,33.5,12347,2646,17
2024-01-13 07:30:00+00:00,2024-01-14 18:00:00+00:00,15417,34.5,12424,2993,18
2024-01-13 07:30:00+00:00,2024-01-14 19:00:00+00:00,15648,35.5,12364,3284,19
2024-01-13 07:30:00+00:00,2024-01-14 20:00:00+00:00,15877,36.5,12757,3120,20
2024-01-13 07:30:00+00:00,2024-01-14 21:00:00+00:00,16022,37.5,13213,2809,21
2024-01-13 07:30:00+00:00,2024-01-14 22:00:00+00:00,15735,38.5,13731,2004,22
2024-01-13 07:30:00+00:00,2024-01-14 23:00:00+00:00,15980,39.5,13352,2628,23
2024-01-13 07:30:00+00:00,2024-01-15 00:00:00+00:00,16202,40.5,13826,2376,0
2024-01-13 07:30:00+00:00,2024-01-15 01:00:00+00:00,16326,41.5,14343,1983,1
2024-01-13 07:30:00+00:00,2024-01-15 02:00:00+00:00,16445,42.5,14431,2014,2
2024-01-13 07:30:00+00:00,2024-01-15 03:00:00+00:00,16558,43.5,14534,2024,3
2024-01-13 07:30:00+00:00,2024-01-15 04:00:00+00:00,16576,44.5,14840,1736,4
2024-01-13 07:30:00+00:00,2024-01-15 05:00:00+00:00,16591,45.5,15001,1590,5
2024-01-13 07:30:00+00:00,2024-01-15 06:00:00+00:00,16603,46.5,15022,1581,6
2024-01-13 07:30:00+00:00,2024-01-15 07:00:00+00:00,16514,47.5,14963,1551,7
2024-01-13 04:30:00+00:00,2024-01-13 21:00:00+00:00,7254,16.5,7009,245,21
2024-01-13 04:30:00+00:00,2024-01-13 22:00:00+00:00,7304,17.5,6926,378,22
2024-01-13 04:30:00+00:00,2024-01-13 23:00:00+00:00,7516,18.5,6264,1252,23
2024-01-13 04:30:00+00:00,2024-01-14 00:00:00+00:00,7921,19.5,5873,2048,0
2024-01-13 04:30:00+00:00,2024-01-14 01:00:00+00:00,7902,20.5,6058,1844,1
2024-01-13 04:30:00+00:00,2024-01-14 02:00:00+00:00,8151,21.5,5737,2414,2
2024-01-13 04:30:00+00:00,2024-01-14 03:00:00+00:00,8243,22.5,5596,2647,3
2024-01-13 04:30:00+00:00,2024-01-14 04:00:00+00:00,8770,23.5,5477,3293,4
2024-01-13 04:30:00+00:00,2024-01-14 05:00:00+00:00,9304,24.5,5288,4016,5
2024-01-13 04:30:00+00:00,2024-01-14 06:00:00+00:00,9545,25.5,5862,3683,6
2024-01-13 04:30:00+00:00,2024-01-14 07:00:00+00:00,10018,26.5,6461,3557,7
2024-01-13 04:30:00+00:00,2024-01-14 08:00:00+00:00,10633,27.5,7130,3503,8
2024-01-13 04:30:00+00:00,2024-01-14 09:00:00+00:00,11109,28.5,8614,2495,9
2024-01-13 04:30:00+00:00,2024-01-14 10:00:00+00:00,11719,29.5,9487,2232,10
2024-01-13 04:30:00+00:00,2024-01-14 11:00:00+00:00,12209,30.5,9952,2257,11
2024-01-13 04:30:00+00:00,2024-01-14 12:00:00+00:00,12968,31.5,10051,2917,12
2024-01-13 04:30:00+00:00,2024-01-14 13:00:00+00:00,13585,32.5,10400,3185,13
2024-01-13 04:30:00+00:00,2024-01-14 14:00:00+00:00,14006,33.5,11368,2638,14
2024-01-13 04:30:00+00:00,2024-01-14 15:00:00+00:00,14176,34.5,12175,2001,15
2024-01-13 04:30:00+00:00,2024-01-14 16:00:00+00:00,14071,35.5,12559,1512,16
2024-01-13 04:30:00+00:00,2024-01-14 17:00:00+00:00,14510,36.5,12347,2163,17
2024-01-13 04:30:00+00:00,2024-01-14 18:00:00+00:00,14898,37.5,12424,2474,18
2024-01-13 04:30:00+00:00,2024-01-14 19:00:00+00:00,15280,38.5,12364,2916,19
2024-01-13 04:30:00+00:00,2024-01-14 20:00:00+00:00,15623,39.5,12757,2866,20
2024-01-13 04:30:00+00:00,2024-01-14 21:00:00+00:00,15925,40.5,13213,2712,21
2024-01-13 04:30:00+00:00,2024-01-14 22:00:00+00:00,16134,41.5,13731,2403,22
2024-01-13 04:30:00+00:00,2024-01-14 23:00:00+00:00,16321,42.5,13352,2969,23
2024-01-13 04:30:00+00:00,2024-01-15 00:00:00+00:00,16485,43.5,13826,2659,0
2024-01-13 04:30:00+00:00,2024-01-15 01:00:00+00:00,16560,44.5,14343,2217,1
2024-01-13 04:30:00+00:00,2024-01-15 02:00:00+00:00,16630,45.5,14431,2199,2
2024-01-13 04:30:00+00:00,2024-01-15 03:00:00+00:00,16696,46.5,14534,2162,3
2024-01-13 04:30:00+00:00,2024-01-15 04:00:00+00:00,16683,47.5,14840,1843,4
2024-01-13 02:30:00+00:00,2024-01-13 21:00:00+00:00,7253,18.5,7009,244,21
2024-01-13 02:30:00+00:00,2024-01-13 22:00:00+00:00,7302,19.5,6926,376,22
2024-01-13 02:30:00+00:00,2024-01-13 23:00:00+00:00,7513,20.5,6264,1249,23
2024-01-13 02:30:00+00:00,2024-01-14 00:00:00+00:00,7917,21.5,5873,2044,0
2024-01-13 02:30:00+00:00,2024-01-14 01:00:00+00:00,7901,22.5,6058,1843,1
2024-01-13 02:30:00+00:00,2024-01-14 02:00:00+00:00,8151,23.5,5737,2414,2
2024-01-13 02:30:00+00:00,2024-01-14 03:00:00+00:00,8241,24.5,5596,2645,3
2024-01-13 02:30:00+00:00,2024-01-14 04:00:00+00:00,8769,25.5,5477,3292,4
2024-01-13 02:30:00+00:00,2024-01-14 05:00:00+00:00,9303,26.5,5288,4015,5
2024-01-13 02:30:00+00:00,2024-01-14 06:00:00+00:00,9549,27.5,5862,3687,6
2024-01-13 02:30:00+00:00,2024-01-14 07:00:00+00:00,10020,28.5,6461,3559,7
2024-01-13 02:30:00+00:00,2024-01-14 08:00:00+00:00,10632,29.5,7130,3502,8
2024-01-13 02:30:00+00:00,2024-01-14 09:00:00+00:00,11110,30.5,8614,2496,9
2024-01-13 02:30:00+00:00,2024-01-14 10:00:00+00:00,11716,31.5,9487,2229,10
2024-01-13 02:30:00+00:00,2024-01-14 11:00:00+00:00,12207,32.5,9952,2255,11
2024-01-13 02:30:00+00:00,2024-01-14 12:00:00+00:00,12963,33.5,10051,2912,12
2024-01-13 02:30:00+00:00,2024-01-14 13:00:00+00:00,13585,34.5,10400,3185,13
2024-01-13 02:30:00+00:00,2024-01-14 14:00:00+00:00,14009,35.5,11368,2641,14
2024-01-13 02:30:00+00:00,2024-01-14 15:00:00+00:00,14179,36.5,12175,2004,15
2024-01-13 02:30:00+00:00,2024-01-14 16:00:00+00:00,14079,37.5,12559,1520,16
2024-01-13 02:30:00+00:00,2024-01-14 17:00:00+00:00,14525,38.5,12347,2178,17
2024-01-13 02:30:00+00:00,2024-01-14 18:00:00+00:00,14921,39.5,12424,2497,18
2024-01-13 02:30:00+00:00,2024-01-14 19:00:00+00:00,15305,40.5,12364,2941,19
2024-01-13 02:30:00+00:00,2024-01-14 20:00:00+00:00,15650,41.5,12757,2893,20
2024-01-13 02:30:00+00:00,2024-01-14 21:00:00+00:00,15952,42.5,13213,2739,21
2024-01-13 02:30:00+00:00,2024-01-14 22:00:00+00:00,16164,43.5,13731,2433,22
2024-01-13 02:30:00+00:00,2024-01-14 23:00:00+00:00,16354,44.5,13352,3002,23
2024-01-13 02:30:00+00:00,2024-01-15 00:00:00+00:00,16521,45.5,13826,2695,0
2024-01-13 02:30:00+00:00,2024-01-15 01:00:00+00:00,16596,46.5,14343,2253,1
2024-01-13 02:30:00+00:00,2024-01-15 02:00:00+00:00,16666,47.5,14431,2235,2
2024-01-12 22:30:00+00:00,2024-01-13 03:00:00+00:00,8012,4.5,7695,317,3
2024-01-12 22:30:00+00:00,2024-01-13 04:00:00+00:00,7908,5.5,8191,283,4
2024-01-12 22:30:00+00:00,2024-01-13 05:00:00+00:00,7749,6.5,7678,71,5
2024-01-12 22:30:00+00:00,2024-01-13 06:00:00+00:00,7387,7.5,7446,59,6
2024-01-12 22:30:00+00:00,2024-01-13 07:00:00+00:00,7087,8.5,7765,678,7
2024-01-12 22:30:00+00:00,2024-01-13 08:00:00+00:00,7041,9.5,7975,934,8
2024-01-12 22:30:00+00:00,2024-01-13 09:00:00+00:00,6998,10.5,7662,664,9
2024-01-12 22:30:00+00:00,2024-01-13 10:00:00+00:00,6880,11.5,7384,504,10
2024-01-12 22:30:00+00:00,2024-01-13 11:00:00+00:00,6654,12.5,7093,439,11
2024-01-12 22:30:00+00:00,2024-01-13 12:00:00+00:00,6668,13.5,6834,166,12
2024-01-12 22:30:00+00:00,2024-01-13 13:00:00+00:00,6759,14.5,6733,26,13
2024-01-12 22:30:00+00:00,2024-01-13 14:00:00+00:00,6738,15.5,7450,712,14
2024-01-12 22:30:00+00:00,2024-01-13 15:00:00+00:00,6716,16.5,7003,287,15
2024-01-12 22:30:00+00:00,2024-01-13 16:00:00+00:00,6793,17.5,6768,25,16
2024-01-12 22:30:00+00:00,2024-01-13 17:00:00+00:00,6781,18.5,6416,365,17
2024-01-12 22:30:00+00:00,2024-01-13 18:00:00+00:00,6746,19.5,6446,300,18
2024-01-12 22:30:00+00:00,2024-01-13 19:00:00+00:00,6818,20.5,6755,63,19
2024-01-12 22:30:00+00:00,2024-01-13 20:00:00+00:00,6847,21.5,6706,141,20
2024-01-12 22:30:00+00:00,2024-01-13 21:00:00+00:00,6981,22.5,7009,28,21
2024-01-12 22:30:00+00:00,2024-01-13 22:00:00+00:00,7017,23.5,6926,91,22
2024-01-12 22:30:00+00:00,2024-01-13 23:00:00+00:00,7241,24.5,6264,977,23
2024-01-12 22:30:00+00:00,2024-01-14 00:00:00+00:00,7477,25.5,5873,1604,0
2024-01-12 22:30:00+00:00,2024-01-14 01:00:00+00:00,7663,26.5,6058,1605,1
2024-01-12 22:30:00+00:00,2024-01-14 02:00:00+00:00,7754,27.5,5737,2017,2
2024-01-12 22:30:00+00:00,2024-01-14 03:00:00+00:00,7954,28.5,5596,2358,3
2024-01-12 22:30:00+00:00,2024-01-14 04:00:00+00:00,8568,29.5,5477,3091,4
2024-01-12 22:30:00+00:00,2024-01-14 05:00:00+00:00,8876,30.5,5288,3588,5
2024-01-12 22:30:00+00:00,2024-01-14 06:00:00+00:00,9227,31.5,5862,3365,6
2024-01-12 22:30:00+00:00,2024-01-14 07:00:00+00:00,9552,32.5,6461,3091,7
2024-01-12 22:30:00+00:00,2024-01-14 08:00:00+00:00,10040,33.5,7130,2910,8
2024-01-12 22:30:00+00:00,2024-01-14 09:00:00+00:00,10582,34.5,8614,1968,9
2024-01-12 22:30:00+00:00,2024-01-14 10:00:00+00:00,11133,35.5,9487,1646,10
2024-01-12 22:30:00+00:00,2024-01-14 11:00:00+00:00,11657,36.5,9952,1705,11
2024-01-12 22:30:00+00:00,2024-01-14 12:00:00+00:00,12172,37.5,10051,2121,12
2024-01-12 22:30:00+00:00,2024-01-14 13:00:00+00:00,12548,38.5,10400,2148,13
2024-01-12 22:30:00+00:00,2024-01-14 14:00:00+00:00,12912,39.5,11368,1544,14
2024-01-12 22:30:00+00:00,2024-01-14 15:00:00+00:00,13265,40.5,12175,1090,15
2024-01-12 22:30:00+00:00,2024-01-14 16:00:00+00:00,13710,41.5,12559,1151,16
2024-01-12 22:30:00+00:00,2024-01-14 17:00:00+00:00,14117,42.5,12347,1770,17
2024-01-12 22:30:00+00:00,2024-01-14 18:00:00+00:00,14483,43.5,12424,2059,18
2024-01-12 22:30:00+00:00,2024-01-14 19:00:00+00:00,14873,44.5,12364,2509,19
2024-01-12 22:30:00+00:00,2024-01-14 20:00:00+00:00,15230,45.5,12757,2473,20
2024-01-12 22:30:00+00:00,2024-01-14 21:00:00+00:00,15550,46.5,13213,2337,21
2024-01-12 18:30:00+00:00,2024-01-12 23:00:00+00:00,6205,4.5,6359,154,23
2024-01-12 18:30:00+00:00,2024-01-13 00:00:00+00:00,7055,5.5,6319,736,0
2024-01-12 18:30:00+00:00,2024-01-13 01:00:00+00:00,7694,6.5,6801,893,1
2024-01-12 18:30:00+00:00,2024-01-13 02:00:00+00:00,7900,7.5,7297,603,2
2024-01-12 18:30:00+00:00,2024-01-13 03:00:00+00:00,8014,8.5,7695,319,3
2024-01-12 18:30:00+00:00,2024-01-13 04:00:00+00:00,7910,9.5,8191,281,4
2024-01-12 18:30:00+00:00,2024-01-13 05:00:00+00:00,7746,10.5,7678,68,5
2024-01-12 18:30:00+00:00,2024-01-13 06:00:00+00:00,7381,11.5,7446,65,6
2024-01-12 18:30:00+00:00,2024-01-13 07:00:00+00:00,7080,12.5,7765,685,7
2024-01-12 18:30:00+00:00,2024-01-13 08:00:00+00:00,7036,13.5,7975,939,8
2024-01-12 18:30:00+00:00,2024-01-13 09:00:00+00:00,6996,14.5,7662,666,9
2024-01-12 18:30:00+00:00,2024-01-13 10:00:00+00:00,6882,15.5,7384,502,10
2024-01-12 18:30:00+00:00,2024-01-13 11:00:00+00:00,6655,16.5,7093,438,11
2024-01-12 18:30:00+00:00,2024-01-13 12:00:00+00:00,6669,17.5,6834,165,12
2024-01-12 18:30:00+00:00,2024-01-13 13:00:00+00:00,6761,18.5,6733,28,13
2024-01-12 18:30:00+00:00,2024-01-13 14:00:00+00:00,6740,19.5,7450,710,14
2024-01-12 18:30:00+00:00,2024-01-13 15:00:00+00:00,6716,20.5,7003,287,15
2024-01-12 18:30:00+00:00,2024-01-13 16:00:00+00:00,6789,21.5,6768,21,16
2024-01-12 18:30:00+00:00,2024-01-13 17:00:00+00:00,6776,22.5,6416,360,17
2024-01-12 18:30:00+00:00,2024-01-13 18:00:00+00:00,6741,23.5,6446,295,18
2024-01-12 18:30:00+00:00,2024-01-13 19:00:00+00:00,6817,24.5,6755,62,19
2024-01-12 18:30:00+00:00,2024-01-13 20:00:00+00:00,6847,25.5,6706,141,20
2024-01-12 18:30:00+00:00,2024-01-13 21:00:00+00:00,6980,26.5,7009,29,21
2024-01-12 18:30:00+00:00,2024-01-13 22:00:00+00:00,7016,27.5,6926,90,22
2024-01-12 18:30:00+00:00,2024-01-13 23:00:00+00:00,7241,28.5,6264,977,23
2024-01-12 18:30:00+00:00,2024-01-14 00:00:00+00:00,7476,29.5,5873,1603,0
2024-01-12 18:30:00+00:00,2024-01-14 01:00:00+00:00,7662,30.5,6058,1604,1
2024-01-12 18:30:00+00:00,2024-01-14 02:00:00+00:00,7753,31.5,5737,2016,2
2024-01-12 18:30:00+00:00,2024-01-14 03:00:00+00:00,7953,32.5,5596,2357,3
2024-01-12 18:30:00+00:00,2024-01-14 04:00:00+00:00,8568,33.5,5477,3091,4
2024-01-12 18:30:00+00:00,2024-01-14 05:00:00+00:00,8876,34.5,5288,3588,5
2024-01-12 18:30:00+00:00,2024-01-14 06:00:00+00:00,9226,35.5,5862,3364,6
2024-01-12 18:30:00+00:00,2024-01-14 07:00:00+00:00,9553,36.5,6461,3092,7
2024-01-12 18:30:00+00:00,2024-01-14 08:00:00+00:00,10041,37.5,7130,2911,8
2024-01-12 18:30:00+00:00,2024-01-14 09:00:00+00:00,10580,38.5,8614,1966,9
2024-01-12 18:30:00+00:00,2024-01-14 10:00:00+00:00,11131,39.5,9487,1644,10
2024-01-12 18:30:00+00:00,2024-01-14 11:00:00+00:00,11656,40.5,9952,1704,11
2024-01-12 18:30:00+00:00,2024-01-14 12:00:00+00:00,12172,41.5,10051,2121,12
2024-01-12 18:30:00+00:00,2024-01-14 13:00:00+00:00,12541,42.5,10400,2141,13
2024-01-12 18:30:00+00:00,2024-01-14 14:00:00+00:00,12899,43.5,11368,1531,14
2024-01-12 18:30:00+00:00,2024-01-14 15:00:00+00:00,13245,44.5,12175,1070,15
2024-01-12 18:30:00+00:00,2024-01-14 16:00:00+00:00,13680,45.5,12559,1121,16
2024-01-12 18:30:00+00:00,2024-01-14 17:00:00+00:00,14077,46.5,12347,1730,17
2024-01-12 18:30:00+00:00,2024-01-14 18:00:00+00:00,14432,47.5,12424,2008,18
2024-01-12 15:30:00+00:00,2024-01-12 21:00:00+00:00,5134,5.5,5486,352,21
2024-01-12 15:30:00+00:00,2024-01-12 22:00:00+00:00,5632,6.5,5842,210,22
2024-01-12 15:30:00+00:00,2024-01-12 23:00:00+00:00,6345,7.5,6359,14,23
2024-01-12 15:30:00+00:00,2024-01-13 00:00:00+00:00,7199,8.5,6319,880,0
2024-01-12 15:30:00+00:00,2024-01-13 01:00:00+00:00,8059,9.5,6801,1258,1
2024-01-12 15:30:00+00:00,2024-01-13 02:00:00+00:00,8375,10.5,7297,1078,2
2024-01-12 15:30:00+00:00,2024-01-13 03:00:00+00:00,8421,11.5,7695,726,3
2024-01-12 15:30:00+00:00,2024-01-13 04:00:00+00:00,8392,12.5,8191,201,4
2024-01-12 15:30:00+00:00,2024-01-13 05:00:00+00:00,8214,13.5,7678,536,5
2024-01-12 15:30:00+00:00,2024-01-13 06:00:00+00:00,7748,14.5,7446,302,6
2024-01-12 15:30:00+00:00,2024-01-13 07:00:00+00:00,7497,15.5,7765,268,7
2024-01-12 15:30:00+00:00,2024-01-13 08:00:00+00:00,7367,16.5,7975,608,8
2024-01-12 15:30:00+00:00,2024-01-13 09:00:00+00:00,7374,17.5,7662,288,9
2024-01-12 15:30:00+00:00,2024-01-13 10:00:00+00:00,7310,18.5,7384,74,10
2024-01-12 15:30:00+00:00,2024-01-13 11:00:00+00:00,7172,19.5,7093,79,11
2024-01-12 15:30:00+00:00,2024-01-13 12:00:00+00:00,7175,20.5,6834,341,12
2024-01-12 15:30:00+00:00,2024-01-13 13:00:00+00:00,7124,21.5,6733,391,13
2024-01-12 15:30:00+00:00,2024-01-13 14:00:00+00:00,7021,22.5,7450,429,14
2024-01-12 15:30:00+00:00,2024-01-13 15:00:00+00:00,6885,23.5,7003,118,15
2024-01-12 15:30:00+00:00,2024-01-13 16:00:00+00:00,6982,24.5,6768,214,16
2024-01-12 15:30:00+00:00,2024-01-13 17:00:00+00:00,6870,25.5,6416,454,17
2024-01-12 15:30:00+00:00,2024-01-13 18:00:00+00:00,6758,26.5,6446,312,18
2024-01-12 15:30:00+00:00,2024-01-13 19:00:00+00:00,6741,27.5,6755,14,19
2024-01-12 15:30:00+00:00,2024-01-13 20:00:00+00:00,6676,28.5,6706,30,20
2024-01-12 15:30:00+00:00,2024-01-13 21:00:00+00:00,6739,29.5,7009,270,21
2024-01-12 15:30:00+00:00,2024-01-13 22:00:00+00:00,6815,30.5,6926,111,22
2024-01-12 15:30:00+00:00,2024-01-13 23:00:00+00:00,7036,31.5,6264,772,23
2024-01-12 15:30:00+00:00,2024-01-14 00:00:00+00:00,7073,32.5,5873,1200,0
2024-01-12 15:30:00+00:00,2024-01-14 01:00:00+00:00,7314,33.5,6058,1256,1
2024-01-12 15:30:00+00:00,2024-01-14 02:00:00+00:00,7453,34.5,5737,1716,2
2024-01-12 15:30:00+00:00,2024-01-14 03:00:00+00:00,7645,35.5,5596,2049,3
2024-01-12 15:30:00+00:00,2024-01-14 04:00:00+00:00,8421,36.5,5477,2944,4
2024-01-12 15:30:00+00:00,2024-01-14 05:00:00+00:00,8758,37.5,5288,3470,5
2024-01-12 15:30:00+00:00,2024-01-14 06:00:00+00:00,9095,38.5,5862,3233,6
2024-01-12 15:30:00+00:00,2024-01-14 07:00:00+00:00,9537,39.5,6461,3076,7
2024-01-12 15:30:00+00:00,2024-01-14 08:00:00+00:00,9995,40.5,7130,2865,8
2024-01-12 15:30:00+00:00,2024-01-14 09:00:00+00:00,10462,41.5,8614,1848,9
2024-01-12 15:30:00+00:00,2024-01-14 10:00:00+00:00,11038,42.5,9487,1551,10
2024-01-12 15:30:00+00:00,2024-01-14 11:00:00+00:00,11619,43.5,9952,1667,11
2024-01-12 15:30:00+00:00,2024-01-14 12:00:00+00:00,12193,44.5,10051,2142,12
2024-01-12 15:30:00+00:00,2024-01-14 13:00:00+00:00,12588,45.5,10400,2188,13
2024-01-12 15:30:00+00:00,2024-01-14 14:00:00+00:00,12970,46.5,11368,1602,14
2024-01-12 15:30:00+00:00,2024-01-14 15:00:00+00:00,13338,47.5,12175,1163,15
2024-01-12 11:30:00+00:00,2024-01-12 21:00:00+00:00,5082,9.5,5486,404,21
2024-01-12 11:30:00+00:00,2024-01-12 22:00:00+00:00,5616,10.5,5842,226,22
2024-01-12 11:30:00+00:00,2024-01-12 23:00:00+00:00,6272,11.5,6359,87,23
2024-01-12 11:30:00+00:00,2024-01-13 00:00:00+00:00,7087,12.5,6319,768,0
2024-01-12 11:30:00+00:00,2024-01-13 01:00:00+00:00,7940,13.5,6801,1139,1
2024-01-12 11:30:00+00:00,2024-01-13 02:00:00+00:00,8327,14.5,7297,1030,2
2024-01-12 11:30:00+00:00,2024-01-13 03:00:00+00:00,8413,15.5,7695,718,3
2024-01-12 11:30:00+00:00,2024-01-13 04:00:00+00:00,8440,16.5,8191,249,4
2024-01-12 11:30:00+00:00,2024-01-13 05:00:00+00:00,8237,17.5,7678,559,5
2024-01-12 11:30:00+00:00,2024-01-13 06:00:00+00:00,7749,18.5,7446,303,6
2024-01-12 11:30:00+00:00,2024-01-13 07:00:00+00:00,7500,19.5,7765,265,7
2024-01-12 11:30:00+00:00,2024-01-13 08:00:00+00:00,7326,20.5,7975,649,8
2024-01-12 11:30:00+00:00,2024-01-13 09:00:00+00:00,7296,21.5,7662,366,9
2024-01-12 11:30:00+00:00,2024-01-13 10:00:00+00:00,7300,22.5,7384,84,10
2024-01-12 11:30:00+00:00,2024-01-13 11:00:00+00:00,7129,23.5,7093,36,11
2024-01-12 11:30:00+00:00,2024-01-13 12:00:00+00:00,7112,24.5,6834,278,12
2024-01-12 11:30:00+00:00,2024-01-13 13:00:00+00:00,6956,25.5,6733,223,13
2024-01-12 11:30:00+00:00,2024-01-13 14:00:00+00:00,6874,26.5,7450,576,14
2024-01-12 11:30:00+00:00,2024-01-13 15:00:00+00:00,6709,27.5,7003,294,15
2024-01-12 11:30:00+00:00,2024-01-13 16:00:00+00:00,6791,28.5,6768,23,16
2024-01-12 11:30:00+00:00,2024-01-13 17:00:00+00:00,6740,29.5,6416,324,17
2024-01-12 11:30:00+00:00,2024-01-13 18:00:00+00:00,6538,30.5,6446,92,18
2024-01-12 11:30:00+00:00,2024-01-13 19:00:00+00:00,6487,31.5,6755,268,19
2024-01-12 11:30:00+00:00,2024-01-13 20:00:00+00:00,6505,32.5,6706,201,20
2024-01-12 11:30:00+00:00,2024-01-13 21:00:00+00:00,6499,33.5,7009,510,21
2024-01-12 11:30:00+00:00,2024-01-13 22:00:00+00:00,6605,34.5,6926,321,22
2024-01-12 11:30:00+00:00,2024-01-13 23:00:00+00:00,6817,35.5,6264,553,23
2024-01-12 11:30:00+00:00,2024-01-14 00:00:00+00:00,7037,36.5,5873,1164,0
2024-01-12 11:30:00+00:00,2024-01-14 01:00:00+00:00,7246,37.5,6058,1188,1
2024-01-12 11:30:00+00:00,2024-01-14 02:00:00+00:00,7462,38.5,5737,1725,2
2024-01-12 11:30:00+00:00,2024-01-14 03:00:00+00:00,7680,39.5,5596,2084,3
2024-01-12 11:30:00+00:00,2024-01-14 04:00:00+00:00,8021,40.5,5477,2544,4
2024-01-12 11:30:00+00:00,2024-01-14 05:00:00+00:00,8365,41.5,5288,3077,5
2024-01-12 11:30:00+00:00,2024-01-14 06:00:00+00:00,8710,42.5,5862,2848,6
2024-01-12 11:30:00+00:00,2024-01-14 07:00:00+00:00,9116,43.5,6461,2655,7
2024-01-12 11:30:00+00:00,2024-01-14 08:00:00+00:00,9540,44.5,7130,2410,8
2024-01-12 11:30:00+00:00,2024-01-14 09:00:00+00:00,9978,45.5,8614,1364,9
2024-01-12 11:30:00+00:00,2024-01-14 10:00:00+00:00,10588,46.5,9487,1101,10
2024-01-12 11:30:00+00:00,2024-01-14 11:00:00+00:00,11211,47.5,9952,1259,11
2024-01-12 09:30:00+00:00,2024-01-12 21:00:00+00:00,5080,11.5,5486,406,21
2024-01-12 09:30:00+00:00,2024-01-12 22:00:00+00:00,5615,12.5,5842,227,22
2024-01-12 09:30:00+00:00,2024-01-12 23:00:00+00:00,6269,13.5,6359,90,23
2024-01-12 09:30:00+00:00,2024-01-13 00:00:00+00:00,7084,14.5,6319,765,0
2024-01-12 09:30:00+00:00,2024-01-13 01:00:00+00:00,7938,15.5,6801,1137,1
2024-01-12 09:30:00+00:00,2024-01-13 02:00:00+00:00,8325,16.5,7297,1028,2
2024-01-12 09:30:00+00:00,2024-01-13 03:00:00+00:00,8412,17.5,7695,717,3
2024-01-12 09:30:00+00:00,2024-01-13 04:00:00+00:00,8439,18.5,8191,248,4
2024-01-12 09:30:00+00:00,2024-01-13 05:00:00+00:00,8239,19.5,7678,561,5
2024-01-12 09:30:00+00:00,2024-01-13 06:00:00+00:00,7750,20.5,7446,304,6
2024-01-12 09:30:00+00:00,2024-01-13 07:00:00+00:00,7499,21.5,7765,266,7
2024-01-12 09:30:00+00:00,2024-01-13 08:00:00+00:00,7322,22.5,7975,653,8
2024-01-12 09:30:00+00:00,2024-01-13 09:00:00+00:00,7292,23.5,7662,370,9
2024-01-12 09:30:00+00:00,2024-01-13 10:00:00+00:00,7295,24.5,7384,89,10
2024-01-12 09:30:00+00:00,2024-01-13 11:00:00+00:00,7133,25.5,7093,40,11
2024-01-12 09:30:00+00:00,2024-01-13 12:00:00+00:00,7120,26.5,6834,286,12
2024-01-12 09:30:00+00:00,2024-01-13 13:00:00+00:00,6957,27.5,6733,224,13
2024-01-12 09:30:00+00:00,2024-01-13 14:00:00+00:00,6877,28.5,7450,573,14
2024-01-12 09:30:00+00:00,2024-01-13 15:00:00+00:00,6709,29.5,7003,294,15
2024-01-12 09:30:00+00:00,2024-01-13 16:00:00+00:00,6791,30.5,6768,23,16
2024-01-12 09:30:00+00:00,2024-01-13 17:00:00+00:00,6741,31.5,6416,325,17
2024-01-12 09:30:00+00:00,2024-01-13 18:00:00+00:00,6540,32.5,6446,94,18
2024-01-12 09:30:00+00:00,2024-01-13 19:00:00+00:00,6487,33.5,6755,268,19
2024-01-12 09:30:00+00:00,2024-01-13 20:00:00+00:00,6507,34.5,6706,199,20
2024-01-12 09:30:00+00:00,2024-01-13 21:00:00+00:00,6501,35.5,7009,508,21
2024-01-12 09:30:00+00:00,2024-01-13 22:00:00+00:00,6608,36.5,6926,318,22
2024-01-12 09:30:00+00:00,2024-01-13 23:00:00+00:00,6821,37.5,6264,557,23
2024-01-12 09:30:00+00:00,2024-01-14 00:00:00+00:00,7041,38.5,5873,1168,0
2024-01-12 09:30:00+00:00,2024-01-14 01:00:00+00:00,7251,39.5,6058,1193,1
2024-01-12 09:30:00+00:00,2024-01-14 02:00:00+00:00,7465,40.5,5737,1728,2
2024-01-12 09:30:00+00:00,2024-01-14 03:00:00+00:00,7684,41.5,5596,2088,3
2024-01-12 09:30:00+00:00,2024-01-14 04:00:00+00:00,8023,42.5,5477,2546,4
2024-01-12 09:30:00+00:00,2024-01-14 05:00:00+00:00,8365,43.5,5288,3077,5
2024-01-12 09:30:00+00:00,2024-01-14 06:00:00+00:00,8707,44.5,5862,2845,6
2024-01-12 09:30:00+00:00,2024-01-14 07:00:00+00:00,9110,45.5,6461,2649,7
2024-01-12 09:30:00+00:00,2024-01-14 08:00:00+00:00,9529,46.5,7130,2399,8
2024-01-12 09:30:00+00:00,2024-01-14 09:00:00+00:00,9962,47.5,8614,1348,9
2024-01-12 07:30:00+00:00,2024-01-12 21:00:00+00:00,5080,13.5,5486,406,21
2024-01-12 07:30:00+00:00,2024-01-12 22:00:00+00:00,5614,14.5,5842,228,22
2024-01-12 07:30:00+00:00,2024-01-12 23:00:00+00:00,6269,15.5,6359,90,23
2024-01-12 07:30:00+00:00,2024-01-13 00:00:00+00:00,7085,16.5,6319,766,0
2024-01-12 07:30:00+00:00,2024-01-13 01:00:00+00:00,7938,17.5,6801,1137,1
2024-01-12 07:30:00+00:00,2024-01-13 02:00:00+00:00,8325,18.5,7297,1028,2
2024-01-12 07:30:00+00:00,2024-01-13 03:00:00+00:00,8412,19.5,7695,717,3
2024-01-12 07:30:00+00:00,2024-01-13 04:00:00+00:00,8438,20.5,8191,247,4
2024-01-12 07:30:00+00:00,2024-01-13 05:00:00+00:00,8238,21.5,7678,560,5
2024-01-12 07:30:00+00:00,2024-01-13 06:00:00+00:00,7749,22.5,7446,303,6
2024-01-12 07:30:00+00:00,2024-01-13 07:00:00+00:00,7498,23.5,7765,267,7
2024-01-12 07:30:00+00:00,2024-01-13 08:00:00+00:00,7322,24.5,7975,653,8
2024-01-12 07:30:00+00:00,2024-01-13 09:00:00+00:00,7293,25.5,7662,369,9
2024-01-12 07:30:00+00:00,2024-01-13 10:00:00+00:00,7295,26.5,7384,89,10
2024-01-12 07:30:00+00:00,2024-01-13 11:00:00+00:00,7133,27.5,7093,40,11
2024-01-12 07:30:00+00:00,2024-01-13 12:00:00+00:00,7120,28.5,6834,286,12
2024-01-12 07:30:00+00:00,2024-01-13 13:00:00+00:00,6958,29.5,6733,225,13
2024-01-12 07:30:00+00:00,2024-01-13 14:00:00+00:00,6877,30.5,7450,573,14
2024-01-12 07:30:00+00:00,2024-01-13 15:00:00+00:00,6709,31.5,7003,294,15
2024-01-12 07:30:00+00:00,2024-01-13 16:00:00+00:00,6790,32.5,6768,22,16
2024-01-12 07:30:00+00:00,2024-01-13 17:00:00+00:00,6740,33.5,6416,324,17
2024-01-12 07:30:00+00:00,2024-01-13 18:00:00+00:00,6539,34.5,6446,93,18
2024-01-12 07:30:00+00:00,2024-01-13 19:00:00+00:00,6486,35.5,6755,269,19
2024-01-12 07:30:00+00:00,2024-01-13 20:00:00+00:00,6507,36.5,6706,199,20
2024-01-12 07:30:00+00:00,2024-01-13 21:00:00+00:00,6501,37.5,7009,508,21
2024-01-12 07:30:00+00:00,2024-01-13 22:00:00+00:00,6608,38.5,6926,318,22
2024-01-12 07:30:00+00:00,2024-01-13 23:00:00+00:00,6822,39.5,6264,558,23
2024-01-12 07:30:00+00:00,2024-01-14 00:00:00+00:00,7042,40.5,5873,1169,0
2024-01-12 07:30:00+00:00,2024-01-14 01:00:00+00:00,7252,41.5,6058,1194,1
2024-01-12 07:30:00+00:00,2024-01-14 02:00:00+00:00,7466,42.5,5737,1729,2
2024-01-12 07:30:00+00:00,2024-01-14 03:00:00+00:00,7684,43.5,5596,2088,3
2024-01-12 07:30:00+00:00,2024-01-14 04:00:00+00:00,8023,44.5,5477,2546,4
2024-01-12 07:30:00+00:00,2024-01-14 05:00:00+00:00,8365,45.5,5288,3077,5
2024-01-12 07:30:00+00:00,2024-01-14 06:00:00+00:00,8707,46.5,5862,2845,6
2024-01-12 07:30:00+00:00,2024-01-14 07:00:00+00:00,9110,47.5,6461,2649,7
2024-01-12 04:30:00+00:00,2024-01-12 21:00:00+00:00,4970,16.5,5486,516,21
2024-01-12 04:30:00+00:00,2024-01-12 22:00:00+00:00,5524,17.5,5842,318,22
2024-01-12 04:30:00+00:00,2024-01-12 23:00:00+00:00,6232,18.5,6359,127,23
2024-01-12 04:30:00+00:00,2024-01-13 00:00:00+00:00,7100,19.5,6319,781,0
2024-01-12 04:30:00+00:00,2024-01-13 01:00:00+00:00,7853,20.5,6801,1052,1
2024-01-12 04:30:00+00:00,2024-01-13 02:00:00+00:00,8293,21.5,7297,996,2
2024-01-12 04:30:00+00:00,2024-01-13 03:00:00+00:00,8452,22.5,7695,757,3
2024-01-12 04:30:00+00:00,2024-01-13 04:00:00+00:00,8499,23.5,8191,308,4
2024-01-12 04:30:00+00:00,2024-01-13 05:00:00+00:00,8150,24.5,7678,472,5
2024-01-12 04:30:00+00:00,2024-01-13 06:00:00+00:00,7580,25.5,7446,134,6
2024-01-12 04:30:00+00:00,2024-01-13 07:00:00+00:00,7201,26.5,7765,564,7
2024-01-12 04:30:00+00:00,2024-01-13 08:00:00+00:00,6862,27.5,7975,1113,8
2024-01-12 04:30:00+00:00,2024-01-13 09:00:00+00:00,6829,28.5,7662,833,9
2024-01-12 04:30:00+00:00,2024-01-13 10:00:00+00:00,6869,29.5,7384,515,10
2024-01-12 04:30:00+00:00,2024-01-13 11:00:00+00:00,6753,30.5,7093,340,11
2024-01-12 04:30:00+00:00,2024-01-13 12:00:00+00:00,6767,31.5,6834,67,12
2024-01-12 04:30:00+00:00,2024-01-13 13:00:00+00:00,6574,32.5,6733,159,13
2024-01-12 04:30:00+00:00,2024-01-13 14:00:00+00:00,6506,33.5,7450,944,14
2024-01-12 04:30:00+00:00,2024-01-13 15:00:00+00:00,6322,34.5,7003,681,15
2024-01-12 04:30:00+00:00,2024-01-13 16:00:00+00:00,6238,35.5,6768,530,16
2024-01-12 04:30:00+00:00,2024-01-13 17:00:00+00:00,6124,36.5,6416,292,17
2024-01-12 04:30:00+00:00,2024-01-13 18:00:00+00:00,6014,37.5,6446,432,18
2024-01-12 04:30:00+00:00,2024-01-13 19:00:00+00:00,6020,38.5,6755,735,19
2024-01-12 04:30:00+00:00,2024-01-13 20:00:00+00:00,6034,39.5,6706,672,20
2024-01-12 04:30:00+00:00,2024-01-13 21:00:00+00:00,6056,40.5,7009,953,21
2024-01-12 04:30:00+00:00,2024-01-13 22:00:00+00:00,6248,41.5,6926,678,22
2024-01-12 04:30:00+00:00,2024-01-13 23:00:00+00:00,6442,42.5,6264,178,23
2024-01-12 04:30:00+00:00,2024-01-14 00:00:00+00:00,6641,43.5,5873,768,0
2024-01-12 04:30:00+00:00,2024-01-14 01:00:00+00:00,6852,44.5,6058,794,1
2024-01-12 04:30:00+00:00,2024-01-14 02:00:00+00:00,7066,45.5,5737,1329,2
2024-01-12 04:30:00+00:00,2024-01-14 03:00:00+00:00,7285,46.5,5596,1689,3
2024-01-12 04:30:00+00:00,2024-01-14 04:00:00+00:00,7614,47.5,5477,2137,4
2024-01-12 02:30:00+00:00,2024-01-12 21:00:00+00:00,4972,18.5,5486,514,21
2024-01-12 02:30:00+00:00,2024-01-12 22:00:00+00:00,5524,19.5,5842,318,22
2024-01-12 02:30:00+00:00,2024-01-12 23:00:00+00:00,6231,20.5,6359,128,23
2024-01-12 02:30:00+00:00,2024-01-13 00:00:00+00:00,7099,21.5,6319,780,0
2024-01-12 02:30:00+00:00,2024-01-13 01:00:00+00:00,7853,22.5,6801,1052,1
2024-01-12 02:30:00+00:00,2024-01-13 02:00:00+00:00,8292,23.5,7297,995,2
2024-01-12 02:30:00+00:00,2024-01-13 03:00:00+00:00,8450,24.5,7695,755,3
2024-01-12 02:30:00+00:00,2024-01-13 04:00:00+00:00,8499,25.5,8191,308,4
2024-01-12 02:30:00+00:00,2024-01-13 05:00:00+00:00,8150,26.5,7678,472,5
2024-01-12 02:30:00+00:00,2024-01-13 06:00:00+00:00,7579,27.5,7446,133,6
2024-01-12 02:30:00+00:00,2024-01-13 07:00:00+00:00,7200,28.5,7765,565,7
2024-01-12 02:30:00+00:00,2024-01-13 08:00:00+00:00,6862,29.5,7975,1113,8
2024-01-12 02:30:00+00:00,2024-01-13 09:00:00+00:00,6827,30.5,7662,835,9
2024-01-12 02:30:00+00:00,2024-01-13 10:00:00+00:00,6869,31.5,7384,515,10
2024-01-12 02:30:00+00:00,2024-01-13 11:00:00+00:00,6752,32.5,7093,341,11
2024-01-12 02:30:00+00:00,2024-01-13 12:00:00+00:00,6756,33.5,6834,78,12
2024-01-12 02:30:00+00:00,2024-01-13 13:00:00+00:00,6574,34.5,6733,159,13
2024-01-12 02:30:00+00:00,2024-01-13 14:00:00+00:00,6506,35.5,7450,944,14
2024-01-12 02:30:00+00:00,2024-01-13 15:00:00+00:00,6315,36.5,7003,688,15
2024-01-12 02:30:00+00:00,2024-01-13 16:00:00+00:00,6234,37.5,6768,534,16
2024-01-12 02:30:00+00:00,2024-01-13 17:00:00+00:00,6122,38.5,6416,294,17
2024-01-12 02:30:00+00:00,2024-01-13 18:00:00+00:00,6015,39.5,6446,431,18
2024-01-12 02:30:00+00:00,2024-01-13 19:00:00+00:00,6019,40.5,6755,736,19
2024-01-12 02:30:00+00:00,2024-01-13 20:00:00+00:00,6032,41.5,6706,674,20
2024-01-12 02:30:00+00:00,2024-01-13 21:00:00+00:00,6054,42.5,7009,955,21
2024-01-12 02:30:00+00:00,2024-01-13 22:00:00+00:00,6245,43.5,6926,681,22
2024-01-12 02:30:00+00:00,2024-01-13 23:00:00+00:00,6439,44.5,6264,175,23
2024-01-12 02:30:00+00:00,2024-01-14 00:00:00+00:00,6638,45.5,5873,765,0
2024-01-12 02:30:00+00:00,2024-01-14 01:00:00+00:00,6848,46.5,6058,790,1
2024-01-12 02:30:00+00:00,2024-01-14 02:00:00+00:00,7062,47.5,5737,1325,2
2024-01-11 22:30:00+00:00,2024-01-12 03:00:00+00:00,5537,4.5,5292,245,3
2024-01-11 22:30:00+00:00,2024-01-12 04:00:00+00:00,5202,5.5,4824,378,4
2024-01-11 22:30:00+00:00,2024-01-12 05:00:00+00:00,4899,6.5,4848,51,5
2024-01-11 22:30:00+00:00,2024-01-12 06:00:00+00:00,4573,7.5,4510,63,6
2024-01-11 22:30:00+00:00,2024-01-12 07:00:00+00:00,4281,8.5,4312,31,7
2024-01-11 22:30:00+00:00,2024-01-12 08:00:00+00:00,3828,9.5,3879,51,8
2024-01-11 22:30:00+00:00,2024-01-12 09:00:00+00:00,3562,10.5,3499,63,9
2024-01-11 22:30:00+00:00,2024-01-12 10:00:00+00:00,3377,11.5,3335,42,10
2024-01-11 22:30:00+00:00,2024-01-12 11:00:00+00:00,3127,12.5,3201,74,11
2024-01-11 22:30:00+00:00,2024-01-12 12:00:00+00:00,3028,13.5,3318,290,12
2024-01-11 22:30:00+00:00,2024-01-12 13:00:00+00:00,3053,14.5,3321,268,13
2024-01-11 22:30:00+00:00,2024-01-12 14:00:00+00:00,3158,15.5,3690,532,14
2024-01-11 22:30:00+00:00,2024-01-12 15:00:00+00:00,3344,16.5,4220,876,15
2024-01-11 22:30:00+00:00,2024-01-12 16:00:00+00:00,3602,17.5,4527,925,16
2024-01-11 22:30:00+00:00,2024-01-12 17:00:00+00:00,3871,18.5,4405,534,17
2024-01-11 22:30:00+00:00,2024-01-12 18:00:00+00:00,4031,19.5,4639,608,18
2024-01-11 22:30:00+00:00,2024-01-12 19:00:00+00:00,4226,20.5,4837,611,19
2024-01-11 22:30:00+00:00,2024-01-12 20:00:00+00:00,4480,21.5,5083,603,20
2024-01-11 22:30:00+00:00,2024-01-12 21:00:00+00:00,4865,22.5,5486,621,21
2024-01-11 22:30:00+00:00,2024-01-12 22:00:00+00:00,5400,23.5,5842,442,22
2024-01-11 22:30:00+00:00,2024-01-12 23:00:00+00:00,6135,24.5,6359,224,23
2024-01-11 22:30:00+00:00,2024-01-13 00:00:00+00:00,7051,25.5,6319,732,0
2024-01-11 22:30:00+00:00,2024-01-13 01:00:00+00:00,7717,26.5,6801,916,1
2024-01-11 22:30:00+00:00,2024-01-13 02:00:00+00:00,8195,27.5,7297,898,2
2024-01-11 22:30:00+00:00,2024-01-13 03:00:00+00:00,8363,28.5,7695,668,3
2024-01-11 22:30:00+00:00,2024-01-13 04:00:00+00:00,8387,29.5,8191,196,4
2024-01-11 22:30:00+00:00,2024-01-13 05:00:00+00:00,7998,30.5,7678,320,5
2024-01-11 22:30:00+00:00,2024-01-13 06:00:00+00:00,7446,31.5,7446,0,6
2024-01-11 22:30:00+00:00,2024-01-13 07:00:00+00:00,6992,32.5,7765,773,7
2024-01-11 22:30:00+00:00,2024-01-13 08:00:00+00:00,6564,33.5,7975,1411,8
2024-01-11 22:30:00+00:00,2024-01-13 09:00:00+00:00,6515,34.5,7662,1147,9
2024-01-11 22:30:00+00:00,2024-01-13 10:00:00+00:00,6440,35.5,7384,944,10
2024-01-11 22:30:00+00:00,2024-01-13 11:00:00+00:00,6351,36.5,7093,742,11
2024-01-11 22:30:00+00:00,2024-01-13 12:00:00+00:00,6273,37.5,6834,561,12
2024-01-11 22:30:00+00:00,2024-01-13 13:00:00+00:00,6149,38.5,6733,584,13
2024-01-11 22:30:00+00:00,2024-01-13 14:00:00+00:00,6035,39.5,7450,1415,14
2024-01-11 22:30:00+00:00,2024-01-13 15:00:00+00:00,5932,40.5,7003,1071,15
2024-01-11 22:30:00+00:00,2024-01-13 16:00:00+00:00,5749,41.5,6768,1019,16
2024-01-11 22:30:00+00:00,2024-01-13 17:00:00+00:00,5572,42.5,6416,844,17
2024-01-11 22:30:00+00:00,2024-01-13 18:00:00+00:00,5401,43.5,6446,1045,18
2024-01-11 22:30:00+00:00,2024-01-13 19:00:00+00:00,5393,44.5,6755,1362,19
2024-01-11 22:30:00+00:00,2024-01-13 20:00:00+00:00,5389,45.5,6706,1317,20
2024-01-11 22:30:00+00:00,2024-01-13 21:00:00+00:00,5388,46.5,7009,1621,21
2024-01-11 18:30:00+00:00,2024-01-11 23:00:00+00:00,6509,4.5,5853,656,23
2024-01-11 18:30:00+00:00,2024-01-12 00:00:00+00:00,6203,5.5,5886,317,0
2024-01-11 18:30:00+00:00,2024-01-12 01:00:00+00:00,5980,6.5,6018,38,1
2024-01-11 18:30:00+00:00,2024-01-12 02:00:00+00:00,5677,7.5,6108,431,2
2024-01-11 18:30:00+00:00,2024-01-12 03:00:00+00:00,5464,8.5,5292,172,3
2024-01-11 18:30:00+00:00,2024-01-12 04:00:00+00:00,5123,9.5,4824,299,4
2024-01-11 18:30:00+00:00,2024-01-12 05:00:00+00:00,4827,10.5,4848,21,5
2024-01-11 18:30:00+00:00,2024-01-12 06:00:00+00:00,4502,11.5,4510,8,6
2024-01-11 18:30:00+00:00,2024-01-12 07:00:00+00:00,4206,12.5,4312,106,7
2024-01-11 18:30:00+00:00,2024-01-12 08:00:00+00:00,3761,13.5,3879,118,8
2024-01-11 18:30:00+00:00,2024-01-12 09:00:00+00:00,3497,14.5,3499,2,9
2024-01-11 18:30:00+00:00,2024-01-12 10:00:00+00:00,3305,15.5,3335,30,10
2024-01-11 18:30:00+00:00,2024-01-12 11:00:00+00:00,3052,16.5,3201,149,11
2024-01-11 18:30:00+00:00,2024-01-12 12:00:00+00:00,2954,17.5,3318,364,12
2024-01-11 18:30:00+00:00,2024-01-12 13:00:00+00:00,2982,18.5,3321,339,13
2024-01-11 18:30:00+00:00,2024-01-12 14:00:00+00:00,3088,19.5,3690,602,14
2024-01-11 18:30:00+00:00,2024-01-12 15:00:00+00:00,3282,20.5,4220,938,15
2024-01-11 18:30:00+00:00,2024-01-12 16:00:00+00:00,3563,21.5,4527,964,16
2024-01-11 18:30:00+00:00,2024-01-12 17:00:00+00:00,3834,22.5,4405,571,17
2024-01-11 18:30:00+00:00,2024-01-12 18:00:00+00:00,4002,23.5,4639,637,18
2024-01-11 18:30:00+00:00,2024-01-12 19:00:00+00:00,4204,24.5,4837,633,19
2024-01-11 18:30:00+00:00,2024-01-12 20:00:00+00:00,4463,25.5,5083,620,20
2024-01-11 18:30:00+00:00,2024-01-12 21:00:00+00:00,4851,26.5,5486,635,21
2024-01-11 18:30:00+00:00,2024-01-12 22:00:00+00:00,5390,27.5,5842,452,22
2024-01-11 18:30:00+00:00,2024-01-12 23:00:00+00:00,6125,28.5,6359,234,23
2024-01-11 18:30:00+00:00,2024-01-13 00:00:00+00:00,7041,29.5,6319,722,0
2024-01-11 18:30:00+00:00,2024-01-13 01:00:00+00:00,7708,30.5,6801,907,1
2024-01-11 18:30:00+00:00,2024-01-13 02:00:00+00:00,8187,31.5,7297,890,2
2024-01-11 18:30:00+00:00,2024-01-13 03:00:00+00:00,8354,32.5,7695,659,3
2024-01-11 18:30:00+00:00,2024-01-13 04:00:00+00:00,8378,33.5,8191,187,4
2024-01-11 18:30:00+00:00,2024-01-13 05:00:00+00:00,7989,34.5,7678,311,5
2024-01-11 18:30:00+00:00,2024-01-13 06:00:00+00:00,7434,35.5,7446,12,6
2024-01-11 18:30:00+00:00,2024-01-13 07:00:00+00:00,6980,36.5,7765,785,7
2024-01-11 18:30:00+00:00,2024-01-13 08:00:00+00:00,6551,37.5,7975,1424,8
2024-01-11 18:30:00+00:00,2024-01-13 09:00:00+00:00,6500,38.5,7662,1162,9
2024-01-11 18:30:00+00:00,2024-01-13 10:00:00+00:00,6421,39.5,7384,963,10
2024-01-11 18:30:00+00:00,2024-01-13 11:00:00+00:00,6328,40.5,7093,765,11
2024-01-11 18:30:00+00:00,2024-01-13 12:00:00+00:00,6245,41.5,6834,589,12
2024-01-11 18:30:00+00:00,2024-01-13 13:00:00+00:00,6123,42.5,6733,610,13
2024-01-11 18:30:00+00:00,2024-01-13 14:00:00+00:00,6011,43.5,7450,1439,14
2024-01-11 18:30:00+00:00,2024-01-13 15:00:00+00:00,5910,44.5,7003,1093,15
2024-01-11 18:30:00+00:00,2024-01-13 16:00:00+00:00,5729,45.5,6768,1039,16
2024-01-11 18:30:00+00:00,2024-01-13 17:00:00+00:00,5555,46.5,6416,861,17
2024-01-11 18:30:00+00:00,2024-01-13 18:00:00+00:00,5386,47.5,6446,1060,18
2024-01-11 15:30:00+00:00,2024-01-11 21:00:00+00:00,6810,5.5,6324,486,21
2024-01-11 15:30:00+00:00,2024-01-11 22:00:00+00:00,6422,6.5,6167,255,22
2024-01-11 15:30:00+00:00,2024-01-11 23:00:00+00:00,6037,7.5,5853,184,23
2024-01-11 15:30:00+00:00,2024-01-12 00:00:00+00:00,5583,8.5,5886,303,0
2024-01-11 15:30:00+00:00,2024-01-12 01:00:00+00:00,5279,9.5,6018,739,1
2024-01-11 15:30:00+00:00,2024-01-12 02:00:00+00:00,5026,10.5,6108,1082,2
2024-01-11 15:30:00+00:00,2024-01-12 03:00:00+00:00,4815,11.5,5292,477,3
2024-01-11 15:30:00+00:00,2024-01-12 04:00:00+00:00,4515,12.5,4824,309,4
2024-01-11 15:30:00+00:00,2024-01-12 05:00:00+00:00,4351,13.5,4848,497,5
2024-01-11 15:30:00+00:00,2024-01-12 06:00:00+00:00,4017,14.5,4510,493,6
2024-01-11 15:30:00+00:00,2024-01-12 07:00:00+00:00,3679,15.5,4312,633,7
2024-01-11 15:30:00+00:00,2024-01-12 08:00:00+00:00,3282,16.5,3879,597,8
2024-01-11 15:30:00+00:00,2024-01-12 09:00:00+00:00,3097,17.5,3499,402,9
2024-01-11 15:30:00+00:00,2024-01-12 10:00:00+00:00,2920,18.5,3335,415,10
2024-01-11 15:30:00+00:00,2024-01-12 11:00:00+00:00,2864,19.5,3201,337,11
2024-01-11 15:30:00+00:00,2024-01-12 12:00:00+00:00,2819,20.5,3318,499,12
2024-01-11 15:30:00+00:00,2024-01-12 13:00:00+00:00,2900,21.5,3321,421,13
2024-01-11 15:30:00+00:00,2024-01-12 14:00:00+00:00,3022,22.5,3690,668,14
2024-01-11 15:30:00+00:00,2024-01-12 15:00:00+00:00,3238,23.5,4220,982,15
2024-01-11 15:30:00+00:00,2024-01-12 16:00:00+00:00,3488,24.5,4527,1039,16
2024-01-11 15:30:00+00:00,2024-01-12 17:00:00+00:00,3719,25.5,4405,686,17
2024-01-11 15:30:00+00:00,2024-01-12 18:00:00+00:00,3902,26.5,4639,737,18
2024-01-11 15:30:00+00:00,2024-01-12 19:00:00+00:00,4102,27.5,4837,735,19
2024-01-11 15:30:00+00:00,2024-01-12 20:00:00+00:00,4368,28.5,5083,715,20
2024-01-11 15:30:00+00:00,2024-01-12 21:00:00+00:00,4776,29.5,5486,710,21
2024-01-11 15:30:00+00:00,2024-01-12 22:00:00+00:00,5278,30.5,5842,564,22
2024-01-11 15:30:00+00:00,2024-01-12 23:00:00+00:00,5999,31.5,6359,360,23
2024-01-11 15:30:00+00:00,2024-01-13 00:00:00+00:00,6868,32.5,6319,549,0
2024-01-11 15:30:00+00:00,2024-01-13 01:00:00+00:00,7452,33.5,6801,651,1
2024-01-11 15:30:00+00:00,2024-01-13 02:00:00+00:00,7940,34.5,7297,643,2
2024-01-11 15:30:00+00:00,2024-01-13 03:00:00+00:00,8111,35.5,7695,416,3
2024-01-11 15:30:00+00:00,2024-01-13 04:00:00+00:00,8002,36.5,8191,189,4
2024-01-11 15:30:00+00:00,2024-01-13 05:00:00+00:00,7623,37.5,7678,55,5
2024-01-11 15:30:00+00:00,2024-01-13 06:00:00+00:00,7251,38.5,7446,195,6
2024-01-11 15:30:00+00:00,2024-01-13 07:00:00+00:00,6801,39.5,7765,964,7
2024-01-11 15:30:00+00:00,2024-01-13 08:00:00+00:00,6355,40.5,7975,1620,8
2024-01-11 15:30:00+00:00,2024-01-13 09:00:00+00:00,5931,41.5,7662,1731,9
2024-01-11 15:30:00+00:00,2024-01-13 10:00:00+00:00,5845,42.5,7384,1539,10
2024-01-11 15:30:00+00:00,2024-01-13 11:00:00+00:00,5769,43.5,7093,1324,11
2024-01-11 15:30:00+00:00,2024-01-13 12:00:00+00:00,5703,44.5,6834,1131,12
2024-01-11 15:30:00+00:00,2024-01-13 13:00:00+00:00,5523,45.5,6733,1210,13
2024-01-11 15:30:00+00:00,2024-01-13 14:00:00+00:00,5353,46.5,7450,2097,14
2024-01-11 15:30:00+00:00,2024-01-13 15:00:00+00:00,5195,47.5,7003,1808,15
2024-01-11 11:30:00+00:00,2024-01-11 21:00:00+00:00,6192,9.5,6324,132,21
2024-01-11 11:30:00+00:00,2024-01-11 22:00:00+00:00,5788,10.5,6167,379,22
2024-01-11 11:30:00+00:00,2024-01-11 23:00:00+00:00,5450,11.5,5853,403,23
2024-01-11 11:30:00+00:00,2024-01-12 00:00:00+00:00,5042,12.5,5886,844,0
2024-01-11 11:30:00+00:00,2024-01-12 01:00:00+00:00,4785,13.5,6018,1233,1
2024-01-11 11:30:00+00:00,2024-01-12 02:00:00+00:00,4567,14.5,6108,1541,2
2024-01-11 11:30:00+00:00,2024-01-12 03:00:00+00:00,4355,15.5,5292,937,3
2024-01-11 11:30:00+00:00,2024-01-12 04:00:00+00:00,4100,16.5,4824,724,4
2024-01-11 11:30:00+00:00,2024-01-12 05:00:00+00:00,3978,17.5,4848,870,5
2024-01-11 11:30:00+00:00,2024-01-12 06:00:00+00:00,3741,18.5,4510,769,6
2024-01-11 11:30:00+00:00,2024-01-12 07:00:00+00:00,3416,19.5,4312,896,7
2024-01-11 11:30:00+00:00,2024-01-12 08:00:00+00:00,3150,20.5,3879,729,8
2024-01-11 11:30:00+00:00,2024-01-12 09:00:00+00:00,2931,21.5,3499,568,9
2024-01-11 11:30:00+00:00,2024-01-12 10:00:00+00:00,2761,22.5,3335,574,10
2024-01-11 11:30:00+00:00,2024-01-12 11:00:00+00:00,2740,23.5,3201,461,11
2024-01-11 11:30:00+00:00,2024-01-12 12:00:00+00:00,2744,24.5,3318,574,12
2024-01-11 11:30:00+00:00,2024-01-12 13:00:00+00:00,2919,25.5,3321,402,13
2024-01-11 11:30:00+00:00,2024-01-12 14:00:00+00:00,3033,26.5,3690,657,14
2024-01-11 11:30:00+00:00,2024-01-12 15:00:00+00:00,3263,27.5,4220,957,15
2024-01-11 11:30:00+00:00,2024-01-12 16:00:00+00:00,3307,28.5,4527,1220,16
2024-01-11 11:30:00+00:00,2024-01-12 17:00:00+00:00,3502,29.5,4405,903,17
2024-01-11 11:30:00+00:00,2024-01-12 18:00:00+00:00,3710,30.5,4639,929,18
2024-01-11 11:30:00+00:00,2024-01-12 19:00:00+00:00,3911,31.5,4837,926,19
2024-01-11 11:30:00+00:00,2024-01-12 20:00:00+00:00,4223,32.5,5083,860,20
2024-01-11 11:30:00+00:00,2024-01-12 21:00:00+00:00,4630,33.5,5486,856,21
2024-01-11 11:30:00+00:00,2024-01-12 22:00:00+00:00,4811,34.5,5842,1031,22
2024-01-11 11:30:00+00:00,2024-01-12 23:00:00+00:00,5541,35.5,6359,818,23
2024-01-11 11:30:00+00:00,2024-01-13 00:00:00+00:00,6438,36.5,6319,119,0
2024-01-11 11:30:00+00:00,2024-01-13 01:00:00+00:00,6872,37.5,6801,71,1
2024-01-11 11:30:00+00:00,2024-01-13 02:00:00+00:00,7324,38.5,7297,27,2
2024-01-11 11:30:00+00:00,2024-01-13 03:00:00+00:00,7764,39.5,7695,69,3
2024-01-11 11:30:00+00:00,2024-01-13 04:00:00+00:00,7412,40.5,8191,779,4
2024-01-11 11:30:00+00:00,2024-01-13 05:00:00+00:00,7059,41.5,7678,619,5
2024-01-11 11:30:00+00:00,2024-01-13 06:00:00+00:00,6711,42.5,7446,735,6
2024-01-11 11:30:00+00:00,2024-01-13 07:00:00+00:00,6319,43.5,7765,1446,7
2024-01-11 11:30:00+00:00,2024-01-13 08:00:00+00:00,5937,44.5,7975,2038,8
2024-01-11 11:30:00+00:00,2024-01-13 09:00:00+00:00,5574,45.5,7662,2088,9
2024-01-11 11:30:00+00:00,2024-01-13 10:00:00+00:00,5476,46.5,7384,1908,10
2024-01-11 11:30:00+00:00,2024-01-13 11:00:00+00:00,5388,47.5,7093,1705,11
2024-01-11 09:30:00+00:00,2024-01-11 21:00:00+00:00,6163,11.5,6324,161,21
2024-01-11 09:30:00+00:00,2024-01-11 22:00:00+00:00,5775,12.5,6167,392,22
2024-01-11 09:30:00+00:00,2024-01-11 23:00:00+00:00,5422,13.5,5853,431,23
2024-01-11 09:30:00+00:00,2024-01-12 00:00:00+00:00,5010,14.5,5886,876,0
2024-01-11 09:30:00+00:00,2024-01-12 01:00:00+00:00,4738,15.5,6018,1280,1
2024-01-11 09:30:00+00:00,2024-01-12 02:00:00+00:00,4538,16.5,6108,1570,2
2024-01-11 09:30:00+00:00,2024-01-12 03:00:00+00:00,4322,17.5,5292,970,3
2024-01-11 09:30:00+00:00,2024-01-12 04:00:00+00:00,4084,18.5,4824,740,4
2024-01-11 09:30:00+00:00,2024-01-12 05:00:00+00:00,3954,19.5,4848,894,5
2024-01-11 09:30:00+00:00,2024-01-12 06:00:00+00:00,3719,20.5,4510,791,6
2024-01-11 09:30:00+00:00,2024-01-12 07:00:00+00:00,3381,21.5,4312,931,7
2024-01-11 09:30:00+00:00,2024-01-12 08:00:00+00:00,3098,22.5,3879,781,8
2024-01-11 09:30:00+00:00,2024-01-12 09:00:00+00:00,2915,23.5,3499,584,9
2024-01-11 09:30:00+00:00,2024-01-12 10:00:00+00:00,2731,24.5,3335,604,10
2024-01-11 09:30:00+00:00,2024-01-12 11:00:00+00:00,2713,25.5,3201,488,11
2024-01-11 09:30:00+00:00,2024-01-12 12:00:00+00:00,2744,26.5,3318,574,12
2024-01-11 09:30:00+00:00,2024-01-12 13:00:00+00:00,2899,27.5,3321,422,13
2024-01-11 09:30:00+00:00,2024-01-12 14:00:00+00:00,3012,28.5,3690,678,14
2024-01-11 09:30:00+00:00,2024-01-12 15:00:00+00:00,3255,29.5,4220,965,15
2024-01-11 09:30:00+00:00,2024-01-12 16:00:00+00:00,3300,30.5,4527,1227,16
2024-01-11 09:30:00+00:00,2024-01-12 17:00:00+00:00,3492,31.5,4405,913,17
2024-01-11 09:30:00+00:00,2024-01-12 18:00:00+00:00,3707,32.5,4639,932,18
2024-01-11 09:30:00+00:00,2024-01-12 19:00:00+00:00,3906,33.5,4837,931,19
2024-01-11 09:30:00+00:00,2024-01-12 20:00:00+00:00,4220,34.5,5083,863,20
2024-01-11 09:30:00+00:00,2024-01-12 21:00:00+00:00,4628,35.5,5486,858,21
2024-01-11 09:30:00+00:00,2024-01-12 22:00:00+00:00,4812,36.5,5842,1030,22
2024-01-11 09:30:00+00:00,2024-01-12 23:00:00+00:00,5544,37.5,6359,815,23
2024-01-11 09:30:00+00:00,2024-01-13 00:00:00+00:00,6440,38.5,6319,121,0
2024-01-11 09:30:00+00:00,2024-01-13 01:00:00+00:00,6875,39.5,6801,74,1
2024-01-11 09:30:00+00:00,2024-01-13 02:00:00+00:00,7325,40.5,7297,28,2
2024-01-11 09:30:00+00:00,2024-01-13 03:00:00+00:00,7767,41.5,7695,72,3
2024-01-11 09:30:00+00:00,2024-01-13 04:00:00+00:00,7415,42.5,8191,776,4
2024-01-11 09:30:00+00:00,2024-01-13 05:00:00+00:00,7060,43.5,7678,618,5
2024-01-11 09:30:00+00:00,2024-01-13 06:00:00+00:00,6710,44.5,7446,736,6
2024-01-11 09:30:00+00:00,2024-01-13 07:00:00+00:00,6319,45.5,7765,1446,7
2024-01-11 09:30:00+00:00,2024-01-13 08:00:00+00:00,5936,46.5,7975,2039,8
2024-01-11 09:30:00+00:00,2024-01-13 09:00:00+00:00,5571,47.5,7662,2091,9
2024-01-11 07:30:00+00:00,2024-01-11 21:00:00+00:00,6162,13.5,6324,162,21
2024-01-11 07:30:00+00:00,2024-01-11 22:00:00+00:00,5773,14.5,6167,394,22
2024-01-11 07:30:00+00:00,2024-01-11 23:00:00+00:00,5419,15.5,5853,434,23
2024-01-11 07:30:00+00:00,2024-01-12 00:00:00+00:00,5006,16.5,5886,880,0
2024-01-11 07:30:00+00:00,2024-01-12 01:00:00+00:00,4732,17.5,6018,1286,1
2024-01-11 07:30:00+00:00,2024-01-12 02:00:00+00:00,4530,18.5,6108,1578,2
2024-01-11 07:30:00+00:00,2024-01-12 03:00:00+00:00,4315,19.5,5292,977,3
2024-01-11 07:30:00+00:00,2024-01-12 04:00:00+00:00,4077,20.5,4824,747,4
2024-01-11 07:30:00+00:00,2024-01-12 05:00:00+00:00,3949,21.5,4848,899,5
2024-01-11 07:30:00+00:00,2024-01-12 06:00:00+00:00,3714,22.5,4510,796,6
2024-01-11 07:30:00+00:00,2024-01-12 07:00:00+00:00,3375,23.5,4312,937,7
2024-01-11 07:30:00+00:00,2024-01-12 08:00:00+00:00,3090,24.5,3879,789,8
2024-01-11 07:30:00+00:00,2024-01-12 09:00:00+00:00,2909,25.5,3499,590,9
2024-01-11 07:30:00+00:00,2024-01-12 10:00:00+00:00,2725,26.5,3335,610,10
2024-01-11 07:30:00+00:00,2024-01-12 11:00:00+00:00,2708,27.5,3201,493,11
2024-01-11 07:30:00+00:00,2024-01-12 12:00:00+00:00,2741,28.5,3318,577,12
2024-01-11 07:30:00+00:00,2024-01-12 13:00:00+00:00,2897,29.5,3321,424,13
2024-01-11 07:30:00+00:00,2024-01-12 14:00:00+00:00,3011,30.5,3690,679,14
2024-01-11 07:30:00+00:00,2024-01-12 15:00:00+00:00,3255,31.5,4220,965,15
2024-01-11 07:30:00+00:00,2024-01-12 16:00:00+00:00,3299,32.5,4527,1228,16
2024-01-11 07:30:00+00:00,2024-01-12 17:00:00+00:00,3492,33.5,4405,913,17
2024-01-11 07:30:00+00:00,2024-01-12 18:00:00+00:00,3707,34.5,4639,932,18
2024-01-11 07:30:00+00:00,2024-01-12 19:00:00+00:00,3906,35.5,4837,931,19
2024-01-11 07:30:00+00:00,2024-01-12 20:00:00+00:00,4219,36.5,5083,864,20
2024-01-11 07:30:00+00:00,2024-01-12 21:00:00+00:00,4628,37.5,5486,858,21
2024-01-11 07:30:00+00:00,2024-01-12 22:00:00+00:00,4812,38.5,5842,1030,22
2024-01-11 07:30:00+00:00,2024-01-12 23:00:00+00:00,5544,39.5,6359,815,23
2024-01-11 07:30:00+00:00,2024-01-13 00:00:00+00:00,6440,40.5,6319,121,0
2024-01-11 07:30:00+00:00,2024-01-13 01:00:00+00:00,6875,41.5,6801,74,1
2024-01-11 07:30:00+00:00,2024-01-13 02:00:00+00:00,7325,42.5,7297,28,2
2024-01-11 07:30:00+00:00,2024-01-13 03:00:00+00:00,7768,43.5,7695,73,3
2024-01-11 07:30:00+00:00,2024-01-13 04:00:00+00:00,7415,44.5,8191,776,4
2024-01-11 07:30:00+00:00,2024-01-13 05:00:00+00:00,7060,45.5,7678,618,5
2024-01-11 07:30:00+00:00,2024-01-13 06:00:00+00:00,6710,46.5,7446,736,6
2024-01-11 07:30:00+00:00,2024-01-13 07:00:00+00:00,6319,47.5,7765,1446,7
2024-01-11 04:30:00+00:00,2024-01-11 21:00:00+00:00,5912,16.5,6324,412,21
2024-01-11 04:30:00+00:00,2024-01-11 22:00:00+00:00,5567,17.5,6167,600,22
2024-01-11 04:30:00+00:00,2024-01-11 23:00:00+00:00,5245,18.5,5853,608,23
2024-01-11 04:30:00+00:00,2024-01-12 00:00:00+00:00,4983,19.5,5886,903,0
2024-01-11 04:30:00+00:00,2024-01-12 01:00:00+00:00,4823,20.5,6018,1195,1
2024-01-11 04:30:00+00:00,2024-01-12 02:00:00+00:00,4681,21.5,6108,1427,2
2024-01-11 04:30:00+00:00,2024-01-12 03:00:00+00:00,4479,22.5,5292,813,3
2024-01-11 04:30:00+00:00,2024-01-12 04:00:00+00:00,4304,23.5,4824,520,4
2024-01-11 04:30:00+00:00,2024-01-12 05:00:00+00:00,4209,24.5,4848,639,5
2024-01-11 04:30:00+00:00,2024-01-12 06:00:00+00:00,4059,25.5,4510,451,6
2024-01-11 04:30:00+00:00,2024-01-12 07:00:00+00:00,3725,26.5,4312,587,7
2024-01-11 04:30:00+00:00,2024-01-12 08:00:00+00:00,3446,27.5,3879,433,8
2024-01-11 04:30:00+00:00,2024-01-12 09:00:00+00:00,3195,28.5,3499,304,9
2024-01-11 04:30:00+00:00,2024-01-12 10:00:00+00:00,2872,29.5,3335,463,10
2024-01-11 04:30:00+00:00,2024-01-12 11:00:00+00:00,2820,30.5,3201,381,11
2024-01-11 04:30:00+00:00,2024-01-12 12:00:00+00:00,2923,31.5,3318,395,12
2024-01-11 04:30:00+00:00,2024-01-12 13:00:00+00:00,3038,32.5,3321,283,13
2024-01-11 04:30:00+00:00,2024-01-12 14:00:00+00:00,3102,33.5,3690,588,14
2024-01-11 04:30:00+00:00,2024-01-12 15:00:00+00:00,3304,34.5,4220,916,15
2024-01-11 04:30:00+00:00,2024-01-12 16:00:00+00:00,2877,35.5,4527,1650,16
2024-01-11 04:30:00+00:00,2024-01-12 17:00:00+00:00,2995,36.5,4405,1410,17
2024-01-11 04:30:00+00:00,2024-01-12 18:00:00+00:00,3173,37.5,4639,1466,18
2024-01-11 04:30:00+00:00,2024-01-12 19:00:00+00:00,3485,38.5,4837,1352,19
2024-01-11 04:30:00+00:00,2024-01-12 20:00:00+00:00,3811,39.5,5083,1272,20
2024-01-11 04:30:00+00:00,2024-01-12 21:00:00+00:00,4145,40.5,5486,1341,21
2024-01-11 04:30:00+00:00,2024-01-12 22:00:00+00:00,4656,41.5,5842,1186,22
2024-01-11 04:30:00+00:00,2024-01-12 23:00:00+00:00,5305,42.5,6359,1054,23
2024-01-11 04:30:00+00:00,2024-01-13 00:00:00+00:00,6092,43.5,6319,227,0
2024-01-11 04:30:00+00:00,2024-01-13 01:00:00+00:00,6433,44.5,6801,368,1
2024-01-11 04:30:00+00:00,2024-01-13 02:00:00+00:00,6791,45.5,7297,506,2
2024-01-11 04:30:00+00:00,2024-01-13 03:00:00+00:00,7152,46.5,7695,543,3
2024-01-11 04:30:00+00:00,2024-01-13 04:00:00+00:00,6853,47.5,8191,1338,4
2024-01-11 02:30:00+00:00,2024-01-11 21:00:00+00:00,5902,18.5,6324,422,21
2024-01-11 02:30:00+00:00,2024-01-11 22:00:00+00:00,5548,19.5,6167,619,22
2024-01-11 02:30:00+00:00,2024-01-11 23:00:00+00:00,5228,20.5,5853,625,23
2024-01-11 02:30:00+00:00,2024-01-12 00:00:00+00:00,4966,21.5,5886,920,0
2024-01-11 02:30:00+00:00,2024-01-12 01:00:00+00:00,4816,22.5,6018,1202,1
2024-01-11 02:30:00+00:00,2024-01-12 02:00:00+00:00,4674,23.5,6108,1434,2
2024-01-11 02:30:00+00:00,2024-01-12 03:00:00+00:00,4460,24.5,5292,832,3
2024-01-11 02:30:00+00:00,2024-01-12 04:00:00+00:00,4299,25.5,4824,525,4
2024-01-11 02:30:00+00:00,2024-01-12 05:00:00+00:00,4202,26.5,4848,646,5
2024-01-11 02:30:00+00:00,2024-01-12 06:00:00+00:00,4044,27.5,4510,466,6
2024-01-11 02:30:00+00:00,2024-01-12 07:00:00+00:00,3720,28.5,4312,592,7
2024-01-11 02:30:00+00:00,2024-01-12 08:00:00+00:00,3441,29.5,3879,438,8
2024-01-11 02:30:00+00:00,2024-01-12 09:00:00+00:00,3169,30.5,3499,330,9
2024-01-11 02:30:00+00:00,2024-01-12 10:00:00+00:00,2863,31.5,3335,472,10
2024-01-11 02:30:00+00:00,2024-01-12 11:00:00+00:00,2811,32.5,3201,390,11
2024-01-11 02:30:00+00:00,2024-01-12 12:00:00+00:00,2899,33.5,3318,419,12
2024-01-11 02:30:00+00:00,2024-01-12 13:00:00+00:00,3034,34.5,3321,287,13
2024-01-11 02:30:00+00:00,2024-01-12 14:00:00+00:00,3097,35.5,3690,593,14
2024-01-11 02:30:00+00:00,2024-01-12 15:00:00+00:00,3308,36.5,4220,912,15
2024-01-11 02:30:00+00:00,2024-01-12 16:00:00+00:00,2885,37.5,4527,1642,16
2024-01-11 02:30:00+00:00,2024-01-12 17:00:00+00:00,3005,38.5,4405,1400,17
2024-01-11 02:30:00+00:00,2024-01-12 18:00:00+00:00,3181,39.5,4639,1458,18
2024-01-11 02:30:00+00:00,2024-01-12 19:00:00+00:00,3490,40.5,4837,1347,19
2024-01-11 02:30:00+00:00,2024-01-12 20:00:00+00:00,3813,41.5,5083,1270,20
2024-01-11 02:30:00+00:00,2024-01-12 21:00:00+00:00,4146,42.5,5486,1340,21
2024-01-11 02:30:00+00:00,2024-01-12 22:00:00+00:00,4657,43.5,5842,1185,22
2024-01-11 02:30:00+00:00,2024-01-12 23:00:00+00:00,5305,44.5,6359,1054,23
2024-01-11 02:30:00+00:00,2024-01-13 00:00:00+00:00,6092,45.5,6319,227,0
2024-01-11 02:30:00+00:00,2024-01-13 01:00:00+00:00,6432,46.5,6801,369,1
2024-01-11 02:30:00+00:00,2024-01-13 02:00:00+00:00,6790,47.5,7297,507,2
2024-01-10 22:30:00+00:00,2024-01-11 03:00:00+00:00,4290,4.5,5469,1179,3
2024-01-10 22:30:00+00:00,2024-01-11 04:00:00+00:00,4274,5.5,5671,1397,4
2024-01-10 22:30:00+00:00,2024-01-11 05:00:00+00:00,4384,6.5,5605,1221,5
2024-01-10 22:30:00+00:00,2024-01-11 06:00:00+00:00,4492,7.5,6036,1544,6
2024-01-10 22:30:00+00:00,2024-01-11 07:00:00+00:00,4498,8.5,5536,1038,7
2024-01-10 22:30:00+00:00,2024-01-11 08:00:00+00:00,4451,9.5,5389,938,8
2024-01-10 22:30:00+00:00,2024-01-11 09:00:00+00:00,4371,10.5,5450,1079,9
2024-01-10 22:30:00+00:00,2024-01-11 10:00:00+00:00,4389,11.5,5824,1435,10
2024-01-10 22:30:00+00:00,2024-01-11 11:00:00+00:00,4691,12.5,6061,1370,11
2024-01-10 22:30:00+00:00,2024-01-11 12:00:00+00:00,5118,13.5,6457,1339,12
2024-01-10 22:30:00+00:00,2024-01-11 13:00:00+00:00,5605,14.5,7088,1483,13
2024-01-10 22:30:00+00:00,2024-01-11 14:00:00+00:00,5995,15.5,7308,1313,14
2024-01-10 22:30:00+00:00,2024-01-11 15:00:00+00:00,6171,16.5,7604,1433,15
2024-01-10 22:30:00+00:00,2024-01-11 16:00:00+00:00,6388,17.5,7549,1161,16
2024-01-10 22:30:00+00:00,2024-01-11 17:00:00+00:00,6598,18.5,7151,553,17
2024-01-10 22:30:00+00:00,2024-01-11 18:00:00+00:00,6698,19.5,7094,396,18
2024-01-10 22:30:00+00:00,2024-01-11 19:00:00+00:00,6562,20.5,6770,208,19
2024-01-10 22:30:00+00:00,2024-01-11 20:00:00+00:00,6376,21.5,6414,38,20
2024-01-10 22:30:00+00:00,2024-01-11 21:00:00+00:00,6117,22.5,6324,207,21
2024-01-10 22:30:00+00:00,2024-01-11 22:00:00+00:00,5853,23.5,6167,314,22
2024-01-10 22:30:00+00:00,2024-01-11 23:00:00+00:00,5602,24.5,5853,251,23
2024-01-10 22:30:00+00:00,2024-01-12 00:00:00+00:00,5465,25.5,5886,421,0
2024-01-10 22:30:00+00:00,2024-01-12 01:00:00+00:00,5352,26.5,6018,666,1
2024-01-10 22:30:00+00:00,2024-01-12 02:00:00+00:00,5179,27.5,6108,929,2
2024-01-10 22:30:00+00:00,2024-01-12 03:00:00+00:00,4963,28.5,5292,329,3
2024-01-10 22:30:00+00:00,2024-01-12 04:00:00+00:00,4743,29.5,4824,81,4
2024-01-10 22:30:00+00:00,2024-01-12 05:00:00+00:00,4692,30.5,4848,156,5
2024-01-10 22:30:00+00:00,2024-01-12 06:00:00+00:00,4530,31.5,4510,20,6
2024-01-10 22:30:00+00:00,2024-01-12 07:00:00+00:00,4135,32.5,4312,177,7
2024-01-10 22:30:00+00:00,2024-01-12 08:00:00+00:00,3751,33.5,3879,128,8
2024-01-10 22:30:00+00:00,2024-01-12 09:00:00+00:00,3452,34.5,3499,47,9
2024-01-10 22:30:00+00:00,2024-01-12 10:00:00+00:00,3282,35.5,3335,53,10
2024-01-10 22:30:00+00:00,2024-01-12 11:00:00+00:00,3138,36.5,3201,63,11
2024-01-10 22:30:00+00:00,2024-01-12 12:00:00+00:00,3036,37.5,3318,282,12
2024-01-10 22:30:00+00:00,2024-01-12 13:00:00+00:00,3027,38.5,3321,294,13
2024-01-10 22:30:00+00:00,2024-01-12 14:00:00+00:00,3057,39.5,3690,633,14
2024-01-10 22:30:00+00:00,2024-01-12 15:00:00+00:00,3121,40.5,4220,1099,15
2024-01-10 22:30:00+00:00,2024-01-12 16:00:00+00:00,3125,41.5,4527,1402,16
2024-01-10 22:30:00+00:00,2024-01-12 17:00:00+00:00,3191,42.5,4405,1214,17
2024-01-10 22:30:00+00:00,2024-01-12 18:00:00+00:00,3319,43.5,4639,1320,18
2024-01-10 22:30:00+00:00,2024-01-12 19:00:00+00:00,3577,44.5,4837,1260,19
2024-01-10 22:30:00+00:00,2024-01-12 20:00:00+00:00,3852,45.5,5083,1231,20
2024-01-10 22:30:00+00:00,2024-01-12 21:00:00+00:00,4137,46.5,5486,1349,21
2024-01-10 18:30:00+00:00,2024-01-10 23:00:00+00:00,5461,4.5,6690,1229,23
2024-01-10 18:30:00+00:00,2024-01-11 00:00:00+00:00,5043,5.5,6538,1495,0
2024-01-10 18:30:00+00:00,2024-01-11 01:00:00+00:00,4689,6.5,6143,1454,1
2024-01-10 18:30:00+00:00,2024-01-11 02:00:00+00:00,4484,7.5,5824,1340,2
2024-01-10 18:30:00+00:00,2024-01-11 03:00:00+00:00,4288,8.5,5469,1181,3
2024-01-10 18:30:00+00:00,2024-01-11 04:00:00+00:00,4274,9.5,5671,1397,4
2024-01-10 18:30:00+00:00,2024-01-11 05:00:00+00:00,4382,10.5,5605,1223,5
2024-01-10 18:30:00+00:00,2024-01-11 06:00:00+00:00,4492,11.5,6036,1544,6
2024-01-10 18:30:00+00:00,2024-01-11 07:00:00+00:00,4498,12.5,5536,1038,7
2024-01-10 18:30:00+00:00,2024-01-11 08:00:00+00:00,4452,13.5,5389,937,8
2024-01-10 18:30:00+00:00,2024-01-11 09:00:00+00:00,4373,14.5,5450,1077,9
2024-01-10 18:30:00+00:00,2024-01-11 10:00:00+00:00,4385,15.5,5824,1439,10
2024-01-10 18:30:00+00:00,2024-01-11 11:00:00+00:00,4682,16.5,6061,1379,11
2024-01-10 18:30:00+00:00,2024-01-11 12:00:00+00:00,5113,17.5,6457,1344,12
2024-01-10 18:30:00+00:00,2024-01-11 13:00:00+00:00,5601,18.5,7088,1487,13
2024-01-10 18:30:00+00:00,2024-01-11 14:00:00+00:00,5989,19.5,7308,1319,14
2024-01-10 18:30:00+00:00,2024-01-11 15:00:00+00:00,6165,20.5,7604,1439,15
2024-01-10 18:30:00+00:00,2024-01-11 16:00:00+00:00,6383,21.5,7549,1166,16
2024-01-10 18:30:00+00:00,2024-01-11 17:00:00+00:00,6597,22.5,7151,554,17
2024-01-10 18:30:00+00:00,2024-01-11 18:00:00+00:00,6702,23.5,7094,392,18
2024-01-10 18:30:00+00:00,2024-01-11 19:00:00+00:00,6562,24.5,6770,208,19
2024-01-10 18:30:00+00:00,2024-01-11 20:00:00+00:00,6380,25.5,6414,34,20
2024-01-10 18:30:00+00:00,2024-01-11 21:00:00+00:00,6121,26.5,6324,203,21
2024-01-10 18:30:00+00:00,2024-01-11 22:00:00+00:00,5853,27.5,6167,314,22
2024-01-10 18:30:00+00:00,2024-01-11 23:00:00+00:00,5593,28.5,5853,260,23
2024-01-10 18:30:00+00:00,2024-01-12 00:00:00+00:00,5452,29.5,5886,434,0
2024-01-10 18:30:00+00:00,2024-01-12 01:00:00+00:00,5342,30.5,6018,676,1
2024-01-10 18:30:00+00:00,2024-01-12 02:00:00+00:00,5167,31.5,6108,941,2
2024-01-10 18:30:00+00:00,2024-01-12 03:00:00+00:00,4963,32.5,5292,329,3
2024-01-10 18:30:00+00:00,2024-01-12 04:00:00+00:00,4734,33.5,4824,90,4
2024-01-10 18:30:00+00:00,2024-01-12 05:00:00+00:00,4681,34.5,4848,167,5
2024-01-10 18:30:00+00:00,2024-01-12 06:00:00+00:00,4521,35.5,4510,11,6
2024-01-10 18:30:00+00:00,2024-01-12 07:00:00+00:00,4130,36.5,4312,182,7
2024-01-10 18:30:00+00:00,2024-01-12 08:00:00+00:00,3746,37.5,3879,133,8
2024-01-10 18:30:00+00:00,2024-01-12 09:00:00+00:00,3447,38.5,3499,52,9
2024-01-10 18:30:00+00:00,2024-01-12 10:00:00+00:00,3282,39.5,3335,53,10
2024-01-10 18:30:00+00:00,2024-01-12 11:00:00+00:00,3143,40.5,3201,58,11
2024-01-10 18:30:00+00:00,2024-01-12 12:00:00+00:00,3045,41.5,3318,273,12
2024-01-10 18:30:00+00:00,2024-01-12 13:00:00+00:00,3035,42.5,3321,286,13
2024-01-10 18:30:00+00:00,2024-01-12 14:00:00+00:00,3066,43.5,3690,624,14
2024-01-10 18:30:00+00:00,2024-01-12 15:00:00+00:00,3130,44.5,4220,1090,15
2024-01-10 18:30:00+00:00,2024-01-12 16:00:00+00:00,3133,45.5,4527,1394,16
2024-01-10 18:30:00+00:00,2024-01-12 17:00:00+00:00,3196,46.5,4405,1209,17
2024-01-10 18:30:00+00:00,2024-01-12 18:00:00+00:00,3321,47.5,4639,1318,18
2024-01-10 15:30:00+00:00,2024-01-10 21:00:00+00:00,6695,5.5,8234,1539,21
2024-01-10 15:30:00+00:00,2024-01-10 22:00:00+00:00,5980,6.5,6978,998,22
2024-01-10 15:30:00+00:00,2024-01-10 23:00:00+00:00,5313,7.5,6690,1377,23
2024-01-10 15:30:00+00:00,2024-01-11 00:00:00+00:00,4895,8.5,6538,1643,0
2024-01-10 15:30:00+00:00,2024-01-11 01:00:00+00:00,4675,9.5,6143,1468,1
2024-01-10 15:30:00+00:00,2024-01-11 02:00:00+00:00,4653,10.5,5824,1171,2
2024-01-10 15:30:00+00:00,2024-01-11 03:00:00+00:00,4513,11.5,5469,956,3
2024-01-10 15:30:00+00:00,2024-01-11 04:00:00+00:00,4553,12.5,5671,1118,4
2024-01-10 15:30:00+00:00,2024-01-11 05:00:00+00:00,4731,13.5,5605,874,5
2024-01-10 15:30:00+00:00,2024-01-11 06:00:00+00:00,4919,14.5,6036,1117,6
2024-01-10 15:30:00+00:00,2024-01-11 07:00:00+00:00,5052,15.5,5536,484,7
2024-01-10 15:30:00+00:00,2024-01-11 08:00:00+00:00,5100,16.5,5389,289,8
2024-01-10 15:30:00+00:00,2024-01-11 09:00:00+00:00,5055,17.5,5450,395,9
2024-01-10 15:30:00+00:00,2024-01-11 10:00:00+00:00,5130,18.5,5824,694,10
2024-01-10 15:30:00+00:00,2024-01-11 11:00:00+00:00,5540,19.5,6061,521,11
2024-01-10 15:30:00+00:00,2024-01-11 12:00:00+00:00,5962,20.5,6457,495,12
2024-01-10 15:30:00+00:00,2024-01-11 13:00:00+00:00,6410,21.5,7088,678,13
2024-01-10 15:30:00+00:00,2024-01-11 14:00:00+00:00,6688,22.5,7308,620,14
2024-01-10 15:30:00+00:00,2024-01-11 15:00:00+00:00,6881,23.5,7604,723,15
2024-01-10 15:30:00+00:00,2024-01-11 16:00:00+00:00,7009,24.5,7549,540,16
2024-01-10 15:30:00+00:00,2024-01-11 17:00:00+00:00,7104,25.5,7151,47,17
2024-01-10 15:30:00+00:00,2024-01-11 18:00:00+00:00,7154,26.5,7094,60,18
2024-01-10 15:30:00+00:00,2024-01-11 19:00:00+00:00,6997,27.5,6770,227,19
2024-01-10 15:30:00+00:00,2024-01-11 20:00:00+00:00,6815,28.5,6414,401,20
2024-01-10 15:30:00+00:00,2024-01-11 21:00:00+00:00,6548,29.5,6324,224,21
2024-01-10 15:30:00+00:00,2024-01-11 22:00:00+00:00,6294,30.5,6167,127,22
2024-01-10 15:30:00+00:00,2024-01-11 23:00:00+00:00,6113,31.5,5853,260,23
2024-01-10 15:30:00+00:00,2024-01-12 00:00:00+00:00,5963,32.5,5886,77,0
2024-01-10 15:30:00+00:00,2024-01-12 01:00:00+00:00,5833,33.5,6018,185,1
2024-01-10 15:30:00+00:00,2024-01-12 02:00:00+00:00,5583,34.5,6108,525,2
2024-01-10 15:30:00+00:00,2024-01-12 03:00:00+00:00,5372,35.5,5292,80,3
2024-01-10 15:30:00+00:00,2024-01-12 04:00:00+00:00,5322,36.5,4824,498,4
2024-01-10 15:30:00+00:00,2024-01-12 05:00:00+00:00,5170,37.5,4848,322,5
2024-01-10 15:30:00+00:00,2024-01-12 06:00:00+00:00,5017,38.5,4510,507,6
2024-01-10 15:30:00+00:00,2024-01-12 07:00:00+00:00,4576,39.5,4312,264,7
2024-01-10 15:30:00+00:00,2024-01-12 08:00:00+00:00,4141,40.5,3879,262,8
2024-01-10 15:30:00+00:00,2024-01-12 09:00:00+00:00,3724,41.5,3499,225,9
2024-01-10 15:30:00+00:00,2024-01-12 10:00:00+00:00,3519,42.5,3335,184,10
2024-01-10 15:30:00+00:00,2024-01-12 11:00:00+00:00,3358,43.5,3201,157,11
2024-01-10 15:30:00+00:00,2024-01-12 12:00:00+00:00,3244,44.5,3318,74,12
2024-01-10 15:30:00+00:00,2024-01-12 13:00:00+00:00,3214,45.5,3321,107,13
2024-01-10 15:30:00+00:00,2024-01-12 14:00:00+00:00,3232,46.5,3690,458,14
2024-01-10 15:30:00+00:00,2024-01-12 15:00:00+00:00,3290,47.5,4220,930,15
2024-01-10 11:30:00+00:00,2024-01-10 21:00:00+00:00,6620,9.5,8234,1614,21
2024-01-10 11:30:00+00:00,2024-01-10 22:00:00+00:00,5910,10.5,6978,1068,22
2024-01-10 11:30:00+00:00,2024-01-10 23:00:00+00:00,5286,11.5,6690,1404,23
2024-01-10 11:30:00+00:00,2024-01-11 00:00:00+00:00,4947,12.5,6538,1591,0
2024-01-10 11:30:00+00:00,2024-01-11 01:00:00+00:00,4865,13.5,6143,1278,1
2024-01-10 11:30:00+00:00,2024-01-11 02:00:00+00:00,4922,14.5,5824,902,2
2024-01-10 11:30:00+00:00,2024-01-11 03:00:00+00:00,4944,15.5,5469,525,3
2024-01-10 11:30:00+00:00,2024-01-11 04:00:00+00:00,5004,16.5,5671,667,4
2024-01-10 11:30:00+00:00,2024-01-11 05:00:00+00:00,5145,17.5,5605,460,5
2024-01-10 11:30:00+00:00,2024-01-11 06:00:00+00:00,5306,18.5,6036,730,6
2024-01-10 11:30:00+00:00,2024-01-11 07:00:00+00:00,5511,19.5,5536,25,7
2024-01-10 11:30:00+00:00,2024-01-11 08:00:00+00:00,5577,20.5,5389,188,8
2024-01-10 11:30:00+00:00,2024-01-11 09:00:00+00:00,5542,21.5,5450,92,9
2024-01-10 11:30:00+00:00,2024-01-11 10:00:00+00:00,5587,22.5,5824,237,10
2024-01-10 11:30:00+00:00,2024-01-11 11:00:00+00:00,5970,23.5,6061,91,11
2024-01-10 11:30:00+00:00,2024-01-11 12:00:00+00:00,6368,24.5,6457,89,12
2024-01-10 11:30:00+00:00,2024-01-11 13:00:00+00:00,6804,25.5,7088,284,13
2024-01-10 11:30:00+00:00,2024-01-11 14:00:00+00:00,7066,26.5,7308,242,14
2024-01-10 11:30:00+00:00,2024-01-11 15:00:00+00:00,7258,27.5,7604,346,15
2024-01-10 11:30:00+00:00,2024-01-11 16:00:00+00:00,7326,28.5,7549,223,16
2024-01-10 11:30:00+00:00,2024-01-11 17:00:00+00:00,7364,29.5,7151,213,17
2024-01-10 11:30:00+00:00,2024-01-11 18:00:00+00:00,7395,30.5,7094,301,18
2024-01-10 11:30:00+00:00,2024-01-11 19:00:00+00:00,7245,31.5,6770,475,19
2024-01-10 11:30:00+00:00,2024-01-11 20:00:00+00:00,7038,32.5,6414,624,20
2024-01-10 11:30:00+00:00,2024-01-11 21:00:00+00:00,6760,33.5,6324,436,21
2024-01-10 11:30:00+00:00,2024-01-11 22:00:00+00:00,6684,34.5,6167,517,22
2024-01-10 11:30:00+00:00,2024-01-11 23:00:00+00:00,6486,35.5,5853,633,23
2024-01-10 11:30:00+00:00,2024-01-12 00:00:00+00:00,6340,36.5,5886,454,0
2024-01-10 11:30:00+00:00,2024-01-12 01:00:00+00:00,6121,37.5,6018,103,1
2024-01-10 11:30:00+00:00,2024-01-12 02:00:00+00:00,5882,38.5,6108,226,2
2024-01-10 11:30:00+00:00,2024-01-12 03:00:00+00:00,5729,39.5,5292,437,3
2024-01-10 11:30:00+00:00,2024-01-12 04:00:00+00:00,5524,40.5,4824,700,4
2024-01-10 11:30:00+00:00,2024-01-12 05:00:00+00:00,5312,41.5,4848,464,5
2024-01-10 11:30:00+00:00,2024-01-12 06:00:00+00:00,5094,42.5,4510,584,6
2024-01-10 11:30:00+00:00,2024-01-12 07:00:00+00:00,4625,43.5,4312,313,7
2024-01-10 11:30:00+00:00,2024-01-12 08:00:00+00:00,4164,44.5,3879,285,8
2024-01-10 11:30:00+00:00,2024-01-12 09:00:00+00:00,3726,45.5,3499,227,9
2024-01-10 11:30:00+00:00,2024-01-12 10:00:00+00:00,3514,46.5,3335,179,10
2024-01-10 11:30:00+00:00,2024-01-12 11:00:00+00:00,3350,47.5,3201,149,11
2024-01-10 09:30:00+00:00,2024-01-10 21:00:00+00:00,6614,11.5,8234,1620,21
2024-01-10 09:30:00+00:00,2024-01-10 22:00:00+00:00,5908,12.5,6978,1070,22
2024-01-10 09:30:00+00:00,2024-01-10 23:00:00+00:00,5282,13.5,6690,1408,23
2024-01-10 09:30:00+00:00,2024-01-11 00:00:00+00:00,4947,14.5,6538,1591,0
2024-01-10 09:30:00+00:00,2024-01-11 01:00:00+00:00,4867,15.5,6143,1276,1
2024-01-10 09:30:00+00:00,2024-01-11 02:00:00+00:00,4926,16.5,5824,898,2
2024-01-10 09:30:00+00:00,2024-01-11 03:00:00+00:00,4950,17.5,5469,519,3
2024-01-10 09:30:00+00:00,2024-01-11 04:00:00+00:00,5009,18.5,5671,662,4
2024-01-10 09:30:00+00:00,2024-01-11 05:00:00+00:00,5151,19.5,5605,454,5
2024-01-10 09:30:00+00:00,2024-01-11 06:00:00+00:00,5317,20.5,6036,719,6
2024-01-10 09:30:00+00:00,2024-01-11 07:00:00+00:00,5514,21.5,5536,22,7
2024-01-10 09:30:00+00:00,2024-01-11 08:00:00+00:00,5579,22.5,5389,190,8
2024-01-10 09:30:00+00:00,2024-01-11 09:00:00+00:00,5554,23.5,5450,104,9
2024-01-10 09:30:00+00:00,2024-01-11 10:00:00+00:00,5583,24.5,5824,241,10
2024-01-10 09:30:00+00:00,2024-01-11 11:00:00+00:00,5962,25.5,6061,99,11
2024-01-10 09:30:00+00:00,2024-01-11 12:00:00+00:00,6383,26.5,6457,74,12
2024-01-10 09:30:00+00:00,2024-01-11 13:00:00+00:00,6812,27.5,7088,276,13
2024-01-10 09:30:00+00:00,2024-01-11 14:00:00+00:00,7079,28.5,7308,229,14
2024-01-10 09:30:00+00:00,2024-01-11 15:00:00+00:00,7265,29.5,7604,339,15
2024-01-10 09:30:00+00:00,2024-01-11 16:00:00+00:00,7314,30.5,7549,235,16
2024-01-10 09:30:00+00:00,2024-01-11 17:00:00+00:00,7348,31.5,7151,197,17
2024-01-10 09:30:00+00:00,2024-01-11 18:00:00+00:00,7387,32.5,7094,293,18
2024-01-10 09:30:00+00:00,2024-01-11 19:00:00+00:00,7231,33.5,6770,461,19
2024-01-10 09:30:00+00:00,2024-01-11 20:00:00+00:00,7055,34.5,6414,641,20
2024-01-10 09:30:00+00:00,2024-01-11 21:00:00+00:00,6780,35.5,6324,456,21
2024-01-10 09:30:00+00:00,2024-01-11 22:00:00+00:00,6736,36.5,6167,569,22
2024-01-10 09:30:00+00:00,2024-01-11 23:00:00+00:00,6571,37.5,5853,718,23
2024-01-10 09:30:00+00:00,2024-01-12 00:00:00+00:00,6407,38.5,5886,521,0
2024-01-10 09:30:00+00:00,2024-01-12 01:00:00+00:00,6210,39.5,6018,192,1
2024-01-10 09:30:00+00:00,2024-01-12 02:00:00+00:00,6011,40.5,6108,97,2
2024-01-10 09:30:00+00:00,2024-01-12 03:00:00+00:00,5810,41.5,5292,518,3
2024-01-10 09:30:00+00:00,2024-01-12 04:00:00+00:00,5576,42.5,4824,752,4
2024-01-10 09:30:00+00:00,2024-01-12 05:00:00+00:00,5337,43.5,4848,489,5
2024-01-10 09:30:00+00:00,2024-01-12 06:00:00+00:00,5095,44.5,4510,585,6
2024-01-10 09:30:00+00:00,2024-01-12 07:00:00+00:00,4626,45.5,4312,314,7
2024-01-10 09:30:00+00:00,2024-01-12 08:00:00+00:00,4166,46.5,3879,287,8
2024-01-10 09:30:00+00:00,2024-01-12 09:00:00+00:00,3729,47.5,3499,230,9
2024-01-10 07:30:00+00:00,2024-01-10 21:00:00+00:00,6614,13.5,8234,1620,21
2024-01-10 07:30:00+00:00,2024-01-10 22:00:00+00:00,5905,14.5,6978,1073,22
2024-01-10 07:30:00+00:00,2024-01-10 23:00:00+00:00,5280,15.5,6690,1410,23
2024-01-10 07:30:00+00:00,2024-01-11 00:00:00+00:00,4945,16.5,6538,1593,0
2024-01-10 07:30:00+00:00,2024-01-11 01:00:00+00:00,4865,17.5,6143,1278,1
2024-01-10 07:30:00+00:00,2024-01-11 02:00:00+00:00,4924,18.5,5824,900,2
2024-01-10 07:30:00+00:00,2024-01-11 03:00:00+00:00,4949,19.5,5469,520,3
2024-01-10 07:30:00+00:00,2024-01-11 04:00:00+00:00,5008,20.5,5671,663,4
2024-01-10 07:30:00+00:00,2024-01-11 05:00:00+00:00,5149,21.5,5605,456,5
2024-01-10 07:30:00+00:00,2024-01-11 06:00:00+00:00,5315,22.5,6036,721,6
2024-01-10 07:30:00+00:00,2024-01-11 07:00:00+00:00,5512,23.5,5536,24,7
2024-01-10 07:30:00+00:00,2024-01-11 08:00:00+00:00,5577,24.5,5389,188,8
2024-01-10 07:30:00+00:00,2024-01-11 09:00:00+00:00,5551,25.5,5450,101,9
2024-01-10 07:30:00+00:00,2024-01-11 10:00:00+00:00,5579,26.5,5824,245,10
2024-01-10 07:30:00+00:00,2024-01-11 11:00:00+00:00,5957,27.5,6061,104,11
2024-01-10 07:30:00+00:00,2024-01-11 12:00:00+00:00,6382,28.5,6457,75,12
2024-01-10 07:30:00+00:00,2024-01-11 13:00:00+00:00,6812,29.5,7088,276,13
2024-01-10 07:30:00+00:00,2024-01-11 14:00:00+00:00,7079,30.5,7308,229,14
2024-01-10 07:30:00+00:00,2024-01-11 15:00:00+00:00,7264,31.5,7604,340,15
2024-01-10 07:30:00+00:00,2024-01-11 16:00:00+00:00,7311,32.5,7549,238,16
2024-01-10 07:30:00+00:00,2024-01-11 17:00:00+00:00,7344,33.5,7151,193,17
2024-01-10 07:30:00+00:00,2024-01-11 18:00:00+00:00,7387,34.5,7094,293,18
2024-01-10 07:30:00+00:00,2024-01-11 19:00:00+00:00,7231,35.5,6770,461,19
2024-01-10 07:30:00+00:00,2024-01-11 20:00:00+00:00,7054,36.5,6414,640,20
2024-01-10 07:30:00+00:00,2024-01-11 21:00:00+00:00,6781,37.5,6324,457,21
2024-01-10 07:30:00+00:00,2024-01-11 22:00:00+00:00,6739,38.5,6167,572,22
2024-01-10 07:30:00+00:00,2024-01-11 23:00:00+00:00,6576,39.5,5853,723,23
2024-01-10 07:30:00+00:00,2024-01-12 00:00:00+00:00,6412,40.5,5886,526,0
2024-01-10 07:30:00+00:00,2024-01-12 01:00:00+00:00,6215,41.5,6018,197,1
2024-01-10 07:30:00+00:00,2024-01-12 02:00:00+00:00,6016,42.5,6108,92,2
2024-01-10 07:30:00+00:00,2024-01-12 03:00:00+00:00,5814,43.5,5292,522,3
2024-01-10 07:30:00+00:00,2024-01-12 04:00:00+00:00,5579,44.5,4824,755,4
2024-01-10 07:30:00+00:00,2024-01-12 05:00:00+00:00,5340,45.5,4848,492,5
2024-01-10 07:30:00+00:00,2024-01-12 06:00:00+00:00,5096,46.5,4510,586,6
2024-01-10 07:30:00+00:00,2024-01-12 07:00:00+00:00,4629,47.5,4312,317,7
2024-01-10 04:30:00+00:00,2024-01-10 21:00:00+00:00,6593,16.5,8234,1641,21
2024-01-10 04:30:00+00:00,2024-01-10 22:00:00+00:00,5844,17.5,6978,1134,22
2024-01-10 04:30:00+00:00,2024-01-10 23:00:00+00:00,5319,18.5,6690,1371,23
2024-01-10 04:30:00+00:00,2024-01-11 00:00:00+00:00,5091,19.5,6538,1447,0
2024-01-10 04:30:00+00:00,2024-01-11 01:00:00+00:00,5077,20.5,6143,1066,1
2024-01-10 04:30:00+00:00,2024-01-11 02:00:00+00:00,5211,21.5,5824,613,2
2024-01-10 04:30:00+00:00,2024-01-11 03:00:00+00:00,5295,22.5,5469,174,3
2024-01-10 04:30:00+00:00,2024-01-11 04:00:00+00:00,5327,23.5,5671,344,4
2024-01-10 04:30:00+00:00,2024-01-11 05:00:00+00:00,5452,24.5,5605,153,5
2024-01-10 04:30:00+00:00,2024-01-11 06:00:00+00:00,5610,25.5,6036,426,6
2024-01-10 04:30:00+00:00,2024-01-11 07:00:00+00:00,5738,26.5,5536,202,7
2024-01-10 04:30:00+00:00,2024-01-11 08:00:00+00:00,5715,27.5,5389,326,8
2024-01-10 04:30:00+00:00,2024-01-11 09:00:00+00:00,5691,28.5,5450,241,9
2024-01-10 04:30:00+00:00,2024-01-11 10:00:00+00:00,5577,29.5,5824,247,10
2024-01-10 04:30:00+00:00,2024-01-11 11:00:00+00:00,5875,30.5,6061,186,11
2024-01-10 04:30:00+00:00,2024-01-11 12:00:00+00:00,6299,31.5,6457,158,12
2024-01-10 04:30:00+00:00,2024-01-11 13:00:00+00:00,6665,32.5,7088,423,13
2024-01-10 04:30:00+00:00,2024-01-11 14:00:00+00:00,7031,33.5,7308,277,14
2024-01-10 04:30:00+00:00,2024-01-11 15:00:00+00:00,7248,34.5,7604,356,15
2024-01-10 04:30:00+00:00,2024-01-11 16:00:00+00:00,7387,35.5,7549,162,16
2024-01-10 04:30:00+00:00,2024-01-11 17:00:00+00:00,7433,36.5,7151,282,17
2024-01-10 04:30:00+00:00,2024-01-11 18:00:00+00:00,7483,37.5,7094,389,18
2024-01-10 04:30:00+00:00,2024-01-11 19:00:00+00:00,7345,38.5,6770,575,19
2024-01-10 04:30:00+00:00,2024-01-11 20:00:00+00:00,7210,39.5,6414,796,20
2024-01-10 04:30:00+00:00,2024-01-11 21:00:00+00:00,7079,40.5,6324,755,21
2024-01-10 04:30:00+00:00,2024-01-11 22:00:00+00:00,6895,41.5,6167,728,22
2024-01-10 04:30:00+00:00,2024-01-11 23:00:00+00:00,6711,42.5,5853,858,23
2024-01-10 04:30:00+00:00,2024-01-12 00:00:00+00:00,6527,43.5,5886,641,0
2024-01-10 04:30:00+00:00,2024-01-12 01:00:00+00:00,6316,44.5,6018,298,1
2024-01-10 04:30:00+00:00,2024-01-12 02:00:00+00:00,6101,45.5,6108,7,2
2024-01-10 04:30:00+00:00,2024-01-12 03:00:00+00:00,5882,46.5,5292,590,3
2024-01-10 04:30:00+00:00,2024-01-12 04:00:00+00:00,5621,47.5,4824,797,4
2024-01-10 02:30:00+00:00,2024-01-10 21:00:00+00:00,6583,18.5,8234,1651,21
2024-01-10 02:30:00+00:00,2024-01-10 22:00:00+00:00,5836,19.5,6978,1142,22
2024-01-10 02:30:00+00:00,2024-01-10 23:00:00+00:00,5312,20.5,6690,1378,23
2024-01-10 02:30:00+00:00,2024-01-11 00:00:00+00:00,5087,21.5,6538,1451,0
2024-01-10 02:30:00+00:00,2024-01-11 01:00:00+00:00,5077,22.5,6143,1066,1
2024-01-10 02:30:00+00:00,2024-01-11 02:00:00+00:00,5211,23.5,5824,613,2
2024-01-10 02:30:00+00:00,2024-01-11 03:00:00+00:00,5292,24.5,5469,177,3
2024-01-10 02:30:00+00:00,2024-01-11 04:00:00+00:00,5327,25.5,5671,344,4
2024-01-10 02:30:00+00:00,2024-01-11 05:00:00+00:00,5453,26.5,5605,152,5
2024-01-10 02:30:00+00:00,2024-01-11 06:00:00+00:00,5602,27.5,6036,434,6
2024-01-10 02:30:00+00:00,2024-01-11 07:00:00+00:00,5738,28.5,5536,202,7
2024-01-10 02:30:00+00:00,2024-01-11 08:00:00+00:00,5715,29.5,5389,326,8
2024-01-10 02:30:00+00:00,2024-01-11 09:00:00+00:00,5666,30.5,5450,216,9
2024-01-10 02:30:00+00:00,2024-01-11 10:00:00+00:00,5576,31.5,5824,248,10
2024-01-10 02:30:00+00:00,2024-01-11 11:00:00+00:00,5873,32.5,6061,188,11
2024-01-10 02:30:00+00:00,2024-01-11 12:00:00+00:00,6299,33.5,6457,158,12
2024-01-10 02:30:00+00:00,2024-01-11 13:00:00+00:00,6666,34.5,7088,422,13
2024-01-10 02:30:00+00:00,2024-01-11 14:00:00+00:00,7029,35.5,7308,279,14
2024-01-10 02:30:00+00:00,2024-01-11 15:00:00+00:00,7243,36.5,7604,361,15
2024-01-10 02:30:00+00:00,2024-01-11 16:00:00+00:00,7393,37.5,7549,156,16
2024-01-10 02:30:00+00:00,2024-01-11 17:00:00+00:00,7451,38.5,7151,300,17
2024-01-10 02:30:00+00:00,2024-01-11 18:00:00+00:00,7512,39.5,7094,418,18
2024-01-10 02:30:00+00:00,2024-01-11 19:00:00+00:00,7372,40.5,6770,602,19
2024-01-10 02:30:00+00:00,2024-01-11 20:00:00+00:00,7237,41.5,6414,823,20
2024-01-10 02:30:00+00:00,2024-01-11 21:00:00+00:00,7104,42.5,6324,780,21
2024-01-10 02:30:00+00:00,2024-01-11 22:00:00+00:00,6917,43.5,6167,750,22
2024-01-10 02:30:00+00:00,2024-01-11 23:00:00+00:00,6730,44.5,5853,877,23
2024-01-10 02:30:00+00:00,2024-01-12 00:00:00+00:00,6543,45.5,5886,657,0
2024-01-10 02:30:00+00:00,2024-01-12 01:00:00+00:00,6332,46.5,6018,314,1
2024-01-10 02:30:00+00:00,2024-01-12 02:00:00+00:00,6116,47.5,6108,8,2
2024-01-09 22:30:00+00:00,2024-01-10 03:00:00+00:00,6887,4.5,7933,1046,3
2024-01-09 22:30:00+00:00,2024-01-10 04:00:00+00:00,6723,5.5,7728,1005,4
2024-01-09 22:30:00+00:00,2024-01-10 05:00:00+00:00,6735,6.5,7538,803,5
2024-01-09 22:30:00+00:00,2024-01-10 06:00:00+00:00,6844,7.5,7277,433,6
2024-01-09 22:30:00+00:00,2024-01-10 07:00:00+00:00,6720,8.5,6908,188,7
2024-01-09 22:30:00+00:00,2024-01-10 08:00:00+00:00,6617,9.5,6625,8,8
2024-01-09 22:30:00+00:00,2024-01-10 09:00:00+00:00,6505,10.5,6420,85,9
2024-01-09 22:30:00+00:00,2024-01-10 10:00:00+00:00,6350,11.5,6564,214,10
2024-01-09 22:30:00+00:00,2024-01-10 11:00:00+00:00,6263,12.5,6752,489,11
2024-01-09 22:30:00+00:00,2024-01-10 12:00:00+00:00,6348,13.5,6774,426,12
2024-01-09 22:30:00+00:00,2024-01-10 13:00:00+00:00,6531,14.5,7172,641,13
2024-01-09 22:30:00+00:00,2024-01-10 14:00:00+00:00,6811,15.5,7684,873,14
2024-01-09 22:30:00+00:00,2024-01-10 15:00:00+00:00,7106,16.5,8027,921,15
2024-01-09 22:30:00+00:00,2024-01-10 16:00:00+00:00,7446,17.5,6983,463,16
2024-01-09 22:30:00+00:00,2024-01-10 17:00:00+00:00,7590,18.5,8970,1380,17
2024-01-09 22:30:00+00:00,2024-01-10 18:00:00+00:00,7625,19.5,8944,1319,18
2024-01-09 22:30:00+00:00,2024-01-10 19:00:00+00:00,7257,20.5,8831,1574,19
2024-01-09 22:30:00+00:00,2024-01-10 20:00:00+00:00,6790,21.5,8785,1995,20
2024-01-09 22:30:00+00:00,2024-01-10 21:00:00+00:00,6256,22.5,8234,1978,21
2024-01-09 22:30:00+00:00,2024-01-10 22:00:00+00:00,5610,23.5,6978,1368,22
2024-01-09 22:30:00+00:00,2024-01-10 23:00:00+00:00,5250,24.5,6690,1440,23
2024-01-09 22:30:00+00:00,2024-01-11 00:00:00+00:00,5120,25.5,6538,1418,0
2024-01-09 22:30:00+00:00,2024-01-11 01:00:00+00:00,5141,26.5,6143,1002,1
2024-01-09 22:30:00+00:00,2024-01-11 02:00:00+00:00,5349,27.5,5824,475,2
2024-01-09 22:30:00+00:00,2024-01-11 03:00:00+00:00,5448,28.5,5469,21,3
2024-01-09 22:30:00+00:00,2024-01-11 04:00:00+00:00,5433,29.5,5671,238,4
2024-01-09 22:30:00+00:00,2024-01-11 05:00:00+00:00,5704,30.5,5605,99,5
2024-01-09 22:30:00+00:00,2024-01-11 06:00:00+00:00,5971,31.5,6036,65,6
2024-01-09 22:30:00+00:00,2024-01-11 07:00:00+00:00,6013,32.5,5536,477,7
2024-01-09 22:30:00+00:00,2024-01-11 08:00:00+00:00,5983,33.5,5389,594,8
2024-01-09 22:30:00+00:00,2024-01-11 09:00:00+00:00,6028,34.5,5450,578,9
2024-01-09 22:30:00+00:00,2024-01-11 10:00:00+00:00,5925,35.5,5824,101,10
2024-01-09 22:30:00+00:00,2024-01-11 11:00:00+00:00,6246,36.5,6061,185,11
2024-01-09 22:30:00+00:00,2024-01-11 12:00:00+00:00,6534,37.5,6457,77,12
2024-01-09 22:30:00+00:00,2024-01-11 13:00:00+00:00,6843,38.5,7088,245,13
2024-01-09 22:30:00+00:00,2024-01-11 14:00:00+00:00,7141,39.5,7308,167,14
2024-01-09 22:30:00+00:00,2024-01-11 15:00:00+00:00,7418,40.5,7604,186,15
2024-01-09 22:30:00+00:00,2024-01-11 16:00:00+00:00,7420,41.5,7549,129,16
2024-01-09 22:30:00+00:00,2024-01-11 17:00:00+00:00,7425,42.5,7151,274,17
2024-01-09 22:30:00+00:00,2024-01-11 18:00:00+00:00,7432,43.5,7094,338,18
2024-01-09 22:30:00+00:00,2024-01-11 19:00:00+00:00,7287,44.5,6770,517,19
2024-01-09 22:30:00+00:00,2024-01-11 20:00:00+00:00,7144,45.5,6414,730,20
2024-01-09 22:30:00+00:00,2024-01-11 21:00:00+00:00,7001,46.5,6324,677,21
2024-01-09 18:30:00+00:00,2024-01-09 23:00:00+00:00,7972,4.5,10685,2713,23
2024-01-09 18:30:00+00:00,2024-01-10 00:00:00+00:00,7642,5.5,10003,2361,0
2024-01-09 18:30:00+00:00,2024-01-10 01:00:00+00:00,7474,6.5,9662,2188,1
2024-01-09 18:30:00+00:00,2024-01-10 02:00:00+00:00,7207,7.5,8765,1558,2
2024-01-09 18:30:00+00:00,2024-01-10 03:00:00+00:00,6890,8.5,7933,1043,3
2024-01-09 18:30:00+00:00,2024-01-10 04:00:00+00:00,6729,9.5,7728,999,4
2024-01-09 18:30:00+00:00,2024-01-10 05:00:00+00:00,6744,10.5,7538,794,5
2024-01-09 18:30:00+00:00,2024-01-10 06:00:00+00:00,6848,11.5,7277,429,6
2024-01-09 18:30:00+00:00,2024-01-10 07:00:00+00:00,6727,12.5,6908,181,7
2024-01-09 18:30:00+00:00,2024-01-10 08:00:00+00:00,6622,13.5,6625,3,8
2024-01-09 18:30:00+00:00,2024-01-10 09:00:00+00:00,6510,14.5,6420,90,9
2024-01-09 18:30:00+00:00,2024-01-10 10:00:00+00:00,6358,15.5,6564,206,10
2024-01-09 18:30:00+00:00,2024-01-10 11:00:00+00:00,6265,16.5,6752,487,11
2024-01-09 18:30:00+00:00,2024-01-10 12:00:00+00:00,6349,17.5,6774,425,12
2024-01-09 18:30:00+00:00,2024-01-10 13:00:00+00:00,6530,18.5,7172,642,13
2024-01-09 18:30:00+00:00,2024-01-10 14:00:00+00:00,6805,19.5,7684,879,14
2024-01-09 18:30:00+00:00,2024-01-10 15:00:00+00:00,7099,20.5,8027,928,15
2024-01-09 18:30:00+00:00,2024-01-10 16:00:00+00:00,7443,21.5,6983,460,16
2024-01-09 18:30:00+00:00,2024-01-10 17:00:00+00:00,7595,22.5,8970,1375,17
2024-01-09 18:30:00+00:00,2024-01-10 18:00:00+00:00,7628,23.5,8944,1316,18
2024-01-09 18:30:00+00:00,2024-01-10 19:00:00+00:00,7254,24.5,8831,1577,19
2024-01-09 18:30:00+00:00,2024-01-10 20:00:00+00:00,6789,25.5,8785,1996,20
2024-01-09 18:30:00+00:00,2024-01-10 21:00:00+00:00,6257,26.5,8234,1977,21
2024-01-09 18:30:00+00:00,2024-01-10 22:00:00+00:00,5608,27.5,6978,1370,22
2024-01-09 18:30:00+00:00,2024-01-10 23:00:00+00:00,5248,28.5,6690,1442,23
2024-01-09 18:30:00+00:00,2024-01-11 00:00:00+00:00,5122,29.5,6538,1416,0
2024-01-09 18:30:00+00:00,2024-01-11 01:00:00+00:00,5139,30.5,6143,1004,1
2024-01-09 18:30:00+00:00,2024-01-11 02:00:00+00:00,5348,31.5,5824,476,2
2024-01-09 18:30:00+00:00,2024-01-11 03:00:00+00:00,5452,32.5,5469,17,3
2024-01-09 18:30:00+00:00,2024-01-11 04:00:00+00:00,5430,33.5,5671,241,4
2024-01-09 18:30:00+00:00,2024-01-11 05:00:00+00:00,5701,34.5,5605,96,5
2024-01-09 18:30:00+00:00,2024-01-11 06:00:00+00:00,5977,35.5,6036,59,6
2024-01-09 18:30:00+00:00,2024-01-11 07:00:00+00:00,6009,36.5,5536,473,7
2024-01-09 18:30:00+00:00,2024-01-11 08:00:00+00:00,5978,37.5,5389,589,8
2024-01-09 18:30:00+00:00,2024-01-11 09:00:00+00:00,6030,38.5,5450,580,9
2024-01-09 18:30:00+00:00,2024-01-11 10:00:00+00:00,5930,39.5,5824,106,10
2024-01-09 18:30:00+00:00,2024-01-11 11:00:00+00:00,6254,40.5,6061,193,11
2024-01-09 18:30:00+00:00,2024-01-11 12:00:00+00:00,6544,41.5,6457,87,12
2024-01-09 18:30:00+00:00,2024-01-11 13:00:00+00:00,6853,42.5,7088,235,13
2024-01-09 18:30:00+00:00,2024-01-11 14:00:00+00:00,7149,43.5,7308,159,14
2024-01-09 18:30:00+00:00,2024-01-11 15:00:00+00:00,7426,44.5,7604,178,15
2024-01-09 18:30:00+00:00,2024-01-11 16:00:00+00:00,7426,45.5,7549,123,16
2024-01-09 18:30:00+00:00,2024-01-11 17:00:00+00:00,7429,46.5,7151,278,17
2024-01-09 18:30:00+00:00,2024-01-11 18:00:00+00:00,7434,47.5,7094,340,18
2024-01-09 15:30:00+00:00,2024-01-09 21:00:00+00:00,8963,5.5,11128,2165,21
2024-01-09 15:30:00+00:00,2024-01-09 22:00:00+00:00,8476,6.5,11005,2529,22
2024-01-09 15:30:00+00:00,2024-01-09 23:00:00+00:00,8124,7.5,10685,2561,23
2024-01-09 15:30:00+00:00,2024-01-10 00:00:00+00:00,7853,8.5,10003,2150,0
2024-01-09 15:30:00+00:00,2024-01-10 01:00:00+00:00,7645,9.5,9662,2017,1
2024-01-09 15:30:00+00:00,2024-01-10 02:00:00+00:00,7452,10.5,8765,1313,2
2024-01-09 15:30:00+00:00,2024-01-10 03:00:00+00:00,7083,11.5,7933,850,3
2024-01-09 15:30:00+00:00,2024-01-10 04:00:00+00:00,6933,12.5,7728,795,4
2024-01-09 15:30:00+00:00,2024-01-10 05:00:00+00:00,6867,13.5,7538,671,5
2024-01-09 15:30:00+00:00,2024-01-10 06:00:00+00:00,6900,14.5,7277,377,6
2024-01-09 15:30:00+00:00,2024-01-10 07:00:00+00:00,6842,15.5,6908,66,7
2024-01-09 15:30:00+00:00,2024-01-10 08:00:00+00:00,6742,16.5,6625,117,8
2024-01-09 15:30:00+00:00,2024-01-10 09:00:00+00:00,6551,17.5,6420,131,9
2024-01-09 15:30:00+00:00,2024-01-10 10:00:00+00:00,6303,18.5,6564,261,10
2024-01-09 15:30:00+00:00,2024-01-10 11:00:00+00:00,6147,19.5,6752,605,11
2024-01-09 15:30:00+00:00,2024-01-10 12:00:00+00:00,6046,20.5,6774,728,12
2024-01-09 15:30:00+00:00,2024-01-10 13:00:00+00:00,6230,21.5,7172,942,13
2024-01-09 15:30:00+00:00,2024-01-10 14:00:00+00:00,6408,22.5,7684,1276,14
2024-01-09 15:30:00+00:00,2024-01-10 15:00:00+00:00,6648,23.5,8027,1379,15
2024-01-09 15:30:00+00:00,2024-01-10 16:00:00+00:00,6855,24.5,6983,128,16
2024-01-09 15:30:00+00:00,2024-01-10 17:00:00+00:00,7046,25.5,8970,1924,17
2024-01-09 15:30:00+00:00,2024-01-10 18:00:00+00:00,7094,26.5,8944,1850,18
2024-01-09 15:30:00+00:00,2024-01-10 19:00:00+00:00,6742,27.5,8831,2089,19
2024-01-09 15:30:00+00:00,2024-01-10 20:00:00+00:00,6353,28.5,8785,2432,20
2024-01-09 15:30:00+00:00,2024-01-10 21:00:00+00:00,6001,29.5,8234,2233,21
2024-01-09 15:30:00+00:00,2024-01-10 22:00:00+00:00,5568,30.5,6978,1410,22
2024-01-09 15:30:00+00:00,2024-01-10 23:00:00+00:00,5289,31.5,6690,1401,23
2024-01-09 15:30:00+00:00,2024-01-11 00:00:00+00:00,5169,32.5,6538,1369,0
2024-01-09 15:30:00+00:00,2024-01-11 01:00:00+00:00,5247,33.5,6143,896,1
2024-01-09 15:30:00+00:00,2024-01-11 02:00:00+00:00,5408,34.5,5824,416,2
2024-01-09 15:30:00+00:00,2024-01-11 03:00:00+00:00,5600,35.5,5469,131,3
2024-01-09 15:30:00+00:00,2024-01-11 04:00:00+00:00,5387,36.5,5671,284,4
2024-01-09 15:30:00+00:00,2024-01-11 05:00:00+00:00,5732,37.5,5605,127,5
2024-01-09 15:30:00+00:00,2024-01-11 06:00:00+00:00,6092,38.5,6036,56,6
2024-01-09 15:30:00+00:00,2024-01-11 07:00:00+00:00,6180,39.5,5536,644,7
2024-01-09 15:30:00+00:00,2024-01-11 08:00:00+00:00,6264,40.5,5389,875,8
2024-01-09 15:30:00+00:00,2024-01-11 09:00:00+00:00,6337,41.5,5450,887,9
2024-01-09 15:30:00+00:00,2024-01-11 10:00:00+00:00,6666,42.5,5824,842,10
2024-01-09 15:30:00+00:00,2024-01-11 11:00:00+00:00,6965,43.5,6061,904,11
2024-01-09 15:30:00+00:00,2024-01-11 12:00:00+00:00,7226,44.5,6457,769,12
2024-01-09 15:30:00+00:00,2024-01-11 13:00:00+00:00,7497,45.5,7088,409,13
2024-01-09 15:30:00+00:00,2024-01-11 14:00:00+00:00,7749,46.5,7308,441,14
2024-01-09 15:30:00+00:00,2024-01-11 15:00:00+00:00,7978,47.5,7604,374,15
2024-01-09 11:30:00+00:00,2024-01-09 21:00:00+00:00,8778,9.5,11128,2350,21
2024-01-09 11:30:00+00:00,2024-01-09 22:00:00+00:00,8319,10.5,11005,2686,22
2024-01-09 11:30:00+00:00,2024-01-09 23:00:00+00:00,8081,11.5,10685,2604,23
2024-01-09 11:30:00+00:00,2024-01-10 00:00:00+00:00,7829,12.5,10003,2174,0
2024-01-09 11:30:00+00:00,2024-01-10 01:00:00+00:00,7575,13.5,9662,2087,1
2024-01-09 11:30:00+00:00,2024-01-10 02:00:00+00:00,7367,14.5,8765,1398,2
2024-01-09 11:30:00+00:00,2024-01-10 03:00:00+00:00,6960,15.5,7933,973,3
2024-01-09 11:30:00+00:00,2024-01-10 04:00:00+00:00,6784,16.5,7728,944,4
2024-01-09 11:30:00+00:00,2024-01-10 05:00:00+00:00,6717,17.5,7538,821,5
2024-01-09 11:30:00+00:00,2024-01-10 06:00:00+00:00,6694,18.5,7277,583,6
2024-01-09 11:30:00+00:00,2024-01-10 07:00:00+00:00,6569,19.5,6908,339,7
2024-01-09 11:30:00+00:00,2024-01-10 08:00:00+00:00,6427,20.5,6625,198,8
2024-01-09 11:30:00+00:00,2024-01-10 09:00:00+00:00,6217,21.5,6420,203,9
2024-01-09 11:30:00+00:00,2024-01-10 10:00:00+00:00,5971,22.5,6564,593,10
2024-01-09 11:30:00+00:00,2024-01-10 11:00:00+00:00,5822,23.5,6752,930,11
2024-01-09 11:30:00+00:00,2024-01-10 12:00:00+00:00,5684,24.5,6774,1090,12
2024-01-09 11:30:00+00:00,2024-01-10 13:00:00+00:00,5897,25.5,7172,1275,13
2024-01-09 11:30:00+00:00,2024-01-10 14:00:00+00:00,6028,26.5,7684,1656,14
2024-01-09 11:30:00+00:00,2024-01-10 15:00:00+00:00,6143,27.5,8027,1884,15
2024-01-09 11:30:00+00:00,2024-01-10 16:00:00+00:00,6319,28.5,6983,664,16
2024-01-09 11:30:00+00:00,2024-01-10 17:00:00+00:00,6460,29.5,8970,2510,17
2024-01-09 11:30:00+00:00,2024-01-10 18:00:00+00:00,6492,30.5,8944,2452,18
2024-01-09 11:30:00+00:00,2024-01-10 19:00:00+00:00,6229,31.5,8831,2602,19
2024-01-09 11:30:00+00:00,2024-01-10 20:00:00+00:00,5875,32.5,8785,2910,20
2024-01-09 11:30:00+00:00,2024-01-10 21:00:00+00:00,5592,33.5,8234,2642,21
2024-01-09 11:30:00+00:00,2024-01-10 22:00:00+00:00,5303,34.5,6978,1675,22
2024-01-09 11:30:00+00:00,2024-01-10 23:00:00+00:00,4996,35.5,6690,1694,23
2024-01-09 11:30:00+00:00,2024-01-11 00:00:00+00:00,4746,36.5,6538,1792,0
2024-01-09 11:30:00+00:00,2024-01-11 01:00:00+00:00,4846,37.5,6143,1297,1
2024-01-09 11:30:00+00:00,2024-01-11 02:00:00+00:00,5000,38.5,5824,824,2
2024-01-09 11:30:00+00:00,2024-01-11 03:00:00+00:00,5223,39.5,5469,246,3
2024-01-09 11:30:00+00:00,2024-01-11 04:00:00+00:00,5615,40.5,5671,56,4
2024-01-09 11:30:00+00:00,2024-01-11 05:00:00+00:00,6036,41.5,5605,431,5
2024-01-09 11:30:00+00:00,2024-01-11 06:00:00+00:00,6463,42.5,6036,427,6
2024-01-09 11:30:00+00:00,2024-01-11 07:00:00+00:00,6615,43.5,5536,1079,7
2024-01-09 11:30:00+00:00,2024-01-11 08:00:00+00:00,6750,44.5,5389,1361,8
2024-01-09 11:30:00+00:00,2024-01-11 09:00:00+00:00,6861,45.5,5450,1411,9
2024-01-09 11:30:00+00:00,2024-01-11 10:00:00+00:00,7096,46.5,5824,1272,10
2024-01-09 11:30:00+00:00,2024-01-11 11:00:00+00:00,7305,47.5,6061,1244,11
2024-01-09 09:30:00+00:00,2024-01-09 21:00:00+00:00,8798,11.5,11128,2330,21
2024-01-09 09:30:00+00:00,2024-01-09 22:00:00+00:00,8338,12.5,11005,2667,22
2024-01-09 09:30:00+00:00,2024-01-09 23:00:00+00:00,8092,13.5,10685,2593,23
2024-01-09 09:30:00+00:00,2024-01-10 00:00:00+00:00,7839,14.5,10003,2164,0
2024-01-09 09:30:00+00:00,2024-01-10 01:00:00+00:00,7577,15.5,9662,2085,1
2024-01-09 09:30:00+00:00,2024-01-10 02:00:00+00:00,7370,16.5,8765,1395,2
2024-01-09 09:30:00+00:00,2024-01-10 03:00:00+00:00,6966,17.5,7933,967,3
2024-01-09 09:30:00+00:00,2024-01-10 04:00:00+00:00,6786,18.5,7728,942,4
2024-01-09 09:30:00+00:00,2024-01-10 05:00:00+00:00,6721,19.5,7538,817,5
2024-01-09 09:30:00+00:00,2024-01-10 06:00:00+00:00,6705,20.5,7277,572,6
2024-01-09 09:30:00+00:00,2024-01-10 07:00:00+00:00,6568,21.5,6908,340,7
2024-01-09 09:30:00+00:00,2024-01-10 08:00:00+00:00,6424,22.5,6625,201,8
2024-01-09 09:30:00+00:00,2024-01-10 09:00:00+00:00,6228,23.5,6420,192,9
2024-01-09 09:30:00+00:00,2024-01-10 10:00:00+00:00,5965,24.5,6564,599,10
2024-01-09 09:30:00+00:00,2024-01-10 11:00:00+00:00,5811,25.5,6752,941,11
2024-01-09 09:30:00+00:00,2024-01-10 12:00:00+00:00,5705,26.5,6774,1069,12
2024-01-09 09:30:00+00:00,2024-01-10 13:00:00+00:00,5905,27.5,7172,1267,13
2024-01-09 09:30:00+00:00,2024-01-10 14:00:00+00:00,6047,28.5,7684,1637,14
2024-01-09 09:30:00+00:00,2024-01-10 15:00:00+00:00,6175,29.5,8027,1852,15
2024-01-09 09:30:00+00:00,2024-01-10 16:00:00+00:00,6326,30.5,6983,657,16
2024-01-09 09:30:00+00:00,2024-01-10 17:00:00+00:00,6474,31.5,8970,2496,17
2024-01-09 09:30:00+00:00,2024-01-10 18:00:00+00:00,6544,32.5,8944,2400,18
2024-01-09 09:30:00+00:00,2024-01-10 19:00:00+00:00,6233,33.5,8831,2598,19
2024-01-09 09:30:00+00:00,2024-01-10 20:00:00+00:00,5871,34.5,8785,2914,20
2024-01-09 09:30:00+00:00,2024-01-10 21:00:00+00:00,5623,35.5,8234,2611,21
2024-01-09 09:30:00+00:00,2024-01-10 22:00:00+00:00,5399,36.5,6978,1579,22
2024-01-09 09:30:00+00:00,2024-01-10 23:00:00+00:00,5140,37.5,6690,1550,23
2024-01-09 09:30:00+00:00,2024-01-11 00:00:00+00:00,4888,38.5,6538,1650,0
2024-01-09 09:30:00+00:00,2024-01-11 01:00:00+00:00,5033,39.5,6143,1110,1
2024-01-09 09:30:00+00:00,2024-01-11 02:00:00+00:00,5199,40.5,5824,625,2
2024-01-09 09:30:00+00:00,2024-01-11 03:00:00+00:00,5385,41.5,5469,84,3
2024-01-09 09:30:00+00:00,2024-01-11 04:00:00+00:00,5714,42.5,5671,43,4
2024-01-09 09:30:00+00:00,2024-01-11 05:00:00+00:00,6082,43.5,5605,477,5
2024-01-09 09:30:00+00:00,2024-01-11 06:00:00+00:00,6467,44.5,6036,431,6
2024-01-09 09:30:00+00:00,2024-01-11 07:00:00+00:00,6617,45.5,5536,1081,7
2024-01-09 09:30:00+00:00,2024-01-11 08:00:00+00:00,6750,46.5,5389,1361,8
2024-01-09 09:30:00+00:00,2024-01-11 09:00:00+00:00,6859,47.5,5450,1409,9
2024-01-09 07:30:00+00:00,2024-01-09 21:00:00+00:00,8796,13.5,11128,2332,21
2024-01-09 07:30:00+00:00,2024-01-09 22:00:00+00:00,8330,14.5,11005,2675,22
2024-01-09 07:30:00+00:00,2024-01-09 23:00:00+00:00,8085,15.5,10685,2600,23
2024-01-09 07:30:00+00:00,2024-01-10 00:00:00+00:00,7833,16.5,10003,2170,0
2024-01-09 07:30:00+00:00,2024-01-10 01:00:00+00:00,7573,17.5,9662,2089,1
2024-01-09 07:30:00+00:00,2024-01-10 02:00:00+00:00,7367,18.5,8765,1398,2
2024-01-09 07:30:00+00:00,2024-01-10 03:00:00+00:00,6962,19.5,7933,971,3
2024-01-09 07:30:00+00:00,2024-01-10 04:00:00+00:00,6783,20.5,7728,945,4
2024-01-09 07:30:00+00:00,2024-01-10 05:00:00+00:00,6718,21.5,7538,820,5
2024-01-09 07:30:00+00:00,2024-01-10 06:00:00+00:00,6703,22.5,7277,574,6
2024-01-09 07:30:00+00:00,2024-01-10 07:00:00+00:00,6566,23.5,6908,342,7
2024-01-09 07:30:00+00:00,2024-01-10 08:00:00+00:00,6423,24.5,6625,202,8
2024-01-09 07:30:00+00:00,2024-01-10 09:00:00+00:00,6226,25.5,6420,194,9
2024-01-09 07:30:00+00:00,2024-01-10 10:00:00+00:00,5962,26.5,6564,602,10
2024-01-09 07:30:00+00:00,2024-01-10 11:00:00+00:00,5806,27.5,6752,946,11
2024-01-09 07:30:00+00:00,2024-01-10 12:00:00+00:00,5701,28.5,6774,1073,12
2024-01-09 07:30:00+00:00,2024-01-10 13:00:00+00:00,5901,29.5,7172,1271,13
2024-01-09 07:30:00+00:00,2024-01-10 14:00:00+00:00,6043,30.5,7684,1641,14
2024-01-09 07:30:00+00:00,2024-01-10 15:00:00+00:00,6170,31.5,8027,1857,15
2024-01-09 07:30:00+00:00,2024-01-10 16:00:00+00:00,6318,32.5,6983,665,16
2024-01-09 07:30:00+00:00,2024-01-10 17:00:00+00:00,6468,33.5,8970,2502,17
2024-01-09 07:30:00+00:00,2024-01-10 18:00:00+00:00,6545,34.5,8944,2399,18
2024-01-09 07:30:00+00:00,2024-01-10 19:00:00+00:00,6231,35.5,8831,2600,19
2024-01-09 07:30:00+00:00,2024-01-10 20:00:00+00:00,5869,36.5,8785,2916,20
2024-01-09 07:30:00+00:00,2024-01-10 21:00:00+00:00,5624,37.5,8234,2610,21
2024-01-09 07:30:00+00:00,2024-01-10 22:00:00+00:00,5403,38.5,6978,1575,22
2024-01-09 07:30:00+00:00,2024-01-10 23:00:00+00:00,5148,39.5,6690,1542,23
2024-01-09 07:30:00+00:00,2024-01-11 00:00:00+00:00,4898,40.5,6538,1640,0
2024-01-09 07:30:00+00:00,2024-01-11 01:00:00+00:00,5042,41.5,6143,1101,1
2024-01-09 07:30:00+00:00,2024-01-11 02:00:00+00:00,5208,42.5,5824,616,2
2024-01-09 07:30:00+00:00,2024-01-11 03:00:00+00:00,5393,43.5,5469,76,3
2024-01-09 07:30:00+00:00,2024-01-11 04:00:00+00:00,5722,44.5,5671,51,4
2024-01-09 07:30:00+00:00,2024-01-11 05:00:00+00:00,6089,45.5,5605,484,5
2024-01-09 07:30:00+00:00,2024-01-11 06:00:00+00:00,6473,46.5,6036,437,6
2024-01-09 07:30:00+00:00,2024-01-11 07:00:00+00:00,6624,47.5,5536,1088,7
2024-01-09 04:30:00+00:00,2024-01-09 21:00:00+00:00,8695,16.5,11128,2433,21
2024-01-09 04:30:00+00:00,2024-01-09 22:00:00+00:00,8331,17.5,11005,2674,22
2024-01-09 04:30:00+00:00,2024-01-09 23:00:00+00:00,8063,18.5,10685,2622,23
2024-01-09 04:30:00+00:00,2024-01-10 00:00:00+00:00,7849,19.5,10003,2154,0
2024-01-09 04:30:00+00:00,2024-01-10 01:00:00+00:00,7541,20.5,9662,2121,1
2024-01-09 04:30:00+00:00,2024-01-10 02:00:00+00:00,7292,21.5,8765,1473,2
2024-01-09 04:30:00+00:00,2024-01-10 03:00:00+00:00,6981,22.5,7933,952,3
2024-01-09 04:30:00+00:00,2024-01-10 04:00:00+00:00,6687,23.5,7728,1041,4
2024-01-09 04:30:00+00:00,2024-01-10 05:00:00+00:00,6662,24.5,7538,876,5
2024-01-09 04:30:00+00:00,2024-01-10 06:00:00+00:00,6657,25.5,7277,620,6
2024-01-09 04:30:00+00:00,2024-01-10 07:00:00+00:00,6460,26.5,6908,448,7
2024-01-09 04:30:00+00:00,2024-01-10 08:00:00+00:00,6295,27.5,6625,330,8
2024-01-09 04:30:00+00:00,2024-01-10 09:00:00+00:00,6191,28.5,6420,229,9
2024-01-09 04:30:00+00:00,2024-01-10 10:00:00+00:00,5761,29.5,6564,803,10
2024-01-09 04:30:00+00:00,2024-01-10 11:00:00+00:00,5594,30.5,6752,1158,11
2024-01-09 04:30:00+00:00,2024-01-10 12:00:00+00:00,5504,31.5,6774,1270,12
2024-01-09 04:30:00+00:00,2024-01-10 13:00:00+00:00,5639,32.5,7172,1533,13
2024-01-09 04:30:00+00:00,2024-01-10 14:00:00+00:00,5751,33.5,7684,1933,14
2024-01-09 04:30:00+00:00,2024-01-10 15:00:00+00:00,5897,34.5,8027,2130,15
2024-01-09 04:30:00+00:00,2024-01-10 16:00:00+00:00,6019,35.5,6983,964,16
2024-01-09 04:30:00+00:00,2024-01-10 17:00:00+00:00,6229,36.5,8970,2741,17
2024-01-09 04:30:00+00:00,2024-01-10 18:00:00+00:00,6446,37.5,8944,2498,18
2024-01-09 04:30:00+00:00,2024-01-10 19:00:00+00:00,6168,38.5,8831,2663,19
2024-01-09 04:30:00+00:00,2024-01-10 20:00:00+00:00,5885,39.5,8785,2900,20
2024-01-09 04:30:00+00:00,2024-01-10 21:00:00+00:00,5600,40.5,8234,2634,21
2024-01-09 04:30:00+00:00,2024-01-10 22:00:00+00:00,5338,41.5,6978,1640,22
2024-01-09 04:30:00+00:00,2024-01-10 23:00:00+00:00,5082,42.5,6690,1608,23
2024-01-09 04:30:00+00:00,2024-01-11 00:00:00+00:00,4832,43.5,6538,1706,0
2024-01-09 04:30:00+00:00,2024-01-11 01:00:00+00:00,4981,44.5,6143,1162,1
2024-01-09 04:30:00+00:00,2024-01-11 02:00:00+00:00,5153,45.5,5824,671,2
2024-01-09 04:30:00+00:00,2024-01-11 03:00:00+00:00,5347,46.5,5469,122,3
2024-01-09 04:30:00+00:00,2024-01-11 04:00:00+00:00,5690,47.5,5671,19,4
2024-01-09 02:30:00+00:00,2024-01-09 21:00:00+00:00,8638,18.5,11128,2490,21
2024-01-09 02:30:00+00:00,2024-01-09 22:00:00+00:00,8270,19.5,11005,2735,22
2024-01-09 02:30:00+00:00,2024-01-09 23:00:00+00:00,8004,20.5,10685,2681,23
2024-01-09 02:30:00+00:00,2024-01-10 00:00:00+00:00,7796,21.5,10003,2207,0
2024-01-09 02:30:00+00:00,2024-01-10 01:00:00+00:00,7538,22.5,9662,2124,1
2024-01-09 02:30:00+00:00,2024-01-10 02:00:00+00:00,7290,23.5,8765,1475,2
2024-01-09 02:30:00+00:00,2024-01-10 03:00:00+00:00,6942,24.5,7933,991,3
2024-01-09 02:30:00+00:00,2024-01-10 04:00:00+00:00,6685,25.5,7728,1043,4
2024-01-09 02:30:00+00:00,2024-01-10 05:00:00+00:00,6662,26.5,7538,876,5
2024-01-09 02:30:00+00:00,2024-01-10 06:00:00+00:00,6626,27.5,7277,651,6
2024-01-09 02:30:00+00:00,2024-01-10 07:00:00+00:00,6462,28.5,6908,446,7
2024-01-09 02:30:00+00:00,2024-01-10 08:00:00+00:00,6296,29.5,6625,329,8
2024-01-09 02:30:00+00:00,2024-01-10 09:00:00+00:00,6158,30.5,6420,262,9
2024-01-09 02:30:00+00:00,2024-01-10 10:00:00+00:00,5763,31.5,6564,801,10
2024-01-09 02:30:00+00:00,2024-01-10 11:00:00+00:00,5596,32.5,6752,1156,11
2024-01-09 02:30:00+00:00,2024-01-10 12:00:00+00:00,5487,33.5,6774,1287,12
2024-01-09 02:30:00+00:00,2024-01-10 13:00:00+00:00,5640,34.5,7172,1532,13
2024-01-09 02:30:00+00:00,2024-01-10 14:00:00+00:00,5751,35.5,7684,1933,14
2024-01-09 02:30:00+00:00,2024-01-10 15:00:00+00:00,5876,36.5,8027,2151,15
2024-01-09 02:30:00+00:00,2024-01-10 16:00:00+00:00,6011,37.5,6983,972,16
2024-01-09 02:30:00+00:00,2024-01-10 17:00:00+00:00,6232,38.5,8970,2738,17
2024-01-09 02:30:00+00:00,2024-01-10 18:00:00+00:00,6460,39.5,8944,2484,18
2024-01-09 02:30:00+00:00,2024-01-10 19:00:00+00:00,6185,40.5,8831,2646,19
2024-01-09 02:30:00+00:00,2024-01-10 20:00:00+00:00,5905,41.5,8785,2880,20
2024-01-09 02:30:00+00:00,2024-01-10 21:00:00+00:00,5623,42.5,8234,2611,21
2024-01-09 02:30:00+00:00,2024-01-10 22:00:00+00:00,5363,43.5,6978,1615,22
2024-01-09 02:30:00+00:00,2024-01-10 23:00:00+00:00,5109,44.5,6690,1581,23
2024-01-09 02:30:00+00:00,2024-01-11 00:00:00+00:00,4862,45.5,6538,1676,0
2024-01-09 02:30:00+00:00,2024-01-11 01:00:00+00:00,5010,46.5,6143,1133,1
2024-01-09 02:30:00+00:00,2024-01-11 02:00:00+00:00,5181,47.5,5824,643,2
2024-01-08 22:30:00+00:00,2024-01-09 03:00:00+00:00,9084,4.5,11356,2272,3
2024-01-08 22:30:00+00:00,2024-01-09 04:00:00+00:00,8813,5.5,11574,2761,4
2024-01-08 22:30:00+00:00,2024-01-09 05:00:00+00:00,8865,6.5,11483,2618,5
2024-01-08 22:30:00+00:00,2024-01-09 06:00:00+00:00,9049,7.5,11659,2610,6
2024-01-08 22:30:00+00:00,2024-01-09 07:00:00+00:00,9181,8.5,12192,3011,7
2024-01-08 22:30:00+00:00,2024-01-09 08:00:00+00:00,9330,9.5,12298,2968,8
2024-01-08 22:30:00+00:00,2024-01-09 09:00:00+00:00,9425,10.5,12411,2986,9
2024-01-08 22:30:00+00:00,2024-01-09 10:00:00+00:00,9495,11.5,12481,2986,10
2024-01-08 22:30:00+00:00,2024-01-09 11:00:00+00:00,9371,12.5,12275,2904,11
2024-01-08 22:30:00+00:00,2024-01-09 12:00:00+00:00,9182,13.5,11866,2684,12
2024-01-08 22:30:00+00:00,2024-01-09 13:00:00+00:00,9130,14.5,11806,2676,13
2024-01-08 22:30:00+00:00,2024-01-09 14:00:00+00:00,9037,15.5,11493,2456,14
2024-01-08 22:30:00+00:00,2024-01-09 15:00:00+00:00,8963,16.5,10939,1976,15
2024-01-08 22:30:00+00:00,2024-01-09 16:00:00+00:00,9115,17.5,11052,1937,16
2024-01-08 22:30:00+00:00,2024-01-09 17:00:00+00:00,9363,18.5,11135,1772,17
2024-01-08 22:30:00+00:00,2024-01-09 18:00:00+00:00,9325,19.5,11240,1915,18
2024-01-08 22:30:00+00:00,2024-01-09 19:00:00+00:00,9033,20.5,11476,2443,19
2024-01-08 22:30:00+00:00,2024-01-09 20:00:00+00:00,8697,21.5,11428,2731,20
2024-01-08 22:30:00+00:00,2024-01-09 21:00:00+00:00,8470,22.5,11128,2658,21
2024-01-08 22:30:00+00:00,2024-01-09 22:00:00+00:00,8150,23.5,11005,2855,22
2024-01-08 22:30:00+00:00,2024-01-09 23:00:00+00:00,7894,24.5,10685,2791,23
2024-01-08 22:30:00+00:00,2024-01-10 00:00:00+00:00,7694,25.5,10003,2309,0
2024-01-08 22:30:00+00:00,2024-01-10 01:00:00+00:00,7416,26.5,9662,2246,1
2024-01-08 22:30:00+00:00,2024-01-10 02:00:00+00:00,7193,27.5,8765,1572,2
2024-01-08 22:30:00+00:00,2024-01-10 03:00:00+00:00,6960,28.5,7933,973,3
2024-01-08 22:30:00+00:00,2024-01-10 04:00:00+00:00,6661,29.5,7728,1067,4
2024-01-08 22:30:00+00:00,2024-01-10 05:00:00+00:00,6597,30.5,7538,941,5
2024-01-08 22:30:00+00:00,2024-01-10 06:00:00+00:00,6595,31.5,7277,682,6
2024-01-08 22:30:00+00:00,2024-01-10 07:00:00+00:00,6365,32.5,6908,543,7
2024-01-08 22:30:00+00:00,2024-01-10 08:00:00+00:00,6235,33.5,6625,390,8
2024-01-08 22:30:00+00:00,2024-01-10 09:00:00+00:00,6119,34.5,6420,301,9
2024-01-08 22:30:00+00:00,2024-01-10 10:00:00+00:00,5450,35.5,6564,1114,10
2024-01-08 22:30:00+00:00,2024-01-10 11:00:00+00:00,5372,36.5,6752,1380,11
2024-01-08 22:30:00+00:00,2024-01-10 12:00:00+00:00,5290,37.5,6774,1484,12
2024-01-08 22:30:00+00:00,2024-01-10 13:00:00+00:00,5454,38.5,7172,1718,13
2024-01-08 22:30:00+00:00,2024-01-10 14:00:00+00:00,5626,39.5,7684,2058,14
2024-01-08 22:30:00+00:00,2024-01-10 15:00:00+00:00,5805,40.5,8027,2222,15
2024-01-08 22:30:00+00:00,2024-01-10 16:00:00+00:00,5974,41.5,6983,1009,16
2024-01-08 22:30:00+00:00,2024-01-10 17:00:00+00:00,6149,42.5,8970,2821,17
2024-01-08 22:30:00+00:00,2024-01-10 18:00:00+00:00,6332,43.5,8944,2612,18
2024-01-08 22:30:00+00:00,2024-01-10 19:00:00+00:00,6074,44.5,8831,2757,19
2024-01-08 22:30:00+00:00,2024-01-10 20:00:00+00:00,5811,45.5,8785,2974,20
2024-01-08 22:30:00+00:00,2024-01-10 21:00:00+00:00,5546,46.5,8234,2688,21
2024-01-08 18:30:00+00:00,2024-01-08 23:00:00+00:00,9941,4.5,11895,1954,23
2024-01-08 18:30:00+00:00,2024-01-09 00:00:00+00:00,9829,5.5,11819,1990,0
2024-01-08 18:30:00+00:00,2024-01-09 01:00:00+00:00,9604,6.5,11440,1836,1
2024-01-08 18:30:00+00:00,2024-01-09 02:00:00+00:00,9349,7.5,11298,1949,2
2024-01-08 18:30:00+00:00,2024-01-09 03:00:00+00:00,9077,8.5,11356,2279,3
2024-01-08 18:30:00+00:00,2024-01-09 04:00:00+00:00,8807,9.5,11574,2767,4
2024-01-08 18:30:00+00:00,2024-01-09 05:00:00+00:00,8859,10.5,11483,2624,5
2024-01-08 18:30:00+00:00,2024-01-09 06:00:00+00:00,9041,11.5,11659,2618,6
2024-01-08 18:30:00+00:00,2024-01-09 07:00:00+00:00,9177,12.5,12192,3015,7
2024-01-08 18:30:00+00:00,2024-01-09 08:00:00+00:00,9321,13.5,12298,2977,8
2024-01-08 18:30:00+00:00,2024-01-09 09:00:00+00:00,9415,14.5,12411,2996,9
2024-01-08 18:30:00+00:00,2024-01-09 10:00:00+00:00,9488,15.5,12481,2993,10
2024-01-08 18:30:00+00:00,2024-01-09 11:00:00+00:00,9370,16.5,12275,2905,11
2024-01-08 18:30:00+00:00,2024-01-09 12:00:00+00:00,9182,17.5,11866,2684,12
2024-01-08 18:30:00+00:00,2024-01-09 13:00:00+00:00,9130,18.5,11806,2676,13
2024-01-08 18:30:00+00:00,2024-01-09 14:00:00+00:00,9036,19.5,11493,2457,14
2024-01-08 18:30:00+00:00,2024-01-09 15:00:00+00:00,8963,20.5,10939,1976,15
2024-01-08 18:30:00+00:00,2024-01-09 16:00:00+00:00,9112,21.5,11052,1940,16
2024-01-08 18:30:00+00:00,2024-01-09 17:00:00+00:00,9360,22.5,11135,1775,17
2024-01-08 18:30:00+00:00,2024-01-09 18:00:00+00:00,9324,23.5,11240,1916,18
2024-01-08 18:30:00+00:00,2024-01-09 19:00:00+00:00,9026,24.5,11476,2450,19
2024-01-08 18:30:00+00:00,2024-01-09 20:00:00+00:00,8688,25.5,11428,2740,20
2024-01-08 18:30:00+00:00,2024-01-09 21:00:00+00:00,8462,26.5,11128,2666,21
2024-01-08 18:30:00+00:00,2024-01-09 22:00:00+00:00,8143,27.5,11005,2862,22
2024-01-08 18:30:00+00:00,2024-01-09 23:00:00+00:00,7890,28.5,10685,2795,23
2024-01-08 18:30:00+00:00,2024-01-10 00:00:00+00:00,7693,29.5,10003,2310,0
2024-01-08 18:30:00+00:00,2024-01-10 01:00:00+00:00,7413,30.5,9662,2249,1
2024-01-08 18:30:00+00:00,2024-01-10 02:00:00+00:00,7191,31.5,8765,1574,2
2024-01-08 18:30:00+00:00,2024-01-10 03:00:00+00:00,6959,32.5,7933,974,3
2024-01-08 18:30:00+00:00,2024-01-10 04:00:00+00:00,6659,33.5,7728,1069,4
2024-01-08 18:30:00+00:00,2024-01-10 05:00:00+00:00,6594,34.5,7538,944,5
2024-01-08 18:30:00+00:00,2024-01-10 06:00:00+00:00,6601,35.5,7277,676,6
2024-01-08 18:30:00+00:00,2024-01-10 07:00:00+00:00,6363,36.5,6908,545,7
2024-01-08 18:30:00+00:00,2024-01-10 08:00:00+00:00,6235,37.5,6625,390,8
2024-01-08 18:30:00+00:00,2024-01-10 09:00:00+00:00,6129,38.5,6420,291,9
2024-01-08 18:30:00+00:00,2024-01-10 10:00:00+00:00,5459,39.5,6564,1105,10
2024-01-08 18:30:00+00:00,2024-01-10 11:00:00+00:00,5382,40.5,6752,1370,11
2024-01-08 18:30:00+00:00,2024-01-10 12:00:00+00:00,5299,41.5,6774,1475,12
2024-01-08 18:30:00+00:00,2024-01-10 13:00:00+00:00,5465,42.5,7172,1707,13
2024-01-08 18:30:00+00:00,2024-01-10 14:00:00+00:00,5638,43.5,7684,2046,14
2024-01-08 18:30:00+00:00,2024-01-10 15:00:00+00:00,5819,44.5,8027,2208,15
2024-01-08 18:30:00+00:00,2024-01-10 16:00:00+00:00,5988,45.5,6983,995,16
2024-01-08 18:30:00+00:00,2024-01-10 17:00:00+00:00,6163,46.5,8970,2807,17
2024-01-08 18:30:00+00:00,2024-01-10 18:00:00+00:00,6346,47.5,8944,2598,18
2024-01-08 15:30:00+00:00,2024-01-08 21:00:00+00:00,9821,5.5,11660,1839,21
2024-01-08 15:30:00+00:00,2024-01-08 22:00:00+00:00,9615,6.5,11616,2001,22
2024-01-08 15:30:00+00:00,2024-01-08 23:00:00+00:00,9353,7.5,11895,2542,23
2024-01-08 15:30:00+00:00,2024-01-09 00:00:00+00:00,9258,8.5,11819,2561,0
2024-01-08 15:30:00+00:00,2024-01-09 01:00:00+00:00,9062,9.5,11440,2378,1
2024-01-08 15:30:00+00:00,2024-01-09 02:00:00+00:00,8910,10.5,11298,2388,2
2024-01-08 15:30:00+00:00,2024-01-09 03:00:00+00:00,8654,11.5,11356,2702,3
2024-01-08 15:30:00+00:00,2024-01-09 04:00:00+00:00,8518,12.5,11574,3056,4
2024-01-08 15:30:00+00:00,2024-01-09 05:00:00+00:00,8598,13.5,11483,2885,5
2024-01-08 15:30:00+00:00,2024-01-09 06:00:00+00:00,8723,14.5,11659,2936,6
2024-01-08 15:30:00+00:00,2024-01-09 07:00:00+00:00,8930,15.5,12192,3262,7
2024-01-08 15:30:00+00:00,2024-01-09 08:00:00+00:00,9024,16.5,12298,3274,8
2024-01-08 15:30:00+00:00,2024-01-09 09:00:00+00:00,9097,17.5,12411,3314,9
2024-01-08 15:30:00+00:00,2024-01-09 10:00:00+00:00,9098,18.5,12481,3383,10
2024-01-08 15:30:00+00:00,2024-01-09 11:00:00+00:00,8974,19.5,12275,3301,11
2024-01-08 15:30:00+00:00,2024-01-09 12:00:00+00:00,8797,20.5,11866,3069,12
2024-01-08 15:30:00+00:00,2024-01-09 13:00:00+00:00,8785,21.5,11806,3021,13
2024-01-08 15:30:00+00:00,2024-01-09 14:00:00+00:00,8718,22.5,11493,2775,14
2024-01-08 15:30:00+00:00,2024-01-09 15:00:00+00:00,8770,23.5,10939,2169,15
2024-01-08 15:30:00+00:00,2024-01-09 16:00:00+00:00,8989,24.5,11052,2063,16
2024-01-08 15:30:00+00:00,2024-01-09 17:00:00+00:00,9259,25.5,11135,1876,17
2024-01-08 15:30:00+00:00,2024-01-09 18:00:00+00:00,9287,26.5,11240,1953,18
2024-01-08 15:30:00+00:00,2024-01-09 19:00:00+00:00,9072,27.5,11476,2404,19
2024-01-08 15:30:00+00:00,2024-01-09 20:00:00+00:00,8729,28.5,11428,2699,20
2024-01-08 15:30:00+00:00,2024-01-09 21:00:00+00:00,8565,29.5,11128,2563,21
2024-01-08 15:30:00+00:00,2024-01-09 22:00:00+00:00,8100,30.5,11005,2905,22
2024-01-08 15:30:00+00:00,2024-01-09 23:00:00+00:00,7870,31.5,10685,2815,23
2024-01-08 15:30:00+00:00,2024-01-10 00:00:00+00:00,7717,32.5,10003,2286,0
2024-01-08 15:30:00+00:00,2024-01-10 01:00:00+00:00,7335,33.5,9662,2327,1
2024-01-08 15:30:00+00:00,2024-01-10 02:00:00+00:00,7157,34.5,8765,1608,2
2024-01-08 15:30:00+00:00,2024-01-10 03:00:00+00:00,7040,35.5,7933,893,3
2024-01-08 15:30:00+00:00,2024-01-10 04:00:00+00:00,6535,36.5,7728,1193,4
2024-01-08 15:30:00+00:00,2024-01-10 05:00:00+00:00,6550,37.5,7538,988,5
2024-01-08 15:30:00+00:00,2024-01-10 06:00:00+00:00,6578,38.5,7277,699,6
2024-01-08 15:30:00+00:00,2024-01-10 07:00:00+00:00,6404,39.5,6908,504,7
2024-01-08 15:30:00+00:00,2024-01-10 08:00:00+00:00,6243,40.5,6625,382,8
2024-01-08 15:30:00+00:00,2024-01-10 09:00:00+00:00,6094,41.5,6420,326,9
2024-01-08 15:30:00+00:00,2024-01-10 10:00:00+00:00,5941,42.5,6564,623,10
2024-01-08 15:30:00+00:00,2024-01-10 11:00:00+00:00,5793,43.5,6752,959,11
2024-01-08 15:30:00+00:00,2024-01-10 12:00:00+00:00,5647,44.5,6774,1127,12
2024-01-08 15:30:00+00:00,2024-01-10 13:00:00+00:00,5845,45.5,7172,1327,13
2024-01-08 15:30:00+00:00,2024-01-10 14:00:00+00:00,6053,46.5,7684,1631,14
2024-01-08 15:30:00+00:00,2024-01-10 15:00:00+00:00,6272,47.5,8027,1755,15
2024-01-08 11:30:00+00:00,2024-01-08 21:00:00+00:00,9540,9.5,11660,2120,21
2024-01-08 11:30:00+00:00,2024-01-08 22:00:00+00:00,9357,10.5,11616,2259,22
2024-01-08 11:30:00+00:00,2024-01-08 23:00:00+00:00,9079,11.5,11895,2816,23
2024-01-08 11:30:00+00:00,2024-01-09 00:00:00+00:00,8971,12.5,11819,2848,0
2024-01-08 11:30:00+00:00,2024-01-09 01:00:00+00:00,8796,13.5,11440,2644,1
2024-01-08 11:30:00+00:00,2024-01-09 02:00:00+00:00,8707,14.5,11298,2591,2
2024-01-08 11:30:00+00:00,2024-01-09 03:00:00+00:00,8470,15.5,11356,2886,3
2024-01-08 11:30:00+00:00,2024-01-09 04:00:00+00:00,8401,16.5,11574,3173,4
2024-01-08 11:30:00+00:00,2024-01-09 05:00:00+00:00,8487,17.5,11483,2996,5
2024-01-08 11:30:00+00:00,2024-01-09 06:00:00+00:00,8619,18.5,11659,3040,6
2024-01-08 11:30:00+00:00,2024-01-09 07:00:00+00:00,8819,19.5,12192,3373,7
2024-01-08 11:30:00+00:00,2024-01-09 08:00:00+00:00,8845,20.5,12298,3453,8
2024-01-08 11:30:00+00:00,2024-01-09 09:00:00+00:00,8866,21.5,12411,3545,9
2024-01-08 11:30:00+00:00,2024-01-09 10:00:00+00:00,8893,22.5,12481,3588,10
2024-01-08 11:30:00+00:00,2024-01-09 11:00:00+00:00,8780,23.5,12275,3495,11
2024-01-08 11:30:00+00:00,2024-01-09 12:00:00+00:00,8614,24.5,11866,3252,12
2024-01-08 11:30:00+00:00,2024-01-09 13:00:00+00:00,8677,25.5,11806,3129,13
2024-01-08 11:30:00+00:00,2024-01-09 14:00:00+00:00,8649,26.5,11493,2844,14
2024-01-08 11:30:00+00:00,2024-01-09 15:00:00+00:00,8742,27.5,10939,2197,15
2024-01-08 11:30:00+00:00,2024-01-09 16:00:00+00:00,8986,28.5,11052,2066,16
2024-01-08 11:30:00+00:00,2024-01-09 17:00:00+00:00,9126,29.5,11135,2009,17
2024-01-08 11:30:00+00:00,2024-01-09 18:00:00+00:00,9176,30.5,11240,2064,18
2024-01-08 11:30:00+00:00,2024-01-09 19:00:00+00:00,9034,31.5,11476,2442,19
2024-01-08 11:30:00+00:00,2024-01-09 20:00:00+00:00,8756,32.5,11428,2672,20
2024-01-08 11:30:00+00:00,2024-01-09 21:00:00+00:00,8577,33.5,11128,2551,21
2024-01-08 11:30:00+00:00,2024-01-09 22:00:00+00:00,7924,34.5,11005,3081,22
2024-01-08 11:30:00+00:00,2024-01-09 23:00:00+00:00,7651,35.5,10685,3034,23
2024-01-08 11:30:00+00:00,2024-01-10 00:00:00+00:00,7501,36.5,10003,2502,0
2024-01-08 11:30:00+00:00,2024-01-10 01:00:00+00:00,7172,37.5,9662,2490,1
2024-01-08 11:30:00+00:00,2024-01-10 02:00:00+00:00,6960,38.5,8765,1805,2
2024-01-08 11:30:00+00:00,2024-01-10 03:00:00+00:00,6854,39.5,7933,1079,3
2024-01-08 11:30:00+00:00,2024-01-10 04:00:00+00:00,6854,40.5,7728,874,4
2024-01-08 11:30:00+00:00,2024-01-10 05:00:00+00:00,6861,41.5,7538,677,5
2024-01-08 11:30:00+00:00,2024-01-10 06:00:00+00:00,6880,42.5,7277,397,6
2024-01-08 11:30:00+00:00,2024-01-10 07:00:00+00:00,6677,43.5,6908,231,7
2024-01-08 11:30:00+00:00,2024-01-10 08:00:00+00:00,6487,44.5,6625,138,8
2024-01-08 11:30:00+00:00,2024-01-10 09:00:00+00:00,6310,45.5,6420,110,9
2024-01-08 11:30:00+00:00,2024-01-10 10:00:00+00:00,6163,46.5,6564,401,10
2024-01-08 11:30:00+00:00,2024-01-10 11:00:00+00:00,6022,47.5,6752,730,11
2024-01-08 09:30:00+00:00,2024-01-08 21:00:00+00:00,9527,11.5,11660,2133,21
2024-01-08 09:30:00+00:00,2024-01-08 22:00:00+00:00,9366,12.5,11616,2250,22
2024-01-08 09:30:00+00:00,2024-01-08 23:00:00+00:00,9120,13.5,11895,2775,23
2024-01-08 09:30:00+00:00,2024-01-09 00:00:00+00:00,9005,14.5,11819,2814,0
2024-01-08 09:30:00+00:00,2024-01-09 01:00:00+00:00,8830,15.5,11440,2610,1
2024-01-08 09:30:00+00:00,2024-01-09 02:00:00+00:00,8715,16.5,11298,2583,2
2024-01-08 09:30:00+00:00,2024-01-09 03:00:00+00:00,8465,17.5,11356,2891,3
2024-01-08 09:30:00+00:00,2024-01-09 04:00:00+00:00,8393,18.5,11574,3181,4
2024-01-08 09:30:00+00:00,2024-01-09 05:00:00+00:00,8485,19.5,11483,2998,5
2024-01-08 09:30:00+00:00,2024-01-09 06:00:00+00:00,8631,20.5,11659,3028,6
2024-01-08 09:30:00+00:00,2024-01-09 07:00:00+00:00,8807,21.5,12192,3385,7
2024-01-08 09:30:00+00:00,2024-01-09 08:00:00+00:00,8842,22.5,12298,3456,8
2024-01-08 09:30:00+00:00,2024-01-09 09:00:00+00:00,8891,23.5,12411,3520,9
2024-01-08 09:30:00+00:00,2024-01-09 10:00:00+00:00,8887,24.5,12481,3594,10
2024-01-08 09:30:00+00:00,2024-01-09 11:00:00+00:00,8772,25.5,12275,3503,11
2024-01-08 09:30:00+00:00,2024-01-09 12:00:00+00:00,8616,26.5,11866,3250,12
2024-01-08 09:30:00+00:00,2024-01-09 13:00:00+00:00,8677,27.5,11806,3129,13
2024-01-08 09:30:00+00:00,2024-01-09 14:00:00+00:00,8654,28.5,11493,2839,14
2024-01-08 09:30:00+00:00,2024-01-09 15:00:00+00:00,8761,29.5,10939,2178,15
2024-01-08 09:30:00+00:00,2024-01-09 16:00:00+00:00,8992,30.5,11052,2060,16
2024-01-08 09:30:00+00:00,2024-01-09 17:00:00+00:00,9143,31.5,11135,1992,17
2024-01-08 09:30:00+00:00,2024-01-09 18:00:00+00:00,9213,32.5,11240,2027,18
2024-01-08 09:30:00+00:00,2024-01-09 19:00:00+00:00,9049,33.5,11476,2427,19
2024-01-08 09:30:00+00:00,2024-01-09 20:00:00+00:00,8766,34.5,11428,2662,20
2024-01-08 09:30:00+00:00,2024-01-09 21:00:00+00:00,8622,35.5,11128,2506,21
2024-01-08 09:30:00+00:00,2024-01-09 22:00:00+00:00,8068,36.5,11005,2937,22
2024-01-08 09:30:00+00:00,2024-01-09 23:00:00+00:00,7878,37.5,10685,2807,23
2024-01-08 09:30:00+00:00,2024-01-10 00:00:00+00:00,7689,38.5,10003,2314,0
2024-01-08 09:30:00+00:00,2024-01-10 01:00:00+00:00,7458,39.5,9662,2204,1
2024-01-08 09:30:00+00:00,2024-01-10 02:00:00+00:00,7235,40.5,8765,1530,2
2024-01-08 09:30:00+00:00,2024-01-10 03:00:00+00:00,7023,41.5,7933,910,3
2024-01-08 09:30:00+00:00,2024-01-10 04:00:00+00:00,6962,42.5,7728,766,4
2024-01-08 09:30:00+00:00,2024-01-10 05:00:00+00:00,6918,43.5,7538,620,5
2024-01-08 09:30:00+00:00,2024-01-10 06:00:00+00:00,6888,44.5,7277,389,6
2024-01-08 09:30:00+00:00,2024-01-10 07:00:00+00:00,6686,45.5,6908,222,7
2024-01-08 09:30:00+00:00,2024-01-10 08:00:00+00:00,6496,46.5,6625,129,8
2024-01-08 09:30:00+00:00,2024-01-10 09:00:00+00:00,6320,47.5,6420,100,9
2024-01-08 07:30:00+00:00,2024-01-08 21:00:00+00:00,9528,13.5,11660,2132,21
2024-01-08 07:30:00+00:00,2024-01-08 22:00:00+00:00,9367,14.5,11616,2249,22
2024-01-08 07:30:00+00:00,2024-01-08 23:00:00+00:00,9118,15.5,11895,2777,23
2024-01-08 07:30:00+00:00,2024-01-09 00:00:00+00:00,9002,16.5,11819,2817,0
2024-01-08 07:30:00+00:00,2024-01-09 01:00:00+00:00,8826,17.5,11440,2614,1
2024-01-08 07:30:00+00:00,2024-01-09 02:00:00+00:00,8708,18.5,11298,2590,2
2024-01-08 07:30:00+00:00,2024-01-09 03:00:00+00:00,8457,19.5,11356,2899,3
2024-01-08 07:30:00+00:00,2024-01-09 04:00:00+00:00,8385,20.5,11574,3189,4
2024-01-08 07:30:00+00:00,2024-01-09 05:00:00+00:00,8476,21.5,11483,3007,5
2024-01-08 07:30:00+00:00,2024-01-09 06:00:00+00:00,8623,22.5,11659,3036,6
2024-01-08 07:30:00+00:00,2024-01-09 07:00:00+00:00,8797,23.5,12192,3395,7
2024-01-08 07:30:00+00:00,2024-01-09 08:00:00+00:00,8834,24.5,12298,3464,8
2024-01-08 07:30:00+00:00,2024-01-09 09:00:00+00:00,8889,25.5,12411,3522,9
2024-01-08 07:30:00+00:00,2024-01-09 10:00:00+00:00,8885,26.5,12481,3596,10
2024-01-08 07:30:00+00:00,2024-01-09 11:00:00+00:00,8772,27.5,12275,3503,11
2024-01-08 07:30:00+00:00,2024-01-09 12:00:00+00:00,8616,28.5,11866,3250,12
2024-01-08 07:30:00+00:00,2024-01-09 13:00:00+00:00,8677,29.5,11806,3129,13
2024-01-08 07:30:00+00:00,2024-01-09 14:00:00+00:00,8653,30.5,11493,2840,14
2024-01-08 07:30:00+00:00,2024-01-09 15:00:00+00:00,8760,31.5,10939,2179,15
2024-01-08 07:30:00+00:00,2024-01-09 16:00:00+00:00,8988,32.5,11052,2064,16
2024-01-08 07:30:00+00:00,2024-01-09 17:00:00+00:00,9138,33.5,11135,1997,17
2024-01-08 07:30:00+00:00,2024-01-09 18:00:00+00:00,9211,34.5,11240,2029,18
2024-01-08 07:30:00+00:00,2024-01-09 19:00:00+00:00,9044,35.5,11476,2432,19
2024-01-08 07:30:00+00:00,2024-01-09 20:00:00+00:00,8760,36.5,11428,2668,20
2024-01-08 07:30:00+00:00,2024-01-09 21:00:00+00:00,8622,37.5,11128,2506,21
2024-01-08 07:30:00+00:00,2024-01-09 22:00:00+00:00,8070,38.5,11005,2935,22
2024-01-08 07:30:00+00:00,2024-01-09 23:00:00+00:00,7883,39.5,10685,2802,23
2024-01-08 07:30:00+00:00,2024-01-10 00:00:00+00:00,7696,40.5,10003,2307,0
2024-01-08 07:30:00+00:00,2024-01-10 01:00:00+00:00,7465,41.5,9662,2197,1
2024-01-08 07:30:00+00:00,2024-01-10 02:00:00+00:00,7243,42.5,8765,1522,2
2024-01-08 07:30:00+00:00,2024-01-10 03:00:00+00:00,7032,43.5,7933,901,3
2024-01-08 07:30:00+00:00,2024-01-10 04:00:00+00:00,6971,44.5,7728,757,4
2024-01-08 07:30:00+00:00,2024-01-10 05:00:00+00:00,6926,45.5,7538,612,5
2024-01-08 07:30:00+00:00,2024-01-10 06:00:00+00:00,6896,46.5,7277,381,6
2024-01-08 07:30:00+00:00,2024-01-10 07:00:00+00:00,6694,47.5,6908,214,7
2024-01-08 04:30:00+00:00,2024-01-08 21:00:00+00:00,9401,16.5,11660,2259,21
2024-01-08 04:30:00+00:00,2024-01-08 22:00:00+00:00,9184,17.5,11616,2432,22
2024-01-08 04:30:00+00:00,2024-01-08 23:00:00+00:00,8943,18.5,11895,2952,23
2024-01-08 04:30:00+00:00,2024-01-09 00:00:00+00:00,8832,19.5,11819,2987,0
2024-01-08 04:30:00+00:00,2024-01-09 01:00:00+00:00,8607,20.5,11440,2833,1
2024-01-08 04:30:00+00:00,2024-01-09 02:00:00+00:00,8530,21.5,11298,2768,2
2024-01-08 04:30:00+00:00,2024-01-09 03:00:00+00:00,8351,22.5,11356,3005,3
2024-01-08 04:30:00+00:00,2024-01-09 04:00:00+00:00,8284,23.5,11574,3290,4
2024-01-08 04:30:00+00:00,2024-01-09 05:00:00+00:00,8375,24.5,11483,3108,5
2024-01-08 04:30:00+00:00,2024-01-09 06:00:00+00:00,8554,25.5,11659,3105,6
2024-01-08 04:30:00+00:00,2024-01-09 07:00:00+00:00,8654,26.5,12192,3538,7
2024-01-08 04:30:00+00:00,2024-01-09 08:00:00+00:00,8633,27.5,12298,3665,8
2024-01-08 04:30:00+00:00,2024-01-09 09:00:00+00:00,8602,28.5,12411,3809,9
2024-01-08 04:30:00+00:00,2024-01-09 10:00:00+00:00,8737,29.5,12481,3744,10
2024-01-08 04:30:00+00:00,2024-01-09 11:00:00+00:00,8660,30.5,12275,3615,11
2024-01-08 04:30:00+00:00,2024-01-09 12:00:00+00:00,8476,31.5,11866,3390,12
2024-01-08 04:30:00+00:00,2024-01-09 13:00:00+00:00,8525,32.5,11806,3281,13
2024-01-08 04:30:00+00:00,2024-01-09 14:00:00+00:00,8543,33.5,11493,2950,14
2024-01-08 04:30:00+00:00,2024-01-09 15:00:00+00:00,8632,34.5,10939,2307,15
2024-01-08 04:30:00+00:00,2024-01-09 16:00:00+00:00,8945,35.5,11052,2107,16
2024-01-08 04:30:00+00:00,2024-01-09 17:00:00+00:00,9023,36.5,11135,2112,17
2024-01-08 04:30:00+00:00,2024-01-09 18:00:00+00:00,9105,37.5,11240,2135,18
2024-01-08 04:30:00+00:00,2024-01-09 19:00:00+00:00,8942,38.5,11476,2534,19
2024-01-08 04:30:00+00:00,2024-01-09 20:00:00+00:00,8778,39.5,11428,2650,20
2024-01-08 04:30:00+00:00,2024-01-09 21:00:00+00:00,8615,40.5,11128,2513,21
2024-01-08 04:30:00+00:00,2024-01-09 22:00:00+00:00,8396,41.5,11005,2609,22
2024-01-08 04:30:00+00:00,2024-01-09 23:00:00+00:00,8171,42.5,10685,2514,23
2024-01-08 04:30:00+00:00,2024-01-10 00:00:00+00:00,7941,43.5,10003,2062,0
2024-01-08 04:30:00+00:00,2024-01-10 01:00:00+00:00,7694,44.5,9662,1968,1
2024-01-08 04:30:00+00:00,2024-01-10 02:00:00+00:00,7451,45.5,8765,1314,2
2024-01-08 04:30:00+00:00,2024-01-10 03:00:00+00:00,7212,46.5,7933,721,3
2024-01-08 04:30:00+00:00,2024-01-10 04:00:00+00:00,7119,47.5,7728,609,4
2024-01-08 02:30:00+00:00,2024-01-08 21:00:00+00:00,9393,18.5,11660,2267,21
2024-01-08 02:30:00+00:00,2024-01-08 22:00:00+00:00,9158,19.5,11616,2458,22
2024-01-08 02:30:00+00:00,2024-01-08 23:00:00+00:00,8936,20.5,11895,2959,23
2024-01-08 02:30:00+00:00,2024-01-09 00:00:00+00:00,8817,21.5,11819,3002,0
2024-01-08 02:30:00+00:00,2024-01-09 01:00:00+00:00,8603,22.5,11440,2837,1
2024-01-08 02:30:00+00:00,2024-01-09 02:00:00+00:00,8525,23.5,11298,2773,2
2024-01-08 02:30:00+00:00,2024-01-09 03:00:00+00:00,8335,24.5,11356,3021,3
2024-01-08 02:30:00+00:00,2024-01-09 04:00:00+00:00,8278,25.5,11574,3296,4
2024-01-08 02:30:00+00:00,2024-01-09 05:00:00+00:00,8368,26.5,11483,3115,5
2024-01-08 02:30:00+00:00,2024-01-09 06:00:00+00:00,8535,27.5,11659,3124,6
2024-01-08 02:30:00+00:00,2024-01-09 07:00:00+00:00,8652,28.5,12192,3540,7
2024-01-08 02:30:00+00:00,2024-01-09 08:00:00+00:00,8631,29.5,12298,3667,8
2024-01-08 02:30:00+00:00,2024-01-09 09:00:00+00:00,8583,30.5,12411,3828,9
2024-01-08 02:30:00+00:00,2024-01-09 10:00:00+00:00,8735,31.5,12481,3746,10
2024-01-08 02:30:00+00:00,2024-01-09 11:00:00+00:00,8659,32.5,12275,3616,11
2024-01-08 02:30:00+00:00,2024-01-09 12:00:00+00:00,8475,33.5,11866,3391,12
2024-01-08 02:30:00+00:00,2024-01-09 13:00:00+00:00,8526,34.5,11806,3280,13
2024-01-08 02:30:00+00:00,2024-01-09 14:00:00+00:00,8546,35.5,11493,2947,14
2024-01-08 02:30:00+00:00,2024-01-09 15:00:00+00:00,8632,36.5,10939,2307,15
2024-01-08 02:30:00+00:00,2024-01-09 16:00:00+00:00,8947,37.5,11052,2105,16
2024-01-08 02:30:00+00:00,2024-01-09 17:00:00+00:00,9026,38.5,11135,2109,17
2024-01-08 02:30:00+00:00,2024-01-09 18:00:00+00:00,9109,39.5,11240,2131,18
2024-01-08 02:30:00+00:00,2024-01-09 19:00:00+00:00,8946,40.5,11476,2530,19
2024-01-08 02:30:00+00:00,2024-01-09 20:00:00+00:00,8783,41.5,11428,2645,20
2024-01-08 02:30:00+00:00,2024-01-09 21:00:00+00:00,8620,42.5,11128,2508,21
2024-01-08 02:30:00+00:00,2024-01-09 22:00:00+00:00,8402,43.5,11005,2603,22
2024-01-08 02:30:00+00:00,2024-01-09 23:00:00+00:00,8179,44.5,10685,2506,23
2024-01-08 02:30:00+00:00,2024-01-10 00:00:00+00:00,7950,45.5,10003,2053,0
2024-01-08 02:30:00+00:00,2024-01-10 01:00:00+00:00,7705,46.5,9662,1957,1
2024-01-08 02:30:00+00:00,2024-01-10 02:00:00+00:00,7463,47.5,8765,1302,2
2024-01-07 22:30:00+00:00,2024-01-08 03:00:00+00:00,5479,4.5,6274,795,3
2024-01-07 22:30:00+00:00,2024-01-08 04:00:00+00:00,5772,5.5,6980,1208,4
2024-01-07 22:30:00+00:00,2024-01-08 05:00:00+00:00,6485,6.5,7381,896,5
2024-01-07 22:30:00+00:00,2024-01-08 06:00:00+00:00,6950,7.5,7472,522,6
2024-01-07 22:30:00+00:00,2024-01-08 07:00:00+00:00,7285,8.5,7640,355,7
2024-01-07 22:30:00+00:00,2024-01-08 08:00:00+00:00,7963,9.5,8230,267,8
2024-01-07 22:30:00+00:00,2024-01-08 09:00:00+00:00,8404,10.5,8833,429,9
2024-01-07 22:30:00+00:00,2024-01-08 10:00:00+00:00,8785,11.5,9334,549,10
2024-01-07 22:30:00+00:00,2024-01-08 11:00:00+00:00,8648,12.5,9777,1129,11
2024-01-07 22:30:00+00:00,2024-01-08 12:00:00+00:00,8523,13.5,10111,1588,12
2024-01-07 22:30:00+00:00,2024-01-08 13:00:00+00:00,8343,14.5,10469,2126,13
2024-01-07 22:30:00+00:00,2024-01-08 14:00:00+00:00,8453,15.5,10377,1924,14
2024-01-07 22:30:00+00:00,2024-01-08 15:00:00+00:00,8635,16.5,10317,1682,15
2024-01-07 22:30:00+00:00,2024-01-08 16:00:00+00:00,8913,17.5,10769,1856,16
2024-01-07 22:30:00+00:00,2024-01-08 17:00:00+00:00,9307,18.5,10919,1612,17
2024-01-07 22:30:00+00:00,2024-01-08 18:00:00+00:00,9573,19.5,11362,1789,18
2024-01-07 22:30:00+00:00,2024-01-08 19:00:00+00:00,9627,20.5,11412,1785,19
2024-01-07 22:30:00+00:00,2024-01-08 20:00:00+00:00,9492,21.5,11536,2044,20
2024-01-07 22:30:00+00:00,2024-01-08 21:00:00+00:00,9324,22.5,11660,2336,21
2024-01-07 22:30:00+00:00,2024-01-08 22:00:00+00:00,9090,23.5,11616,2526,22
2024-01-07 22:30:00+00:00,2024-01-08 23:00:00+00:00,8875,24.5,11895,3020,23
2024-01-07 22:30:00+00:00,2024-01-09 00:00:00+00:00,8761,25.5,11819,3058,0
2024-01-07 22:30:00+00:00,2024-01-09 01:00:00+00:00,8516,26.5,11440,2924,1
2024-01-07 22:30:00+00:00,2024-01-09 02:00:00+00:00,8413,27.5,11298,2885,2
2024-01-07 22:30:00+00:00,2024-01-09 03:00:00+00:00,8309,28.5,11356,3047,3
2024-01-07 22:30:00+00:00,2024-01-09 04:00:00+00:00,8317,29.5,11574,3257,4
2024-01-07 22:30:00+00:00,2024-01-09 05:00:00+00:00,8344,30.5,11483,3139,5
2024-01-07 22:30:00+00:00,2024-01-09 06:00:00+00:00,8482,31.5,11659,3177,6
2024-01-07 22:30:00+00:00,2024-01-09 07:00:00+00:00,8503,32.5,12192,3689,7
2024-01-07 22:30:00+00:00,2024-01-09 08:00:00+00:00,8453,33.5,12298,3845,8
2024-01-07 22:30:00+00:00,2024-01-09 09:00:00+00:00,8440,34.5,12411,3971,9
2024-01-07 22:30:00+00:00,2024-01-09 10:00:00+00:00,8672,35.5,12481,3809,10
2024-01-07 22:30:00+00:00,2024-01-09 11:00:00+00:00,8535,36.5,12275,3740,11
2024-01-07 22:30:00+00:00,2024-01-09 12:00:00+00:00,8366,37.5,11866,3500,12
2024-01-07 22:30:00+00:00,2024-01-09 13:00:00+00:00,8338,38.5,11806,3468,13
2024-01-07 22:30:00+00:00,2024-01-09 14:00:00+00:00,8310,39.5,11493,3183,14
2024-01-07 22:30:00+00:00,2024-01-09 15:00:00+00:00,8285,40.5,10939,2654,15
2024-01-07 22:30:00+00:00,2024-01-09 16:00:00+00:00,8370,41.5,11052,2682,16
2024-01-07 22:30:00+00:00,2024-01-09 17:00:00+00:00,8460,42.5,11135,2675,17
2024-01-07 22:30:00+00:00,2024-01-09 18:00:00+00:00,8554,43.5,11240,2686,18
2024-01-07 22:30:00+00:00,2024-01-09 19:00:00+00:00,8437,44.5,11476,3039,19
2024-01-07 22:30:00+00:00,2024-01-09 20:00:00+00:00,8322,45.5,11428,3106,20
2024-01-07 22:30:00+00:00,2024-01-09 21:00:00+00:00,8209,46.5,11128,2919,21
2024-01-07 18:30:00+00:00,2024-01-07 23:00:00+00:00,4252,4.5,4242,10,23
2024-01-07 18:30:00+00:00,2024-01-08 00:00:00+00:00,4593,5.5,4629,36,0
2024-01-07 18:30:00+00:00,2024-01-08 01:00:00+00:00,4819,6.5,5033,214,1
2024-01-07 18:30:00+00:00,2024-01-08 02:00:00+00:00,5105,7.5,5342,237,2
2024-01-07 18:30:00+00:00,2024-01-08 03:00:00+00:00,5482,8.5,6274,792,3
2024-01-07 18:30:00+00:00,2024-01-08 04:00:00+00:00,5780,9.5,6980,1200,4
2024-01-07 18:30:00+00:00,2024-01-08 05:00:00+00:00,6483,10.5,7381,898,5
2024-01-07 18:30:00+00:00,2024-01-08 06:00:00+00:00,6951,11.5,7472,521,6
2024-01-07 18:30:00+00:00,2024-01-08 07:00:00+00:00,7283,12.5,7640,357,7
2024-01-07 18:30:00+00:00,2024-01-08 08:00:00+00:00,7960,13.5,8230,270,8
2024-01-07 18:30:00+00:00,2024-01-08 09:00:00+00:00,8403,14.5,8833,430,9
2024-01-07 18:30:00+00:00,2024-01-08 10:00:00+00:00,8783,15.5,9334,551,10
2024-01-07 18:30:00+00:00,2024-01-08 11:00:00+00:00,8646,16.5,9777,1131,11
2024-01-07 18:30:00+00:00,2024-01-08 12:00:00+00:00,8526,17.5,10111,1585,12
2024-01-07 18:30:00+00:00,2024-01-08 13:00:00+00:00,8353,18.5,10469,2116,13
2024-01-07 18:30:00+00:00,2024-01-08 14:00:00+00:00,8459,19.5,10377,1918,14
2024-01-07 18:30:00+00:00,2024-01-08 15:00:00+00:00,8628,20.5,10317,1689,15
2024-01-07 18:30:00+00:00,2024-01-08 16:00:00+00:00,8900,21.5,10769,1869,16
2024-01-07 18:30:00+00:00,2024-01-08 17:00:00+00:00,9302,22.5,10919,1617,17
2024-01-07 18:30:00+00:00,2024-01-08 18:00:00+00:00,9568,23.5,11362,1794,18
2024-01-07 18:30:00+00:00,2024-01-08 19:00:00+00:00,9618,24.5,11412,1794,19
2024-01-07 18:30:00+00:00,2024-01-08 20:00:00+00:00,9482,25.5,11536,2054,20
2024-01-07 18:30:00+00:00,2024-01-08 21:00:00+00:00,9327,26.5,11660,2333,21
2024-01-07 18:30:00+00:00,2024-01-08 22:00:00+00:00,9088,27.5,11616,2528,22
2024-01-07 18:30:00+00:00,2024-01-08 23:00:00+00:00,8870,28.5,11895,3025,23
2024-01-07 18:30:00+00:00,2024-01-09 00:00:00+00:00,8756,29.5,11819,3063,0
2024-01-07 18:30:00+00:00,2024-01-09 01:00:00+00:00,8507,30.5,11440,2933,1
2024-01-07 18:30:00+00:00,2024-01-09 02:00:00+00:00,8403,31.5,11298,2895,2
2024-01-07 18:30:00+00:00,2024-01-09 03:00:00+00:00,8302,32.5,11356,3054,3
2024-01-07 18:30:00+00:00,2024-01-09 04:00:00+00:00,8303,33.5,11574,3271,4
2024-01-07 18:30:00+00:00,2024-01-09 05:00:00+00:00,8325,34.5,11483,3158,5
2024-01-07 18:30:00+00:00,2024-01-09 06:00:00+00:00,8475,35.5,11659,3184,6
2024-01-07 18:30:00+00:00,2024-01-09 07:00:00+00:00,8485,36.5,12192,3707,7
2024-01-07 18:30:00+00:00,2024-01-09 08:00:00+00:00,8440,37.5,12298,3858,8
2024-01-07 18:30:00+00:00,2024-01-09 09:00:00+00:00,8439,38.5,12411,3972,9
2024-01-07 18:30:00+00:00,2024-01-09 10:00:00+00:00,8674,39.5,12481,3807,10
2024-01-07 18:30:00+00:00,2024-01-09 11:00:00+00:00,8536,40.5,12275,3739,11
2024-01-07 18:30:00+00:00,2024-01-09 12:00:00+00:00,8367,41.5,11866,3499,12
2024-01-07 18:30:00+00:00,2024-01-09 13:00:00+00:00,8338,42.5,11806,3468,13
2024-01-07 18:30:00+00:00,2024-01-09 14:00:00+00:00,8311,43.5,11493,3182,14
2024-01-07 18:30:00+00:00,2024-01-09 15:00:00+00:00,8286,44.5,10939,2653,15
2024-01-07 18:30:00+00:00,2024-01-09 16:00:00+00:00,8371,45.5,11052,2681,16
2024-01-07 18:30:00+00:00,2024-01-09 17:00:00+00:00,8461,46.5,11135,2674,17
2024-01-07 18:30:00+00:00,2024-01-09 18:00:00+00:00,8556,47.5,11240,2684,18
2024-01-07 15:30:00+00:00,2024-01-07 21:00:00+00:00,4467,5.5,3992,475,21
2024-01-07 15:30:00+00:00,2024-01-07 22:00:00+00:00,4342,6.5,3994,348,22
2024-01-07 15:30:00+00:00,2024-01-07 23:00:00+00:00,4566,7.5,4242,324,23
2024-01-07 15:30:00+00:00,2024-01-08 00:00:00+00:00,4943,8.5,4629,314,0
2024-01-07 15:30:00+00:00,2024-01-08 01:00:00+00:00,5280,9.5,5033,247,1
2024-01-07 15:30:00+00:00,2024-01-08 02:00:00+00:00,5573,10.5,5342,231,2
2024-01-07 15:30:00+00:00,2024-01-08 03:00:00+00:00,5802,11.5,6274,472,3
2024-01-07 15:30:00+00:00,2024-01-08 04:00:00+00:00,6258,12.5,6980,722,4
2024-01-07 15:30:00+00:00,2024-01-08 05:00:00+00:00,6762,13.5,7381,619,5
2024-01-07 15:30:00+00:00,2024-01-08 06:00:00+00:00,7104,14.5,7472,368,6
2024-01-07 15:30:00+00:00,2024-01-08 07:00:00+00:00,7334,15.5,7640,306,7
2024-01-07 15:30:00+00:00,2024-01-08 08:00:00+00:00,7810,16.5,8230,420,8
2024-01-07 15:30:00+00:00,2024-01-08 09:00:00+00:00,8079,17.5,8833,754,9
2024-01-07 15:30:00+00:00,2024-01-08 10:00:00+00:00,8401,18.5,9334,933,10
2024-01-07 15:30:00+00:00,2024-01-08 11:00:00+00:00,8371,19.5,9777,1406,11
2024-01-07 15:30:00+00:00,2024-01-08 12:00:00+00:00,8302,20.5,10111,1809,12
2024-01-07 15:30:00+00:00,2024-01-08 13:00:00+00:00,8123,21.5,10469,2346,13
2024-01-07 15:30:00+00:00,2024-01-08 14:00:00+00:00,8295,22.5,10377,2082,14
2024-01-07 15:30:00+00:00,2024-01-08 15:00:00+00:00,8524,23.5,10317,1793,15
2024-01-07 15:30:00+00:00,2024-01-08 16:00:00+00:00,8754,24.5,10769,2015,16
2024-01-07 15:30:00+00:00,2024-01-08 17:00:00+00:00,9135,25.5,10919,1784,17
2024-01-07 15:30:00+00:00,2024-01-08 18:00:00+00:00,9441,26.5,11362,1921,18
2024-01-07 15:30:00+00:00,2024-01-08 19:00:00+00:00,9505,27.5,11412,1907,19
2024-01-07 15:30:00+00:00,2024-01-08 20:00:00+00:00,9381,28.5,11536,2155,20
2024-01-07 15:30:00+00:00,2024-01-08 21:00:00+00:00,9338,29.5,11660,2322,21
2024-01-07 15:30:00+00:00,2024-01-08 22:00:00+00:00,9200,30.5,11616,2416,22
2024-01-07 15:30:00+00:00,2024-01-08 23:00:00+00:00,8969,31.5,11895,2926,23
2024-01-07 15:30:00+00:00,2024-01-09 00:00:00+00:00,8833,32.5,11819,2986,0
2024-01-07 15:30:00+00:00,2024-01-09 01:00:00+00:00,8567,33.5,11440,2873,1
2024-01-07 15:30:00+00:00,2024-01-09 02:00:00+00:00,8401,34.5,11298,2897,2
2024-01-07 15:30:00+00:00,2024-01-09 03:00:00+00:00,8387,35.5,11356,2969,3
2024-01-07 15:30:00+00:00,2024-01-09 04:00:00+00:00,8530,36.5,11574,3044,4
2024-01-07 15:30:00+00:00,2024-01-09 05:00:00+00:00,8580,37.5,11483,2903,5
2024-01-07 15:30:00+00:00,2024-01-09 06:00:00+00:00,8621,38.5,11659,3038,6
2024-01-07 15:30:00+00:00,2024-01-09 07:00:00+00:00,8610,39.5,12192,3582,7
2024-01-07 15:30:00+00:00,2024-01-09 08:00:00+00:00,8597,40.5,12298,3701,8
2024-01-07 15:30:00+00:00,2024-01-09 09:00:00+00:00,8583,41.5,12411,3828,9
2024-01-07 15:30:00+00:00,2024-01-09 10:00:00+00:00,8434,42.5,12481,4047,10
2024-01-07 15:30:00+00:00,2024-01-09 11:00:00+00:00,8277,43.5,12275,3998,11
2024-01-07 15:30:00+00:00,2024-01-09 12:00:00+00:00,8114,44.5,11866,3752,12
2024-01-07 15:30:00+00:00,2024-01-09 13:00:00+00:00,8121,45.5,11806,3685,13
2024-01-07 15:30:00+00:00,2024-01-09 14:00:00+00:00,8129,46.5,11493,3364,14
2024-01-07 15:30:00+00:00,2024-01-09 15:00:00+00:00,8140,47.5,10939,2799,15
2024-01-07 11:30:00+00:00,2024-01-07 21:00:00+00:00,4612,9.5,3992,620,21
2024-01-07 11:30:00+00:00,2024-01-07 22:00:00+00:00,4586,10.5,3994,592,22
2024-01-07 11:30:00+00:00,2024-01-07 23:00:00+00:00,4778,11.5,4242,536,23
2024-01-07 11:30:00+00:00,2024-01-08 00:00:00+00:00,4999,12.5,4629,370,0
2024-01-07 11:30:00+00:00,2024-01-08 01:00:00+00:00,5304,13.5,5033,271,1
2024-01-07 11:30:00+00:00,2024-01-08 02:00:00+00:00,5653,14.5,5342,311,2
2024-01-07 11:30:00+00:00,2024-01-08 03:00:00+00:00,5841,15.5,6274,433,3
2024-01-07 11:30:00+00:00,2024-01-08 04:00:00+00:00,6242,16.5,6980,738,4
2024-01-07 11:30:00+00:00,2024-01-08 05:00:00+00:00,6651,17.5,7381,730,5
2024-01-07 11:30:00+00:00,2024-01-08 06:00:00+00:00,6901,18.5,7472,571,6
2024-01-07 11:30:00+00:00,2024-01-08 07:00:00+00:00,7096,19.5,7640,544,7
2024-01-07 11:30:00+00:00,2024-01-08 08:00:00+00:00,7415,20.5,8230,815,8
2024-01-07 11:30:00+00:00,2024-01-08 09:00:00+00:00,7573,21.5,8833,1260,9
2024-01-07 11:30:00+00:00,2024-01-08 10:00:00+00:00,7819,22.5,9334,1515,10
2024-01-07 11:30:00+00:00,2024-01-08 11:00:00+00:00,7890,23.5,9777,1887,11
2024-01-07 11:30:00+00:00,2024-01-08 12:00:00+00:00,7935,24.5,10111,2176,12
2024-01-07 11:30:00+00:00,2024-01-08 13:00:00+00:00,7888,25.5,10469,2581,13
2024-01-07 11:30:00+00:00,2024-01-08 14:00:00+00:00,8112,26.5,10377,2265,14
2024-01-07 11:30:00+00:00,2024-01-08 15:00:00+00:00,8350,27.5,10317,1967,15
2024-01-07 11:30:00+00:00,2024-01-08 16:00:00+00:00,8625,28.5,10769,2144,16
2024-01-07 11:30:00+00:00,2024-01-08 17:00:00+00:00,8962,29.5,10919,1957,17
2024-01-07 11:30:00+00:00,2024-01-08 18:00:00+00:00,9260,30.5,11362,2102,18
2024-01-07 11:30:00+00:00,2024-01-08 19:00:00+00:00,9283,31.5,11412,2129,19
2024-01-07 11:30:00+00:00,2024-01-08 20:00:00+00:00,9189,32.5,11536,2347,20
2024-01-07 11:30:00+00:00,2024-01-08 21:00:00+00:00,9188,33.5,11660,2472,21
2024-01-07 11:30:00+00:00,2024-01-08 22:00:00+00:00,9162,34.5,11616,2454,22
2024-01-07 11:30:00+00:00,2024-01-08 23:00:00+00:00,8970,35.5,11895,2925,23
2024-01-07 11:30:00+00:00,2024-01-09 00:00:00+00:00,8856,36.5,11819,2963,0
2024-01-07 11:30:00+00:00,2024-01-09 01:00:00+00:00,8597,37.5,11440,2843,1
2024-01-07 11:30:00+00:00,2024-01-09 02:00:00+00:00,8438,38.5,11298,2860,2
2024-01-07 11:30:00+00:00,2024-01-09 03:00:00+00:00,8377,39.5,11356,2979,3
2024-01-07 11:30:00+00:00,2024-01-09 04:00:00+00:00,8442,40.5,11574,3132,4
2024-01-07 11:30:00+00:00,2024-01-09 05:00:00+00:00,8493,41.5,11483,2990,5
2024-01-07 11:30:00+00:00,2024-01-09 06:00:00+00:00,8538,42.5,11659,3121,6
2024-01-07 11:30:00+00:00,2024-01-09 07:00:00+00:00,8527,43.5,12192,3665,7
2024-01-07 11:30:00+00:00,2024-01-09 08:00:00+00:00,8516,44.5,12298,3782,8
2024-01-07 11:30:00+00:00,2024-01-09 09:00:00+00:00,8505,45.5,12411,3906,9
2024-01-07 11:30:00+00:00,2024-01-09 10:00:00+00:00,8420,46.5,12481,4061,10
2024-01-07 11:30:00+00:00,2024-01-09 11:00:00+00:00,8331,47.5,12275,3944,11
2024-01-07 09:30:00+00:00,2024-01-07 21:00:00+00:00,4611,11.5,3992,619,21
2024-01-07 09:30:00+00:00,2024-01-07 22:00:00+00:00,4588,12.5,3994,594,22
2024-01-07 09:30:00+00:00,2024-01-07 23:00:00+00:00,4791,13.5,4242,549,23
2024-01-07 09:30:00+00:00,2024-01-08 00:00:00+00:00,5023,14.5,4629,394,0
2024-01-07 09:30:00+00:00,2024-01-08 01:00:00+00:00,5339,15.5,5033,306,1
2024-01-07 09:30:00+00:00,2024-01-08 02:00:00+00:00,5670,16.5,5342,328,2
2024-01-07 09:30:00+00:00,2024-01-08 03:00:00+00:00,5865,17.5,6274,409,3
2024-01-07 09:30:00+00:00,2024-01-08 04:00:00+00:00,6272,18.5,6980,708,4
2024-01-07 09:30:00+00:00,2024-01-08 05:00:00+00:00,6653,19.5,7381,728,5
2024-01-07 09:30:00+00:00,2024-01-08 06:00:00+00:00,6887,20.5,7472,585,6
2024-01-07 09:30:00+00:00,2024-01-08 07:00:00+00:00,7088,21.5,7640,552,7
2024-01-07 09:30:00+00:00,2024-01-08 08:00:00+00:00,7398,22.5,8230,832,8
2024-01-07 09:30:00+00:00,2024-01-08 09:00:00+00:00,7590,23.5,8833,1243,9
2024-01-07 09:30:00+00:00,2024-01-08 10:00:00+00:00,7822,24.5,9334,1512,10
2024-01-07 09:30:00+00:00,2024-01-08 11:00:00+00:00,7875,25.5,9777,1902,11
2024-01-07 09:30:00+00:00,2024-01-08 12:00:00+00:00,7931,26.5,10111,2180,12
2024-01-07 09:30:00+00:00,2024-01-08 13:00:00+00:00,7895,27.5,10469,2574,13
2024-01-07 09:30:00+00:00,2024-01-08 14:00:00+00:00,8107,28.5,10377,2270,14
2024-01-07 09:30:00+00:00,2024-01-08 15:00:00+00:00,8359,29.5,10317,1958,15
2024-01-07 09:30:00+00:00,2024-01-08 16:00:00+00:00,8630,30.5,10769,2139,16
2024-01-07 09:30:00+00:00,2024-01-08 17:00:00+00:00,8962,31.5,10919,1957,17
2024-01-07 09:30:00+00:00,2024-01-08 18:00:00+00:00,9268,32.5,11362,2094,18
2024-01-07 09:30:00+00:00,2024-01-08 19:00:00+00:00,9293,33.5,11412,2119,19
2024-01-07 09:30:00+00:00,2024-01-08 20:00:00+00:00,9211,34.5,11536,2325,20
2024-01-07 09:30:00+00:00,2024-01-08 21:00:00+00:00,9218,35.5,11660,2442,21
2024-01-07 09:30:00+00:00,2024-01-08 22:00:00+00:00,9274,36.5,11616,2342,22
2024-01-07 09:30:00+00:00,2024-01-08 23:00:00+00:00,9122,37.5,11895,2773,23
2024-01-07 09:30:00+00:00,2024-01-09 00:00:00+00:00,8953,38.5,11819,2866,0
2024-01-07 09:30:00+00:00,2024-01-09 01:00:00+00:00,8796,39.5,11440,2644,1
2024-01-07 09:30:00+00:00,2024-01-09 02:00:00+00:00,8631,40.5,11298,2667,2
2024-01-07 09:30:00+00:00,2024-01-09 03:00:00+00:00,8457,41.5,11356,2899,3
2024-01-07 09:30:00+00:00,2024-01-09 04:00:00+00:00,8483,42.5,11574,3091,4
2024-01-07 09:30:00+00:00,2024-01-09 05:00:00+00:00,8510,43.5,11483,2973,5
2024-01-07 09:30:00+00:00,2024-01-09 06:00:00+00:00,8539,44.5,11659,3120,6
2024-01-07 09:30:00+00:00,2024-01-09 07:00:00+00:00,8527,45.5,12192,3665,7
2024-01-07 09:30:00+00:00,2024-01-09 08:00:00+00:00,8516,46.5,12298,3782,8
2024-01-07 09:30:00+00:00,2024-01-09 09:00:00+00:00,8505,47.5,12411,3906,9
2024-01-07 07:30:00+00:00,2024-01-07 21:00:00+00:00,4611,13.5,3992,619,21
2024-01-07 07:30:00+00:00,2024-01-07 22:00:00+00:00,4586,14.5,3994,592,22
2024-01-07 07:30:00+00:00,2024-01-07 23:00:00+00:00,4789,15.5,4242,547,23
2024-01-07 07:30:00+00:00,2024-01-08 00:00:00+00:00,5023,16.5,4629,394,0
2024-01-07 07:30:00+00:00,2024-01-08 01:00:00+00:00,5340,17.5,5033,307,1
2024-01-07 07:30:00+00:00,2024-01-08 02:00:00+00:00,5670,18.5,5342,328,2
2024-01-07 07:30:00+00:00,2024-01-08 03:00:00+00:00,5865,19.5,6274,409,3
2024-01-07 07:30:00+00:00,2024-01-08 04:00:00+00:00,6272,20.5,6980,708,4
2024-01-07 07:30:00+00:00,2024-01-08 05:00:00+00:00,6650,21.5,7381,731,5
2024-01-07 07:30:00+00:00,2024-01-08 06:00:00+00:00,6884,22.5,7472,588,6
2024-01-07 07:30:00+00:00,2024-01-08 07:00:00+00:00,7080,23.5,7640,560,7
2024-01-07 07:30:00+00:00,2024-01-08 08:00:00+00:00,7388,24.5,8230,842,8
2024-01-07 07:30:00+00:00,2024-01-08 09:00:00+00:00,7584,25.5,8833,1249,9
2024-01-07 07:30:00+00:00,2024-01-08 10:00:00+00:00,7819,26.5,9334,1515,10
2024-01-07 07:30:00+00:00,2024-01-08 11:00:00+00:00,7873,27.5,9777,1904,11
2024-01-07 07:30:00+00:00,2024-01-08 12:00:00+00:00,7930,28.5,10111,2181,12
2024-01-07 07:30:00+00:00,2024-01-08 13:00:00+00:00,7895,29.5,10469,2574,13
2024-01-07 07:30:00+00:00,2024-01-08 14:00:00+00:00,8106,30.5,10377,2271,14
2024-01-07 07:30:00+00:00,2024-01-08 15:00:00+00:00,8358,31.5,10317,1959,15
2024-01-07 07:30:00+00:00,2024-01-08 16:00:00+00:00,8627,32.5,10769,2142,16
2024-01-07 07:30:00+00:00,2024-01-08 17:00:00+00:00,8959,33.5,10919,1960,17
2024-01-07 07:30:00+00:00,2024-01-08 18:00:00+00:00,9268,34.5,11362,2094,18
2024-01-07 07:30:00+00:00,2024-01-08 19:00:00+00:00,9288,35.5,11412,2124,19
2024-01-07 07:30:00+00:00,2024-01-08 20:00:00+00:00,9202,36.5,11536,2334,20
2024-01-07 07:30:00+00:00,2024-01-08 21:00:00+00:00,9215,37.5,11660,2445,21
2024-01-07 07:30:00+00:00,2024-01-08 22:00:00+00:00,9273,38.5,11616,2343,22
2024-01-07 07:30:00+00:00,2024-01-08 23:00:00+00:00,9122,39.5,11895,2773,23
2024-01-07 07:30:00+00:00,2024-01-09 00:00:00+00:00,8954,40.5,11819,2865,0
2024-01-07 07:30:00+00:00,2024-01-09 01:00:00+00:00,8797,41.5,11440,2643,1
2024-01-07 07:30:00+00:00,2024-01-09 02:00:00+00:00,8632,42.5,11298,2666,2
2024-01-07 07:30:00+00:00,2024-01-09 03:00:00+00:00,8459,43.5,11356,2897,3
2024-01-07 07:30:00+00:00,2024-01-09 04:00:00+00:00,8484,44.5,11574,3090,4
2024-01-07 07:30:00+00:00,2024-01-09 05:00:00+00:00,8511,45.5,11483,2972,5
2024-01-07 07:30:00+00:00,2024-01-09 06:00:00+00:00,8540,46.5,11659,3119,6
2024-01-07 07:30:00+00:00,2024-01-09 07:00:00+00:00,8528,47.5,12192,3664,7
2024-01-07 04:30:00+00:00,2024-01-07 21:00:00+00:00,4685,16.5,3992,693,21
2024-01-07 04:30:00+00:00,2024-01-07 22:00:00+00:00,4808,17.5,3994,814,22
2024-01-07 04:30:00+00:00,2024-01-07 23:00:00+00:00,4981,18.5,4242,739,23
2024-01-07 04:30:00+00:00,2024-01-08 00:00:00+00:00,5338,19.5,4629,709,0
2024-01-07 04:30:00+00:00,2024-01-08 01:00:00+00:00,5551,20.5,5033,518,1
2024-01-07 04:30:00+00:00,2024-01-08 02:00:00+00:00,5899,21.5,5342,557,2
2024-01-07 04:30:00+00:00,2024-01-08 03:00:00+00:00,6042,22.5,6274,232,3
2024-01-07 04:30:00+00:00,2024-01-08 04:00:00+00:00,6449,23.5,6980,531,4
2024-01-07 04:30:00+00:00,2024-01-08 05:00:00+00:00,6824,24.5,7381,557,5
2024-01-07 04:30:00+00:00,2024-01-08 06:00:00+00:00,6991,25.5,7472,481,6
2024-01-07 04:30:00+00:00,2024-01-08 07:00:00+00:00,7095,26.5,7640,545,7
2024-01-07 04:30:00+00:00,2024-01-08 08:00:00+00:00,7341,27.5,8230,889,8
2024-01-07 04:30:00+00:00,2024-01-08 09:00:00+00:00,7546,28.5,8833,1287,9
2024-01-07 04:30:00+00:00,2024-01-08 10:00:00+00:00,7728,29.5,9334,1606,10
2024-01-07 04:30:00+00:00,2024-01-08 11:00:00+00:00,7814,30.5,9777,1963,11
2024-01-07 04:30:00+00:00,2024-01-08 12:00:00+00:00,7900,31.5,10111,2211,12
2024-01-07 04:30:00+00:00,2024-01-08 13:00:00+00:00,7932,32.5,10469,2537,13
2024-01-07 04:30:00+00:00,2024-01-08 14:00:00+00:00,8090,33.5,10377,2287,14
2024-01-07 04:30:00+00:00,2024-01-08 15:00:00+00:00,8295,34.5,10317,2022,15
2024-01-07 04:30:00+00:00,2024-01-08 16:00:00+00:00,8635,35.5,10769,2134,16
2024-01-07 04:30:00+00:00,2024-01-08 17:00:00+00:00,8900,36.5,10919,2019,17
2024-01-07 04:30:00+00:00,2024-01-08 18:00:00+00:00,9168,37.5,11362,2194,18
2024-01-07 04:30:00+00:00,2024-01-08 19:00:00+00:00,9191,38.5,11412,2221,19
2024-01-07 04:30:00+00:00,2024-01-08 20:00:00+00:00,9214,39.5,11536,2322,20
2024-01-07 04:30:00+00:00,2024-01-08 21:00:00+00:00,9238,40.5,11660,2422,21
2024-01-07 04:30:00+00:00,2024-01-08 22:00:00+00:00,9083,41.5,11616,2533,22
2024-01-07 04:30:00+00:00,2024-01-08 23:00:00+00:00,8914,42.5,11895,2981,23
2024-01-07 04:30:00+00:00,2024-01-09 00:00:00+00:00,8732,43.5,11819,3087,0
2024-01-07 04:30:00+00:00,2024-01-09 01:00:00+00:00,8588,44.5,11440,2852,1
2024-01-07 04:30:00+00:00,2024-01-09 02:00:00+00:00,8437,45.5,11298,2861,2
2024-01-07 04:30:00+00:00,2024-01-09 03:00:00+00:00,8278,46.5,11356,3078,3
2024-01-07 04:30:00+00:00,2024-01-09 04:00:00+00:00,8278,47.5,11574,3296,4
2024-01-07 02:30:00+00:00,2024-01-07 21:00:00+00:00,4664,18.5,3992,672,21
2024-01-07 02:30:00+00:00,2024-01-07 22:00:00+00:00,4787,19.5,3994,793,22
2024-01-07 02:30:00+00:00,2024-01-07 23:00:00+00:00,4959,20.5,4242,717,23
2024-01-07 02:30:00+00:00,2024-01-08 00:00:00+00:00,5323,21.5,4629,694,0
2024-01-07 02:30:00+00:00,2024-01-08 01:00:00+00:00,5548,22.5,5033,515,1
2024-01-07 02:30:00+00:00,2024-01-08 02:00:00+00:00,5891,23.5,5342,549,2
2024-01-07 02:30:00+00:00,2024-01-08 03:00:00+00:00,6036,24.5,6274,238,3
2024-01-07 02:30:00+00:00,2024-01-08 04:00:00+00:00,6442,25.5,6980,538,4
2024-01-07 02:30:00+00:00,2024-01-08 05:00:00+00:00,6822,26.5,7381,559,5
2024-01-07 02:30:00+00:00,2024-01-08 06:00:00+00:00,6979,27.5,7472,493,6
2024-01-07 02:30:00+00:00,2024-01-08 07:00:00+00:00,7092,28.5,7640,548,7
2024-01-07 02:30:00+00:00,2024-01-08 08:00:00+00:00,7339,29.5,8230,891,8
2024-01-07 02:30:00+00:00,2024-01-08 09:00:00+00:00,7518,30.5,8833,1315,9
2024-01-07 02:30:00+00:00,2024-01-08 10:00:00+00:00,7727,31.5,9334,1607,10
2024-01-07 02:30:00+00:00,2024-01-08 11:00:00+00:00,7815,32.5,9777,1962,11
2024-01-07 02:30:00+00:00,2024-01-08 12:00:00+00:00,7894,33.5,10111,2217,12
2024-01-07 02:30:00+00:00,2024-01-08 13:00:00+00:00,7931,34.5,10469,2538,13
2024-01-07 02:30:00+00:00,2024-01-08 14:00:00+00:00,8086,35.5,10377,2291,14
2024-01-07 02:30:00+00:00,2024-01-08 15:00:00+00:00,8292,36.5,10317,2025,15
2024-01-07 02:30:00+00:00,2024-01-08 16:00:00+00:00,8637,37.5,10769,2132,16
2024-01-07 02:30:00+00:00,2024-01-08 17:00:00+00:00,8907,38.5,10919,2012,17
2024-01-07 02:30:00+00:00,2024-01-08 18:00:00+00:00,9178,39.5,11362,2184,18
2024-01-07 02:30:00+00:00,2024-01-08 19:00:00+00:00,9201,40.5,11412,2211,19
2024-01-07 02:30:00+00:00,2024-01-08 20:00:00+00:00,9225,41.5,11536,2311,20
2024-01-07 02:30:00+00:00,2024-01-08 21:00:00+00:00,9249,42.5,11660,2411,21
2024-01-07 02:30:00+00:00,2024-01-08 22:00:00+00:00,9094,43.5,11616,2522,22
2024-01-07 02:30:00+00:00,2024-01-08 23:00:00+00:00,8925,44.5,11895,2970,23
2024-01-07 02:30:00+00:00,2024-01-09 00:00:00+00:00,8742,45.5,11819,3077,0
2024-01-07 02:30:00+00:00,2024-01-09 01:00:00+00:00,8598,46.5,11440,2842,1
2024-01-07 02:30:00+00:00,2024-01-09 02:00:00+00:00,8447,47.5,11298,2851,2
2024-01-06 22:30:00+00:00,2024-01-07 03:00:00+00:00,6274,4.5,5881,393,3
2024-01-06 22:30:00+00:00,2024-01-07 04:00:00+00:00,6360,5.5,6342,18,4
2024-01-06 22:30:00+00:00,2024-01-07 05:00:00+00:00,6321,6.5,6290,31,5
2024-01-06 22:30:00+00:00,2024-01-07 06:00:00+00:00,6166,7.5,6402,236,6
2024-01-06 22:30:00+00:00,2024-01-07 07:00:00+00:00,6022,8.5,6138,116,7
2024-01-06 22:30:00+00:00,2024-01-07 08:00:00+00:00,5766,9.5,6044,278,8
2024-01-06 22:30:00+00:00,2024-01-07 09:00:00+00:00,5570,10.5,5549,21,9
2024-01-06 22:30:00+00:00,2024-01-07 10:00:00+00:00,5275,11.5,5311,36,10
2024-01-06 22:30:00+00:00,2024-01-07 11:00:00+00:00,4899,12.5,4848,51,11
2024-01-06 22:30:00+00:00,2024-01-07 12:00:00+00:00,4657,13.5,4435,222,12
2024-01-06 22:30:00+00:00,2024-01-07 13:00:00+00:00,4556,14.5,4437,119,13
2024-01-06 22:30:00+00:00,2024-01-07 14:00:00+00:00,4474,15.5,4332,142,14
2024-01-06 22:30:00+00:00,2024-01-07 15:00:00+00:00,4459,16.5,4325,134,15
2024-01-06 22:30:00+00:00,2024-01-07 16:00:00+00:00,4471,17.5,4299,172,16
2024-01-06 22:30:00+00:00,2024-01-07 17:00:00+00:00,4456,18.5,4316,140,17
2024-01-06 22:30:00+00:00,2024-01-07 18:00:00+00:00,4535,19.5,4324,211,18
2024-01-06 22:30:00+00:00,2024-01-07 19:00:00+00:00,4545,20.5,4202,343,19
2024-01-06 22:30:00+00:00,2024-01-07 20:00:00+00:00,4591,21.5,4032,559,20
2024-01-06 22:30:00+00:00,2024-01-07 21:00:00+00:00,4682,22.5,3992,690,21
2024-01-06 22:30:00+00:00,2024-01-07 22:00:00+00:00,4673,23.5,3994,679,22
2024-01-06 22:30:00+00:00,2024-01-07 23:00:00+00:00,4791,24.5,4242,549,23
2024-01-06 22:30:00+00:00,2024-01-08 00:00:00+00:00,5176,25.5,4629,547,0
2024-01-06 22:30:00+00:00,2024-01-08 01:00:00+00:00,5376,26.5,5033,343,1
2024-01-06 22:30:00+00:00,2024-01-08 02:00:00+00:00,5739,27.5,5342,397,2
2024-01-06 22:30:00+00:00,2024-01-08 03:00:00+00:00,5904,28.5,6274,370,3
2024-01-06 22:30:00+00:00,2024-01-08 04:00:00+00:00,6389,29.5,6980,591,4
2024-01-06 22:30:00+00:00,2024-01-08 05:00:00+00:00,6775,30.5,7381,606,5
2024-01-06 22:30:00+00:00,2024-01-08 06:00:00+00:00,6989,31.5,7472,483,6
2024-01-06 22:30:00+00:00,2024-01-08 07:00:00+00:00,7059,32.5,7640,581,7
2024-01-06 22:30:00+00:00,2024-01-08 08:00:00+00:00,7207,33.5,8230,1023,8
2024-01-06 22:30:00+00:00,2024-01-08 09:00:00+00:00,7361,34.5,8833,1472,9
2024-01-06 22:30:00+00:00,2024-01-08 10:00:00+00:00,7722,35.5,9334,1612,10
2024-01-06 22:30:00+00:00,2024-01-08 11:00:00+00:00,7772,36.5,9777,2005,11
2024-01-06 22:30:00+00:00,2024-01-08 12:00:00+00:00,7819,37.5,10111,2292,12
2024-01-06 22:30:00+00:00,2024-01-08 13:00:00+00:00,7966,38.5,10469,2503,13
2024-01-06 22:30:00+00:00,2024-01-08 14:00:00+00:00,8113,39.5,10377,2264,14
2024-01-06 22:30:00+00:00,2024-01-08 15:00:00+00:00,8263,40.5,10317,2054,15
2024-01-06 22:30:00+00:00,2024-01-08 16:00:00+00:00,8511,41.5,10769,2258,16
2024-01-06 22:30:00+00:00,2024-01-08 17:00:00+00:00,8761,42.5,10919,2158,17
2024-01-06 22:30:00+00:00,2024-01-08 18:00:00+00:00,9011,43.5,11362,2351,18
2024-01-06 22:30:00+00:00,2024-01-08 19:00:00+00:00,9009,44.5,11412,2403,19
2024-01-06 22:30:00+00:00,2024-01-08 20:00:00+00:00,9007,45.5,11536,2529,20
2024-01-06 22:30:00+00:00,2024-01-08 21:00:00+00:00,9004,46.5,11660,2656,21
2024-01-06 18:30:00+00:00,2024-01-06 23:00:00+00:00,6163,4.5,5175,988,23
2024-01-06 18:30:00+00:00,2024-01-07 00:00:00+00:00,6228,5.5,5708,520,0
2024-01-06 18:30:00+00:00,2024-01-07 01:00:00+00:00,6278,6.5,5803,475,1
2024-01-06 18:30:00+00:00,2024-01-07 02:00:00+00:00,6301,7.5,5904,397,2
2024-01-06 18:30:00+00:00,2024-01-07 03:00:00+00:00,6271,8.5,5881,390,3
2024-01-06 18:30:00+00:00,2024-01-07 04:00:00+00:00,6361,9.5,6342,19,4
2024-01-06 18:30:00+00:00,2024-01-07 05:00:00+00:00,6322,10.5,6290,32,5
2024-01-06 18:30:00+00:00,2024-01-07 06:00:00+00:00,6167,11.5,6402,235,6
2024-01-06 18:30:00+00:00,2024-01-07 07:00:00+00:00,6023,12.5,6138,115,7
2024-01-06 18:30:00+00:00,2024-01-07 08:00:00+00:00,5768,13.5,6044,276,8
2024-01-06 18:30:00+00:00,2024-01-07 09:00:00+00:00,5574,14.5,5549,25,9
2024-01-06 18:30:00+00:00,2024-01-07 10:00:00+00:00,5276,15.5,5311,35,10
2024-01-06 18:30:00+00:00,2024-01-07 11:00:00+00:00,4899,16.5,4848,51,11
2024-01-06 18:30:00+00:00,2024-01-07 12:00:00+00:00,4657,17.5,4435,222,12
2024-01-06 18:30:00+00:00,2024-01-07 13:00:00+00:00,4557,18.5,4437,120,13
2024-01-06 18:30:00+00:00,2024-01-07 14:00:00+00:00,4475,19.5,4332,143,14
2024-01-06 18:30:00+00:00,2024-01-07 15:00:00+00:00,4458,20.5,4325,133,15
2024-01-06 18:30:00+00:00,2024-01-07 16:00:00+00:00,4470,21.5,4299,171,16
2024-01-06 18:30:00+00:00,2024-01-07 17:00:00+00:00,4450,22.5,4316,134,17
2024-01-06 18:30:00+00:00,2024-01-07 18:00:00+00:00,4530,23.5,4324,206,18
2024-01-06 18:30:00+00:00,2024-01-07 19:00:00+00:00,4538,24.5,4202,336,19
2024-01-06 18:30:00+00:00,2024-01-07 20:00:00+00:00,4588,25.5,4032,556,20
2024-01-06 18:30:00+00:00,2024-01-07 21:00:00+00:00,4677,26.5,3992,685,21
2024-01-06 18:30:00+00:00,2024-01-07 22:00:00+00:00,4670,27.5,3994,676,22
2024-01-06 18:30:00+00:00,2024-01-07 23:00:00+00:00,4793,28.5,4242,551,23
2024-01-06 18:30:00+00:00,2024-01-08 00:00:00+00:00,5184,29.5,4629,555,0
2024-01-06 18:30:00+00:00,2024-01-08 01:00:00+00:00,5376,30.5,5033,343,1
2024-01-06 18:30:00+00:00,2024-01-08 02:00:00+00:00,5729,31.5,5342,387,2
2024-01-06 18:30:00+00:00,2024-01-08 03:00:00+00:00,5906,32.5,6274,368,3
2024-01-06 18:30:00+00:00,2024-01-08 04:00:00+00:00,6387,33.5,6980,593,4
2024-01-06 18:30:00+00:00,2024-01-08 05:00:00+00:00,6757,34.5,7381,624,5
2024-01-06 18:30:00+00:00,2024-01-08 06:00:00+00:00,6987,35.5,7472,485,6
2024-01-06 18:30:00+00:00,2024-01-08 07:00:00+00:00,7048,36.5,7640,592,7
2024-01-06 18:30:00+00:00,2024-01-08 08:00:00+00:00,7191,37.5,8230,1039,8
2024-01-06 18:30:00+00:00,2024-01-08 09:00:00+00:00,7352,38.5,8833,1481,9
2024-01-06 18:30:00+00:00,2024-01-08 10:00:00+00:00,7720,39.5,9334,1614,10
2024-01-06 18:30:00+00:00,2024-01-08 11:00:00+00:00,7773,40.5,9777,2004,11
2024-01-06 18:30:00+00:00,2024-01-08 12:00:00+00:00,7821,41.5,10111,2290,12
2024-01-06 18:30:00+00:00,2024-01-08 13:00:00+00:00,7969,42.5,10469,2500,13
2024-01-06 18:30:00+00:00,2024-01-08 14:00:00+00:00,8116,43.5,10377,2261,14
2024-01-06 18:30:00+00:00,2024-01-08 15:00:00+00:00,8265,44.5,10317,2052,15
2024-01-06 18:30:00+00:00,2024-01-08 16:00:00+00:00,8515,45.5,10769,2254,16
2024-01-06 18:30:00+00:00,2024-01-08 17:00:00+00:00,8766,46.5,10919,2153,17
2024-01-06 18:30:00+00:00,2024-01-08 18:00:00+00:00,9018,47.5,11362,2344,18
2024-01-06 15:30:00+00:00,2024-01-06 21:00:00+00:00,6078,5.5,4916,1162,21
2024-01-06 15:30:00+00:00,2024-01-06 22:00:00+00:00,6181,6.5,5090,1091,22
2024-01-06 15:30:00+00:00,2024-01-06 23:00:00+00:00,6214,7.5,5175,1039,23
2024-01-06 15:30:00+00:00,2024-01-07 00:00:00+00:00,6228,8.5,5708,520,0
2024-01-06 15:30:00+00:00,2024-01-07 01:00:00+00:00,6305,9.5,5803,502,1
2024-01-06 15:30:00+00:00,2024-01-07 02:00:00+00:00,6272,10.5,5904,368,2
2024-01-06 15:30:00+00:00,2024-01-07 03:00:00+00:00,6437,11.5,5881,556,3
2024-01-06 15:30:00+00:00,2024-01-07 04:00:00+00:00,6311,12.5,6342,31,4
2024-01-06 15:30:00+00:00,2024-01-07 05:00:00+00:00,6269,13.5,6290,21,5
2024-01-06 15:30:00+00:00,2024-01-07 06:00:00+00:00,6160,14.5,6402,242,6
2024-01-06 15:30:00+00:00,2024-01-07 07:00:00+00:00,5988,15.5,6138,150,7
2024-01-06 15:30:00+00:00,2024-01-07 08:00:00+00:00,5798,16.5,6044,246,8
2024-01-06 15:30:00+00:00,2024-01-07 09:00:00+00:00,5559,17.5,5549,10,9
2024-01-06 15:30:00+00:00,2024-01-07 10:00:00+00:00,5284,18.5,5311,27,10
2024-01-06 15:30:00+00:00,2024-01-07 11:00:00+00:00,4977,19.5,4848,129,11
2024-01-06 15:30:00+00:00,2024-01-07 12:00:00+00:00,4763,20.5,4435,328,12
2024-01-06 15:30:00+00:00,2024-01-07 13:00:00+00:00,4605,21.5,4437,168,13
2024-01-06 15:30:00+00:00,2024-01-07 14:00:00+00:00,4547,22.5,4332,215,14
2024-01-06 15:30:00+00:00,2024-01-07 15:00:00+00:00,4542,23.5,4325,217,15
2024-01-06 15:30:00+00:00,2024-01-07 16:00:00+00:00,4601,24.5,4299,302,16
2024-01-06 15:30:00+00:00,2024-01-07 17:00:00+00:00,4650,25.5,4316,334,17
2024-01-06 15:30:00+00:00,2024-01-07 18:00:00+00:00,4713,26.5,4324,389,18
2024-01-06 15:30:00+00:00,2024-01-07 19:00:00+00:00,4796,27.5,4202,594,19
2024-01-06 15:30:00+00:00,2024-01-07 20:00:00+00:00,4815,28.5,4032,783,20
2024-01-06 15:30:00+00:00,2024-01-07 21:00:00+00:00,4984,29.5,3992,992,21
2024-01-06 15:30:00+00:00,2024-01-07 22:00:00+00:00,4975,30.5,3994,981,22
2024-01-06 15:30:00+00:00,2024-01-07 23:00:00+00:00,5060,31.5,4242,818,23
2024-01-06 15:30:00+00:00,2024-01-08 00:00:00+00:00,5382,32.5,4629,753,0
2024-01-06 15:30:00+00:00,2024-01-08 01:00:00+00:00,5454,33.5,5033,421,1
2024-01-06 15:30:00+00:00,2024-01-08 02:00:00+00:00,5816,34.5,5342,474,2
2024-01-06 15:30:00+00:00,2024-01-08 03:00:00+00:00,5996,35.5,6274,278,3
2024-01-06 15:30:00+00:00,2024-01-08 04:00:00+00:00,7012,36.5,6980,32,4
2024-01-06 15:30:00+00:00,2024-01-08 05:00:00+00:00,7256,37.5,7381,125,5
2024-01-06 15:30:00+00:00,2024-01-08 06:00:00+00:00,7484,38.5,7472,12,6
2024-01-06 15:30:00+00:00,2024-01-08 07:00:00+00:00,7564,39.5,7640,76,7
2024-01-06 15:30:00+00:00,2024-01-08 08:00:00+00:00,7645,40.5,8230,585,8
2024-01-06 15:30:00+00:00,2024-01-08 09:00:00+00:00,7728,41.5,8833,1105,9
2024-01-06 15:30:00+00:00,2024-01-08 10:00:00+00:00,7709,42.5,9334,1625,10
2024-01-06 15:30:00+00:00,2024-01-08 11:00:00+00:00,7688,43.5,9777,2089,11
2024-01-06 15:30:00+00:00,2024-01-08 12:00:00+00:00,7665,44.5,10111,2446,12
2024-01-06 15:30:00+00:00,2024-01-08 13:00:00+00:00,7774,45.5,10469,2695,13
2024-01-06 15:30:00+00:00,2024-01-08 14:00:00+00:00,7888,46.5,10377,2489,14
2024-01-06 15:30:00+00:00,2024-01-08 15:00:00+00:00,8010,47.5,10317,2307,15
2024-01-06 11:30:00+00:00,2024-01-06 21:00:00+00:00,6031,9.5,4916,1115,21
2024-01-06 11:30:00+00:00,2024-01-06 22:00:00+00:00,6021,10.5,5090,931,22
2024-01-06 11:30:00+00:00,2024-01-06 23:00:00+00:00,6019,11.5,5175,844,23
2024-01-06 11:30:00+00:00,2024-01-07 00:00:00+00:00,5995,12.5,5708,287,0
2024-01-06 11:30:00+00:00,2024-01-07 01:00:00+00:00,6049,13.5,5803,246,1
2024-01-06 11:30:00+00:00,2024-01-07 02:00:00+00:00,6078,14.5,5904,174,2
2024-01-06 11:30:00+00:00,2024-01-07 03:00:00+00:00,6152,15.5,5881,271,3
2024-01-06 11:30:00+00:00,2024-01-07 04:00:00+00:00,6020,16.5,6342,322,4
2024-01-06 11:30:00+00:00,2024-01-07 05:00:00+00:00,6025,17.5,6290,265,5
2024-01-06 11:30:00+00:00,2024-01-07 06:00:00+00:00,5974,18.5,6402,428,6
2024-01-06 11:30:00+00:00,2024-01-07 07:00:00+00:00,5861,19.5,6138,277,7
2024-01-06 11:30:00+00:00,2024-01-07 08:00:00+00:00,5683,20.5,6044,361,8
2024-01-06 11:30:00+00:00,2024-01-07 09:00:00+00:00,5493,21.5,5549,56,9
2024-01-06 11:30:00+00:00,2024-01-07 10:00:00+00:00,5247,22.5,5311,64,10
2024-01-06 11:30:00+00:00,2024-01-07 11:00:00+00:00,4979,23.5,4848,131,11
2024-01-06 11:30:00+00:00,2024-01-07 12:00:00+00:00,4716,24.5,4435,281,12
2024-01-06 11:30:00+00:00,2024-01-07 13:00:00+00:00,4598,25.5,4437,161,13
2024-01-06 11:30:00+00:00,2024-01-07 14:00:00+00:00,4515,26.5,4332,183,14
2024-01-06 11:30:00+00:00,2024-01-07 15:00:00+00:00,4509,27.5,4325,184,15
2024-01-06 11:30:00+00:00,2024-01-07 16:00:00+00:00,4689,28.5,4299,390,16
2024-01-06 11:30:00+00:00,2024-01-07 17:00:00+00:00,4840,29.5,4316,524,17
2024-01-06 11:30:00+00:00,2024-01-07 18:00:00+00:00,4971,30.5,4324,647,18
2024-01-06 11:30:00+00:00,2024-01-07 19:00:00+00:00,5094,31.5,4202,892,19
2024-01-06 11:30:00+00:00,2024-01-07 20:00:00+00:00,5135,32.5,4032,1103,20
2024-01-06 11:30:00+00:00,2024-01-07 21:00:00+00:00,5274,33.5,3992,1282,21
2024-01-06 11:30:00+00:00,2024-01-07 22:00:00+00:00,5580,34.5,3994,1586,22
2024-01-06 11:30:00+00:00,2024-01-07 23:00:00+00:00,5699,35.5,4242,1457,23
2024-01-06 11:30:00+00:00,2024-01-08 00:00:00+00:00,5925,36.5,4629,1296,0
2024-01-06 11:30:00+00:00,2024-01-08 01:00:00+00:00,6034,37.5,5033,1001,1
2024-01-06 11:30:00+00:00,2024-01-08 02:00:00+00:00,6230,38.5,5342,888,2
2024-01-06 11:30:00+00:00,2024-01-08 03:00:00+00:00,6508,39.5,6274,234,3
2024-01-06 11:30:00+00:00,2024-01-08 04:00:00+00:00,6764,40.5,6980,216,4
2024-01-06 11:30:00+00:00,2024-01-08 05:00:00+00:00,7001,41.5,7381,380,5
2024-01-06 11:30:00+00:00,2024-01-08 06:00:00+00:00,7225,42.5,7472,247,6
2024-01-06 11:30:00+00:00,2024-01-08 07:00:00+00:00,7275,43.5,7640,365,7
2024-01-06 11:30:00+00:00,2024-01-08 08:00:00+00:00,7325,44.5,8230,905,8
2024-01-06 11:30:00+00:00,2024-01-08 09:00:00+00:00,7377,45.5,8833,1456,9
2024-01-06 11:30:00+00:00,2024-01-08 10:00:00+00:00,7277,46.5,9334,2057,10
2024-01-06 11:30:00+00:00,2024-01-08 11:00:00+00:00,7172,47.5,9777,2605,11
2024-01-06 09:30:00+00:00,2024-01-06 21:00:00+00:00,6039,11.5,4916,1123,21
2024-01-06 09:30:00+00:00,2024-01-06 22:00:00+00:00,6045,12.5,5090,955,22
2024-01-06 09:30:00+00:00,2024-01-06 23:00:00+00:00,6029,13.5,5175,854,23
2024-01-06 09:30:00+00:00,2024-01-07 00:00:00+00:00,6020,14.5,5708,312,0
2024-01-06 09:30:00+00:00,2024-01-07 01:00:00+00:00,6070,15.5,5803,267,1
2024-01-06 09:30:00+00:00,2024-01-07 02:00:00+00:00,6093,16.5,5904,189,2
2024-01-06 09:30:00+00:00,2024-01-07 03:00:00+00:00,6170,17.5,5881,289,3
2024-01-06 09:30:00+00:00,2024-01-07 04:00:00+00:00,6039,18.5,6342,303,4
2024-01-06 09:30:00+00:00,2024-01-07 05:00:00+00:00,6032,19.5,6290,258,5
2024-01-06 09:30:00+00:00,2024-01-07 06:00:00+00:00,5985,20.5,6402,417,6
2024-01-06 09:30:00+00:00,2024-01-07 07:00:00+00:00,5862,21.5,6138,276,7
2024-01-06 09:30:00+00:00,2024-01-07 08:00:00+00:00,5687,22.5,6044,357,8
2024-01-06 09:30:00+00:00,2024-01-07 09:00:00+00:00,5498,23.5,5549,51,9
2024-01-06 09:30:00+00:00,2024-01-07 10:00:00+00:00,5250,24.5,5311,61,10
2024-01-06 09:30:00+00:00,2024-01-07 11:00:00+00:00,4982,25.5,4848,134,11
2024-01-06 09:30:00+00:00,2024-01-07 12:00:00+00:00,4721,26.5,4435,286,12
2024-01-06 09:30:00+00:00,2024-01-07 13:00:00+00:00,4595,27.5,4437,158,13
2024-01-06 09:30:00+00:00,2024-01-07 14:00:00+00:00,4516,28.5,4332,184,14
2024-01-06 09:30:00+00:00,2024-01-07 15:00:00+00:00,4510,29.5,4325,185,15
2024-01-06 09:30:00+00:00,2024-01-07 16:00:00+00:00,4692,30.5,4299,393,16
2024-01-06 09:30:00+00:00,2024-01-07 17:00:00+00:00,4841,31.5,4316,525,17
2024-01-06 09:30:00+00:00,2024-01-07 18:00:00+00:00,4993,32.5,4324,669,18
2024-01-06 09:30:00+00:00,2024-01-07 19:00:00+00:00,5091,33.5,4202,889,19
2024-01-06 09:30:00+00:00,2024-01-07 20:00:00+00:00,5138,34.5,4032,1106,20
2024-01-06 09:30:00+00:00,2024-01-07 21:00:00+00:00,5315,35.5,3992,1323,21
2024-01-06 09:30:00+00:00,2024-01-07 22:00:00+00:00,5722,36.5,3994,1728,22
2024-01-06 09:30:00+00:00,2024-01-07 23:00:00+00:00,5876,37.5,4242,1634,23
2024-01-06 09:30:00+00:00,2024-01-08 00:00:00+00:00,6026,38.5,4629,1397,0
2024-01-06 09:30:00+00:00,2024-01-08 01:00:00+00:00,6219,39.5,5033,1186,1
2024-01-06 09:30:00+00:00,2024-01-08 02:00:00+00:00,6408,40.5,5342,1066,2
2024-01-06 09:30:00+00:00,2024-01-08 03:00:00+00:00,6591,41.5,6274,317,3
2024-01-06 09:30:00+00:00,2024-01-08 04:00:00+00:00,6809,42.5,6980,171,4
2024-01-06 09:30:00+00:00,2024-01-08 05:00:00+00:00,7021,43.5,7381,360,5
2024-01-06 09:30:00+00:00,2024-01-08 06:00:00+00:00,7226,44.5,7472,246,6
2024-01-06 09:30:00+00:00,2024-01-08 07:00:00+00:00,7276,45.5,7640,364,7
2024-01-06 09:30:00+00:00,2024-01-08 08:00:00+00:00,7327,46.5,8230,903,8
2024-01-06 09:30:00+00:00,2024-01-08 09:00:00+00:00,7379,47.5,8833,1454,9
2024-01-06 07:30:00+00:00,2024-01-06 21:00:00+00:00,6039,13.5,4916,1123,21
2024-01-06 07:30:00+00:00,2024-01-06 22:00:00+00:00,6042,14.5,5090,952,22
2024-01-06 07:30:00+00:00,2024-01-06 23:00:00+00:00,6023,15.5,5175,848,23
2024-01-06 07:30:00+00:00,2024-01-07 00:00:00+00:00,6013,16.5,5708,305,0
2024-01-06 07:30:00+00:00,2024-01-07 01:00:00+00:00,6063,17.5,5803,260,1
2024-01-06 07:30:00+00:00,2024-01-07 02:00:00+00:00,6087,18.5,5904,183,2
2024-01-06 07:30:00+00:00,2024-01-07 03:00:00+00:00,6164,19.5,5881,283,3
2024-01-06 07:30:00+00:00,2024-01-07 04:00:00+00:00,6035,20.5,6342,307,4
2024-01-06 07:30:00+00:00,2024-01-07 05:00:00+00:00,6028,21.5,6290,262,5
2024-01-06 07:30:00+00:00,2024-01-07 06:00:00+00:00,5982,22.5,6402,420,6
2024-01-06 07:30:00+00:00,2024-01-07 07:00:00+00:00,5860,23.5,6138,278,7
2024-01-06 07:30:00+00:00,2024-01-07 08:00:00+00:00,5686,24.5,6044,358,8
2024-01-06 07:30:00+00:00,2024-01-07 09:00:00+00:00,5498,25.5,5549,51,9
2024-01-06 07:30:00+00:00,2024-01-07 10:00:00+00:00,5249,26.5,5311,62,10
2024-01-06 07:30:00+00:00,2024-01-07 11:00:00+00:00,4982,27.5,4848,134,11
2024-01-06 07:30:00+00:00,2024-01-07 12:00:00+00:00,4720,28.5,4435,285,12
2024-01-06 07:30:00+00:00,2024-01-07 13:00:00+00:00,4595,29.5,4437,158,13
2024-01-06 07:30:00+00:00,2024-01-07 14:00:00+00:00,4516,30.5,4332,184,14
2024-01-06 07:30:00+00:00,2024-01-07 15:00:00+00:00,4509,31.5,4325,184,15
2024-01-06 07:30:00+00:00,2024-01-07 16:00:00+00:00,4690,32.5,4299,391,16
2024-01-06 07:30:00+00:00,2024-01-07 17:00:00+00:00,4835,33.5,4316,519,17
2024-01-06 07:30:00+00:00,2024-01-07 18:00:00+00:00,4990,34.5,4324,666,18
2024-01-06 07:30:00+00:00,2024-01-07 19:00:00+00:00,5082,35.5,4202,880,19
2024-01-06 07:30:00+00:00,2024-01-07 20:00:00+00:00,5129,36.5,4032,1097,20
2024-01-06 07:30:00+00:00,2024-01-07 21:00:00+00:00,5310,37.5,3992,1318,21
2024-01-06 07:30:00+00:00,2024-01-07 22:00:00+00:00,5721,38.5,3994,1727,22
2024-01-06 07:30:00+00:00,2024-01-07 23:00:00+00:00,5876,39.5,4242,1634,23
2024-01-06 07:30:00+00:00,2024-01-08 00:00:00+00:00,6028,40.5,4629,1399,0
2024-01-06 07:30:00+00:00,2024-01-08 01:00:00+00:00,6221,41.5,5033,1188,1
2024-01-06 07:30:00+00:00,2024-01-08 02:00:00+00:00,6409,42.5,5342,1067,2
2024-01-06 07:30:00+00:00,2024-01-08 03:00:00+00:00,6593,43.5,6274,319,3
2024-01-06 07:30:00+00:00,2024-01-08 04:00:00+00:00,6810,44.5,6980,170,4
2024-01-06 07:30:00+00:00,2024-01-08 05:00:00+00:00,7022,45.5,7381,359,5
2024-01-06 07:30:00+00:00,2024-01-08 06:00:00+00:00,7227,46.5,7472,245,6
2024-01-06 07:30:00+00:00,2024-01-08 07:00:00+00:00,7277,47.5,7640,363,7
2024-01-06 04:30:00+00:00,2024-01-06 21:00:00+00:00,6267,16.5,4916,1351,21
2024-01-06 04:30:00+00:00,2024-01-06 22:00:00+00:00,6257,17.5,5090,1167,22
2024-01-06 04:30:00+00:00,2024-01-06 23:00:00+00:00,6238,18.5,5175,1063,23
2024-01-06 04:30:00+00:00,2024-01-07 00:00:00+00:00,6155,19.5,5708,447,0
2024-01-06 04:30:00+00:00,2024-01-07 01:00:00+00:00,6233,20.5,5803,430,1
2024-01-06 04:30:00+00:00,2024-01-07 02:00:00+00:00,6155,21.5,5904,251,2
2024-01-06 04:30:00+00:00,2024-01-07 03:00:00+00:00,6015,22.5,5881,134,3
2024-01-06 04:30:00+00:00,2024-01-07 04:00:00+00:00,6013,23.5,6342,329,4
2024-01-06 04:30:00+00:00,2024-01-07 05:00:00+00:00,6004,24.5,6290,286,5
2024-01-06 04:30:00+00:00,2024-01-07 06:00:00+00:00,5959,25.5,6402,443,6
2024-01-06 04:30:00+00:00,2024-01-07 07:00:00+00:00,5822,26.5,6138,316,7
2024-01-06 04:30:00+00:00,2024-01-07 08:00:00+00:00,5615,27.5,6044,429,8
2024-01-06 04:30:00+00:00,2024-01-07 09:00:00+00:00,5416,28.5,5549,133,9
2024-01-06 04:30:00+00:00,2024-01-07 10:00:00+00:00,5134,29.5,5311,177,10
2024-01-06 04:30:00+00:00,2024-01-07 11:00:00+00:00,4890,30.5,4848,42,11
2024-01-06 04:30:00+00:00,2024-01-07 12:00:00+00:00,4650,31.5,4435,215,12
2024-01-06 04:30:00+00:00,2024-01-07 13:00:00+00:00,4552,32.5,4437,115,13
2024-01-06 04:30:00+00:00,2024-01-07 14:00:00+00:00,4497,33.5,4332,165,14
2024-01-06 04:30:00+00:00,2024-01-07 15:00:00+00:00,4522,34.5,4325,197,15
2024-01-06 04:30:00+00:00,2024-01-07 16:00:00+00:00,5110,35.5,4299,811,16
2024-01-06 04:30:00+00:00,2024-01-07 17:00:00+00:00,5331,36.5,4316,1015,17
2024-01-06 04:30:00+00:00,2024-01-07 18:00:00+00:00,5560,37.5,4324,1236,18
2024-01-06 04:30:00+00:00,2024-01-07 19:00:00+00:00,5736,38.5,4202,1534,19
2024-01-06 04:30:00+00:00,2024-01-07 20:00:00+00:00,5919,39.5,4032,1887,20
2024-01-06 04:30:00+00:00,2024-01-07 21:00:00+00:00,6109,40.5,3992,2117,21
2024-01-06 04:30:00+00:00,2024-01-07 22:00:00+00:00,6235,41.5,3994,2241,22
2024-01-06 04:30:00+00:00,2024-01-07 23:00:00+00:00,6363,42.5,4242,2121,23
2024-01-06 04:30:00+00:00,2024-01-08 00:00:00+00:00,6494,43.5,4629,1865,0
2024-01-06 04:30:00+00:00,2024-01-08 01:00:00+00:00,6632,44.5,5033,1599,1
2024-01-06 04:30:00+00:00,2024-01-08 02:00:00+00:00,6767,45.5,5342,1425,2
2024-01-06 04:30:00+00:00,2024-01-08 03:00:00+00:00,6899,46.5,6274,625,3
2024-01-06 04:30:00+00:00,2024-01-08 04:00:00+00:00,7112,47.5,6980,132,4
2024-01-06 02:30:00+00:00,2024-01-06 21:00:00+00:00,6271,18.5,4916,1355,21
2024-01-06 02:30:00+00:00,2024-01-06 22:00:00+00:00,6255,19.5,5090,1165,22
2024-01-06 02:30:00+00:00,2024-01-06 23:00:00+00:00,6239,20.5,5175,1064,23
2024-01-06 02:30:00+00:00,2024-01-07 00:00:00+00:00,6157,21.5,5708,449,0
2024-01-06 02:30:00+00:00,2024-01-07 01:00:00+00:00,6236,22.5,5803,433,1
2024-01-06 02:30:00+00:00,2024-01-07 02:00:00+00:00,6155,23.5,5904,251,2
2024-01-06 02:30:00+00:00,2024-01-07 03:00:00+00:00,6005,24.5,5881,124,3
2024-01-06 02:30:00+00:00,2024-01-07 04:00:00+00:00,6015,25.5,6342,327,4
2024-01-06 02:30:00+00:00,2024-01-07 05:00:00+00:00,6004,26.5,6290,286,5
2024-01-06 02:30:00+00:00,2024-01-07 06:00:00+00:00,5952,27.5,6402,450,6
2024-01-06 02:30:00+00:00,2024-01-07 07:00:00+00:00,5822,28.5,6138,316,7
2024-01-06 02:30:00+00:00,2024-01-07 08:00:00+00:00,5616,29.5,6044,428,8
2024-01-06 02:30:00+00:00,2024-01-07 09:00:00+00:00,5413,30.5,5549,136,9
2024-01-06 02:30:00+00:00,2024-01-07 10:00:00+00:00,5135,31.5,5311,176,10
2024-01-06 02:30:00+00:00,2024-01-07 11:00:00+00:00,4890,32.5,4848,42,11
2024-01-06 02:30:00+00:00,2024-01-07 12:00:00+00:00,4651,33.5,4435,216,12
2024-01-06 02:30:00+00:00,2024-01-07 13:00:00+00:00,4551,34.5,4437,114,13
2024-01-06 02:30:00+00:00,2024-01-07 14:00:00+00:00,4497,35.5,4332,165,14
2024-01-06 02:30:00+00:00,2024-01-07 15:00:00+00:00,4520,36.5,4325,195,15
2024-01-06 02:30:00+00:00,2024-01-07 16:00:00+00:00,5111,37.5,4299,812,16
2024-01-06 02:30:00+00:00,2024-01-07 17:00:00+00:00,5335,38.5,4316,1019,17
2024-01-06 02:30:00+00:00,2024-01-07 18:00:00+00:00,5567,39.5,4324,1243,18
2024-01-06 02:30:00+00:00,2024-01-07 19:00:00+00:00,5745,40.5,4202,1543,19
2024-01-06 02:30:00+00:00,2024-01-07 20:00:00+00:00,5929,41.5,4032,1897,20
2024-01-06 02:30:00+00:00,2024-01-07 21:00:00+00:00,6121,42.5,3992,2129,21
2024-01-06 02:30:00+00:00,2024-01-07 22:00:00+00:00,6249,43.5,3994,2255,22
2024-01-06 02:30:00+00:00,2024-01-07 23:00:00+00:00,6378,44.5,4242,2136,23
2024-01-06 02:30:00+00:00,2024-01-08 00:00:00+00:00,6510,45.5,4629,1881,0
2024-01-06 02:30:00+00:00,2024-01-08 01:00:00+00:00,6650,46.5,5033,1617,1
2024-01-06 02:30:00+00:00,2024-01-08 02:00:00+00:00,6786,47.5,5342,1444,2
2024-01-05 22:30:00+00:00,2024-01-06 03:00:00+00:00,6457,4.5,6074,383,3
2024-01-05 22:30:00+00:00,2024-01-06 04:00:00+00:00,6410,5.5,5871,539,4
2024-01-05 22:30:00+00:00,2024-01-06 05:00:00+00:00,6524,6.5,5734,790,5
2024-01-05 22:30:00+00:00,2024-01-06 06:00:00+00:00,6631,7.5,5712,919,6
2024-01-05 22:30:00+00:00,2024-01-06 07:00:00+00:00,6390,8.5,6033,357,7
2024-01-05 22:30:00+00:00,2024-01-06 08:00:00+00:00,6442,9.5,5771,671,8
2024-01-05 22:30:00+00:00,2024-01-06 09:00:00+00:00,6517,10.5,5244,1273,9
2024-01-05 22:30:00+00:00,2024-01-06 10:00:00+00:00,6359,11.5,4940,1419,10
2024-01-05 22:30:00+00:00,2024-01-06 11:00:00+00:00,6332,12.5,4696,1636,11
2024-01-05 22:30:00+00:00,2024-01-06 12:00:00+00:00,6235,13.5,4362,1873,12
2024-01-05 22:30:00+00:00,2024-01-06 13:00:00+00:00,6463,14.5,4591,1872,13
2024-01-05 22:30:00+00:00,2024-01-06 14:00:00+00:00,6627,15.5,4539,2088,14
2024-01-05 22:30:00+00:00,2024-01-06 15:00:00+00:00,6747,16.5,4631,2116,15
2024-01-05 22:30:00+00:00,2024-01-06 16:00:00+00:00,6772,17.5,5248,1524,16
2024-01-05 22:30:00+00:00,2024-01-06 17:00:00+00:00,6830,18.5,5212,1618,17
2024-01-05 22:30:00+00:00,2024-01-06 18:00:00+00:00,6815,19.5,5050,1765,18
2024-01-05 22:30:00+00:00,2024-01-06 19:00:00+00:00,6594,20.5,4878,1716,19
2024-01-05 22:30:00+00:00,2024-01-06 20:00:00+00:00,6488,21.5,5132,1356,20
2024-01-05 22:30:00+00:00,2024-01-06 21:00:00+00:00,6480,22.5,4916,1564,21
2024-01-05 22:30:00+00:00,2024-01-06 22:00:00+00:00,6378,23.5,5090,1288,22
2024-01-05 22:30:00+00:00,2024-01-06 23:00:00+00:00,6434,24.5,5175,1259,23
2024-01-05 22:30:00+00:00,2024-01-07 00:00:00+00:00,6334,25.5,5708,626,0
2024-01-05 22:30:00+00:00,2024-01-07 01:00:00+00:00,6394,26.5,5803,591,1
2024-01-05 22:30:00+00:00,2024-01-07 02:00:00+00:00,6226,27.5,5904,322,2
2024-01-05 22:30:00+00:00,2024-01-07 03:00:00+00:00,6083,28.5,5881,202,3
2024-01-05 22:30:00+00:00,2024-01-07 04:00:00+00:00,6113,29.5,6342,229,4
2024-01-05 22:30:00+00:00,2024-01-07 05:00:00+00:00,6023,30.5,6290,267,5
2024-01-05 22:30:00+00:00,2024-01-07 06:00:00+00:00,5959,31.5,6402,443,6
2024-01-05 22:30:00+00:00,2024-01-07 07:00:00+00:00,5786,32.5,6138,352,7
2024-01-05 22:30:00+00:00,2024-01-07 08:00:00+00:00,5622,33.5,6044,422,8
2024-01-05 22:30:00+00:00,2024-01-07 09:00:00+00:00,5426,34.5,5549,123,9
2024-01-05 22:30:00+00:00,2024-01-07 10:00:00+00:00,5050,35.5,5311,261,10
2024-01-05 22:30:00+00:00,2024-01-07 11:00:00+00:00,4900,36.5,4848,52,11
2024-01-05 22:30:00+00:00,2024-01-07 12:00:00+00:00,4752,37.5,4435,317,12
2024-01-05 22:30:00+00:00,2024-01-07 13:00:00+00:00,4773,38.5,4437,336,13
2024-01-05 22:30:00+00:00,2024-01-07 14:00:00+00:00,4796,39.5,4332,464,14
2024-01-05 22:30:00+00:00,2024-01-07 15:00:00+00:00,4822,40.5,4325,497,15
2024-01-05 22:30:00+00:00,2024-01-07 16:00:00+00:00,5055,41.5,4299,756,16
2024-01-05 22:30:00+00:00,2024-01-07 17:00:00+00:00,5299,42.5,4316,983,17
2024-01-05 22:30:00+00:00,2024-01-07 18:00:00+00:00,5554,43.5,4324,1230,18
2024-01-05 22:30:00+00:00,2024-01-07 19:00:00+00:00,5775,44.5,4202,1573,19
2024-01-05 22:30:00+00:00,2024-01-07 20:00:00+00:00,6005,45.5,4032,1973,20
2024-01-05 22:30:00+00:00,2024-01-07 21:00:00+00:00,6245,46.5,3992,2253,21
2024-01-05 18:30:00+00:00,2024-01-05 23:00:00+00:00,6565,4.5,5845,720,23
2024-01-05 18:30:00+00:00,2024-01-06 00:00:00+00:00,6586,5.5,5741,845,0
2024-01-05 18:30:00+00:00,2024-01-06 01:00:00+00:00,6377,6.5,5877,500,1
2024-01-05 18:30:00+00:00,2024-01-06 02:00:00+00:00,6578,7.5,6107,471,2
2024-01-05 18:30:00+00:00,2024-01-06 03:00:00+00:00,6460,8.5,6074,386,3
2024-01-05 18:30:00+00:00,2024-01-06 04:00:00+00:00,6419,9.5,5871,548,4
2024-01-05 18:30:00+00:00,2024-01-06 05:00:00+00:00,6538,10.5,5734,804,5
2024-01-05 18:30:00+00:00,2024-01-06 06:00:00+00:00,6636,11.5,5712,924,6
2024-01-05 18:30:00+00:00,2024-01-06 07:00:00+00:00,6396,12.5,6033,363,7
2024-01-05 18:30:00+00:00,2024-01-06 08:00:00+00:00,6439,13.5,5771,668,8
2024-01-05 18:30:00+00:00,2024-01-06 09:00:00+00:00,6518,14.5,5244,1274,9
2024-01-05 18:30:00+00:00,2024-01-06 10:00:00+00:00,6358,15.5,4940,1418,10
2024-01-05 18:30:00+00:00,2024-01-06 11:00:00+00:00,6336,16.5,4696,1640,11
2024-01-05 18:30:00+00:00,2024-01-06 12:00:00+00:00,6238,17.5,4362,1876,12
2024-01-05 18:30:00+00:00,2024-01-06 13:00:00+00:00,6467,18.5,4591,1876,13
2024-01-05 18:30:00+00:00,2024-01-06 14:00:00+00:00,6635,19.5,4539,2096,14
2024-01-05 18:30:00+00:00,2024-01-06 15:00:00+00:00,6755,20.5,4631,2124,15
2024-01-05 18:30:00+00:00,2024-01-06 16:00:00+00:00,6782,21.5,5248,1534,16
2024-01-05 18:30:00+00:00,2024-01-06 17:00:00+00:00,6839,22.5,5212,1627,17
2024-01-05 18:30:00+00:00,2024-01-06 18:00:00+00:00,6819,23.5,5050,1769,18
2024-01-05 18:30:00+00:00,2024-01-06 19:00:00+00:00,6600,24.5,4878,1722,19
2024-01-05 18:30:00+00:00,2024-01-06 20:00:00+00:00,6491,25.5,5132,1359,20
2024-01-05 18:30:00+00:00,2024-01-06 21:00:00+00:00,6493,26.5,4916,1577,21
2024-01-05 18:30:00+00:00,2024-01-06 22:00:00+00:00,6386,27.5,5090,1296,22
2024-01-05 18:30:00+00:00,2024-01-06 23:00:00+00:00,6439,28.5,5175,1264,23
2024-01-05 18:30:00+00:00,2024-01-07 00:00:00+00:00,6340,29.5,5708,632,0
2024-01-05 18:30:00+00:00,2024-01-07 01:00:00+00:00,6397,30.5,5803,594,1
2024-01-05 18:30:00+00:00,2024-01-07 02:00:00+00:00,6226,31.5,5904,322,2
2024-01-05 18:30:00+00:00,2024-01-07 03:00:00+00:00,6084,32.5,5881,203,3
2024-01-05 18:30:00+00:00,2024-01-07 04:00:00+00:00,6111,33.5,6342,231,4
2024-01-05 18:30:00+00:00,2024-01-07 05:00:00+00:00,6022,34.5,6290,268,5
2024-01-05 18:30:00+00:00,2024-01-07 06:00:00+00:00,5958,35.5,6402,444,6
2024-01-05 18:30:00+00:00,2024-01-07 07:00:00+00:00,5784,36.5,6138,354,7
2024-01-05 18:30:00+00:00,2024-01-07 08:00:00+00:00,5619,37.5,6044,425,8
2024-01-05 18:30:00+00:00,2024-01-07 09:00:00+00:00,5424,38.5,5549,125,9
2024-01-05 18:30:00+00:00,2024-01-07 10:00:00+00:00,5049,39.5,5311,262,10
2024-01-05 18:30:00+00:00,2024-01-07 11:00:00+00:00,4899,40.5,4848,51,11
2024-01-05 18:30:00+00:00,2024-01-07 12:00:00+00:00,4751,41.5,4435,316,12
2024-01-05 18:30:00+00:00,2024-01-07 13:00:00+00:00,4772,42.5,4437,335,13
2024-01-05 18:30:00+00:00,2024-01-07 14:00:00+00:00,4796,43.5,4332,464,14
2024-01-05 18:30:00+00:00,2024-01-07 15:00:00+00:00,4822,44.5,4325,497,15
2024-01-05 18:30:00+00:00,2024-01-07 16:00:00+00:00,5055,45.5,4299,756,16
2024-01-05 18:30:00+00:00,2024-01-07 17:00:00+00:00,5301,46.5,4316,985,17
2024-01-05 18:30:00+00:00,2024-01-07 18:00:00+00:00,5558,47.5,4324,1234,18
2024-01-05 15:30:00+00:00,2024-01-05 21:00:00+00:00,7088,5.5,6579,509,21
2024-01-05 15:30:00+00:00,2024-01-05 22:00:00+00:00,6791,6.5,6280,511,22
2024-01-05 15:30:00+00:00,2024-01-05 23:00:00+00:00,6668,7.5,5845,823,23
2024-01-05 15:30:00+00:00,2024-01-06 00:00:00+00:00,6613,8.5,5741,872,0
2024-01-05 15:30:00+00:00,2024-01-06 01:00:00+00:00,6525,9.5,5877,648,1
2024-01-05 15:30:00+00:00,2024-01-06 02:00:00+00:00,6649,10.5,6107,542,2
2024-01-05 15:30:00+00:00,2024-01-06 03:00:00+00:00,6509,11.5,6074,435,3
2024-01-05 15:30:00+00:00,2024-01-06 04:00:00+00:00,6578,12.5,5871,707,4
2024-01-05 15:30:00+00:00,2024-01-06 05:00:00+00:00,6610,13.5,5734,876,5
2024-01-05 15:30:00+00:00,2024-01-06 06:00:00+00:00,6727,14.5,5712,1015,6
2024-01-05 15:30:00+00:00,2024-01-06 07:00:00+00:00,6491,15.5,6033,458,7
2024-01-05 15:30:00+00:00,2024-01-06 08:00:00+00:00,6578,16.5,5771,807,8
2024-01-05 15:30:00+00:00,2024-01-06 09:00:00+00:00,6574,17.5,5244,1330,9
2024-01-05 15:30:00+00:00,2024-01-06 10:00:00+00:00,6473,18.5,4940,1533,10
2024-01-05 15:30:00+00:00,2024-01-06 11:00:00+00:00,6381,19.5,4696,1685,11
2024-01-05 15:30:00+00:00,2024-01-06 12:00:00+00:00,6328,20.5,4362,1966,12
2024-01-05 15:30:00+00:00,2024-01-06 13:00:00+00:00,6573,21.5,4591,1982,13
2024-01-05 15:30:00+00:00,2024-01-06 14:00:00+00:00,6725,22.5,4539,2186,14
2024-01-05 15:30:00+00:00,2024-01-06 15:00:00+00:00,6893,23.5,4631,2262,15
2024-01-05 15:30:00+00:00,2024-01-06 16:00:00+00:00,6790,24.5,5248,1542,16
2024-01-05 15:30:00+00:00,2024-01-06 17:00:00+00:00,6860,25.5,5212,1648,17
2024-01-05 15:30:00+00:00,2024-01-06 18:00:00+00:00,6967,26.5,5050,1917,18
2024-01-05 15:30:00+00:00,2024-01-06 19:00:00+00:00,6685,27.5,4878,1807,19
2024-01-05 15:30:00+00:00,2024-01-06 20:00:00+00:00,6457,28.5,5132,1325,20
2024-01-05 15:30:00+00:00,2024-01-06 21:00:00+00:00,6444,29.5,4916,1528,21
2024-01-05 15:30:00+00:00,2024-01-06 22:00:00+00:00,6182,30.5,5090,1092,22
2024-01-05 15:30:00+00:00,2024-01-06 23:00:00+00:00,6286,31.5,5175,1111,23
2024-01-05 15:30:00+00:00,2024-01-07 00:00:00+00:00,6167,32.5,5708,459,0
2024-01-05 15:30:00+00:00,2024-01-07 01:00:00+00:00,6104,33.5,5803,301,1
2024-01-05 15:30:00+00:00,2024-01-07 02:00:00+00:00,5942,34.5,5904,38,2
2024-01-05 15:30:00+00:00,2024-01-07 03:00:00+00:00,5859,35.5,5881,22,3
2024-01-05 15:30:00+00:00,2024-01-07 04:00:00+00:00,5423,36.5,6342,919,4
2024-01-05 15:30:00+00:00,2024-01-07 05:00:00+00:00,5364,37.5,6290,926,5
2024-01-05 15:30:00+00:00,2024-01-07 06:00:00+00:00,5308,38.5,6402,1094,6
2024-01-05 15:30:00+00:00,2024-01-07 07:00:00+00:00,5211,39.5,6138,927,7
2024-01-05 15:30:00+00:00,2024-01-07 08:00:00+00:00,5117,40.5,6044,927,8
2024-01-05 15:30:00+00:00,2024-01-07 09:00:00+00:00,5027,41.5,5549,522,9
2024-01-05 15:30:00+00:00,2024-01-07 10:00:00+00:00,4924,42.5,5311,387,10
2024-01-05 15:30:00+00:00,2024-01-07 11:00:00+00:00,4823,43.5,4848,25,11
2024-01-05 15:30:00+00:00,2024-01-07 12:00:00+00:00,4724,44.5,4435,289,12
2024-01-05 15:30:00+00:00,2024-01-07 13:00:00+00:00,4794,45.5,4437,357,13
2024-01-05 15:30:00+00:00,2024-01-07 14:00:00+00:00,4868,46.5,4332,536,14
2024-01-05 15:30:00+00:00,2024-01-07 15:00:00+00:00,4946,47.5,4325,621,15
2024-01-05 11:30:00+00:00,2024-01-05 21:00:00+00:00,6765,9.5,6579,186,21
2024-01-05 11:30:00+00:00,2024-01-05 22:00:00+00:00,6466,10.5,6280,186,22
2024-01-05 11:30:00+00:00,2024-01-05 23:00:00+00:00,6257,11.5,5845,412,23
2024-01-05 11:30:00+00:00,2024-01-06 00:00:00+00:00,6147,12.5,5741,406,0
2024-01-05 11:30:00+00:00,2024-01-06 01:00:00+00:00,6153,13.5,5877,276,1
2024-01-05 11:30:00+00:00,2024-01-06 02:00:00+00:00,6166,14.5,6107,59,2
2024-01-05 11:30:00+00:00,2024-01-06 03:00:00+00:00,6045,15.5,6074,29,3
2024-01-05 11:30:00+00:00,2024-01-06 04:00:00+00:00,6244,16.5,5871,373,4
2024-01-05 11:30:00+00:00,2024-01-06 05:00:00+00:00,6223,17.5,5734,489,5
2024-01-05 11:30:00+00:00,2024-01-06 06:00:00+00:00,6353,18.5,5712,641,6
2024-01-05 11:30:00+00:00,2024-01-06 07:00:00+00:00,6139,19.5,6033,106,7
2024-01-05 11:30:00+00:00,2024-01-06 08:00:00+00:00,6196,20.5,5771,425,8
2024-01-05 11:30:00+00:00,2024-01-06 09:00:00+00:00,6212,21.5,5244,968,9
2024-01-05 11:30:00+00:00,2024-01-06 10:00:00+00:00,6156,22.5,4940,1216,10
2024-01-05 11:30:00+00:00,2024-01-06 11:00:00+00:00,6027,23.5,4696,1331,11
2024-01-05 11:30:00+00:00,2024-01-06 12:00:00+00:00,5925,24.5,4362,1563,12
2024-01-05 11:30:00+00:00,2024-01-06 13:00:00+00:00,6030,25.5,4591,1439,13
2024-01-05 11:30:00+00:00,2024-01-06 14:00:00+00:00,6258,26.5,4539,1719,14
2024-01-05 11:30:00+00:00,2024-01-06 15:00:00+00:00,6306,27.5,4631,1675,15
2024-01-05 11:30:00+00:00,2024-01-06 16:00:00+00:00,6196,28.5,5248,948,16
2024-01-05 11:30:00+00:00,2024-01-06 17:00:00+00:00,6237,29.5,5212,1025,17
2024-01-05 11:30:00+00:00,2024-01-06 18:00:00+00:00,6313,30.5,5050,1263,18
2024-01-05 11:30:00+00:00,2024-01-06 19:00:00+00:00,6113,31.5,4878,1235,19
2024-01-05 11:30:00+00:00,2024-01-06 20:00:00+00:00,5828,32.5,5132,696,20
2024-01-05 11:30:00+00:00,2024-01-06 21:00:00+00:00,5784,33.5,4916,868,21
2024-01-05 11:30:00+00:00,2024-01-06 22:00:00+00:00,5345,34.5,5090,255,22
2024-01-05 11:30:00+00:00,2024-01-06 23:00:00+00:00,5210,35.5,5175,35,23
2024-01-05 11:30:00+00:00,2024-01-07 00:00:00+00:00,5117,36.5,5708,591,0
2024-01-05 11:30:00+00:00,2024-01-07 01:00:00+00:00,5045,37.5,5803,758,1
2024-01-05 11:30:00+00:00,2024-01-07 02:00:00+00:00,4998,38.5,5904,906,2
2024-01-05 11:30:00+00:00,2024-01-07 03:00:00+00:00,4959,39.5,5881,922,3
2024-01-05 11:30:00+00:00,2024-01-07 04:00:00+00:00,4891,40.5,6342,1451,4
2024-01-05 11:30:00+00:00,2024-01-07 05:00:00+00:00,4824,41.5,6290,1466,5
2024-01-05 11:30:00+00:00,2024-01-07 06:00:00+00:00,4760,42.5,6402,1642,6
2024-01-05 11:30:00+00:00,2024-01-07 07:00:00+00:00,4658,43.5,6138,1480,7
2024-01-05 11:30:00+00:00,2024-01-07 08:00:00+00:00,4560,44.5,6044,1484,8
2024-01-05 11:30:00+00:00,2024-01-07 09:00:00+00:00,4467,45.5,5549,1082,9
2024-01-05 11:30:00+00:00,2024-01-07 10:00:00+00:00,4386,46.5,5311,925,10
2024-01-05 11:30:00+00:00,2024-01-07 11:00:00+00:00,4306,47.5,4848,542,11
2024-01-05 09:30:00+00:00,2024-01-05 21:00:00+00:00,6756,11.5,6579,177,21
2024-01-05 09:30:00+00:00,2024-01-05 22:00:00+00:00,6457,12.5,6280,177,22
2024-01-05 09:30:00+00:00,2024-01-05 23:00:00+00:00,6244,13.5,5845,399,23
2024-01-05 09:30:00+00:00,2024-01-06 00:00:00+00:00,6131,14.5,5741,390,0
2024-01-05 09:30:00+00:00,2024-01-06 01:00:00+00:00,6150,15.5,5877,273,1
2024-01-05 09:30:00+00:00,2024-01-06 02:00:00+00:00,6158,16.5,6107,51,2
2024-01-05 09:30:00+00:00,2024-01-06 03:00:00+00:00,6041,17.5,6074,33,3
2024-01-05 09:30:00+00:00,2024-01-06 04:00:00+00:00,6239,18.5,5871,368,4
2024-01-05 09:30:00+00:00,2024-01-06 05:00:00+00:00,6210,19.5,5734,476,5
2024-01-05 09:30:00+00:00,2024-01-06 06:00:00+00:00,6349,20.5,5712,637,6
2024-01-05 09:30:00+00:00,2024-01-06 07:00:00+00:00,6139,21.5,6033,106,7
2024-01-05 09:30:00+00:00,2024-01-06 08:00:00+00:00,6188,22.5,5771,417,8
2024-01-05 09:30:00+00:00,2024-01-06 09:00:00+00:00,6204,23.5,5244,960,9
2024-01-05 09:30:00+00:00,2024-01-06 10:00:00+00:00,6154,24.5,4940,1214,10
2024-01-05 09:30:00+00:00,2024-01-06 11:00:00+00:00,6035,25.5,4696,1339,11
2024-01-05 09:30:00+00:00,2024-01-06 12:00:00+00:00,5931,26.5,4362,1569,12
2024-01-05 09:30:00+00:00,2024-01-06 13:00:00+00:00,6034,27.5,4591,1443,13
2024-01-05 09:30:00+00:00,2024-01-06 14:00:00+00:00,6259,28.5,4539,1720,14
2024-01-05 09:30:00+00:00,2024-01-06 15:00:00+00:00,6295,29.5,4631,1664,15
2024-01-05 09:30:00+00:00,2024-01-06 16:00:00+00:00,6189,30.5,5248,941,16
2024-01-05 09:30:00+00:00,2024-01-06 17:00:00+00:00,6225,31.5,5212,1013,17
2024-01-05 09:30:00+00:00,2024-01-06 18:00:00+00:00,6331,32.5,5050,1281,18
2024-01-05 09:30:00+00:00,2024-01-06 19:00:00+00:00,6103,33.5,4878,1225,19
2024-01-05 09:30:00+00:00,2024-01-06 20:00:00+00:00,5807,34.5,5132,675,20
2024-01-05 09:30:00+00:00,2024-01-06 21:00:00+00:00,5783,35.5,4916,867,21
2024-01-05 09:30:00+00:00,2024-01-06 22:00:00+00:00,5381,36.5,5090,291,22
2024-01-05 09:30:00+00:00,2024-01-06 23:00:00+00:00,5263,37.5,5175,88,23
2024-01-05 09:30:00+00:00,2024-01-07 00:00:00+00:00,5150,38.5,5708,558,0
2024-01-05 09:30:00+00:00,2024-01-07 01:00:00+00:00,5095,39.5,5803,708,1
2024-01-05 09:30:00+00:00,2024-01-07 02:00:00+00:00,5042,40.5,5904,862,2
2024-01-05 09:30:00+00:00,2024-01-07 03:00:00+00:00,4992,41.5,5881,889,3
2024-01-05 09:30:00+00:00,2024-01-07 04:00:00+00:00,4910,42.5,6342,1432,4
2024-01-05 09:30:00+00:00,2024-01-07 05:00:00+00:00,4832,43.5,6290,1458,5
2024-01-05 09:30:00+00:00,2024-01-07 06:00:00+00:00,4758,44.5,6402,1644,6
2024-01-05 09:30:00+00:00,2024-01-07 07:00:00+00:00,4654,45.5,6138,1484,7
2024-01-05 09:30:00+00:00,2024-01-07 08:00:00+00:00,4554,46.5,6044,1490,8
2024-01-05 09:30:00+00:00,2024-01-07 09:00:00+00:00,4459,47.5,5549,1090,9
2024-01-05 07:30:00+00:00,2024-01-05 21:00:00+00:00,6757,13.5,6579,178,21
2024-01-05 07:30:00+00:00,2024-01-05 22:00:00+00:00,6458,14.5,6280,178,22
2024-01-05 07:30:00+00:00,2024-01-05 23:00:00+00:00,6246,15.5,5845,401,23
2024-01-05 07:30:00+00:00,2024-01-06 00:00:00+00:00,6134,16.5,5741,393,0
2024-01-05 07:30:00+00:00,2024-01-06 01:00:00+00:00,6153,17.5,5877,276,1
2024-01-05 07:30:00+00:00,2024-01-06 02:00:00+00:00,6161,18.5,6107,54,2
2024-01-05 07:30:00+00:00,2024-01-06 03:00:00+00:00,6045,19.5,6074,29,3
2024-01-05 07:30:00+00:00,2024-01-06 04:00:00+00:00,6243,20.5,5871,372,4
2024-01-05 07:30:00+00:00,2024-01-06 05:00:00+00:00,6214,21.5,5734,480,5
2024-01-05 07:30:00+00:00,2024-01-06 06:00:00+00:00,6352,22.5,5712,640,6
2024-01-05 07:30:00+00:00,2024-01-06 07:00:00+00:00,6142,23.5,6033,109,7
2024-01-05 07:30:00+00:00,2024-01-06 08:00:00+00:00,6191,24.5,5771,420,8
2024-01-05 07:30:00+00:00,2024-01-06 09:00:00+00:00,6209,25.5,5244,965,9
2024-01-05 07:30:00+00:00,2024-01-06 10:00:00+00:00,6158,26.5,4940,1218,10
2024-01-05 07:30:00+00:00,2024-01-06 11:00:00+00:00,6038,27.5,4696,1342,11
2024-01-05 07:30:00+00:00,2024-01-06 12:00:00+00:00,5933,28.5,4362,1571,12
2024-01-05 07:30:00+00:00,2024-01-06 13:00:00+00:00,6036,29.5,4591,1445,13
2024-01-05 07:30:00+00:00,2024-01-06 14:00:00+00:00,6261,30.5,4539,1722,14
2024-01-05 07:30:00+00:00,2024-01-06 15:00:00+00:00,6296,31.5,4631,1665,15
2024-01-05 07:30:00+00:00,2024-01-06 16:00:00+00:00,6191,32.5,5248,943,16
2024-01-05 07:30:00+00:00,2024-01-06 17:00:00+00:00,6228,33.5,5212,1016,17
2024-01-05 07:30:00+00:00,2024-01-06 18:00:00+00:00,6337,34.5,5050,1287,18
2024-01-05 07:30:00+00:00,2024-01-06 19:00:00+00:00,6106,35.5,4878,1228,19
2024-01-05 07:30:00+00:00,2024-01-06 20:00:00+00:00,5807,36.5,5132,675,20
2024-01-05 07:30:00+00:00,2024-01-06 21:00:00+00:00,5784,37.5,4916,868,21
2024-01-05 07:30:00+00:00,2024-01-06 22:00:00+00:00,5382,38.5,5090,292,22
2024-01-05 07:30:00+00:00,2024-01-06 23:00:00+00:00,5264,39.5,5175,89,23
2024-01-05 07:30:00+00:00,2024-01-07 00:00:00+00:00,5152,40.5,5708,556,0
2024-01-05 07:30:00+00:00,2024-01-07 01:00:00+00:00,5096,41.5,5803,707,1
2024-01-05 07:30:00+00:00,2024-01-07 02:00:00+00:00,5043,42.5,5904,861,2
2024-01-05 07:30:00+00:00,2024-01-07 03:00:00+00:00,4992,43.5,5881,889,3
2024-01-05 07:30:00+00:00,2024-01-07 04:00:00+00:00,4910,44.5,6342,1432,4
2024-01-05 07:30:00+00:00,2024-01-07 05:00:00+00:00,4832,45.5,6290,1458,5
2024-01-05 07:30:00+00:00,2024-01-07 06:00:00+00:00,4758,46.5,6402,1644,6
2024-01-05 07:30:00+00:00,2024-01-07 07:00:00+00:00,4654,47.5,6138,1484,7
2024-01-05 04:30:00+00:00,2024-01-05 21:00:00+00:00,6866,16.5,6579,287,21
2024-01-05 04:30:00+00:00,2024-01-05 22:00:00+00:00,6563,17.5,6280,283,22
2024-01-05 04:30:00+00:00,2024-01-05 23:00:00+00:00,6375,18.5,5845,530,23
2024-01-05 04:30:00+00:00,2024-01-06 00:00:00+00:00,6411,19.5,5741,670,0
2024-01-05 04:30:00+00:00,2024-01-06 01:00:00+00:00,6348,20.5,5877,471,1
2024-01-05 04:30:00+00:00,2024-01-06 02:00:00+00:00,6273,21.5,6107,166,2
2024-01-05 04:30:00+00:00,2024-01-06 03:00:00+00:00,6287,22.5,6074,213,3
2024-01-05 04:30:00+00:00,2024-01-06 04:00:00+00:00,6354,23.5,5871,483,4
2024-01-05 04:30:00+00:00,2024-01-06 05:00:00+00:00,6387,24.5,5734,653,5
2024-01-05 04:30:00+00:00,2024-01-06 06:00:00+00:00,6495,25.5,5712,783,6
2024-01-05 04:30:00+00:00,2024-01-06 07:00:00+00:00,6267,26.5,6033,234,7
2024-01-05 04:30:00+00:00,2024-01-06 08:00:00+00:00,6277,27.5,5771,506,8
2024-01-05 04:30:00+00:00,2024-01-06 09:00:00+00:00,6249,28.5,5244,1005,9
2024-01-05 04:30:00+00:00,2024-01-06 10:00:00+00:00,6155,29.5,4940,1215,10
2024-01-05 04:30:00+00:00,2024-01-06 11:00:00+00:00,5953,30.5,4696,1257,11
2024-01-05 04:30:00+00:00,2024-01-06 12:00:00+00:00,5940,31.5,4362,1578,12
2024-01-05 04:30:00+00:00,2024-01-06 13:00:00+00:00,6011,32.5,4591,1420,13
2024-01-05 04:30:00+00:00,2024-01-06 14:00:00+00:00,6181,33.5,4539,1642,14
2024-01-05 04:30:00+00:00,2024-01-06 15:00:00+00:00,6157,34.5,4631,1526,15
2024-01-05 04:30:00+00:00,2024-01-06 16:00:00+00:00,5754,35.5,5248,506,16
2024-01-05 04:30:00+00:00,2024-01-06 17:00:00+00:00,5763,36.5,5212,551,17
2024-01-05 04:30:00+00:00,2024-01-06 18:00:00+00:00,5777,37.5,5050,727,18
2024-01-05 04:30:00+00:00,2024-01-06 19:00:00+00:00,5617,38.5,4878,739,19
2024-01-05 04:30:00+00:00,2024-01-06 20:00:00+00:00,5467,39.5,5132,335,20
2024-01-05 04:30:00+00:00,2024-01-06 21:00:00+00:00,5324,40.5,4916,408,21
2024-01-05 04:30:00+00:00,2024-01-06 22:00:00+00:00,5095,41.5,5090,5,22
2024-01-05 04:30:00+00:00,2024-01-06 23:00:00+00:00,4877,42.5,5175,298,23
2024-01-05 04:30:00+00:00,2024-01-07 00:00:00+00:00,4671,43.5,5708,1037,0
2024-01-05 04:30:00+00:00,2024-01-07 01:00:00+00:00,4539,44.5,5803,1264,1
2024-01-05 04:30:00+00:00,2024-01-07 02:00:00+00:00,4413,45.5,5904,1491,2
2024-01-05 04:30:00+00:00,2024-01-07 03:00:00+00:00,4294,46.5,5881,1587,3
2024-01-05 04:30:00+00:00,2024-01-07 04:00:00+00:00,4178,47.5,6342,2164,4
2024-01-05 02:30:00+00:00,2024-01-05 21:00:00+00:00,6864,18.5,6579,285,21
2024-01-05 02:30:00+00:00,2024-01-05 22:00:00+00:00,6564,19.5,6280,284,22
2024-01-05 02:30:00+00:00,2024-01-05 23:00:00+00:00,6380,20.5,5845,535,23
2024-01-05 02:30:00+00:00,2024-01-06 00:00:00+00:00,6418,21.5,5741,677,0
2024-01-05 02:30:00+00:00,2024-01-06 01:00:00+00:00,6350,22.5,5877,473,1
2024-01-05 02:30:00+00:00,2024-01-06 02:00:00+00:00,6277,23.5,6107,170,2
2024-01-05 02:30:00+00:00,2024-01-06 03:00:00+00:00,6301,24.5,6074,227,3
2024-01-05 02:30:00+00:00,2024-01-06 04:00:00+00:00,6357,25.5,5871,486,4
2024-01-05 02:30:00+00:00,2024-01-06 05:00:00+00:00,6394,26.5,5734,660,5
2024-01-05 02:30:00+00:00,2024-01-06 06:00:00+00:00,6507,27.5,5712,795,6
2024-01-05 02:30:00+00:00,2024-01-06 07:00:00+00:00,6268,28.5,6033,235,7
2024-01-05 02:30:00+00:00,2024-01-06 08:00:00+00:00,6276,29.5,5771,505,8
2024-01-05 02:30:00+00:00,2024-01-06 09:00:00+00:00,6252,30.5,5244,1008,9
2024-01-05 02:30:00+00:00,2024-01-06 10:00:00+00:00,6154,31.5,4940,1214,10
2024-01-05 02:30:00+00:00,2024-01-06 11:00:00+00:00,5955,32.5,4696,1259,11
2024-01-05 02:30:00+00:00,2024-01-06 12:00:00+00:00,5949,33.5,4362,1587,12
2024-01-05 02:30:00+00:00,2024-01-06 13:00:00+00:00,6013,34.5,4591,1422,13
2024-01-05 02:30:00+00:00,2024-01-06 14:00:00+00:00,6182,35.5,4539,1643,14
2024-01-05 02:30:00+00:00,2024-01-06 15:00:00+00:00,6155,36.5,4631,1524,15
2024-01-05 02:30:00+00:00,2024-01-06 16:00:00+00:00,5758,37.5,5248,510,16
2024-01-05 02:30:00+00:00,2024-01-06 17:00:00+00:00,5774,38.5,5212,562,17
2024-01-05 02:30:00+00:00,2024-01-06 18:00:00+00:00,5792,39.5,5050,742,18
2024-01-05 02:30:00+00:00,2024-01-06 19:00:00+00:00,5633,40.5,4878,755,19
2024-01-05 02:30:00+00:00,2024-01-06 20:00:00+00:00,5483,41.5,5132,351,20
2024-01-05 02:30:00+00:00,2024-01-06 21:00:00+00:00,5341,42.5,4916,425,21
2024-01-05 02:30:00+00:00,2024-01-06 22:00:00+00:00,5111,43.5,5090,21,22
2024-01-05 02:30:00+00:00,2024-01-06 23:00:00+00:00,4892,44.5,5175,283,23
2024-01-05 02:30:00+00:00,2024-01-07 00:00:00+00:00,4686,45.5,5708,1022,0
2024-01-05 02:30:00+00:00,2024-01-07 01:00:00+00:00,4551,46.5,5803,1252,1
2024-01-05 02:30:00+00:00,2024-01-07 02:00:00+00:00,4423,47.5,5904,1481,2
2024-01-04 22:30:00+00:00,2024-01-05 03:00:00+00:00,7889,4.5,6547,1342,3
2024-01-04 22:30:00+00:00,2024-01-05 04:00:00+00:00,7904,5.5,6416,1488,4
2024-01-04 22:30:00+00:00,2024-01-05 05:00:00+00:00,7782,6.5,6485,1297,5
2024-01-04 22:30:00+00:00,2024-01-05 06:00:00+00:00,8101,7.5,7916,185,6
2024-01-04 22:30:00+00:00,2024-01-05 07:00:00+00:00,8211,8.5,8250,39,7
2024-01-04 22:30:00+00:00,2024-01-05 08:00:00+00:00,8260,9.5,8316,56,8
2024-01-04 22:30:00+00:00,2024-01-05 09:00:00+00:00,8396,10.5,8545,149,9
2024-01-04 22:30:00+00:00,2024-01-05 10:00:00+00:00,8436,11.5,8007,429,10
2024-01-04 22:30:00+00:00,2024-01-05 11:00:00+00:00,8360,12.5,8164,196,11
2024-01-04 22:30:00+00:00,2024-01-05 12:00:00+00:00,8255,13.5,8539,284,12
2024-01-04 22:30:00+00:00,2024-01-05 13:00:00+00:00,8198,14.5,8724,526,13
2024-01-04 22:30:00+00:00,2024-01-05 14:00:00+00:00,8250,15.5,8984,734,14
2024-01-04 22:30:00+00:00,2024-01-05 15:00:00+00:00,8108,16.5,8657,549,15
2024-01-04 22:30:00+00:00,2024-01-05 16:00:00+00:00,7820,17.5,8416,596,16
2024-01-04 22:30:00+00:00,2024-01-05 17:00:00+00:00,7960,18.5,7986,26,17
2024-01-04 22:30:00+00:00,2024-01-05 18:00:00+00:00,7929,19.5,7790,139,18
2024-01-04 22:30:00+00:00,2024-01-05 19:00:00+00:00,7645,20.5,7236,409,19
2024-01-04 22:30:00+00:00,2024-01-05 20:00:00+00:00,7534,21.5,7104,430,20
2024-01-04 22:30:00+00:00,2024-01-05 21:00:00+00:00,7231,22.5,6579,652,21
2024-01-04 22:30:00+00:00,2024-01-05 22:00:00+00:00,7039,23.5,6280,759,22
2024-01-04 22:30:00+00:00,2024-01-05 23:00:00+00:00,6946,24.5,5845,1101,23
2024-01-04 22:30:00+00:00,2024-01-06 00:00:00+00:00,6952,25.5,5741,1211,0
2024-01-04 22:30:00+00:00,2024-01-06 01:00:00+00:00,6911,26.5,5877,1034,1
2024-01-04 22:30:00+00:00,2024-01-06 02:00:00+00:00,6712,27.5,6107,605,2
2024-01-04 22:30:00+00:00,2024-01-06 03:00:00+00:00,6840,28.5,6074,766,3
2024-01-04 22:30:00+00:00,2024-01-06 04:00:00+00:00,6805,29.5,5871,934,4
2024-01-04 22:30:00+00:00,2024-01-06 05:00:00+00:00,6910,30.5,5734,1176,5
2024-01-04 22:30:00+00:00,2024-01-06 06:00:00+00:00,6995,31.5,5712,1283,6
2024-01-04 22:30:00+00:00,2024-01-06 07:00:00+00:00,6790,32.5,6033,757,7
2024-01-04 22:30:00+00:00,2024-01-06 08:00:00+00:00,6709,33.5,5771,938,8
2024-01-04 22:30:00+00:00,2024-01-06 09:00:00+00:00,6506,34.5,5244,1262,9
2024-01-04 22:30:00+00:00,2024-01-06 10:00:00+00:00,5752,35.5,4940,812,10
2024-01-04 22:30:00+00:00,2024-01-06 11:00:00+00:00,5715,36.5,4696,1019,11
2024-01-04 22:30:00+00:00,2024-01-06 12:00:00+00:00,5670,37.5,4362,1308,12
2024-01-04 22:30:00+00:00,2024-01-06 13:00:00+00:00,5764,38.5,4591,1173,13
2024-01-04 22:30:00+00:00,2024-01-06 14:00:00+00:00,5861,39.5,4539,1322,14
2024-01-04 22:30:00+00:00,2024-01-06 15:00:00+00:00,5960,40.5,4631,1329,15
2024-01-04 22:30:00+00:00,2024-01-06 16:00:00+00:00,5926,41.5,5248,678,16
2024-01-04 22:30:00+00:00,2024-01-06 17:00:00+00:00,5894,42.5,5212,682,17
2024-01-04 22:30:00+00:00,2024-01-06 18:00:00+00:00,5865,43.5,5050,815,18
2024-01-04 22:30:00+00:00,2024-01-06 19:00:00+00:00,5681,44.5,4878,803,19
2024-01-04 22:30:00+00:00,2024-01-06 20:00:00+00:00,5505,45.5,5132,373,20
2024-01-04 22:30:00+00:00,2024-01-06 21:00:00+00:00,5338,46.5,4916,422,21
2024-01-04 18:30:00+00:00,2024-01-04 23:00:00+00:00,6005,4.5,5263,742,23
2024-01-04 18:30:00+00:00,2024-01-05 00:00:00+00:00,6714,5.5,5740,974,0
2024-01-04 18:30:00+00:00,2024-01-05 01:00:00+00:00,7287,6.5,5813,1474,1
2024-01-04 18:30:00+00:00,2024-01-05 02:00:00+00:00,7442,7.5,5990,1452,2
2024-01-04 18:30:00+00:00,2024-01-05 03:00:00+00:00,7643,8.5,6547,1096,3
2024-01-04 18:30:00+00:00,2024-01-05 04:00:00+00:00,7665,9.5,6416,1249,4
2024-01-04 18:30:00+00:00,2024-01-05 05:00:00+00:00,7557,10.5,6485,1072,5
2024-01-04 18:30:00+00:00,2024-01-05 06:00:00+00:00,7883,11.5,7916,33,6
2024-01-04 18:30:00+00:00,2024-01-05 07:00:00+00:00,8008,12.5,8250,242,7
2024-01-04 18:30:00+00:00,2024-01-05 08:00:00+00:00,8056,13.5,8316,260,8
2024-01-04 18:30:00+00:00,2024-01-05 09:00:00+00:00,8171,14.5,8545,374,9
2024-01-04 18:30:00+00:00,2024-01-05 10:00:00+00:00,8206,15.5,8007,199,10
2024-01-04 18:30:00+00:00,2024-01-05 11:00:00+00:00,8138,16.5,8164,26,11
2024-01-04 18:30:00+00:00,2024-01-05 12:00:00+00:00,8043,17.5,8539,496,12
2024-01-04 18:30:00+00:00,2024-01-05 13:00:00+00:00,8003,18.5,8724,721,13
2024-01-04 18:30:00+00:00,2024-01-05 14:00:00+00:00,8053,19.5,8984,931,14
2024-01-04 18:30:00+00:00,2024-01-05 15:00:00+00:00,7935,20.5,8657,722,15
2024-01-04 18:30:00+00:00,2024-01-05 16:00:00+00:00,7649,21.5,8416,767,16
2024-01-04 18:30:00+00:00,2024-01-05 17:00:00+00:00,7772,22.5,7986,214,17
2024-01-04 18:30:00+00:00,2024-01-05 18:00:00+00:00,7744,23.5,7790,46,18
2024-01-04 18:30:00+00:00,2024-01-05 19:00:00+00:00,7481,24.5,7236,245,19
2024-01-04 18:30:00+00:00,2024-01-05 20:00:00+00:00,7362,25.5,7104,258,20
2024-01-04 18:30:00+00:00,2024-01-05 21:00:00+00:00,7047,26.5,6579,468,21
2024-01-04 18:30:00+00:00,2024-01-05 22:00:00+00:00,6840,27.5,6280,560,22
2024-01-04 18:30:00+00:00,2024-01-05 23:00:00+00:00,6753,28.5,5845,908,23
2024-01-04 18:30:00+00:00,2024-01-06 00:00:00+00:00,6747,29.5,5741,1006,0
2024-01-04 18:30:00+00:00,2024-01-06 01:00:00+00:00,6713,30.5,5877,836,1
2024-01-04 18:30:00+00:00,2024-01-06 02:00:00+00:00,6525,31.5,6107,418,2
2024-01-04 18:30:00+00:00,2024-01-06 03:00:00+00:00,6645,32.5,6074,571,3
2024-01-04 18:30:00+00:00,2024-01-06 04:00:00+00:00,6589,33.5,5871,718,4
2024-01-04 18:30:00+00:00,2024-01-06 05:00:00+00:00,6719,34.5,5734,985,5
2024-01-04 18:30:00+00:00,2024-01-06 06:00:00+00:00,6807,35.5,5712,1095,6
2024-01-04 18:30:00+00:00,2024-01-06 07:00:00+00:00,6597,36.5,6033,564,7
2024-01-04 18:30:00+00:00,2024-01-06 08:00:00+00:00,6518,37.5,5771,747,8
2024-01-04 18:30:00+00:00,2024-01-06 09:00:00+00:00,6355,38.5,5244,1111,9
2024-01-04 18:30:00+00:00,2024-01-06 10:00:00+00:00,5576,39.5,4940,636,10
2024-01-04 18:30:00+00:00,2024-01-06 11:00:00+00:00,5528,40.5,4696,832,11
2024-01-04 18:30:00+00:00,2024-01-06 12:00:00+00:00,5473,41.5,4362,1111,12
2024-01-04 18:30:00+00:00,2024-01-06 13:00:00+00:00,5566,42.5,4591,975,13
2024-01-04 18:30:00+00:00,2024-01-06 14:00:00+00:00,5662,43.5,4539,1123,14
2024-01-04 18:30:00+00:00,2024-01-06 15:00:00+00:00,5759,44.5,4631,1128,15
2024-01-04 18:30:00+00:00,2024-01-06 16:00:00+00:00,5739,45.5,5248,491,16
2024-01-04 18:30:00+00:00,2024-01-06 17:00:00+00:00,5722,46.5,5212,510,17
2024-01-04 18:30:00+00:00,2024-01-06 18:00:00+00:00,5709,47.5,5050,659,18
2024-01-04 15:30:00+00:00,2024-01-04 21:00:00+00:00,4711,5.5,5331,620,21
2024-01-04 15:30:00+00:00,2024-01-04 22:00:00+00:00,5017,6.5,5052,35,22
2024-01-04 15:30:00+00:00,2024-01-04 23:00:00+00:00,5631,7.5,5263,368,23
2024-01-04 15:30:00+00:00,2024-01-05 00:00:00+00:00,6092,8.5,5740,352,0
2024-01-04 15:30:00+00:00,2024-01-05 01:00:00+00:00,6774,9.5,5813,961,1
2024-01-04 15:30:00+00:00,2024-01-05 02:00:00+00:00,7003,10.5,5990,1013,2
2024-01-04 15:30:00+00:00,2024-01-05 03:00:00+00:00,7279,11.5,6547,732,3
2024-01-04 15:30:00+00:00,2024-01-05 04:00:00+00:00,7263,12.5,6416,847,4
2024-01-04 15:30:00+00:00,2024-01-05 05:00:00+00:00,7199,13.5,6485,714,5
2024-01-04 15:30:00+00:00,2024-01-05 06:00:00+00:00,7320,14.5,7916,596,6
2024-01-04 15:30:00+00:00,2024-01-05 07:00:00+00:00,7436,15.5,8250,814,7
2024-01-04 15:30:00+00:00,2024-01-05 08:00:00+00:00,7397,16.5,8316,919,8
2024-01-04 15:30:00+00:00,2024-01-05 09:00:00+00:00,7518,17.5,8545,1027,9
2024-01-04 15:30:00+00:00,2024-01-05 10:00:00+00:00,7494,18.5,8007,513,10
2024-01-04 15:30:00+00:00,2024-01-05 11:00:00+00:00,7468,19.5,8164,696,11
2024-01-04 15:30:00+00:00,2024-01-05 12:00:00+00:00,7383,20.5,8539,1156,12
2024-01-04 15:30:00+00:00,2024-01-05 13:00:00+00:00,7326,21.5,8724,1398,13
2024-01-04 15:30:00+00:00,2024-01-05 14:00:00+00:00,7268,22.5,8984,1716,14
2024-01-04 15:30:00+00:00,2024-01-05 15:00:00+00:00,7124,23.5,8657,1533,15
2024-01-04 15:30:00+00:00,2024-01-05 16:00:00+00:00,7070,24.5,8416,1346,16
2024-01-04 15:30:00+00:00,2024-01-05 17:00:00+00:00,7284,25.5,7986,702,17
2024-01-04 15:30:00+00:00,2024-01-05 18:00:00+00:00,7301,26.5,7790,489,18
2024-01-04 15:30:00+00:00,2024-01-05 19:00:00+00:00,7343,27.5,7236,107,19
2024-01-04 15:30:00+00:00,2024-01-05 20:00:00+00:00,7234,28.5,7104,130,20
2024-01-04 15:30:00+00:00,2024-01-05 21:00:00+00:00,7041,29.5,6579,462,21
2024-01-04 15:30:00+00:00,2024-01-05 22:00:00+00:00,7067,30.5,6280,787,22
2024-01-04 15:30:00+00:00,2024-01-05 23:00:00+00:00,7000,31.5,5845,1155,23
2024-01-04 15:30:00+00:00,2024-01-06 00:00:00+00:00,6930,32.5,5741,1189,0
2024-01-04 15:30:00+00:00,2024-01-06 01:00:00+00:00,6984,33.5,5877,1107,1
2024-01-04 15:30:00+00:00,2024-01-06 02:00:00+00:00,6784,34.5,6107,677,2
2024-01-04 15:30:00+00:00,2024-01-06 03:00:00+00:00,6877,35.5,6074,803,3
2024-01-04 15:30:00+00:00,2024-01-06 04:00:00+00:00,6451,36.5,5871,580,4
2024-01-04 15:30:00+00:00,2024-01-06 05:00:00+00:00,6504,37.5,5734,770,5
2024-01-04 15:30:00+00:00,2024-01-06 06:00:00+00:00,6556,38.5,5712,844,6
2024-01-04 15:30:00+00:00,2024-01-06 07:00:00+00:00,6421,39.5,6033,388,7
2024-01-04 15:30:00+00:00,2024-01-06 08:00:00+00:00,6294,40.5,5771,523,8
2024-01-04 15:30:00+00:00,2024-01-06 09:00:00+00:00,6175,41.5,5244,931,9
2024-01-04 15:30:00+00:00,2024-01-06 10:00:00+00:00,6075,42.5,4940,1135,10
2024-01-04 15:30:00+00:00,2024-01-06 11:00:00+00:00,5973,43.5,4696,1277,11
2024-01-04 15:30:00+00:00,2024-01-06 12:00:00+00:00,5875,44.5,4362,1513,12
2024-01-04 15:30:00+00:00,2024-01-06 13:00:00+00:00,5897,45.5,4591,1306,13
2024-01-04 15:30:00+00:00,2024-01-06 14:00:00+00:00,5921,46.5,4539,1382,14
2024-01-04 15:30:00+00:00,2024-01-06 15:00:00+00:00,5947,47.5,4631,1316,15
2024-01-04 11:30:00+00:00,2024-01-04 21:00:00+00:00,4344,9.5,5331,987,21
2024-01-04 11:30:00+00:00,2024-01-04 22:00:00+00:00,4521,10.5,5052,531,22
2024-01-04 11:30:00+00:00,2024-01-04 23:00:00+00:00,4966,11.5,5263,297,23
2024-01-04 11:30:00+00:00,2024-01-05 00:00:00+00:00,5488,12.5,5740,252,0
2024-01-04 11:30:00+00:00,2024-01-05 01:00:00+00:00,6073,13.5,5813,260,1
2024-01-04 11:30:00+00:00,2024-01-05 02:00:00+00:00,6312,14.5,5990,322,2
2024-01-04 11:30:00+00:00,2024-01-05 03:00:00+00:00,6671,15.5,6547,124,3
2024-01-04 11:30:00+00:00,2024-01-05 04:00:00+00:00,6715,16.5,6416,299,4
2024-01-04 11:30:00+00:00,2024-01-05 05:00:00+00:00,6767,17.5,6485,282,5
2024-01-04 11:30:00+00:00,2024-01-05 06:00:00+00:00,6867,18.5,7916,1049,6
2024-01-04 11:30:00+00:00,2024-01-05 07:00:00+00:00,6993,19.5,8250,1257,7
2024-01-04 11:30:00+00:00,2024-01-05 08:00:00+00:00,6891,20.5,8316,1425,8
2024-01-04 11:30:00+00:00,2024-01-05 09:00:00+00:00,6953,21.5,8545,1592,9
2024-01-04 11:30:00+00:00,2024-01-05 10:00:00+00:00,6818,22.5,8007,1189,10
2024-01-04 11:30:00+00:00,2024-01-05 11:00:00+00:00,6823,23.5,8164,1341,11
2024-01-04 11:30:00+00:00,2024-01-05 12:00:00+00:00,6654,24.5,8539,1885,12
2024-01-04 11:30:00+00:00,2024-01-05 13:00:00+00:00,6563,25.5,8724,2161,13
2024-01-04 11:30:00+00:00,2024-01-05 14:00:00+00:00,6366,26.5,8984,2618,14
2024-01-04 11:30:00+00:00,2024-01-05 15:00:00+00:00,6361,27.5,8657,2296,15
2024-01-04 11:30:00+00:00,2024-01-05 16:00:00+00:00,6520,28.5,8416,1896,16
2024-01-04 11:30:00+00:00,2024-01-05 17:00:00+00:00,6644,29.5,7986,1342,17
2024-01-04 11:30:00+00:00,2024-01-05 18:00:00+00:00,6686,30.5,7790,1104,18
2024-01-04 11:30:00+00:00,2024-01-05 19:00:00+00:00,6752,31.5,7236,484,19
2024-01-04 11:30:00+00:00,2024-01-05 20:00:00+00:00,6683,32.5,7104,421,20
2024-01-04 11:30:00+00:00,2024-01-05 21:00:00+00:00,6613,33.5,6579,34,21
2024-01-04 11:30:00+00:00,2024-01-05 22:00:00+00:00,6733,34.5,6280,453,22
2024-01-04 11:30:00+00:00,2024-01-05 23:00:00+00:00,6736,35.5,5845,891,23
2024-01-04 11:30:00+00:00,2024-01-06 00:00:00+00:00,6755,36.5,5741,1014,0
2024-01-04 11:30:00+00:00,2024-01-06 01:00:00+00:00,6683,37.5,5877,806,1
2024-01-04 11:30:00+00:00,2024-01-06 02:00:00+00:00,6620,38.5,6107,513,2
2024-01-04 11:30:00+00:00,2024-01-06 03:00:00+00:00,6635,39.5,6074,561,3
2024-01-04 11:30:00+00:00,2024-01-06 04:00:00+00:00,6707,40.5,5871,836,4
2024-01-04 11:30:00+00:00,2024-01-06 05:00:00+00:00,6775,41.5,5734,1041,5
2024-01-04 11:30:00+00:00,2024-01-06 06:00:00+00:00,6837,42.5,5712,1125,6
2024-01-04 11:30:00+00:00,2024-01-06 07:00:00+00:00,6705,43.5,6033,672,7
2024-01-04 11:30:00+00:00,2024-01-06 08:00:00+00:00,6581,44.5,5771,810,8
2024-01-04 11:30:00+00:00,2024-01-06 09:00:00+00:00,6465,45.5,5244,1221,9
2024-01-04 11:30:00+00:00,2024-01-06 10:00:00+00:00,6328,46.5,4940,1388,10
2024-01-04 11:30:00+00:00,2024-01-06 11:00:00+00:00,6196,47.5,4696,1500,11
2024-01-04 09:30:00+00:00,2024-01-04 21:00:00+00:00,4334,11.5,5331,997,21
2024-01-04 09:30:00+00:00,2024-01-04 22:00:00+00:00,4502,12.5,5052,550,22
2024-01-04 09:30:00+00:00,2024-01-04 23:00:00+00:00,4930,13.5,5263,333,23
2024-01-04 09:30:00+00:00,2024-01-05 00:00:00+00:00,5458,14.5,5740,282,0
2024-01-04 09:30:00+00:00,2024-01-05 01:00:00+00:00,6057,15.5,5813,244,1
2024-01-04 09:30:00+00:00,2024-01-05 02:00:00+00:00,6312,16.5,5990,322,2
2024-01-04 09:30:00+00:00,2024-01-05 03:00:00+00:00,6673,17.5,6547,126,3
2024-01-04 09:30:00+00:00,2024-01-05 04:00:00+00:00,6709,18.5,6416,293,4
2024-01-04 09:30:00+00:00,2024-01-05 05:00:00+00:00,6750,19.5,6485,265,5
2024-01-04 09:30:00+00:00,2024-01-05 06:00:00+00:00,6851,20.5,7916,1065,6
2024-01-04 09:30:00+00:00,2024-01-05 07:00:00+00:00,6969,21.5,8250,1281,7
2024-01-04 09:30:00+00:00,2024-01-05 08:00:00+00:00,6854,22.5,8316,1462,8
2024-01-04 09:30:00+00:00,2024-01-05 09:00:00+00:00,6931,23.5,8545,1614,9
2024-01-04 09:30:00+00:00,2024-01-05 10:00:00+00:00,6790,24.5,8007,1217,10
2024-01-04 09:30:00+00:00,2024-01-05 11:00:00+00:00,6809,25.5,8164,1355,11
2024-01-04 09:30:00+00:00,2024-01-05 12:00:00+00:00,6639,26.5,8539,1900,12
2024-01-04 09:30:00+00:00,2024-01-05 13:00:00+00:00,6549,27.5,8724,2175,13
2024-01-04 09:30:00+00:00,2024-01-05 14:00:00+00:00,6353,28.5,8984,2631,14
2024-01-04 09:30:00+00:00,2024-01-05 15:00:00+00:00,6342,29.5,8657,2315,15
2024-01-04 09:30:00+00:00,2024-01-05 16:00:00+00:00,6521,30.5,8416,1895,16
2024-01-04 09:30:00+00:00,2024-01-05 17:00:00+00:00,6644,31.5,7986,1342,17
2024-01-04 09:30:00+00:00,2024-01-05 18:00:00+00:00,6693,32.5,7790,1097,18
2024-01-04 09:30:00+00:00,2024-01-05 19:00:00+00:00,6748,33.5,7236,488,19
2024-01-04 09:30:00+00:00,2024-01-05 20:00:00+00:00,6681,34.5,7104,423,20
2024-01-04 09:30:00+00:00,2024-01-05 21:00:00+00:00,6614,35.5,6579,35,21
2024-01-04 09:30:00+00:00,2024-01-05 22:00:00+00:00,6762,36.5,6280,482,22
2024-01-04 09:30:00+00:00,2024-01-05 23:00:00+00:00,6780,37.5,5845,935,23
2024-01-04 09:30:00+00:00,2024-01-06 00:00:00+00:00,6799,38.5,5741,1058,0
2024-01-04 09:30:00+00:00,2024-01-06 01:00:00+00:00,6769,39.5,5877,892,1
2024-01-04 09:30:00+00:00,2024-01-06 02:00:00+00:00,6741,40.5,6107,634,2
2024-01-04 09:30:00+00:00,2024-01-06 03:00:00+00:00,6714,41.5,6074,640,3
2024-01-04 09:30:00+00:00,2024-01-06 04:00:00+00:00,6757,42.5,5871,886,4
2024-01-04 09:30:00+00:00,2024-01-06 05:00:00+00:00,6800,43.5,5734,1066,5
2024-01-04 09:30:00+00:00,2024-01-06 06:00:00+00:00,6843,44.5,5712,1131,6
2024-01-04 09:30:00+00:00,2024-01-06 07:00:00+00:00,6709,45.5,6033,676,7
2024-01-04 09:30:00+00:00,2024-01-06 08:00:00+00:00,6583,46.5,5771,812,8
2024-01-04 09:30:00+00:00,2024-01-06 09:00:00+00:00,6465,47.5,5244,1221,9
2024-01-04 07:30:00+00:00,2024-01-04 21:00:00+00:00,4334,13.5,5331,997,21
2024-01-04 07:30:00+00:00,2024-01-04 22:00:00+00:00,4504,14.5,5052,548,22
2024-01-04 07:30:00+00:00,2024-01-04 23:00:00+00:00,4933,15.5,5263,330,23
2024-01-04 07:30:00+00:00,2024-01-05 00:00:00+00:00,5462,16.5,5740,278,0
2024-01-04 07:30:00+00:00,2024-01-05 01:00:00+00:00,6058,17.5,5813,245,1
2024-01-04 07:30:00+00:00,2024-01-05 02:00:00+00:00,6309,18.5,5990,319,2
2024-01-04 07:30:00+00:00,2024-01-05 03:00:00+00:00,6665,19.5,6547,118,3
2024-01-04 07:30:00+00:00,2024-01-05 04:00:00+00:00,6702,20.5,6416,286,4
2024-01-04 07:30:00+00:00,2024-01-05 05:00:00+00:00,6745,21.5,6485,260,5
2024-01-04 07:30:00+00:00,2024-01-05 06:00:00+00:00,6848,22.5,7916,1068,6
2024-01-04 07:30:00+00:00,2024-01-05 07:00:00+00:00,6966,23.5,8250,1284,7
2024-01-04 07:30:00+00:00,2024-01-05 08:00:00+00:00,6851,24.5,8316,1465,8
2024-01-04 07:30:00+00:00,2024-01-05 09:00:00+00:00,6930,25.5,8545,1615,9
2024-01-04 07:30:00+00:00,2024-01-05 10:00:00+00:00,6789,26.5,8007,1218,10
2024-01-04 07:30:00+00:00,2024-01-05 11:00:00+00:00,6810,27.5,8164,1354,11
2024-01-04 07:30:00+00:00,2024-01-05 12:00:00+00:00,6640,28.5,8539,1899,12
2024-01-04 07:30:00+00:00,2024-01-05 13:00:00+00:00,6552,29.5,8724,2172,13
2024-01-04 07:30:00+00:00,2024-01-05 14:00:00+00:00,6356,30.5,8984,2628,14
2024-01-04 07:30:00+00:00,2024-01-05 15:00:00+00:00,6344,31.5,8657,2313,15
2024-01-04 07:30:00+00:00,2024-01-05 16:00:00+00:00,6521,32.5,8416,1895,16
2024-01-04 07:30:00+00:00,2024-01-05 17:00:00+00:00,6644,33.5,7986,1342,17
2024-01-04 07:30:00+00:00,2024-01-05 18:00:00+00:00,6694,34.5,7790,1096,18
2024-01-04 07:30:00+00:00,2024-01-05 19:00:00+00:00,6748,35.5,7236,488,19
2024-01-04 07:30:00+00:00,2024-01-05 20:00:00+00:00,6683,36.5,7104,421,20
2024-01-04 07:30:00+00:00,2024-01-05 21:00:00+00:00,6618,37.5,6579,39,21
2024-01-04 07:30:00+00:00,2024-01-05 22:00:00+00:00,6768,38.5,6280,488,22
2024-01-04 07:30:00+00:00,2024-01-05 23:00:00+00:00,6788,39.5,5845,943,23
2024-01-04 07:30:00+00:00,2024-01-06 00:00:00+00:00,6809,40.5,5741,1068,0
2024-01-04 07:30:00+00:00,2024-01-06 01:00:00+00:00,6779,41.5,5877,902,1
2024-01-04 07:30:00+00:00,2024-01-06 02:00:00+00:00,6751,42.5,6107,644,2
2024-01-04 07:30:00+00:00,2024-01-06 03:00:00+00:00,6723,43.5,6074,649,3
2024-01-04 07:30:00+00:00,2024-01-06 04:00:00+00:00,6764,44.5,5871,893,4
2024-01-04 07:30:00+00:00,2024-01-06 05:00:00+00:00,6806,45.5,5734,1072,5
2024-01-04 07:30:00+00:00,2024-01-06 06:00:00+00:00,6849,46.5,5712,1137,6
2024-01-04 07:30:00+00:00,2024-01-06 07:00:00+00:00,6715,47.5,6033,682,7
2024-01-04 04:30:00+00:00,2024-01-04 21:00:00+00:00,4249,16.5,5331,1082,21
2024-01-04 04:30:00+00:00,2024-01-04 22:00:00+00:00,4602,17.5,5052,450,22
2024-01-04 04:30:00+00:00,2024-01-04 23:00:00+00:00,5046,18.5,5263,217,23
2024-01-04 04:30:00+00:00,2024-01-05 00:00:00+00:00,5640,19.5,5740,100,0
2024-01-04 04:30:00+00:00,2024-01-05 01:00:00+00:00,5975,20.5,5813,162,1
2024-01-04 04:30:00+00:00,2024-01-05 02:00:00+00:00,6234,21.5,5990,244,2
2024-01-04 04:30:00+00:00,2024-01-05 03:00:00+00:00,6574,22.5,6547,27,3
2024-01-04 04:30:00+00:00,2024-01-05 04:00:00+00:00,6624,23.5,6416,208,4
2024-01-04 04:30:00+00:00,2024-01-05 05:00:00+00:00,6589,24.5,6485,104,5
2024-01-04 04:30:00+00:00,2024-01-05 06:00:00+00:00,6715,25.5,7916,1201,6
2024-01-04 04:30:00+00:00,2024-01-05 07:00:00+00:00,6744,26.5,8250,1506,7
2024-01-04 04:30:00+00:00,2024-01-05 08:00:00+00:00,6741,27.5,8316,1575,8
2024-01-04 04:30:00+00:00,2024-01-05 09:00:00+00:00,6756,28.5,8545,1789,9
2024-01-04 04:30:00+00:00,2024-01-05 10:00:00+00:00,6629,29.5,8007,1378,10
2024-01-04 04:30:00+00:00,2024-01-05 11:00:00+00:00,6513,30.5,8164,1651,11
2024-01-04 04:30:00+00:00,2024-01-05 12:00:00+00:00,6343,31.5,8539,2196,12
2024-01-04 04:30:00+00:00,2024-01-05 13:00:00+00:00,6304,32.5,8724,2420,13
2024-01-04 04:30:00+00:00,2024-01-05 14:00:00+00:00,6237,33.5,8984,2747,14
2024-01-04 04:30:00+00:00,2024-01-05 15:00:00+00:00,6311,34.5,8657,2346,15
2024-01-04 04:30:00+00:00,2024-01-05 16:00:00+00:00,6556,35.5,8416,1860,16
2024-01-04 04:30:00+00:00,2024-01-05 17:00:00+00:00,6753,36.5,7986,1233,17
2024-01-04 04:30:00+00:00,2024-01-05 18:00:00+00:00,6956,37.5,7790,834,18
2024-01-04 04:30:00+00:00,2024-01-05 19:00:00+00:00,6990,38.5,7236,246,19
2024-01-04 04:30:00+00:00,2024-01-05 20:00:00+00:00,7024,39.5,7104,80,20
2024-01-04 04:30:00+00:00,2024-01-05 21:00:00+00:00,7059,40.5,6579,480,21
2024-01-04 04:30:00+00:00,2024-01-05 22:00:00+00:00,7072,41.5,6280,792,22
2024-01-04 04:30:00+00:00,2024-01-05 23:00:00+00:00,7086,42.5,5845,1241,23
2024-01-04 04:30:00+00:00,2024-01-06 00:00:00+00:00,7100,43.5,5741,1359,0
2024-01-04 04:30:00+00:00,2024-01-06 01:00:00+00:00,7154,44.5,5877,1277,1
2024-01-04 04:30:00+00:00,2024-01-06 02:00:00+00:00,7207,45.5,6107,1100,2
2024-01-04 04:30:00+00:00,2024-01-06 03:00:00+00:00,7258,46.5,6074,1184,3
2024-01-04 04:30:00+00:00,2024-01-06 04:00:00+00:00,7249,47.5,5871,1378,4
2024-01-04 02:30:00+00:00,2024-01-04 21:00:00+00:00,4246,18.5,5331,1085,21
2024-01-04 02:30:00+00:00,2024-01-04 22:00:00+00:00,4607,19.5,5052,445,22
2024-01-04 02:30:00+00:00,2024-01-04 23:00:00+00:00,5039,20.5,5263,224,23
2024-01-04 02:30:00+00:00,2024-01-05 00:00:00+00:00,5629,21.5,5740,111,0
2024-01-04 02:30:00+00:00,2024-01-05 01:00:00+00:00,5969,22.5,5813,156,1
2024-01-04 02:30:00+00:00,2024-01-05 02:00:00+00:00,6228,23.5,5990,238,2
2024-01-04 02:30:00+00:00,2024-01-05 03:00:00+00:00,6565,24.5,6547,18,3
2024-01-04 02:30:00+00:00,2024-01-05 04:00:00+00:00,6620,25.5,6416,204,4
2024-01-04 02:30:00+00:00,2024-01-05 05:00:00+00:00,6582,26.5,6485,97,5
2024-01-04 02:30:00+00:00,2024-01-05 06:00:00+00:00,6703,27.5,7916,1213,6
2024-01-04 02:30:00+00:00,2024-01-05 07:00:00+00:00,6738,28.5,8250,1512,7
2024-01-04 02:30:00+00:00,2024-01-05 08:00:00+00:00,6733,29.5,8316,1583,8
2024-01-04 02:30:00+00:00,2024-01-05 09:00:00+00:00,6750,30.5,8545,1795,9
2024-01-04 02:30:00+00:00,2024-01-05 10:00:00+00:00,6622,31.5,8007,1385,10
2024-01-04 02:30:00+00:00,2024-01-05 11:00:00+00:00,6510,32.5,8164,1654,11
2024-01-04 02:30:00+00:00,2024-01-05 12:00:00+00:00,6345,33.5,8539,2194,12
2024-01-04 02:30:00+00:00,2024-01-05 13:00:00+00:00,6301,34.5,8724,2423,13
2024-01-04 02:30:00+00:00,2024-01-05 14:00:00+00:00,6239,35.5,8984,2745,14
2024-01-04 02:30:00+00:00,2024-01-05 15:00:00+00:00,6319,36.5,8657,2338,15
2024-01-04 02:30:00+00:00,2024-01-05 16:00:00+00:00,6573,37.5,8416,1843,16
2024-01-04 02:30:00+00:00,2024-01-05 17:00:00+00:00,6777,38.5,7986,1209,17
2024-01-04 02:30:00+00:00,2024-01-05 18:00:00+00:00,6988,39.5,7790,802,18
2024-01-04 02:30:00+00:00,2024-01-05 19:00:00+00:00,7023,40.5,7236,213,19
2024-01-04 02:30:00+00:00,2024-01-05 20:00:00+00:00,7059,41.5,7104,45,20
2024-01-04 02:30:00+00:00,2024-01-05 21:00:00+00:00,7095,42.5,6579,516,21
2024-01-04 02:30:00+00:00,2024-01-05 22:00:00+00:00,7110,43.5,6280,830,22
2024-01-04 02:30:00+00:00,2024-01-05 23:00:00+00:00,7126,44.5,5845,1281,23
2024-01-04 02:30:00+00:00,2024-01-06 00:00:00+00:00,7142,45.5,5741,1401,0
2024-01-04 02:30:00+00:00,2024-01-06 01:00:00+00:00,7193,46.5,5877,1316,1
2024-01-04 02:30:00+00:00,2024-01-06 02:00:00+00:00,7242,47.5,6107,1135,2
2024-01-03 22:30:00+00:00,2024-01-04 03:00:00+00:00,9120,4.5,8118,1002,3
2024-01-03 22:30:00+00:00,2024-01-04 04:00:00+00:00,9018,5.5,7666,1352,4
2024-01-03 22:30:00+00:00,2024-01-04 05:00:00+00:00,8681,6.5,7859,822,5
2024-01-03 22:30:00+00:00,2024-01-04 06:00:00+00:00,8315,7.5,8359,44,6
2024-01-03 22:30:00+00:00,2024-01-04 07:00:00+00:00,7889,8.5,7815,74,7
2024-01-03 22:30:00+00:00,2024-01-04 08:00:00+00:00,7355,9.5,6880,475,8
2024-01-03 22:30:00+00:00,2024-01-04 09:00:00+00:00,7021,10.5,6841,180,9
2024-01-03 22:30:00+00:00,2024-01-04 10:00:00+00:00,6550,11.5,6394,156,10
2024-01-03 22:30:00+00:00,2024-01-04 11:00:00+00:00,5940,12.5,5193,747,11
2024-01-03 22:30:00+00:00,2024-01-04 12:00:00+00:00,5088,13.5,4421,667,12
2024-01-03 22:30:00+00:00,2024-01-04 13:00:00+00:00,4194,14.5,3544,650,13
2024-01-03 22:30:00+00:00,2024-01-04 14:00:00+00:00,3572,15.5,3394,178,14
2024-01-03 22:30:00+00:00,2024-01-04 15:00:00+00:00,3131,16.5,2988,143,15
2024-01-03 22:30:00+00:00,2024-01-04 16:00:00+00:00,2973,17.5,3039,66,16
2024-01-03 22:30:00+00:00,2024-01-04 17:00:00+00:00,3003,18.5,3204,201,17
2024-01-03 22:30:00+00:00,2024-01-04 18:00:00+00:00,3177,19.5,3862,685,18
2024-01-03 22:30:00+00:00,2024-01-04 19:00:00+00:00,3286,20.5,4459,1173,19
2024-01-03 22:30:00+00:00,2024-01-04 20:00:00+00:00,3392,21.5,4751,1359,20
2024-01-03 22:30:00+00:00,2024-01-04 21:00:00+00:00,3650,22.5,5331,1681,21
2024-01-03 22:30:00+00:00,2024-01-04 22:00:00+00:00,3893,23.5,5052,1159,22
2024-01-03 22:30:00+00:00,2024-01-04 23:00:00+00:00,4187,24.5,5263,1076,23
2024-01-03 22:30:00+00:00,2024-01-05 00:00:00+00:00,4476,25.5,5740,1264,0
2024-01-03 22:30:00+00:00,2024-01-05 01:00:00+00:00,4688,26.5,5813,1125,1
2024-01-03 22:30:00+00:00,2024-01-05 02:00:00+00:00,5116,27.5,5990,874,2
2024-01-03 22:30:00+00:00,2024-01-05 03:00:00+00:00,5226,28.5,6547,1321,3
2024-01-03 22:30:00+00:00,2024-01-05 04:00:00+00:00,5429,29.5,6416,987,4
2024-01-03 22:30:00+00:00,2024-01-05 05:00:00+00:00,5441,30.5,6485,1044,5
2024-01-03 22:30:00+00:00,2024-01-05 06:00:00+00:00,5604,31.5,7916,2312,6
2024-01-03 22:30:00+00:00,2024-01-05 07:00:00+00:00,5640,32.5,8250,2610,7
2024-01-03 22:30:00+00:00,2024-01-05 08:00:00+00:00,5671,33.5,8316,2645,8
2024-01-03 22:30:00+00:00,2024-01-05 09:00:00+00:00,5812,34.5,8545,2733,9
2024-01-03 22:30:00+00:00,2024-01-05 10:00:00+00:00,5779,35.5,8007,2228,10
2024-01-03 22:30:00+00:00,2024-01-05 11:00:00+00:00,5790,36.5,8164,2374,11
2024-01-03 22:30:00+00:00,2024-01-05 12:00:00+00:00,5805,37.5,8539,2734,12
2024-01-03 22:30:00+00:00,2024-01-05 13:00:00+00:00,5823,38.5,8724,2901,13
2024-01-03 22:30:00+00:00,2024-01-05 14:00:00+00:00,5849,39.5,8984,3135,14
2024-01-03 22:30:00+00:00,2024-01-05 15:00:00+00:00,5886,40.5,8657,2771,15
2024-01-03 22:30:00+00:00,2024-01-05 16:00:00+00:00,5996,41.5,8416,2420,16
2024-01-03 22:30:00+00:00,2024-01-05 17:00:00+00:00,6112,42.5,7986,1874,17
2024-01-03 22:30:00+00:00,2024-01-05 18:00:00+00:00,6234,43.5,7790,1556,18
2024-01-03 22:30:00+00:00,2024-01-05 19:00:00+00:00,6339,44.5,7236,897,19
2024-01-03 22:30:00+00:00,2024-01-05 20:00:00+00:00,6447,45.5,7104,657,20
2024-01-03 22:30:00+00:00,2024-01-05 21:00:00+00:00,6559,46.5,6579,20,21
2024-01-03 18:30:00+00:00,2024-01-03 23:00:00+00:00,8928,4.5,6813,2115,23
2024-01-03 18:30:00+00:00,2024-01-04 00:00:00+00:00,9132,5.5,7112,2020,0
2024-01-03 18:30:00+00:00,2024-01-04 01:00:00+00:00,9116,6.5,7743,1373,1
2024-01-03 18:30:00+00:00,2024-01-04 02:00:00+00:00,9085,7.5,8269,816,2
2024-01-03 18:30:00+00:00,2024-01-04 03:00:00+00:00,9124,8.5,8118,1006,3
2024-01-03 18:30:00+00:00,2024-01-04 04:00:00+00:00,9020,9.5,7666,1354,4
2024-01-03 18:30:00+00:00,2024-01-04 05:00:00+00:00,8679,10.5,7859,820,5
2024-01-03 18:30:00+00:00,2024-01-04 06:00:00+00:00,8315,11.5,8359,44,6
2024-01-03 18:30:00+00:00,2024-01-04 07:00:00+00:00,7887,12.5,7815,72,7
2024-01-03 18:30:00+00:00,2024-01-04 08:00:00+00:00,7356,13.5,6880,476,8
2024-01-03 18:30:00+00:00,2024-01-04 09:00:00+00:00,7023,14.5,6841,182,9
2024-01-03 18:30:00+00:00,2024-01-04 10:00:00+00:00,6550,15.5,6394,156,10
2024-01-03 18:30:00+00:00,2024-01-04 11:00:00+00:00,5943,16.5,5193,750,11
2024-01-03 18:30:00+00:00,2024-01-04 12:00:00+00:00,5090,17.5,4421,669,12
2024-01-03 18:30:00+00:00,2024-01-04 13:00:00+00:00,4199,18.5,3544,655,13
2024-01-03 18:30:00+00:00,2024-01-04 14:00:00+00:00,3567,19.5,3394,173,14
2024-01-03 18:30:00+00:00,2024-01-04 15:00:00+00:00,3124,20.5,2988,136,15
2024-01-03 18:30:00+00:00,2024-01-04 16:00:00+00:00,2956,21.5,3039,83,16
2024-01-03 18:30:00+00:00,2024-01-04 17:00:00+00:00,2988,22.5,3204,216,17
2024-01-03 18:30:00+00:00,2024-01-04 18:00:00+00:00,3164,23.5,3862,698,18
2024-01-03 18:30:00+00:00,2024-01-04 19:00:00+00:00,3274,24.5,4459,1185,19
2024-01-03 18:30:00+00:00,2024-01-04 20:00:00+00:00,3378,25.5,4751,1373,20
2024-01-03 18:30:00+00:00,2024-01-04 21:00:00+00:00,3645,26.5,5331,1686,21
2024-01-03 18:30:00+00:00,2024-01-04 22:00:00+00:00,3894,27.5,5052,1158,22
2024-01-03 18:30:00+00:00,2024-01-04 23:00:00+00:00,4161,28.5,5263,1102,23
2024-01-03 18:30:00+00:00,2024-01-05 00:00:00+00:00,4456,29.5,5740,1284,0
2024-01-03 18:30:00+00:00,2024-01-05 01:00:00+00:00,4665,30.5,5813,1148,1
2024-01-03 18:30:00+00:00,2024-01-05 02:00:00+00:00,5083,31.5,5990,907,2
2024-01-03 18:30:00+00:00,2024-01-05 03:00:00+00:00,5198,32.5,6547,1349,3
2024-01-03 18:30:00+00:00,2024-01-05 04:00:00+00:00,5394,33.5,6416,1022,4
2024-01-03 18:30:00+00:00,2024-01-05 05:00:00+00:00,5400,34.5,6485,1085,5
2024-01-03 18:30:00+00:00,2024-01-05 06:00:00+00:00,5573,35.5,7916,2343,6
2024-01-03 18:30:00+00:00,2024-01-05 07:00:00+00:00,5608,36.5,8250,2642,7
2024-01-03 18:30:00+00:00,2024-01-05 08:00:00+00:00,5644,37.5,8316,2672,8
2024-01-03 18:30:00+00:00,2024-01-05 09:00:00+00:00,5792,38.5,8545,2753,9
2024-01-03 18:30:00+00:00,2024-01-05 10:00:00+00:00,5762,39.5,8007,2245,10
2024-01-03 18:30:00+00:00,2024-01-05 11:00:00+00:00,5778,40.5,8164,2386,11
2024-01-03 18:30:00+00:00,2024-01-05 12:00:00+00:00,5797,41.5,8539,2742,12
2024-01-03 18:30:00+00:00,2024-01-05 13:00:00+00:00,5819,42.5,8724,2905,13
2024-01-03 18:30:00+00:00,2024-01-05 14:00:00+00:00,5850,43.5,8984,3134,14
2024-01-03 18:30:00+00:00,2024-01-05 15:00:00+00:00,5891,44.5,8657,2766,15
2024-01-03 18:30:00+00:00,2024-01-05 16:00:00+00:00,6003,45.5,8416,2413,16
2024-01-03 18:30:00+00:00,2024-01-05 17:00:00+00:00,6120,46.5,7986,1866,17
2024-01-03 18:30:00+00:00,2024-01-05 18:00:00+00:00,6244,47.5,7790,1546,18
2024-01-03 15:30:00+00:00,2024-01-03 21:00:00+00:00,9291,5.5,6945,2346,21
2024-01-03 15:30:00+00:00,2024-01-03 22:00:00+00:00,9589,6.5,6611,2978,22
2024-01-03 15:30:00+00:00,2024-01-03 23:00:00+00:00,9508,7.5,6813,2695,23
2024-01-03 15:30:00+00:00,2024-01-04 00:00:00+00:00,9491,8.5,7112,2379,0
2024-01-03 15:30:00+00:00,2024-01-04 01:00:00+00:00,9430,9.5,7743,1687,1
2024-01-03 15:30:00+00:00,2024-01-04 02:00:00+00:00,9159,10.5,8269,890,2
2024-01-03 15:30:00+00:00,2024-01-04 03:00:00+00:00,9157,11.5,8118,1039,3
2024-01-03 15:30:00+00:00,2024-01-04 04:00:00+00:00,8998,12.5,7666,1332,4
2024-01-03 15:30:00+00:00,2024-01-04 05:00:00+00:00,8740,13.5,7859,881,5
2024-01-03 15:30:00+00:00,2024-01-04 06:00:00+00:00,8379,14.5,8359,20,6
2024-01-03 15:30:00+00:00,2024-01-04 07:00:00+00:00,8007,15.5,7815,192,7
2024-01-03 15:30:00+00:00,2024-01-04 08:00:00+00:00,7511,16.5,6880,631,8
2024-01-03 15:30:00+00:00,2024-01-04 09:00:00+00:00,7226,17.5,6841,385,9
2024-01-03 15:30:00+00:00,2024-01-04 10:00:00+00:00,6809,18.5,6394,415,10
2024-01-03 15:30:00+00:00,2024-01-04 11:00:00+00:00,6150,19.5,5193,957,11
2024-01-03 15:30:00+00:00,2024-01-04 12:00:00+00:00,5306,20.5,4421,885,12
2024-01-03 15:30:00+00:00,2024-01-04 13:00:00+00:00,4313,21.5,3544,769,13
2024-01-03 15:30:00+00:00,2024-01-04 14:00:00+00:00,3766,22.5,3394,372,14
2024-01-03 15:30:00+00:00,2024-01-04 15:00:00+00:00,3296,23.5,2988,308,15
2024-01-03 15:30:00+00:00,2024-01-04 16:00:00+00:00,3150,24.5,3039,111,16
2024-01-03 15:30:00+00:00,2024-01-04 17:00:00+00:00,3219,25.5,3204,15,17
2024-01-03 15:30:00+00:00,2024-01-04 18:00:00+00:00,3266,26.5,3862,596,18
2024-01-03 15:30:00+00:00,2024-01-04 19:00:00+00:00,3225,27.5,4459,1234,19
2024-01-03 15:30:00+00:00,2024-01-04 20:00:00+00:00,3182,28.5,4751,1569,20
2024-01-03 15:30:00+00:00,2024-01-04 21:00:00+00:00,3202,29.5,5331,2129,21
2024-01-03 15:30:00+00:00,2024-01-04 22:00:00+00:00,3140,30.5,5052,1912,22
2024-01-03 15:30:00+00:00,2024-01-04 23:00:00+00:00,3329,31.5,5263,1934,23
2024-01-03 15:30:00+00:00,2024-01-05 00:00:00+00:00,3496,32.5,5740,2244,0
2024-01-03 15:30:00+00:00,2024-01-05 01:00:00+00:00,3524,33.5,5813,2289,1
2024-01-03 15:30:00+00:00,2024-01-05 02:00:00+00:00,3811,34.5,5990,2179,2
2024-01-03 15:30:00+00:00,2024-01-05 03:00:00+00:00,3799,35.5,6547,2748,3
2024-01-03 15:30:00+00:00,2024-01-05 04:00:00+00:00,3900,36.5,6416,2516,4
2024-01-03 15:30:00+00:00,2024-01-05 05:00:00+00:00,4098,37.5,6485,2387,5
2024-01-03 15:30:00+00:00,2024-01-05 06:00:00+00:00,4324,38.5,7916,3592,6
2024-01-03 15:30:00+00:00,2024-01-05 07:00:00+00:00,4497,39.5,8250,3753,7
2024-01-03 15:30:00+00:00,2024-01-05 08:00:00+00:00,4680,40.5,8316,3636,8
2024-01-03 15:30:00+00:00,2024-01-05 09:00:00+00:00,4871,41.5,8545,3674,9
2024-01-03 15:30:00+00:00,2024-01-05 10:00:00+00:00,4894,42.5,8007,3113,10
2024-01-03 15:30:00+00:00,2024-01-05 11:00:00+00:00,4924,43.5,8164,3240,11
2024-01-03 15:30:00+00:00,2024-01-05 12:00:00+00:00,4962,44.5,8539,3577,12
2024-01-03 15:30:00+00:00,2024-01-05 13:00:00+00:00,5048,45.5,8724,3676,13
2024-01-03 15:30:00+00:00,2024-01-05 14:00:00+00:00,5143,46.5,8984,3841,14
2024-01-03 15:30:00+00:00,2024-01-05 15:00:00+00:00,5247,47.5,8657,3410,15
2024-01-03 11:30:00+00:00,2024-01-03 21:00:00+00:00,9670,9.5,6945,2725,21
2024-01-03 11:30:00+00:00,2024-01-03 22:00:00+00:00,9904,10.5,6611,3293,22
2024-01-03 11:30:00+00:00,2024-01-03 23:00:00+00:00,9893,11.5,6813,3080,23
2024-01-03 11:30:00+00:00,2024-01-04 00:00:00+00:00,9820,12.5,7112,2708,0
2024-01-03 11:30:00+00:00,2024-01-04 01:00:00+00:00,9806,13.5,7743,2063,1
2024-01-03 11:30:00+00:00,2024-01-04 02:00:00+00:00,9634,14.5,8269,1365,2
2024-01-03 11:30:00+00:00,2024-01-04 03:00:00+00:00,9664,15.5,8118,1546,3
2024-01-03 11:30:00+00:00,2024-01-04 04:00:00+00:00,9478,16.5,7666,1812,4
2024-01-03 11:30:00+00:00,2024-01-04 05:00:00+00:00,9217,17.5,7859,1358,5
2024-01-03 11:30:00+00:00,2024-01-04 06:00:00+00:00,8869,18.5,8359,510,6
2024-01-03 11:30:00+00:00,2024-01-04 07:00:00+00:00,8491,19.5,7815,676,7
2024-01-03 11:30:00+00:00,2024-01-04 08:00:00+00:00,8025,20.5,6880,1145,8
2024-01-03 11:30:00+00:00,2024-01-04 09:00:00+00:00,7666,21.5,6841,825,9
2024-01-03 11:30:00+00:00,2024-01-04 10:00:00+00:00,7343,22.5,6394,949,10
2024-01-03 11:30:00+00:00,2024-01-04 11:00:00+00:00,6514,23.5,5193,1321,11
2024-01-03 11:30:00+00:00,2024-01-04 12:00:00+00:00,5597,24.5,4421,1176,12
2024-01-03 11:30:00+00:00,2024-01-04 13:00:00+00:00,4572,25.5,3544,1028,13
2024-01-03 11:30:00+00:00,2024-01-04 14:00:00+00:00,4023,26.5,3394,629,14
2024-01-03 11:30:00+00:00,2024-01-04 15:00:00+00:00,3738,27.5,2988,750,15
2024-01-03 11:30:00+00:00,2024-01-04 16:00:00+00:00,3445,28.5,3039,406,16
2024-01-03 11:30:00+00:00,2024-01-04 17:00:00+00:00,3494,29.5,3204,290,17
2024-01-03 11:30:00+00:00,2024-01-04 18:00:00+00:00,3578,30.5,3862,284,18
2024-01-03 11:30:00+00:00,2024-01-04 19:00:00+00:00,3614,31.5,4459,845,19
2024-01-03 11:30:00+00:00,2024-01-04 20:00:00+00:00,3548,32.5,4751,1203,20
2024-01-03 11:30:00+00:00,2024-01-04 21:00:00+00:00,3424,33.5,5331,1907,21
2024-01-03 11:30:00+00:00,2024-01-04 22:00:00+00:00,2898,34.5,5052,2154,22
2024-01-03 11:30:00+00:00,2024-01-04 23:00:00+00:00,2958,35.5,5263,2305,23
2024-01-03 11:30:00+00:00,2024-01-05 00:00:00+00:00,3022,36.5,5740,2718,0
2024-01-03 11:30:00+00:00,2024-01-05 01:00:00+00:00,3010,37.5,5813,2803,1
2024-01-03 11:30:00+00:00,2024-01-05 02:00:00+00:00,3067,38.5,5990,2923,2
2024-01-03 11:30:00+00:00,2024-01-05 03:00:00+00:00,3141,39.5,6547,3406,3
2024-01-03 11:30:00+00:00,2024-01-05 04:00:00+00:00,3209,40.5,6416,3207,4
2024-01-03 11:30:00+00:00,2024-01-05 05:00:00+00:00,3294,41.5,6485,3191,5
2024-01-03 11:30:00+00:00,2024-01-05 06:00:00+00:00,3399,42.5,7916,4517,6
2024-01-03 11:30:00+00:00,2024-01-05 07:00:00+00:00,3530,43.5,8250,4720,7
2024-01-03 11:30:00+00:00,2024-01-05 08:00:00+00:00,3675,44.5,8316,4641,8
2024-01-03 11:30:00+00:00,2024-01-05 09:00:00+00:00,3833,45.5,8545,4712,9
2024-01-03 11:30:00+00:00,2024-01-05 10:00:00+00:00,3873,46.5,8007,4134,10
2024-01-03 11:30:00+00:00,2024-01-05 11:00:00+00:00,3917,47.5,8164,4247,11
2024-01-03 09:30:00+00:00,2024-01-03 21:00:00+00:00,9663,11.5,6945,2718,21
2024-01-03 09:30:00+00:00,2024-01-03 22:00:00+00:00,9899,12.5,6611,3288,22
2024-01-03 09:30:00+00:00,2024-01-03 23:00:00+00:00,9893,13.5,6813,3080,23
2024-01-03 09:30:00+00:00,2024-01-04 00:00:00+00:00,9816,14.5,7112,2704,0
2024-01-03 09:30:00+00:00,2024-01-04 01:00:00+00:00,9802,15.5,7743,2059,1
2024-01-03 09:30:00+00:00,2024-01-04 02:00:00+00:00,9634,16.5,8269,1365,2
2024-01-03 09:30:00+00:00,2024-01-04 03:00:00+00:00,9663,17.5,8118,1545,3
2024-01-03 09:30:00+00:00,2024-01-04 04:00:00+00:00,9478,18.5,7666,1812,4
2024-01-03 09:30:00+00:00,2024-01-04 05:00:00+00:00,9211,19.5,7859,1352,5
2024-01-03 09:30:00+00:00,2024-01-04 06:00:00+00:00,8858,20.5,8359,499,6
2024-01-03 09:30:00+00:00,2024-01-04 07:00:00+00:00,8484,21.5,7815,669,7
2024-01-03 09:30:00+00:00,2024-01-04 08:00:00+00:00,8041,22.5,6880,1161,8
2024-01-03 09:30:00+00:00,2024-01-04 09:00:00+00:00,7686,23.5,6841,845,9
2024-01-03 09:30:00+00:00,2024-01-04 10:00:00+00:00,7348,24.5,6394,954,10
2024-01-03 09:30:00+00:00,2024-01-04 11:00:00+00:00,6510,25.5,5193,1317,11
2024-01-03 09:30:00+00:00,2024-01-04 12:00:00+00:00,5614,26.5,4421,1193,12
2024-01-03 09:30:00+00:00,2024-01-04 13:00:00+00:00,4593,27.5,3544,1049,13
2024-01-03 09:30:00+00:00,2024-01-04 14:00:00+00:00,4052,28.5,3394,658,14
2024-01-03 09:30:00+00:00,2024-01-04 15:00:00+00:00,3756,29.5,2988,768,15
2024-01-03 09:30:00+00:00,2024-01-04 16:00:00+00:00,3460,30.5,3039,421,16
2024-01-03 09:30:00+00:00,2024-01-04 17:00:00+00:00,3463,31.5,3204,259,17
2024-01-03 09:30:00+00:00,2024-01-04 18:00:00+00:00,3525,32.5,3862,337,18
2024-01-03 09:30:00+00:00,2024-01-04 19:00:00+00:00,3583,33.5,4459,876,19
2024-01-03 09:30:00+00:00,2024-01-04 20:00:00+00:00,3547,34.5,4751,1204,20
2024-01-03 09:30:00+00:00,2024-01-04 21:00:00+00:00,3386,35.5,5331,1945,21
2024-01-03 09:30:00+00:00,2024-01-04 22:00:00+00:00,2917,36.5,5052,2135,22
2024-01-03 09:30:00+00:00,2024-01-04 23:00:00+00:00,2959,37.5,5263,2304,23
2024-01-03 09:30:00+00:00,2024-01-05 00:00:00+00:00,3011,38.5,5740,2729,0
2024-01-03 09:30:00+00:00,2024-01-05 01:00:00+00:00,3045,39.5,5813,2768,1
2024-01-03 09:30:00+00:00,2024-01-05 02:00:00+00:00,3091,40.5,5990,2899,2
2024-01-03 09:30:00+00:00,2024-01-05 03:00:00+00:00,3150,41.5,6547,3397,3
2024-01-03 09:30:00+00:00,2024-01-05 04:00:00+00:00,3203,42.5,6416,3213,4
2024-01-03 09:30:00+00:00,2024-01-05 05:00:00+00:00,3275,43.5,6485,3210,5
2024-01-03 09:30:00+00:00,2024-01-05 06:00:00+00:00,3365,44.5,7916,4551,6
2024-01-03 09:30:00+00:00,2024-01-05 07:00:00+00:00,3482,45.5,8250,4768,7
2024-01-03 09:30:00+00:00,2024-01-05 08:00:00+00:00,3612,46.5,8316,4704,8
2024-01-03 09:30:00+00:00,2024-01-05 09:00:00+00:00,3757,47.5,8545,4788,9
2024-01-03 07:30:00+00:00,2024-01-03 21:00:00+00:00,9664,13.5,6945,2719,21
2024-01-03 07:30:00+00:00,2024-01-03 22:00:00+00:00,9900,14.5,6611,3289,22
2024-01-03 07:30:00+00:00,2024-01-03 23:00:00+00:00,9893,15.5,6813,3080,23
2024-01-03 07:30:00+00:00,2024-01-04 00:00:00+00:00,9814,16.5,7112,2702,0
2024-01-03 07:30:00+00:00,2024-01-04 01:00:00+00:00,9801,17.5,7743,2058,1
2024-01-03 07:30:00+00:00,2024-01-04 02:00:00+00:00,9633,18.5,8269,1364,2
2024-01-03 07:30:00+00:00,2024-01-04 03:00:00+00:00,9662,19.5,8118,1544,3
2024-01-03 07:30:00+00:00,2024-01-04 04:00:00+00:00,9478,20.5,7666,1812,4
2024-01-03 07:30:00+00:00,2024-01-04 05:00:00+00:00,9211,21.5,7859,1352,5
2024-01-03 07:30:00+00:00,2024-01-04 06:00:00+00:00,8860,22.5,8359,501,6
2024-01-03 07:30:00+00:00,2024-01-04 07:00:00+00:00,8486,23.5,7815,671,7
2024-01-03 07:30:00+00:00,2024-01-04 08:00:00+00:00,8042,24.5,6880,1162,8
2024-01-03 07:30:00+00:00,2024-01-04 09:00:00+00:00,7688,25.5,6841,847,9
2024-01-03 07:30:00+00:00,2024-01-04 10:00:00+00:00,7350,26.5,6394,956,10
2024-01-03 07:30:00+00:00,2024-01-04 11:00:00+00:00,6513,27.5,5193,1320,11
2024-01-03 07:30:00+00:00,2024-01-04 12:00:00+00:00,5623,28.5,4421,1202,12
2024-01-03 07:30:00+00:00,2024-01-04 13:00:00+00:00,4600,29.5,3544,1056,13
2024-01-03 07:30:00+00:00,2024-01-04 14:00:00+00:00,4057,30.5,3394,663,14
2024-01-03 07:30:00+00:00,2024-01-04 15:00:00+00:00,3758,31.5,2988,770,15
2024-01-03 07:30:00+00:00,2024-01-04 16:00:00+00:00,3459,32.5,3039,420,16
2024-01-03 07:30:00+00:00,2024-01-04 17:00:00+00:00,3458,33.5,3204,254,17
2024-01-03 07:30:00+00:00,2024-01-04 18:00:00+00:00,3517,34.5,3862,345,18
2024-01-03 07:30:00+00:00,2024-01-04 19:00:00+00:00,3572,35.5,4459,887,19
2024-01-03 07:30:00+00:00,2024-01-04 20:00:00+00:00,3535,36.5,4751,1216,20
2024-01-03 07:30:00+00:00,2024-01-04 21:00:00+00:00,3367,37.5,5331,1964,21
2024-01-03 07:30:00+00:00,2024-01-04 22:00:00+00:00,2896,38.5,5052,2156,22
2024-01-03 07:30:00+00:00,2024-01-04 23:00:00+00:00,2935,39.5,5263,2328,23
2024-01-03 07:30:00+00:00,2024-01-05 00:00:00+00:00,2985,40.5,5740,2755,0
2024-01-03 07:30:00+00:00,2024-01-05 01:00:00+00:00,3028,41.5,5813,2785,1
2024-01-03 07:30:00+00:00,2024-01-05 02:00:00+00:00,3082,42.5,5990,2908,2
2024-01-03 07:30:00+00:00,2024-01-05 03:00:00+00:00,3149,43.5,6547,3398,3
2024-01-03 07:30:00+00:00,2024-01-05 04:00:00+00:00,3201,44.5,6416,3215,4
2024-01-03 07:30:00+00:00,2024-01-05 05:00:00+00:00,3271,45.5,6485,3214,5
2024-01-03 07:30:00+00:00,2024-01-05 06:00:00+00:00,3361,46.5,7916,4555,6
2024-01-03 07:30:00+00:00,2024-01-05 07:00:00+00:00,3480,47.5,8250,4770,7
2024-01-03 04:30:00+00:00,2024-01-03 21:00:00+00:00,10550,16.5,6945,3605,21
2024-01-03 04:30:00+00:00,2024-01-03 22:00:00+00:00,10809,17.5,6611,4198,22
2024-01-03 04:30:00+00:00,2024-01-03 23:00:00+00:00,10994,18.5,6813,4181,23
2024-01-03 04:30:00+00:00,2024-01-04 00:00:00+00:00,11074,19.5,7112,3962,0
2024-01-03 04:30:00+00:00,2024-01-04 01:00:00+00:00,11105,20.5,7743,3362,1
2024-01-03 04:30:00+00:00,2024-01-04 02:00:00+00:00,11113,21.5,8269,2844,2
2024-01-03 04:30:00+00:00,2024-01-04 03:00:00+00:00,11261,22.5,8118,3143,3
2024-01-03 04:30:00+00:00,2024-01-04 04:00:00+00:00,11154,23.5,7666,3488,4
2024-01-03 04:30:00+00:00,2024-01-04 05:00:00+00:00,10971,24.5,7859,3112,5
2024-01-03 04:30:00+00:00,2024-01-04 06:00:00+00:00,10656,25.5,8359,2297,6
2024-01-03 04:30:00+00:00,2024-01-04 07:00:00+00:00,10274,26.5,7815,2459,7
2024-01-03 04:30:00+00:00,2024-01-04 08:00:00+00:00,9945,27.5,6880,3065,8
2024-01-03 04:30:00+00:00,2024-01-04 09:00:00+00:00,9507,28.5,6841,2666,9
2024-01-03 04:30:00+00:00,2024-01-04 10:00:00+00:00,8673,29.5,6394,2279,10
2024-01-03 04:30:00+00:00,2024-01-04 11:00:00+00:00,7734,30.5,5193,2541,11
2024-01-03 04:30:00+00:00,2024-01-04 12:00:00+00:00,6758,31.5,4421,2337,12
2024-01-03 04:30:00+00:00,2024-01-04 13:00:00+00:00,5659,32.5,3544,2115,13
2024-01-03 04:30:00+00:00,2024-01-04 14:00:00+00:00,4829,33.5,3394,1435,14
2024-01-03 04:30:00+00:00,2024-01-04 15:00:00+00:00,4260,34.5,2988,1272,15
2024-01-03 04:30:00+00:00,2024-01-04 16:00:00+00:00,3599,35.5,3039,560,16
2024-01-03 04:30:00+00:00,2024-01-04 17:00:00+00:00,3406,36.5,3204,202,17
2024-01-03 04:30:00+00:00,2024-01-04 18:00:00+00:00,3243,37.5,3862,619,18
2024-01-03 04:30:00+00:00,2024-01-04 19:00:00+00:00,3209,38.5,4459,1250,19
2024-01-03 04:30:00+00:00,2024-01-04 20:00:00+00:00,3184,39.5,4751,1567,20
2024-01-03 04:30:00+00:00,2024-01-04 21:00:00+00:00,3167,40.5,5331,2164,21
2024-01-03 04:30:00+00:00,2024-01-04 22:00:00+00:00,3204,41.5,5052,1848,22
2024-01-03 04:30:00+00:00,2024-01-04 23:00:00+00:00,3254,42.5,5263,2009,23
2024-01-03 04:30:00+00:00,2024-01-05 00:00:00+00:00,3317,43.5,5740,2423,0
2024-01-03 04:30:00+00:00,2024-01-05 01:00:00+00:00,3322,44.5,5813,2491,1
2024-01-03 04:30:00+00:00,2024-01-05 02:00:00+00:00,3329,45.5,5990,2661,2
2024-01-03 04:30:00+00:00,2024-01-05 03:00:00+00:00,3338,46.5,6547,3209,3
2024-01-03 04:30:00+00:00,2024-01-05 04:00:00+00:00,3402,47.5,6416,3014,4
2024-01-03 02:30:00+00:00,2024-01-03 21:00:00+00:00,10552,18.5,6945,3607,21
2024-01-03 02:30:00+00:00,2024-01-03 22:00:00+00:00,10811,19.5,6611,4200,22
2024-01-03 02:30:00+00:00,2024-01-03 23:00:00+00:00,10998,20.5,6813,4185,23
2024-01-03 02:30:00+00:00,2024-01-04 00:00:00+00:00,11077,21.5,7112,3965,0
2024-01-03 02:30:00+00:00,2024-01-04 01:00:00+00:00,11107,22.5,7743,3364,1
2024-01-03 02:30:00+00:00,2024-01-04 02:00:00+00:00,11115,23.5,8269,2846,2
2024-01-03 02:30:00+00:00,2024-01-04 03:00:00+00:00,11265,24.5,8118,3147,3
2024-01-03 02:30:00+00:00,2024-01-04 04:00:00+00:00,11154,25.5,7666,3488,4
2024-01-03 02:30:00+00:00,2024-01-04 05:00:00+00:00,10974,26.5,7859,3115,5
2024-01-03 02:30:00+00:00,2024-01-04 06:00:00+00:00,10655,27.5,8359,2296,6
2024-01-03 02:30:00+00:00,2024-01-04 07:00:00+00:00,10277,28.5,7815,2462,7
2024-01-03 02:30:00+00:00,2024-01-04 08:00:00+00:00,9952,29.5,6880,3072,8
2024-01-03 02:30:00+00:00,2024-01-04 09:00:00+00:00,9510,30.5,6841,2669,9
2024-01-03 02:30:00+00:00,2024-01-04 10:00:00+00:00,8679,31.5,6394,2285,10
2024-01-03 02:30:00+00:00,2024-01-04 11:00:00+00:00,7739,32.5,5193,2546,11
2024-01-03 02:30:00+00:00,2024-01-04 12:00:00+00:00,6780,33.5,4421,2359,12
2024-01-03 02:30:00+00:00,2024-01-04 13:00:00+00:00,5667,34.5,3544,2123,13
2024-01-03 02:30:00+00:00,2024-01-04 14:00:00+00:00,4839,35.5,3394,1445,14
2024-01-03 02:30:00+00:00,2024-01-04 15:00:00+00:00,4304,36.5,2988,1316,15
2024-01-03 02:30:00+00:00,2024-01-04 16:00:00+00:00,3650,37.5,3039,611,16
2024-01-03 02:30:00+00:00,2024-01-04 17:00:00+00:00,3459,38.5,3204,255,17
2024-01-03 02:30:00+00:00,2024-01-04 18:00:00+00:00,3295,39.5,3862,567,18
2024-01-03 02:30:00+00:00,2024-01-04 19:00:00+00:00,3257,40.5,4459,1202,19
2024-01-03 02:30:00+00:00,2024-01-04 20:00:00+00:00,3228,41.5,4751,1523,20
2024-01-03 02:30:00+00:00,2024-01-04 21:00:00+00:00,3208,42.5,5331,2123,21
2024-01-03 02:30:00+00:00,2024-01-04 22:00:00+00:00,3244,43.5,5052,1808,22
2024-01-03 02:30:00+00:00,2024-01-04 23:00:00+00:00,3294,44.5,5263,1969,23
2024-01-03 02:30:00+00:00,2024-01-05 00:00:00+00:00,3355,45.5,5740,2385,0
2024-01-03 02:30:00+00:00,2024-01-05 01:00:00+00:00,3363,46.5,5813,2450,1
2024-01-03 02:30:00+00:00,2024-01-05 02:00:00+00:00,3373,47.5,5990,2617,2
2024-01-02 22:30:00+00:00,2024-01-03 03:00:00+00:00,11588,4.5,10059,1529,3
2024-01-02 22:30:00+00:00,2024-01-03 04:00:00+00:00,11286,5.5,9599,1687,4
2024-01-02 22:30:00+00:00,2024-01-03 05:00:00+00:00,10886,6.5,9463,1423,5
2024-01-02 22:30:00+00:00,2024-01-03 06:00:00+00:00,10514,7.5,9387,1127,6
2024-01-02 22:30:00+00:00,2024-01-03 07:00:00+00:00,10167,8.5,8927,1240,7
2024-01-02 22:30:00+00:00,2024-01-03 08:00:00+00:00,9874,9.5,8396,1478,8
2024-01-02 22:30:00+00:00,2024-01-03 09:00:00+00:00,9633,10.5,7245,2388,9
2024-01-02 22:30:00+00:00,2024-01-03 10:00:00+00:00,9503,11.5,6794,2709,10
2024-01-02 22:30:00+00:00,2024-01-03 11:00:00+00:00,9232,12.5,6484,2748,11
2024-01-02 22:30:00+00:00,2024-01-03 12:00:00+00:00,8866,13.5,6200,2666,12
2024-01-02 22:30:00+00:00,2024-01-03 13:00:00+00:00,8791,14.5,5823,2968,13
2024-01-02 22:30:00+00:00,2024-01-03 14:00:00+00:00,8357,15.5,5928,2429,14
2024-01-02 22:30:00+00:00,2024-01-03 15:00:00+00:00,8359,16.5,6052,2307,15
2024-01-02 22:30:00+00:00,2024-01-03 16:00:00+00:00,8699,17.5,6591,2108,16
2024-01-02 22:30:00+00:00,2024-01-03 17:00:00+00:00,9085,18.5,7044,2041,17
2024-01-02 22:30:00+00:00,2024-01-03 18:00:00+00:00,9393,19.5,7192,2201,18
2024-01-02 22:30:00+00:00,2024-01-03 19:00:00+00:00,9885,20.5,7131,2754,19
2024-01-02 22:30:00+00:00,2024-01-03 20:00:00+00:00,10276,21.5,7039,3237,20
2024-01-02 22:30:00+00:00,2024-01-03 21:00:00+00:00,10717,22.5,6945,3772,21
2024-01-02 22:30:00+00:00,2024-01-03 22:00:00+00:00,11034,23.5,6611,4423,22
2024-01-02 22:30:00+00:00,2024-01-03 23:00:00+00:00,11348,24.5,6813,4535,23
2024-01-02 22:30:00+00:00,2024-01-04 00:00:00+00:00,11508,25.5,7112,4396,0
2024-01-02 22:30:00+00:00,2024-01-04 01:00:00+00:00,11563,26.5,7743,3820,1
2024-01-02 22:30:00+00:00,2024-01-04 02:00:00+00:00,11605,27.5,8269,3336,2
2024-01-02 22:30:00+00:00,2024-01-04 03:00:00+00:00,11748,28.5,8118,3630,3
2024-01-02 22:30:00+00:00,2024-01-04 04:00:00+00:00,11486,29.5,7666,3820,4
2024-01-02 22:30:00+00:00,2024-01-04 05:00:00+00:00,11282,30.5,7859,3423,5
2024-01-02 22:30:00+00:00,2024-01-04 06:00:00+00:00,11005,31.5,8359,2646,6
2024-01-02 22:30:00+00:00,2024-01-04 07:00:00+00:00,10497,32.5,7815,2682,7
2024-01-02 22:30:00+00:00,2024-01-04 08:00:00+00:00,10202,33.5,6880,3322,8
2024-01-02 22:30:00+00:00,2024-01-04 09:00:00+00:00,9869,34.5,6841,3028,9
2024-01-02 22:30:00+00:00,2024-01-04 10:00:00+00:00,8239,35.5,6394,1845,10
2024-01-02 22:30:00+00:00,2024-01-04 11:00:00+00:00,7660,36.5,5193,2467,11
2024-01-02 22:30:00+00:00,2024-01-04 12:00:00+00:00,7078,37.5,4421,2657,12
2024-01-02 22:30:00+00:00,2024-01-04 13:00:00+00:00,6171,38.5,3544,2627,13
2024-01-02 22:30:00+00:00,2024-01-04 14:00:00+00:00,5317,39.5,3394,1923,14
2024-01-02 22:30:00+00:00,2024-01-04 15:00:00+00:00,4549,40.5,2988,1561,15
2024-01-02 22:30:00+00:00,2024-01-04 16:00:00+00:00,4169,41.5,3039,1130,16
2024-01-02 22:30:00+00:00,2024-01-04 17:00:00+00:00,3830,42.5,3204,626,17
2024-01-02 22:30:00+00:00,2024-01-04 18:00:00+00:00,3532,43.5,3862,330,18
2024-01-02 22:30:00+00:00,2024-01-04 19:00:00+00:00,3406,44.5,4459,1053,19
2024-01-02 22:30:00+00:00,2024-01-04 20:00:00+00:00,3290,45.5,4751,1461,20
2024-01-02 22:30:00+00:00,2024-01-04 21:00:00+00:00,3183,46.5,5331,2148,21
2024-01-02 18:30:00+00:00,2024-01-02 23:00:00+00:00,12288,4.5,10992,1296,23
2024-01-02 18:30:00+00:00,2024-01-03 00:00:00+00:00,12210,5.5,10672,1538,0
2024-01-02 18:30:00+00:00,2024-01-03 01:00:00+00:00,11933,6.5,10293,1640,1
2024-01-02 18:30:00+00:00,2024-01-03 02:00:00+00:00,11731,7.5,10226,1505,2
2024-01-02 18:30:00+00:00,2024-01-03 03:00:00+00:00,11587,8.5,10059,1528,3
2024-01-02 18:30:00+00:00,2024-01-03 04:00:00+00:00,11285,9.5,9599,1686,4
2024-01-02 18:30:00+00:00,2024-01-03 05:00:00+00:00,10886,10.5,9463,1423,5
2024-01-02 18:30:00+00:00,2024-01-03 06:00:00+00:00,10514,11.5,9387,1127,6
2024-01-02 18:30:00+00:00,2024-01-03 07:00:00+00:00,10166,12.5,8927,1239,7
2024-01-02 18:30:00+00:00,2024-01-03 08:00:00+00:00,9875,13.5,8396,1479,8
2024-01-02 18:30:00+00:00,2024-01-03 09:00:00+00:00,9631,14.5,7245,2386,9
2024-01-02 18:30:00+00:00,2024-01-03 10:00:00+00:00,9501,15.5,6794,2707,10
2024-01-02 18:30:00+00:00,2024-01-03 11:00:00+00:00,9231,16.5,6484,2747,11
2024-01-02 18:30:00+00:00,2024-01-03 12:00:00+00:00,8866,17.5,6200,2666,12
2024-01-02 18:30:00+00:00,2024-01-03 13:00:00+00:00,8789,18.5,5823,2966,13
2024-01-02 18:30:00+00:00,2024-01-03 14:00:00+00:00,8357,19.5,5928,2429,14
2024-01-02 18:30:00+00:00,2024-01-03 15:00:00+00:00,8360,20.5,6052,2308,15
2024-01-02 18:30:00+00:00,2024-01-03 16:00:00+00:00,8699,21.5,6591,2108,16
2024-01-02 18:30:00+00:00,2024-01-03 17:00:00+00:00,9084,22.5,7044,2040,17
2024-01-02 18:30:00+00:00,2024-01-03 18:00:00+00:00,9392,23.5,7192,2200,18
2024-01-02 18:30:00+00:00,2024-01-03 19:00:00+00:00,9884,24.5,7131,2753,19
2024-01-02 18:30:00+00:00,2024-01-03 20:00:00+00:00,10275,25.5,7039,3236,20
2024-01-02 18:30:00+00:00,2024-01-03 21:00:00+00:00,10716,26.5,6945,3771,21
2024-01-02 18:30:00+00:00,2024-01-03 22:00:00+00:00,11033,27.5,6611,4422,22
2024-01-02 18:30:00+00:00,2024-01-03 23:00:00+00:00,11346,28.5,6813,4533,23
2024-01-02 18:30:00+00:00,2024-01-04 00:00:00+00:00,11506,29.5,7112,4394,0
2024-01-02 18:30:00+00:00,2024-01-04 01:00:00+00:00,11561,30.5,7743,3818,1
2024-01-02 18:30:00+00:00,2024-01-04 02:00:00+00:00,11604,31.5,8269,3335,2
2024-01-02 18:30:00+00:00,2024-01-04 03:00:00+00:00,11749,32.5,8118,3631,3
2024-01-02 18:30:00+00:00,2024-01-04 04:00:00+00:00,11486,33.5,7666,3820,4
2024-01-02 18:30:00+00:00,2024-01-04 05:00:00+00:00,11286,34.5,7859,3427,5
2024-01-02 18:30:00+00:00,2024-01-04 06:00:00+00:00,11014,35.5,8359,2655,6
2024-01-02 18:30:00+00:00,2024-01-04 07:00:00+00:00,10516,36.5,7815,2701,7
2024-01-02 18:30:00+00:00,2024-01-04 08:00:00+00:00,10227,37.5,6880,3347,8
2024-01-02 18:30:00+00:00,2024-01-04 09:00:00+00:00,9894,38.5,6841,3053,9
2024-01-02 18:30:00+00:00,2024-01-04 10:00:00+00:00,8267,39.5,6394,1873,10
2024-01-02 18:30:00+00:00,2024-01-04 11:00:00+00:00,7690,40.5,5193,2497,11
2024-01-02 18:30:00+00:00,2024-01-04 12:00:00+00:00,7106,41.5,4421,2685,12
2024-01-02 18:30:00+00:00,2024-01-04 13:00:00+00:00,6200,42.5,3544,2656,13
2024-01-02 18:30:00+00:00,2024-01-04 14:00:00+00:00,5346,43.5,3394,1952,14
2024-01-02 18:30:00+00:00,2024-01-04 15:00:00+00:00,4580,44.5,2988,1592,15
2024-01-02 18:30:00+00:00,2024-01-04 16:00:00+00:00,4199,45.5,3039,1160,16
2024-01-02 18:30:00+00:00,2024-01-04 17:00:00+00:00,3859,46.5,3204,655,17
2024-01-02 18:30:00+00:00,2024-01-04 18:00:00+00:00,3559,47.5,3862,303,18
2024-01-02 15:30:00+00:00,2024-01-02 21:00:00+00:00,11827,5.5,11263,564,21
2024-01-02 15:30:00+00:00,2024-01-02 22:00:00+00:00,11946,6.5,11480,466,22
2024-01-02 15:30:00+00:00,2024-01-02 23:00:00+00:00,12054,7.5,10992,1062,23
2024-01-02 15:30:00+00:00,2024-01-03 00:00:00+00:00,11999,8.5,10672,1327,0
2024-01-02 15:30:00+00:00,2024-01-03 01:00:00+00:00,11753,9.5,10293,1460,1
2024-01-02 15:30:00+00:00,2024-01-03 02:00:00+00:00,11613,10.5,10226,1387,2
2024-01-02 15:30:00+00:00,2024-01-03 03:00:00+00:00,11390,11.5,10059,1331,3
2024-01-02 15:30:00+00:00,2024-01-03 04:00:00+00:00,10971,12.5,9599,1372,4
2024-01-02 15:30:00+00:00,2024-01-03 05:00:00+00:00,10549,13.5,9463,1086,5
2024-01-02 15:30:00+00:00,2024-01-03 06:00:00+00:00,10173,14.5,9387,786,6
2024-01-02 15:30:00+00:00,2024-01-03 07:00:00+00:00,9706,15.5,8927,779,7
2024-01-02 15:30:00+00:00,2024-01-03 08:00:00+00:00,9435,16.5,8396,1039,8
2024-01-02 15:30:00+00:00,2024-01-03 09:00:00+00:00,9089,17.5,7245,1844,9
2024-01-02 15:30:00+00:00,2024-01-03 10:00:00+00:00,8856,18.5,6794,2062,10
2024-01-02 15:30:00+00:00,2024-01-03 11:00:00+00:00,8776,19.5,6484,2292,11
2024-01-02 15:30:00+00:00,2024-01-03 12:00:00+00:00,8650,20.5,6200,2450,12
2024-01-02 15:30:00+00:00,2024-01-03 13:00:00+00:00,8600,21.5,5823,2777,13
2024-01-02 15:30:00+00:00,2024-01-03 14:00:00+00:00,8236,22.5,5928,2308,14
2024-01-02 15:30:00+00:00,2024-01-03 15:00:00+00:00,8445,23.5,6052,2393,15
2024-01-02 15:30:00+00:00,2024-01-03 16:00:00+00:00,8730,24.5,6591,2139,16
2024-01-02 15:30:00+00:00,2024-01-03 17:00:00+00:00,9125,25.5,7044,2081,17
2024-01-02 15:30:00+00:00,2024-01-03 18:00:00+00:00,9520,26.5,7192,2328,18
2024-01-02 15:30:00+00:00,2024-01-03 19:00:00+00:00,10123,27.5,7131,2992,19
2024-01-02 15:30:00+00:00,2024-01-03 20:00:00+00:00,10548,28.5,7039,3509,20
2024-01-02 15:30:00+00:00,2024-01-03 21:00:00+00:00,10901,29.5,6945,3956,21
2024-01-02 15:30:00+00:00,2024-01-03 22:00:00+00:00,11029,30.5,6611,4418,22
2024-01-02 15:30:00+00:00,2024-01-03 23:00:00+00:00,11407,31.5,6813,4594,23
2024-01-02 15:30:00+00:00,2024-01-04 00:00:00+00:00,11492,32.5,7112,4380,0
2024-01-02 15:30:00+00:00,2024-01-04 01:00:00+00:00,11560,33.5,7743,3817,1
2024-01-02 15:30:00+00:00,2024-01-04 02:00:00+00:00,11769,34.5,8269,3500,2
2024-01-02 15:30:00+00:00,2024-01-04 03:00:00+00:00,11871,35.5,8118,3753,3
2024-01-02 15:30:00+00:00,2024-01-04 04:00:00+00:00,10872,36.5,7666,3206,4
2024-01-02 15:30:00+00:00,2024-01-04 05:00:00+00:00,10764,37.5,7859,2905,5
2024-01-02 15:30:00+00:00,2024-01-04 06:00:00+00:00,10639,38.5,8359,2280,6
2024-01-02 15:30:00+00:00,2024-01-04 07:00:00+00:00,10298,39.5,7815,2483,7
2024-01-02 15:30:00+00:00,2024-01-04 08:00:00+00:00,9931,40.5,6880,3051,8
2024-01-02 15:30:00+00:00,2024-01-04 09:00:00+00:00,9543,41.5,6841,2702,9
2024-01-02 15:30:00+00:00,2024-01-04 10:00:00+00:00,8955,42.5,6394,2561,10
2024-01-02 15:30:00+00:00,2024-01-04 11:00:00+00:00,8340,43.5,5193,3147,11
2024-01-02 15:30:00+00:00,2024-01-04 12:00:00+00:00,7715,44.5,4421,3294,12
2024-01-02 15:30:00+00:00,2024-01-04 13:00:00+00:00,6809,45.5,3544,3265,13
2024-01-02 15:30:00+00:00,2024-01-04 14:00:00+00:00,5912,46.5,3394,2518,14
2024-01-02 15:30:00+00:00,2024-01-04 15:00:00+00:00,5065,47.5,2988,2077,15
2024-01-02 11:30:00+00:00,2024-01-02 21:00:00+00:00,11422,9.5,11263,159,21
2024-01-02 11:30:00+00:00,2024-01-02 22:00:00+00:00,11462,10.5,11480,18,22
2024-01-02 11:30:00+00:00,2024-01-02 23:00:00+00:00,11613,11.5,10992,621,23
2024-01-02 11:30:00+00:00,2024-01-03 00:00:00+00:00,11558,12.5,10672,886,0
2024-01-02 11:30:00+00:00,2024-01-03 01:00:00+00:00,11353,13.5,10293,1060,1
2024-01-02 11:30:00+00:00,2024-01-03 02:00:00+00:00,11246,14.5,10226,1020,2
2024-01-02 11:30:00+00:00,2024-01-03 03:00:00+00:00,10902,15.5,10059,843,3
2024-01-02 11:30:00+00:00,2024-01-03 04:00:00+00:00,10446,16.5,9599,847,4
2024-01-02 11:30:00+00:00,2024-01-03 05:00:00+00:00,9942,17.5,9463,479,5
2024-01-02 11:30:00+00:00,2024-01-03 06:00:00+00:00,9457,18.5,9387,70,6
2024-01-02 11:30:00+00:00,2024-01-03 07:00:00+00:00,8908,19.5,8927,19,7
2024-01-02 11:30:00+00:00,2024-01-03 08:00:00+00:00,8605,20.5,8396,209,8
2024-01-02 11:30:00+00:00,2024-01-03 09:00:00+00:00,8290,21.5,7245,1045,9
2024-01-02 11:30:00+00:00,2024-01-03 10:00:00+00:00,8072,22.5,6794,1278,10
2024-01-02 11:30:00+00:00,2024-01-03 11:00:00+00:00,8014,23.5,6484,1530,11
2024-01-02 11:30:00+00:00,2024-01-03 12:00:00+00:00,8045,24.5,6200,1845,12
2024-01-02 11:30:00+00:00,2024-01-03 13:00:00+00:00,8083,25.5,5823,2260,13
2024-01-02 11:30:00+00:00,2024-01-03 14:00:00+00:00,7958,26.5,5928,2030,14
2024-01-02 11:30:00+00:00,2024-01-03 15:00:00+00:00,8287,27.5,6052,2235,15
2024-01-02 11:30:00+00:00,2024-01-03 16:00:00+00:00,8496,28.5,6591,1905,16
2024-01-02 11:30:00+00:00,2024-01-03 17:00:00+00:00,8906,29.5,7044,1862,17
2024-01-02 11:30:00+00:00,2024-01-03 18:00:00+00:00,9280,30.5,7192,2088,18
2024-01-02 11:30:00+00:00,2024-01-03 19:00:00+00:00,9778,31.5,7131,2647,19
2024-01-02 11:30:00+00:00,2024-01-03 20:00:00+00:00,10090,32.5,7039,3051,20
2024-01-02 11:30:00+00:00,2024-01-03 21:00:00+00:00,10452,33.5,6945,3507,21
2024-01-02 11:30:00+00:00,2024-01-03 22:00:00+00:00,10175,34.5,6611,3564,22
2024-01-02 11:30:00+00:00,2024-01-03 23:00:00+00:00,10441,35.5,6813,3628,23
2024-01-02 11:30:00+00:00,2024-01-04 00:00:00+00:00,10701,36.5,7112,3589,0
2024-01-02 11:30:00+00:00,2024-01-04 01:00:00+00:00,10853,37.5,7743,3110,1
2024-01-02 11:30:00+00:00,2024-01-04 02:00:00+00:00,11019,38.5,8269,2750,2
2024-01-02 11:30:00+00:00,2024-01-04 03:00:00+00:00,11188,39.5,8118,3070,3
2024-01-02 11:30:00+00:00,2024-01-04 04:00:00+00:00,11029,40.5,7666,3363,4
2024-01-02 11:30:00+00:00,2024-01-04 05:00:00+00:00,10854,41.5,7859,2995,5
2024-01-02 11:30:00+00:00,2024-01-04 06:00:00+00:00,10663,42.5,8359,2304,6
2024-01-02 11:30:00+00:00,2024-01-04 07:00:00+00:00,10226,43.5,7815,2411,7
2024-01-02 11:30:00+00:00,2024-01-04 08:00:00+00:00,9768,44.5,6880,2888,8
2024-01-02 11:30:00+00:00,2024-01-04 09:00:00+00:00,9294,45.5,6841,2453,9
2024-01-02 11:30:00+00:00,2024-01-04 10:00:00+00:00,8642,46.5,6394,2248,10
2024-01-02 11:30:00+00:00,2024-01-04 11:00:00+00:00,7966,47.5,5193,2773,11
2024-01-02 09:30:00+00:00,2024-01-02 21:00:00+00:00,11419,11.5,11263,156,21
2024-01-02 09:30:00+00:00,2024-01-02 22:00:00+00:00,11463,12.5,11480,17,22
2024-01-02 09:30:00+00:00,2024-01-02 23:00:00+00:00,11616,13.5,10992,624,23
2024-01-02 09:30:00+00:00,2024-01-03 00:00:00+00:00,11566,14.5,10672,894,0
2024-01-02 09:30:00+00:00,2024-01-03 01:00:00+00:00,11347,15.5,10293,1054,1
2024-01-02 09:30:00+00:00,2024-01-03 02:00:00+00:00,11244,16.5,10226,1018,2
2024-01-02 09:30:00+00:00,2024-01-03 03:00:00+00:00,10908,17.5,10059,849,3
2024-01-02 09:30:00+00:00,2024-01-03 04:00:00+00:00,10446,18.5,9599,847,4
2024-01-02 09:30:00+00:00,2024-01-03 05:00:00+00:00,9947,19.5,9463,484,5
2024-01-02 09:30:00+00:00,2024-01-03 06:00:00+00:00,9459,20.5,9387,72,6
2024-01-02 09:30:00+00:00,2024-01-03 07:00:00+00:00,8906,21.5,8927,21,7
2024-01-02 09:30:00+00:00,2024-01-03 08:00:00+00:00,8612,22.5,8396,216,8
2024-01-02 09:30:00+00:00,2024-01-03 09:00:00+00:00,8303,23.5,7245,1058,9
2024-01-02 09:30:00+00:00,2024-01-03 10:00:00+00:00,8081,24.5,6794,1287,10
2024-01-02 09:30:00+00:00,2024-01-03 11:00:00+00:00,8016,25.5,6484,1532,11
2024-01-02 09:30:00+00:00,2024-01-03 12:00:00+00:00,8052,26.5,6200,1852,12
2024-01-02 09:30:00+00:00,2024-01-03 13:00:00+00:00,8088,27.5,5823,2265,13
2024-01-02 09:30:00+00:00,2024-01-03 14:00:00+00:00,7966,28.5,5928,2038,14
2024-01-02 09:30:00+00:00,2024-01-03 15:00:00+00:00,8295,29.5,6052,2243,15
2024-01-02 09:30:00+00:00,2024-01-03 16:00:00+00:00,8501,30.5,6591,1910,16
2024-01-02 09:30:00+00:00,2024-01-03 17:00:00+00:00,8907,31.5,7044,1863,17
2024-01-02 09:30:00+00:00,2024-01-03 18:00:00+00:00,9294,32.5,7192,2102,18
2024-01-02 09:30:00+00:00,2024-01-03 19:00:00+00:00,9774,33.5,7131,2643,19
2024-01-02 09:30:00+00:00,2024-01-03 20:00:00+00:00,10087,34.5,7039,3048,20
2024-01-02 09:30:00+00:00,2024-01-03 21:00:00+00:00,10451,35.5,6945,3506,21
2024-01-02 09:30:00+00:00,2024-01-03 22:00:00+00:00,10187,36.5,6611,3576,22
2024-01-02 09:30:00+00:00,2024-01-03 23:00:00+00:00,10462,37.5,6813,3649,23
2024-01-02 09:30:00+00:00,2024-01-04 00:00:00+00:00,10727,38.5,7112,3615,0
2024-01-02 09:30:00+00:00,2024-01-04 01:00:00+00:00,10899,39.5,7743,3156,1
2024-01-02 09:30:00+00:00,2024-01-04 02:00:00+00:00,11063,40.5,8269,2794,2
2024-01-02 09:30:00+00:00,2024-01-04 03:00:00+00:00,11220,41.5,8118,3102,3
2024-01-02 09:30:00+00:00,2024-01-04 04:00:00+00:00,11051,42.5,7666,3385,4
2024-01-02 09:30:00+00:00,2024-01-04 05:00:00+00:00,10864,43.5,7859,3005,5
2024-01-02 09:30:00+00:00,2024-01-04 06:00:00+00:00,10659,44.5,8359,2300,6
2024-01-02 09:30:00+00:00,2024-01-04 07:00:00+00:00,10223,45.5,7815,2408,7
2024-01-02 09:30:00+00:00,2024-01-04 08:00:00+00:00,9766,46.5,6880,2886,8
2024-01-02 09:30:00+00:00,2024-01-04 09:00:00+00:00,9294,47.5,6841,2453,9
2024-01-02 07:30:00+00:00,2024-01-02 21:00:00+00:00,11418,13.5,11263,155,21
2024-01-02 07:30:00+00:00,2024-01-02 22:00:00+00:00,11459,14.5,11480,21,22
2024-01-02 07:30:00+00:00,2024-01-02 23:00:00+00:00,11613,15.5,10992,621,23
2024-01-02 07:30:00+00:00,2024-01-03 00:00:00+00:00,11564,16.5,10672,892,0
2024-01-02 07:30:00+00:00,2024-01-03 01:00:00+00:00,11345,17.5,10293,1052,1
2024-01-02 07:30:00+00:00,2024-01-03 02:00:00+00:00,11243,18.5,10226,1017,2
2024-01-02 07:30:00+00:00,2024-01-03 03:00:00+00:00,10909,19.5,10059,850,3
2024-01-02 07:30:00+00:00,2024-01-03 04:00:00+00:00,10446,20.5,9599,847,4
2024-01-02 07:30:00+00:00,2024-01-03 05:00:00+00:00,9948,21.5,9463,485,5
2024-01-02 07:30:00+00:00,2024-01-03 06:00:00+00:00,9460,22.5,9387,73,6
2024-01-02 07:30:00+00:00,2024-01-03 07:00:00+00:00,8906,23.5,8927,21,7
2024-01-02 07:30:00+00:00,2024-01-03 08:00:00+00:00,8612,24.5,8396,216,8
2024-01-02 07:30:00+00:00,2024-01-03 09:00:00+00:00,8303,25.5,7245,1058,9
2024-01-02 07:30:00+00:00,2024-01-03 10:00:00+00:00,8080,26.5,6794,1286,10
2024-01-02 07:30:00+00:00,2024-01-03 11:00:00+00:00,8016,27.5,6484,1532,11
2024-01-02 07:30:00+00:00,2024-01-03 12:00:00+00:00,8052,28.5,6200,1852,12
2024-01-02 07:30:00+00:00,2024-01-03 13:00:00+00:00,8089,29.5,5823,2266,13
2024-01-02 07:30:00+00:00,2024-01-03 14:00:00+00:00,7966,30.5,5928,2038,14
2024-01-02 07:30:00+00:00,2024-01-03 15:00:00+00:00,8297,31.5,6052,2245,15
2024-01-02 07:30:00+00:00,2024-01-03 16:00:00+00:00,8501,32.5,6591,1910,16
2024-01-02 07:30:00+00:00,2024-01-03 17:00:00+00:00,8908,33.5,7044,1864,17
2024-01-02 07:30:00+00:00,2024-01-03 18:00:00+00:00,9295,34.5,7192,2103,18
2024-01-02 07:30:00+00:00,2024-01-03 19:00:00+00:00,9774,35.5,7131,2643,19
2024-01-02 07:30:00+00:00,2024-01-03 20:00:00+00:00,10088,36.5,7039,3049,20
2024-01-02 07:30:00+00:00,2024-01-03 21:00:00+00:00,10453,37.5,6945,3508,21
2024-01-02 07:30:00+00:00,2024-01-03 22:00:00+00:00,10189,38.5,6611,3578,22
2024-01-02 07:30:00+00:00,2024-01-03 23:00:00+00:00,10465,39.5,6813,3652,23
2024-01-02 07:30:00+00:00,2024-01-04 00:00:00+00:00,10730,40.5,7112,3618,0
2024-01-02 07:30:00+00:00,2024-01-04 01:00:00+00:00,10901,41.5,7743,3158,1
2024-01-02 07:30:00+00:00,2024-01-04 02:00:00+00:00,11065,42.5,8269,2796,2
2024-01-02 07:30:00+00:00,2024-01-04 03:00:00+00:00,11221,43.5,8118,3103,3
2024-01-02 07:30:00+00:00,2024-01-04 04:00:00+00:00,11053,44.5,7666,3387,4
2024-01-02 07:30:00+00:00,2024-01-04 05:00:00+00:00,10867,45.5,7859,3008,5
2024-01-02 07:30:00+00:00,2024-01-04 06:00:00+00:00,10662,46.5,8359,2303,6
2024-01-02 07:30:00+00:00,2024-01-04 07:00:00+00:00,10227,47.5,7815,2412,7
2024-01-02 04:30:00+00:00,2024-01-02 21:00:00+00:00,11442,16.5,11263,179,21
2024-01-02 04:30:00+00:00,2024-01-02 22:00:00+00:00,11398,17.5,11480,82,22
2024-01-02 04:30:00+00:00,2024-01-02 23:00:00+00:00,11399,18.5,10992,407,23
2024-01-02 04:30:00+00:00,2024-01-03 00:00:00+00:00,11336,19.5,10672,664,0
2024-01-02 04:30:00+00:00,2024-01-03 01:00:00+00:00,11206,20.5,10293,913,1
2024-01-02 04:30:00+00:00,2024-01-03 02:00:00+00:00,11001,21.5,10226,775,2
2024-01-02 04:30:00+00:00,2024-01-03 03:00:00+00:00,10740,22.5,10059,681,3
2024-01-02 04:30:00+00:00,2024-01-03 04:00:00+00:00,10453,23.5,9599,854,4
2024-01-02 04:30:00+00:00,2024-01-03 05:00:00+00:00,9886,24.5,9463,423,5
2024-01-02 04:30:00+00:00,2024-01-03 06:00:00+00:00,9405,25.5,9387,18,6
2024-01-02 04:30:00+00:00,2024-01-03 07:00:00+00:00,8948,26.5,8927,21,7
2024-01-02 04:30:00+00:00,2024-01-03 08:00:00+00:00,8629,27.5,8396,233,8
2024-01-02 04:30:00+00:00,2024-01-03 09:00:00+00:00,8527,28.5,7245,1282,9
2024-01-02 04:30:00+00:00,2024-01-03 10:00:00+00:00,8302,29.5,6794,1508,10
2024-01-02 04:30:00+00:00,2024-01-03 11:00:00+00:00,8197,30.5,6484,1713,11
2024-01-02 04:30:00+00:00,2024-01-03 12:00:00+00:00,8311,31.5,6200,2111,12
2024-01-02 04:30:00+00:00,2024-01-03 13:00:00+00:00,8313,32.5,5823,2490,13
2024-01-02 04:30:00+00:00,2024-01-03 14:00:00+00:00,8278,33.5,5928,2350,14
2024-01-02 04:30:00+00:00,2024-01-03 15:00:00+00:00,8456,34.5,6052,2404,15
2024-01-02 04:30:00+00:00,2024-01-03 16:00:00+00:00,8398,35.5,6591,1807,16
2024-01-02 04:30:00+00:00,2024-01-03 17:00:00+00:00,8678,36.5,7044,1634,17
2024-01-02 04:30:00+00:00,2024-01-03 18:00:00+00:00,8959,37.5,7192,1767,18
2024-01-02 04:30:00+00:00,2024-01-03 19:00:00+00:00,9358,38.5,7131,2227,19
2024-01-02 04:30:00+00:00,2024-01-03 20:00:00+00:00,9768,39.5,7039,2729,20
2024-01-02 04:30:00+00:00,2024-01-03 21:00:00+00:00,10183,40.5,6945,3238,21
2024-01-02 04:30:00+00:00,2024-01-03 22:00:00+00:00,10412,41.5,6611,3801,22
2024-01-02 04:30:00+00:00,2024-01-03 23:00:00+00:00,10640,42.5,6813,3827,23
2024-01-02 04:30:00+00:00,2024-01-04 00:00:00+00:00,10863,43.5,7112,3751,0
2024-01-02 04:30:00+00:00,2024-01-04 01:00:00+00:00,11068,44.5,7743,3325,1
2024-01-02 04:30:00+00:00,2024-01-04 02:00:00+00:00,11267,45.5,8269,2998,2
2024-01-02 04:30:00+00:00,2024-01-04 03:00:00+00:00,11462,46.5,8118,3344,3
2024-01-02 04:30:00+00:00,2024-01-04 04:00:00+00:00,11268,47.5,7666,3602,4
2024-01-02 02:30:00+00:00,2024-01-02 21:00:00+00:00,11431,18.5,11263,168,21
2024-01-02 02:30:00+00:00,2024-01-02 22:00:00+00:00,11389,19.5,11480,91,22
2024-01-02 02:30:00+00:00,2024-01-02 23:00:00+00:00,11389,20.5,10992,397,23
2024-01-02 02:30:00+00:00,2024-01-03 00:00:00+00:00,11329,21.5,10672,657,0
2024-01-02 02:30:00+00:00,2024-01-03 01:00:00+00:00,11205,22.5,10293,912,1
2024-01-02 02:30:00+00:00,2024-01-03 02:00:00+00:00,11000,23.5,10226,774,2
2024-01-02 02:30:00+00:00,2024-01-03 03:00:00+00:00,10730,24.5,10059,671,3
2024-01-02 02:30:00+00:00,2024-01-03 04:00:00+00:00,10454,25.5,9599,855,4
2024-01-02 02:30:00+00:00,2024-01-03 05:00:00+00:00,9885,26.5,9463,422,5
2024-01-02 02:30:00+00:00,2024-01-03 06:00:00+00:00,9399,27.5,9387,12,6
2024-01-02 02:30:00+00:00,2024-01-03 07:00:00+00:00,8948,28.5,8927,21,7
2024-01-02 02:30:00+00:00,2024-01-03 08:00:00+00:00,8629,29.5,8396,233,8
2024-01-02 02:30:00+00:00,2024-01-03 09:00:00+00:00,8519,30.5,7245,1274,9
2024-01-02 02:30:00+00:00,2024-01-03 10:00:00+00:00,8303,31.5,6794,1509,10
2024-01-02 02:30:00+00:00,2024-01-03 11:00:00+00:00,8198,32.5,6484,1714,11
2024-01-02 02:30:00+00:00,2024-01-03 12:00:00+00:00,8307,33.5,6200,2107,12
2024-01-02 02:30:00+00:00,2024-01-03 13:00:00+00:00,8315,34.5,5823,2492,13
2024-01-02 02:30:00+00:00,2024-01-03 14:00:00+00:00,8277,35.5,5928,2349,14
2024-01-02 02:30:00+00:00,2024-01-03 15:00:00+00:00,8454,36.5,6052,2402,15
2024-01-02 02:30:00+00:00,2024-01-03 16:00:00+00:00,8400,37.5,6591,1809,16
2024-01-02 02:30:00+00:00,2024-01-03 17:00:00+00:00,8683,38.5,7044,1639,17
2024-01-02 02:30:00+00:00,2024-01-03 18:00:00+00:00,8967,39.5,7192,1775,18
2024-01-02 02:30:00+00:00,2024-01-03 19:00:00+00:00,9366,40.5,7131,2235,19
2024-01-02 02:30:00+00:00,2024-01-03 20:00:00+00:00,9775,41.5,7039,2736,20
2024-01-02 02:30:00+00:00,2024-01-03 21:00:00+00:00,10190,42.5,6945,3245,21
2024-01-02 02:30:00+00:00,2024-01-03 22:00:00+00:00,10419,43.5,6611,3808,22
2024-01-02 02:30:00+00:00,2024-01-03 23:00:00+00:00,10646,44.5,6813,3833,23
2024-01-02 02:30:00+00:00,2024-01-04 00:00:00+00:00,10869,45.5,7112,3757,0
2024-01-02 02:30:00+00:00,2024-01-04 01:00:00+00:00,11074,46.5,7743,3331,1
2024-01-02 02:30:00+00:00,2024-01-04 02:00:00+00:00,11274,47.5,8269,3005,2
2024-01-01 22:30:00+00:00,2024-01-02 03:00:00+00:00,15537,4.5,13403,2134,3
2024-01-01 22:30:00+00:00,2024-01-02 04:00:00+00:00,15028,5.5,13245,1783,4
2024-01-01 22:30:00+00:00,2024-01-02 05:00:00+00:00,14461,6.5,12635,1826,5
2024-01-01 22:30:00+00:00,2024-01-02 06:00:00+00:00,14048,7.5,12764,1284,6
2024-01-01 22:30:00+00:00,2024-01-02 07:00:00+00:00,13492,8.5,11925,1567,7
2024-01-01 22:30:00+00:00,2024-01-02 08:00:00+00:00,12938,9.5,11866,1072,8
2024-01-01 22:30:00+00:00,2024-01-02 09:00:00+00:00,12378,10.5,11505,873,9
2024-01-01 22:30:00+00:00,2024-01-02 10:00:00+00:00,11633,11.5,10399,1234,10
2024-01-01 22:30:00+00:00,2024-01-02 11:00:00+00:00,10729,12.5,8795,1934,11
2024-01-01 22:30:00+00:00,2024-01-02 12:00:00+00:00,9778,13.5,8281,1497,12
2024-01-01 22:30:00+00:00,2024-01-02 13:00:00+00:00,9216,14.5,7344,1872,13
2024-01-01 22:30:00+00:00,2024-01-02 14:00:00+00:00,8783,15.5,7249,1534,14
2024-01-01 22:30:00+00:00,2024-01-02 15:00:00+00:00,8802,16.5,7870,932,15
2024-01-01 22:30:00+00:00,2024-01-02 16:00:00+00:00,8869,17.5,8208,661,16
2024-01-01 22:30:00+00:00,2024-01-02 17:00:00+00:00,9219,18.5,9635,416,17
2024-01-01 22:30:00+00:00,2024-01-02 18:00:00+00:00,9757,19.5,10183,426,18
2024-01-01 22:30:00+00:00,2024-01-02 19:00:00+00:00,10280,20.5,9919,361,19
2024-01-01 22:30:00+00:00,2024-01-02 20:00:00+00:00,11162,21.5,11051,111,20
2024-01-01 22:30:00+00:00,2024-01-02 21:00:00+00:00,11559,22.5,11263,296,21
2024-01-01 22:30:00+00:00,2024-01-02 22:00:00+00:00,11435,23.5,11480,45,22
2024-01-01 22:30:00+00:00,2024-01-02 23:00:00+00:00,11268,24.5,10992,276,23
2024-01-01 22:30:00+00:00,2024-01-03 00:00:00+00:00,11246,25.5,10672,574,0
2024-01-01 22:30:00+00:00,2024-01-03 01:00:00+00:00,11114,26.5,10293,821,1
2024-01-01 22:30:00+00:00,2024-01-03 02:00:00+00:00,10844,27.5,10226,618,2
2024-01-01 22:30:00+00:00,2024-01-03 03:00:00+00:00,10568,28.5,10059,509,3
2024-01-01 22:30:00+00:00,2024-01-03 04:00:00+00:00,10304,29.5,9599,705,4
2024-01-01 22:30:00+00:00,2024-01-03 05:00:00+00:00,9821,30.5,9463,358,5
2024-01-01 22:30:00+00:00,2024-01-03 06:00:00+00:00,9440,31.5,9387,53,6
2024-01-01 22:30:00+00:00,2024-01-03 07:00:00+00:00,9286,32.5,8927,359,7
2024-01-01 22:30:00+00:00,2024-01-03 08:00:00+00:00,8990,33.5,8396,594,8
2024-01-01 22:30:00+00:00,2024-01-03 09:00:00+00:00,8944,34.5,7245,1699,9
2024-01-01 22:30:00+00:00,2024-01-03 10:00:00+00:00,8994,35.5,6794,2200,10
2024-01-01 22:30:00+00:00,2024-01-03 11:00:00+00:00,8961,36.5,6484,2477,11
2024-01-01 22:30:00+00:00,2024-01-03 12:00:00+00:00,8929,37.5,6200,2729,12
2024-01-01 22:30:00+00:00,2024-01-03 13:00:00+00:00,8843,38.5,5823,3020,13
2024-01-01 22:30:00+00:00,2024-01-03 14:00:00+00:00,8760,39.5,5928,2832,14
2024-01-01 22:30:00+00:00,2024-01-03 15:00:00+00:00,8682,40.5,6052,2630,15
2024-01-01 22:30:00+00:00,2024-01-03 16:00:00+00:00,8879,41.5,6591,2288,16
2024-01-01 22:30:00+00:00,2024-01-03 17:00:00+00:00,9076,42.5,7044,2032,17
2024-01-01 22:30:00+00:00,2024-01-03 18:00:00+00:00,9272,43.5,7192,2080,18
2024-01-01 22:30:00+00:00,2024-01-03 19:00:00+00:00,9631,44.5,7131,2500,19
2024-01-01 22:30:00+00:00,2024-01-03 20:00:00+00:00,9998,45.5,7039,2959,20
2024-01-01 22:30:00+00:00,2024-01-03 21:00:00+00:00,10369,46.5,6945,3424,21
2024-01-01 18:30:00+00:00,2024-01-01 23:00:00+00:00,14419,4.5,14958,539,23
2024-01-01 18:30:00+00:00,2024-01-02 00:00:00+00:00,15361,5.5,14690,671,0
2024-01-01 18:30:00+00:00,2024-01-02 01:00:00+00:00,15805,6.5,14592,1213,1
2024-01-01 18:30:00+00:00,2024-01-02 02:00:00+00:00,15889,7.5,14032,1857,2
2024-01-01 18:30:00+00:00,2024-01-02 03:00:00+00:00,15540,8.5,13403,2137,3
2024-01-01 18:30:00+00:00,2024-01-02 04:00:00+00:00,15034,9.5,13245,1789,4
2024-01-01 18:30:00+00:00,2024-01-02 05:00:00+00:00,14466,10.5,12635,1831,5
2024-01-01 18:30:00+00:00,2024-01-02 06:00:00+00:00,14050,11.5,12764,1286,6
2024-01-01 18:30:00+00:00,2024-01-02 07:00:00+00:00,13496,12.5,11925,1571,7
2024-01-01 18:30:00+00:00,2024-01-02 08:00:00+00:00,12945,13.5,11866,1079,8
2024-01-01 18:30:00+00:00,2024-01-02 09:00:00+00:00,12382,14.5,11505,877,9
2024-01-01 18:30:00+00:00,2024-01-02 10:00:00+00:00,11634,15.5,10399,1235,10
2024-01-01 18:30:00+00:00,2024-01-02 11:00:00+00:00,10727,16.5,8795,1932,11
2024-01-01 18:30:00+00:00,2024-01-02 12:00:00+00:00,9775,17.5,8281,1494,12
2024-01-01 18:30:00+00:00,2024-01-02 13:00:00+00:00,9212,18.5,7344,1868,13
2024-01-01 18:30:00+00:00,2024-01-02 14:00:00+00:00,8780,19.5,7249,1531,14
2024-01-01 18:30:00+00:00,2024-01-02 15:00:00+00:00,8797,20.5,7870,927,15
2024-01-01 18:30:00+00:00,2024-01-02 16:00:00+00:00,8864,21.5,8208,656,16
2024-01-01 18:30:00+00:00,2024-01-02 17:00:00+00:00,9213,22.5,9635,422,17
2024-01-01 18:30:00+00:00,2024-01-02 18:00:00+00:00,9757,23.5,10183,426,18
2024-01-01 18:30:00+00:00,2024-01-02 19:00:00+00:00,10278,24.5,9919,359,19
2024-01-01 18:30:00+00:00,2024-01-02 20:00:00+00:00,11158,25.5,11051,107,20
2024-01-01 18:30:00+00:00,2024-01-02 21:00:00+00:00,11559,26.5,11263,296,21
2024-01-01 18:30:00+00:00,2024-01-02 22:00:00+00:00,11436,27.5,11480,44,22
2024-01-01 18:30:00+00:00,2024-01-02 23:00:00+00:00,11268,28.5,10992,276,23
2024-01-01 18:30:00+00:00,2024-01-03 00:00:00+00:00,11246,29.5,10672,574,0
2024-01-01 18:30:00+00:00,2024-01-03 01:00:00+00:00,11115,30.5,10293,822,1
2024-01-01 18:30:00+00:00,2024-01-03 02:00:00+00:00,10846,31.5,10226,620,2
2024-01-01 18:30:00+00:00,2024-01-03 03:00:00+00:00,10570,32.5,10059,511,3
2024-01-01 18:30:00+00:00,2024-01-03 04:00:00+00:00,10306,33.5,9599,707,4
2024-01-01 18:30:00+00:00,2024-01-03 05:00:00+00:00,9821,34.5,9463,358,5
2024-01-01 18:30:00+00:00,2024-01-03 06:00:00+00:00,9441,35.5,9387,54,6
2024-01-01 18:30:00+00:00,2024-01-03 07:00:00+00:00,9285,36.5,8927,358,7
2024-01-01 18:30:00+00:00,2024-01-03 08:00:00+00:00,8993,37.5,8396,597,8
2024-01-01 18:30:00+00:00,2024-01-03 09:00:00+00:00,8948,38.5,7245,1703,9
2024-01-01 18:30:00+00:00,2024-01-03 10:00:00+00:00,8997,39.5,6794,2203,10
2024-01-01 18:30:00+00:00,2024-01-03 11:00:00+00:00,8965,40.5,6484,2481,11
2024-01-01 18:30:00+00:00,2024-01-03 12:00:00+00:00,8932,41.5,6200,2732,12
2024-01-01 18:30:00+00:00,2024-01-03 13:00:00+00:00,8847,42.5,5823,3024,13
2024-01-01 18:30:00+00:00,2024-01-03 14:00:00+00:00,8764,43.5,5928,2836,14
2024-01-01 18:30:00+00:00,2024-01-03 15:00:00+00:00,8687,44.5,6052,2635,15
2024-01-01 18:30:00+00:00,2024-01-03 16:00:00+00:00,8884,45.5,6591,2293,16
2024-01-01 18:30:00+00:00,2024-01-03 17:00:00+00:00,9082,46.5,7044,2038,17
2024-01-01 18:30:00+00:00,2024-01-03 18:00:00+00:00,9278,47.5,7192,2086,18
2024-01-01 15:30:00+00:00,2024-01-01 21:00:00+00:00,10634,5.5,13953,3319,21
2024-01-01 15:30:00+00:00,2024-01-01 22:00:00+00:00,11767,6.5,14217,2450,22
2024-01-01 15:30:00+00:00,2024-01-01 23:00:00+00:00,13017,7.5,14958,1941,23
2024-01-01 15:30:00+00:00,2024-01-02 00:00:00+00:00,14125,8.5,14690,565,0
2024-01-01 15:30:00+00:00,2024-01-02 01:00:00+00:00,14898,9.5,14592,306,1
2024-01-01 15:30:00+00:00,2024-01-02 02:00:00+00:00,15202,10.5,14032,1170,2
2024-01-01 15:30:00+00:00,2024-01-02 03:00:00+00:00,15199,11.5,13403,1796,3
2024-01-01 15:30:00+00:00,2024-01-02 04:00:00+00:00,14965,12.5,13245,1720,4
2024-01-01 15:30:00+00:00,2024-01-02 05:00:00+00:00,14620,13.5,12635,1985,5
2024-01-01 15:30:00+00:00,2024-01-02 06:00:00+00:00,14493,14.5,12764,1729,6
2024-01-01 15:30:00+00:00,2024-01-02 07:00:00+00:00,14108,15.5,11925,2183,7
2024-01-01 15:30:00+00:00,2024-01-02 08:00:00+00:00,13665,16.5,11866,1799,8
2024-01-01 15:30:00+00:00,2024-01-02 09:00:00+00:00,13157,17.5,11505,1652,9
2024-01-01 15:30:00+00:00,2024-01-02 10:00:00+00:00,12514,18.5,10399,2115,10
2024-01-01 15:30:00+00:00,2024-01-02 11:00:00+00:00,11708,19.5,8795,2913,11
2024-01-01 15:30:00+00:00,2024-01-02 12:00:00+00:00,11018,20.5,8281,2737,12
2024-01-01 15:30:00+00:00,2024-01-02 13:00:00+00:00,10443,21.5,7344,3099,13
2024-01-01 15:30:00+00:00,2024-01-02 14:00:00+00:00,9980,22.5,7249,2731,14
2024-01-01 15:30:00+00:00,2024-01-02 15:00:00+00:00,10142,23.5,7870,2272,15
2024-01-01 15:30:00+00:00,2024-01-02 16:00:00+00:00,10314,24.5,8208,2106,16
2024-01-01 15:30:00+00:00,2024-01-02 17:00:00+00:00,10490,25.5,9635,855,17
2024-01-01 15:30:00+00:00,2024-01-02 18:00:00+00:00,10984,26.5,10183,801,18
2024-01-01 15:30:00+00:00,2024-01-02 19:00:00+00:00,11420,27.5,9919,1501,19
2024-01-01 15:30:00+00:00,2024-01-02 20:00:00+00:00,11930,28.5,11051,879,20
2024-01-01 15:30:00+00:00,2024-01-02 21:00:00+00:00,12026,29.5,11263,763,21
2024-01-01 15:30:00+00:00,2024-01-02 22:00:00+00:00,11888,30.5,11480,408,22
2024-01-01 15:30:00+00:00,2024-01-02 23:00:00+00:00,11785,31.5,10992,793,23
2024-01-01 15:30:00+00:00,2024-01-03 00:00:00+00:00,11654,32.5,10672,982,0
2024-01-01 15:30:00+00:00,2024-01-03 01:00:00+00:00,11401,33.5,10293,1108,1
2024-01-01 15:30:00+00:00,2024-01-03 02:00:00+00:00,11190,34.5,10226,964,2
2024-01-01 15:30:00+00:00,2024-01-03 03:00:00+00:00,11001,35.5,10059,942,3
2024-01-01 15:30:00+00:00,2024-01-03 04:00:00+00:00,10621,36.5,9599,1022,4
2024-01-01 15:30:00+00:00,2024-01-03 05:00:00+00:00,10310,37.5,9463,847,5
2024-01-01 15:30:00+00:00,2024-01-03 06:00:00+00:00,10019,38.5,9387,632,6
2024-01-01 15:30:00+00:00,2024-01-03 07:00:00+00:00,9955,39.5,8927,1028,7
2024-01-01 15:30:00+00:00,2024-01-03 08:00:00+00:00,9890,40.5,8396,1494,8
2024-01-01 15:30:00+00:00,2024-01-03 09:00:00+00:00,9824,41.5,7245,2579,9
2024-01-01 15:30:00+00:00,2024-01-03 10:00:00+00:00,9839,42.5,6794,3045,10
2024-01-01 15:30:00+00:00,2024-01-03 11:00:00+00:00,9854,43.5,6484,3370,11
2024-01-01 15:30:00+00:00,2024-01-03 12:00:00+00:00,9869,44.5,6200,3669,12
2024-01-01 15:30:00+00:00,2024-01-03 13:00:00+00:00,9709,45.5,5823,3886,13
2024-01-01 15:30:00+00:00,2024-01-03 14:00:00+00:00,9542,46.5,5928,3614,14
2024-01-01 15:30:00+00:00,2024-01-03 15:00:00+00:00,9367,47.5,6052,3315,15
2024-01-01 11:30:00+00:00,2024-01-01 21:00:00+00:00,10072,9.5,13953,3881,21
2024-01-01 11:30:00+00:00,2024-01-01 22:00:00+00:00,11060,10.5,14217,3157,22
2024-01-01 11:30:00+00:00,2024-01-01 23:00:00+00:00,12223,11.5,14958,2735,23
2024-01-01 11:30:00+00:00,2024-01-02 00:00:00+00:00,13447,12.5,14690,1243,0
2024-01-01 11:30:00+00:00,2024-01-02 01:00:00+00:00,14186,13.5,14592,406,1
2024-01-01 11:30:00+00:00,2024-01-02 02:00:00+00:00,14662,14.5,14032,630,2
2024-01-01 11:30:00+00:00,2024-01-02 03:00:00+00:00,14811,15.5,13403,1408,3
2024-01-01 11:30:00+00:00,2024-01-02 04:00:00+00:00,14651,16.5,13245,1406,4
2024-01-01 11:30:00+00:00,2024-01-02 05:00:00+00:00,14358,17.5,12635,1723,5
2024-01-01 11:30:00+00:00,2024-01-02 06:00:00+00:00,14356,18.5,12764,1592,6
2024-01-01 11:30:00+00:00,2024-01-02 07:00:00+00:00,14011,19.5,11925,2086,7
2024-01-01 11:30:00+00:00,2024-01-02 08:00:00+00:00,13671,20.5,11866,1805,8
2024-01-01 11:30:00+00:00,2024-01-02 09:00:00+00:00,13181,21.5,11505,1676,9
2024-01-01 11:30:00+00:00,2024-01-02 10:00:00+00:00,12472,22.5,10399,2073,10
2024-01-01 11:30:00+00:00,2024-01-02 11:00:00+00:00,11633,23.5,8795,2838,11
2024-01-01 11:30:00+00:00,2024-01-02 12:00:00+00:00,11018,24.5,8281,2737,12
2024-01-01 11:30:00+00:00,2024-01-02 13:00:00+00:00,10362,25.5,7344,3018,13
2024-01-01 11:30:00+00:00,2024-01-02 14:00:00+00:00,9902,26.5,7249,2653,14
2024-01-01 11:30:00+00:00,2024-01-02 15:00:00+00:00,9971,27.5,7870,2101,15
2024-01-01 11:30:00+00:00,2024-01-02 16:00:00+00:00,10238,28.5,8208,2030,16
2024-01-01 11:30:00+00:00,2024-01-02 17:00:00+00:00,10472,29.5,9635,837,17
2024-01-01 11:30:00+00:00,2024-01-02 18:00:00+00:00,10871,30.5,10183,688,18
2024-01-01 11:30:00+00:00,2024-01-02 19:00:00+00:00,11288,31.5,9919,1369,19
2024-01-01 11:30:00+00:00,2024-01-02 20:00:00+00:00,11753,32.5,11051,702,20
2024-01-01 11:30:00+00:00,2024-01-02 21:00:00+00:00,11809,33.5,11263,546,21
2024-01-01 11:30:00+00:00,2024-01-02 22:00:00+00:00,11867,34.5,11480,387,22
2024-01-01 11:30:00+00:00,2024-01-02 23:00:00+00:00,11738,35.5,10992,746,23
2024-01-01 11:30:00+00:00,2024-01-03 00:00:00+00:00,11633,36.5,10672,961,0
2024-01-01 11:30:00+00:00,2024-01-03 01:00:00+00:00,11446,37.5,10293,1153,1
2024-01-01 11:30:00+00:00,2024-01-03 02:00:00+00:00,11267,38.5,10226,1041,2
2024-01-01 11:30:00+00:00,2024-01-03 03:00:00+00:00,11115,39.5,10059,1056,3
2024-01-01 11:30:00+00:00,2024-01-03 04:00:00+00:00,10874,40.5,9599,1275,4
2024-01-01 11:30:00+00:00,2024-01-03 05:00:00+00:00,10630,41.5,9463,1167,5
2024-01-01 11:30:00+00:00,2024-01-03 06:00:00+00:00,10385,42.5,9387,998,6
2024-01-01 11:30:00+00:00,2024-01-03 07:00:00+00:00,10347,43.5,8927,1420,7
2024-01-01 11:30:00+00:00,2024-01-03 08:00:00+00:00,10306,44.5,8396,1910,8
2024-01-01 11:30:00+00:00,2024-01-03 09:00:00+00:00,10262,45.5,7245,3017,9
2024-01-01 11:30:00+00:00,2024-01-03 10:00:00+00:00,10288,46.5,6794,3494,10
2024-01-01 11:30:00+00:00,2024-01-03 11:00:00+00:00,10316,47.5,6484,3832,11
2024-01-01 09:30:00+00:00,2024-01-01 21:00:00+00:00,10065,11.5,13953,3888,21
2024-01-01 09:30:00+00:00,2024-01-01 22:00:00+00:00,11058,12.5,14217,3159,22
2024-01-01 09:30:00+00:00,2024-01-01 23:00:00+00:00,12223,13.5,14958,2735,23
2024-01-01 09:30:00+00:00,2024-01-02 00:00:00+00:00,13445,14.5,14690,1245,0
2024-01-01 09:30:00+00:00,2024-01-02 01:00:00+00:00,14183,15.5,14592,409,1
2024-01-01 09:30:00+00:00,2024-01-02 02:00:00+00:00,14660,16.5,14032,628,2
2024-01-01 09:30:00+00:00,2024-01-02 03:00:00+00:00,14811,17.5,13403,1408,3
2024-01-01 09:30:00+00:00,2024-01-02 04:00:00+00:00,14648,18.5,13245,1403,4
2024-01-01 09:30:00+00:00,2024-01-02 05:00:00+00:00,14356,19.5,12635,1721,5
2024-01-01 09:30:00+00:00,2024-01-02 06:00:00+00:00,14356,20.5,12764,1592,6
2024-01-01 09:30:00+00:00,2024-01-02 07:00:00+00:00,14009,21.5,11925,2084,7
2024-01-01 09:30:00+00:00,2024-01-02 08:00:00+00:00,13675,22.5,11866,1809,8
2024-01-01 09:30:00+00:00,2024-01-02 09:00:00+00:00,13189,23.5,11505,1684,9
2024-01-01 09:30:00+00:00,2024-01-02 10:00:00+00:00,12469,24.5,10399,2070,10
2024-01-01 09:30:00+00:00,2024-01-02 11:00:00+00:00,11633,25.5,8795,2838,11
2024-01-01 09:30:00+00:00,2024-01-02 12:00:00+00:00,11024,26.5,8281,2743,12
2024-01-01 09:30:00+00:00,2024-01-02 13:00:00+00:00,10368,27.5,7344,3024,13
2024-01-01 09:30:00+00:00,2024-01-02 14:00:00+00:00,9908,28.5,7249,2659,14
2024-01-01 09:30:00+00:00,2024-01-02 15:00:00+00:00,9987,29.5,7870,2117,15
2024-01-01 09:30:00+00:00,2024-01-02 16:00:00+00:00,10248,30.5,8208,2040,16
2024-01-01 09:30:00+00:00,2024-01-02 17:00:00+00:00,10486,31.5,9635,851,17
2024-01-01 09:30:00+00:00,2024-01-02 18:00:00+00:00,10891,32.5,10183,708,18
2024-01-01 09:30:00+00:00,2024-01-02 19:00:00+00:00,11307,33.5,9919,1388,19
2024-01-01 09:30:00+00:00,2024-01-02 20:00:00+00:00,11779,34.5,11051,728,20
2024-01-01 09:30:00+00:00,2024-01-02 21:00:00+00:00,11821,35.5,11263,558,21
2024-01-01 09:30:00+00:00,2024-01-02 22:00:00+00:00,11902,36.5,11480,422,22
2024-01-01 09:30:00+00:00,2024-01-02 23:00:00+00:00,11782,37.5,10992,790,23
2024-01-01 09:30:00+00:00,2024-01-03 00:00:00+00:00,11660,38.5,10672,988,0
2024-01-01 09:30:00+00:00,2024-01-03 01:00:00+00:00,11483,39.5,10293,1190,1
2024-01-01 09:30:00+00:00,2024-01-03 02:00:00+00:00,11312,40.5,10226,1086,2
2024-01-01 09:30:00+00:00,2024-01-03 03:00:00+00:00,11148,41.5,10059,1089,3
2024-01-01 09:30:00+00:00,2024-01-03 04:00:00+00:00,10892,42.5,9599,1293,4
2024-01-01 09:30:00+00:00,2024-01-03 05:00:00+00:00,10637,43.5,9463,1174,5
2024-01-01 09:30:00+00:00,2024-01-03 06:00:00+00:00,10385,44.5,9387,998,6
2024-01-01 09:30:00+00:00,2024-01-03 07:00:00+00:00,10347,45.5,8927,1420,7
2024-01-01 09:30:00+00:00,2024-01-03 08:00:00+00:00,10305,46.5,8396,1909,8
2024-01-01 09:30:00+00:00,2024-01-03 09:00:00+00:00,10261,47.5,7245,3016,9
2024-01-01 07:30:00+00:00,2024-01-01 21:00:00+00:00,10065,13.5,13953,3888,21
2024-01-01 07:30:00+00:00,2024-01-01 22:00:00+00:00,11056,14.5,14217,3161,22
2024-01-01 07:30:00+00:00,2024-01-01 23:00:00+00:00,12221,15.5,14958,2737,23
2024-01-01 07:30:00+00:00,2024-01-02 00:00:00+00:00,13443,16.5,14690,1247,0
2024-01-01 07:30:00+00:00,2024-01-02 01:00:00+00:00,14181,17.5,14592,411,1
2024-01-01 07:30:00+00:00,2024-01-02 02:00:00+00:00,14658,18.5,14032,626,2
2024-01-01 07:30:00+00:00,2024-01-02 03:00:00+00:00,14810,19.5,13403,1407,3
2024-01-01 07:30:00+00:00,2024-01-02 04:00:00+00:00,14647,20.5,13245,1402,4
2024-01-01 07:30:00+00:00,2024-01-02 05:00:00+00:00,14356,21.5,12635,1721,5
2024-01-01 07:30:00+00:00,2024-01-02 06:00:00+00:00,14358,22.5,12764,1594,6
2024-01-01 07:30:00+00:00,2024-01-02 07:00:00+00:00,14011,23.5,11925,2086,7
2024-01-01 07:30:00+00:00,2024-01-02 08:00:00+00:00,13678,24.5,11866,1812,8
2024-01-01 07:30:00+00:00,2024-01-02 09:00:00+00:00,13194,25.5,11505,1689,9
2024-01-01 07:30:00+00:00,2024-01-02 10:00:00+00:00,12470,26.5,10399,2071,10
2024-01-01 07:30:00+00:00,2024-01-02 11:00:00+00:00,11631,27.5,8795,2836,11
2024-01-01 07:30:00+00:00,2024-01-02 12:00:00+00:00,11021,28.5,8281,2740,12
2024-01-01 07:30:00+00:00,2024-01-02 13:00:00+00:00,10364,29.5,7344,3020,13
2024-01-01 07:30:00+00:00,2024-01-02 14:00:00+00:00,9902,30.5,7249,2653,14
2024-01-01 07:30:00+00:00,2024-01-02 15:00:00+00:00,9981,31.5,7870,2111,15
2024-01-01 07:30:00+00:00,2024-01-02 16:00:00+00:00,10242,32.5,8208,2034,16
2024-01-01 07:30:00+00:00,2024-01-02 17:00:00+00:00,10482,33.5,9635,847,17
2024-01-01 07:30:00+00:00,2024-01-02 18:00:00+00:00,10889,34.5,10183,706,18
2024-01-01 07:30:00+00:00,2024-01-02 19:00:00+00:00,11306,35.5,9919,1387,19
2024-01-01 07:30:00+00:00,2024-01-02 20:00:00+00:00,11778,36.5,11051,727,20
2024-01-01 07:30:00+00:00,2024-01-02 21:00:00+00:00,11821,37.5,11263,558,21
2024-01-01 07:30:00+00:00,2024-01-02 22:00:00+00:00,11903,38.5,11480,423,22
2024-01-01 07:30:00+00:00,2024-01-02 23:00:00+00:00,11783,39.5,10992,791,23
2024-01-01 07:30:00+00:00,2024-01-03 00:00:00+00:00,11662,40.5,10672,990,0
2024-01-01 07:30:00+00:00,2024-01-03 01:00:00+00:00,11485,41.5,10293,1192,1
2024-01-01 07:30:00+00:00,2024-01-03 02:00:00+00:00,11314,42.5,10226,1088,2
2024-01-01 07:30:00+00:00,2024-01-03 03:00:00+00:00,11150,43.5,10059,1091,3
2024-01-01 07:30:00+00:00,2024-01-03 04:00:00+00:00,10893,44.5,9599,1294,4
2024-01-01 07:30:00+00:00,2024-01-03 05:00:00+00:00,10638,45.5,9463,1175,5
2024-01-01 07:30:00+00:00,2024-01-03 06:00:00+00:00,10385,46.5,9387,998,6
2024-01-01 07:30:00+00:00,2024-01-03 07:00:00+00:00,10347,47.5,8927,1420,7
2024-01-01 04:30:00+00:00,2024-01-01 21:00:00+00:00,9432,16.5,13953,4521,21
2024-01-01 04:30:00+00:00,2024-01-01 22:00:00+00:00,10577,17.5,14217,3640,22
2024-01-01 04:30:00+00:00,2024-01-01 23:00:00+00:00,11665,18.5,14958,3293,23
2024-01-01 04:30:00+00:00,2024-01-02 00:00:00+00:00,12854,19.5,14690,1836,0
2024-01-01 04:30:00+00:00,2024-01-02 01:00:00+00:00,13681,20.5,14592,911,1
2024-01-01 04:30:00+00:00,2024-01-02 02:00:00+00:00,14214,21.5,14032,182,2
2024-01-01 04:30:00+00:00,2024-01-02 03:00:00+00:00,14440,22.5,13403,1037,3
2024-01-01 04:30:00+00:00,2024-01-02 04:00:00+00:00,14520,23.5,13245,1275,4
2024-01-01 04:30:00+00:00,2024-01-02 05:00:00+00:00,14380,24.5,12635,1745,5
2024-01-01 04:30:00+00:00,2024-01-02 06:00:00+00:00,14307,25.5,12764,1543,6
2024-01-01 04:30:00+00:00,2024-01-02 07:00:00+00:00,14022,26.5,11925,2097,7
2024-01-01 04:30:00+00:00,2024-01-02 08:00:00+00:00,13837,27.5,11866,1971,8
2024-01-01 04:30:00+00:00,2024-01-02 09:00:00+00:00,13610,28.5,11505,2105,9
2024-01-01 04:30:00+00:00,2024-01-02 10:00:00+00:00,12904,29.5,10399,2505,10
2024-01-01 04:30:00+00:00,2024-01-02 11:00:00+00:00,12103,30.5,8795,3308,11
2024-01-01 04:30:00+00:00,2024-01-02 12:00:00+00:00,11556,31.5,8281,3275,12
2024-01-01 04:30:00+00:00,2024-01-02 13:00:00+00:00,10823,32.5,7344,3479,13
2024-01-01 04:30:00+00:00,2024-01-02 14:00:00+00:00,10415,33.5,7249,3166,14
2024-01-01 04:30:00+00:00,2024-01-02 15:00:00+00:00,10255,34.5,7870,2385,15
2024-01-01 04:30:00+00:00,2024-01-02 16:00:00+00:00,10389,35.5,8208,2181,16
2024-01-01 04:30:00+00:00,2024-01-02 17:00:00+00:00,10626,36.5,9635,991,17
2024-01-01 04:30:00+00:00,2024-01-02 18:00:00+00:00,10849,37.5,10183,666,18
2024-01-01 04:30:00+00:00,2024-01-02 19:00:00+00:00,11203,38.5,9919,1284,19
2024-01-01 04:30:00+00:00,2024-01-02 20:00:00+00:00,11518,39.5,11051,467,20
2024-01-01 04:30:00+00:00,2024-01-02 21:00:00+00:00,11790,40.5,11263,527,21
2024-01-01 04:30:00+00:00,2024-01-02 22:00:00+00:00,11703,41.5,11480,223,22
2024-01-01 04:30:00+00:00,2024-01-02 23:00:00+00:00,11607,42.5,10992,615,23
2024-01-01 04:30:00+00:00,2024-01-03 00:00:00+00:00,11503,43.5,10672,831,0
2024-01-01 04:30:00+00:00,2024-01-03 01:00:00+00:00,11350,44.5,10293,1057,1
2024-01-01 04:30:00+00:00,2024-01-03 02:00:00+00:00,11198,45.5,10226,972,2
2024-01-01 04:30:00+00:00,2024-01-03 03:00:00+00:00,11047,46.5,10059,988,3
2024-01-01 04:30:00+00:00,2024-01-03 04:00:00+00:00,10862,47.5,9599,1263,4
2024-01-01 02:30:00+00:00,2024-01-01 21:00:00+00:00,9426,18.5,13953,4527,21
2024-01-01 02:30:00+00:00,2024-01-01 22:00:00+00:00,10572,19.5,14217,3645,22
2024-01-01 02:30:00+00:00,2024-01-01 23:00:00+00:00,11660,20.5,14958,3298,23
2024-01-01 02:30:00+00:00,2024-01-02 00:00:00+00:00,12849,21.5,14690,1841,0
2024-01-01 02:30:00+00:00,2024-01-02 01:00:00+00:00,13680,22.5,14592,912,1
2024-01-01 02:30:00+00:00,2024-01-02 02:00:00+00:00,14213,23.5,14032,181,2
2024-01-01 02:30:00+00:00,2024-01-02 03:00:00+00:00,14435,24.5,13403,1032,3
2024-01-01 02:30:00+00:00,2024-01-02 04:00:00+00:00,14520,25.5,13245,1275,4
2024-01-01 02:30:00+00:00,2024-01-02 05:00:00+00:00,14382,26.5,12635,1747,5
2024-01-01 02:30:00+00:00,2024-01-02 06:00:00+00:00,14312,27.5,12764,1548,6
2024-01-01 02:30:00+00:00,2024-01-02 07:00:00+00:00,14028,28.5,11925,2103,7
2024-01-01 02:30:00+00:00,2024-01-02 08:00:00+00:00,13841,29.5,11866,1975,8
2024-01-01 02:30:00+00:00,2024-01-02 09:00:00+00:00,13609,30.5,11505,2104,9
2024-01-01 02:30:00+00:00,2024-01-02 10:00:00+00:00,12908,31.5,10399,2509,10
2024-01-01 02:30:00+00:00,2024-01-02 11:00:00+00:00,12102,32.5,8795,3307,11
2024-01-01 02:30:00+00:00,2024-01-02 12:00:00+00:00,11534,33.5,8281,3253,12
2024-01-01 02:30:00+00:00,2024-01-02 13:00:00+00:00,10820,34.5,7344,3476,13
2024-01-01 02:30:00+00:00,2024-01-02 14:00:00+00:00,10413,35.5,7249,3164,14
2024-01-01 02:30:00+00:00,2024-01-02 15:00:00+00:00,10231,36.5,7870,2361,15
2024-01-01 02:30:00+00:00,2024-01-02 16:00:00+00:00,10373,37.5,8208,2165,16
2024-01-01 02:30:00+00:00,2024-01-02 17:00:00+00:00,10617,38.5,9635,982,17
2024-01-01 02:30:00+00:00,2024-01-02 18:00:00+00:00,10846,39.5,10183,663,18
2024-01-01 02:30:00+00:00,2024-01-02 19:00:00+00:00,11201,40.5,9919,1282,19
2024-01-01 02:30:00+00:00,2024-01-02 20:00:00+00:00,11519,41.5,11051,468,20
2024-01-01 02:30:00+00:00,2024-01-02 21:00:00+00:00,11793,42.5,11263,530,21
2024-01-01 02:30:00+00:00,2024-01-02 22:00:00+00:00,11706,43.5,11480,226,22
2024-01-01 02:30:00+00:00,2024-01-02 23:00:00+00:00,11609,44.5,10992,617,23
2024-01-01 02:30:00+00:00,2024-01-03 00:00:00+00:00,11505,45.5,10672,833,0
2024-01-01 02:30:00+00:00,2024-01-03 01:00:00+00:00,11352,46.5,10293,1059,1
2024-01-01 02:30:00+00:00,2024-01-03 02:00:00+00:00,11200,47.5,10226,974,2
