publishTime,startTime,generation_forecast,generation_actual,forecast_horizon_hours,error,abs_error,rel_error,hour
2024-01-31 18:30:00+00:00,2024-01-31 23:00:00+00:00,17275,14595,4.5,2680,2680,18.362452894826994,23
2024-01-31 15:30:00+00:00,2024-01-31 21:00:00+00:00,17887,15757,5.5,2130,2130,13.517801611981975,21
2024-01-31 15:30:00+00:00,2024-01-31 22:00:00+00:00,17660,15490,6.5,2170,2170,14.009038089089735,22
2024-01-31 15:30:00+00:00,2024-01-31 23:00:00+00:00,17263,14595,7.5,2668,2668,18.28023295649195,23
2024-01-31 11:30:00+00:00,2024-01-31 21:00:00+00:00,17796,15757,9.5,2039,2039,12.940280510249414,21
2024-01-31 11:30:00+00:00,2024-01-31 22:00:00+00:00,17572,15490,10.5,2082,2082,13.440929632020659,22
2024-01-31 11:30:00+00:00,2024-01-31 23:00:00+00:00,17176,14595,11.5,2581,2581,17.684138403562862,23
2024-01-31 09:30:00+00:00,2024-01-31 21:00:00+00:00,17813,15757,11.5,2056,2056,13.048169067715937,21
2024-01-31 09:30:00+00:00,2024-01-31 22:00:00+00:00,17586,15490,12.5,2096,2096,13.53131052291801,22
2024-01-31 09:30:00+00:00,2024-01-31 23:00:00+00:00,17183,14595,13.5,2588,2588,17.73210003425831,23
2024-01-31 07:30:00+00:00,2024-01-31 21:00:00+00:00,17813,15757,13.5,2056,2056,13.048169067715937,21
2024-01-31 07:30:00+00:00,2024-01-31 22:00:00+00:00,17586,15490,14.5,2096,2096,13.53131052291801,22
2024-01-31 07:30:00+00:00,2024-01-31 23:00:00+00:00,17185,14595,15.5,2590,2590,17.74580335731415,23
2024-01-31 04:30:00+00:00,2024-01-31 21:00:00+00:00,17739,15757,16.5,1982,1982,12.578536523449896,21
2024-01-31 04:30:00+00:00,2024-01-31 22:00:00+00:00,17550,15490,17.5,2060,2060,13.298902517753389,22
2024-01-31 04:30:00+00:00,2024-01-31 23:00:00+00:00,17152,14595,18.5,2557,2557,17.51969852689277,23
2024-01-31 02:30:00+00:00,2024-01-31 21:00:00+00:00,17741,15757,18.5,1984,1984,12.591229294916545,21
2024-01-31 02:30:00+00:00,2024-01-31 22:00:00+00:00,17553,15490,19.5,2063,2063,13.318269851517108,22
2024-01-31 02:30:00+00:00,2024-01-31 23:00:00+00:00,17156,14595,20.5,2561,2561,17.547105173004454,23
2024-01-30 22:30:00+00:00,2024-01-31 03:00:00+00:00,11477,8175,4.5,3302,3302,40.3914373088685,3
2024-01-30 22:30:00+00:00,2024-01-31 04:00:00+00:00,12053,8687,5.5,3366,3366,38.74755381604697,4
2024-01-30 22:30:00+00:00,2024-01-31 05:00:00+00:00,12822,9519,6.5,3303,3303,34.69902300661834,5
2024-01-30 22:30:00+00:00,2024-01-31 06:00:00+00:00,13307,10509,7.5,2798,2798,26.624797792368447,6
2024-01-30 22:30:00+00:00,2024-01-31 07:00:00+00:00,13909,11728,8.5,2181,2181,18.59652114597544,7
2024-01-30 22:30:00+00:00,2024-01-31 08:00:00+00:00,14561,12836,9.5,1725,1725,13.438765970707387,8
2024-01-30 22:30:00+00:00,2024-01-31 09:00:00+00:00,14912,13747,10.5,1165,1165,8.47457627118644,9
2024-01-30 22:30:00+00:00,2024-01-31 10:00:00+00:00,15453,14183,11.5,1270,1270,8.954382006627652,10
2024-01-30 22:30:00+00:00,2024-01-31 11:00:00+00:00,14782,14352,12.5,430,430,2.9960981047937567,11
2024-01-30 22:30:00+00:00,2024-01-31 12:00:00+00:00,15656,15177,13.5,479,479,3.156091454174079,12
2024-01-30 22:30:00+00:00,2024-01-31 13:00:00+00:00,18116,15997,14.5,2119,2119,13.246233668812902,13
2024-01-30 22:30:00+00:00,2024-01-31 14:00:00+00:00,18483,15818,15.5,2665,2665,16.847894803388545,14
2024-01-30 22:30:00+00:00,2024-01-31 15:00:00+00:00,18400,15911,16.5,2489,2489,15.643265665263026,15
2024-01-30 22:30:00+00:00,2024-01-31 16:00:00+00:00,18211,15762,17.5,2449,2449,15.537368354269763,16
2024-01-30 22:30:00+00:00,2024-01-31 17:00:00+00:00,17992,15683,18.5,2309,2309,14.722948415481731,17
2024-01-30 22:30:00+00:00,2024-01-31 18:00:00+00:00,18208,15411,19.5,2797,2797,18.149373823892027,18
2024-01-30 22:30:00+00:00,2024-01-31 19:00:00+00:00,18033,15812,20.5,2221,2221,14.046293953959019,19
2024-01-30 22:30:00+00:00,2024-01-31 20:00:00+00:00,17782,15684,21.5,2098,2098,13.3766896199949,20
2024-01-30 22:30:00+00:00,2024-01-31 21:00:00+00:00,17560,15757,22.5,1803,1803,11.442533477184744,21
2024-01-30 22:30:00+00:00,2024-01-31 22:00:00+00:00,17456,15490,23.5,1966,1966,12.692059393156876,22
2024-01-30 22:30:00+00:00,2024-01-31 23:00:00+00:00,17013,14595,24.5,2418,2418,16.56731757451182,23
2024-01-30 18:30:00+00:00,2024-01-30 23:00:00+00:00,9820,7592,4.5,2228,2228,29.346680716543734,23
2024-01-30 18:30:00+00:00,2024-01-31 00:00:00+00:00,10192,7009,5.5,3183,3183,45.41304037665858,0
2024-01-30 18:30:00+00:00,2024-01-31 01:00:00+00:00,10569,7248,6.5,3321,3321,45.819536423841065,1
2024-01-30 18:30:00+00:00,2024-01-31 02:00:00+00:00,11010,7463,7.5,3547,3547,47.527803832239044,2
2024-01-30 18:30:00+00:00,2024-01-31 03:00:00+00:00,11522,8175,8.5,3347,3347,40.94189602446483,3
2024-01-30 18:30:00+00:00,2024-01-31 04:00:00+00:00,12110,8687,9.5,3423,3423,39.40370668815471,4
2024-01-30 18:30:00+00:00,2024-01-31 05:00:00+00:00,12898,9519,10.5,3379,3379,35.49742620023112,5
2024-01-30 18:30:00+00:00,2024-01-31 06:00:00+00:00,13398,10509,11.5,2889,2889,27.490722238081645,6
2024-01-30 18:30:00+00:00,2024-01-31 07:00:00+00:00,14013,11728,12.5,2285,2285,19.483287858117325,7
2024-01-30 18:30:00+00:00,2024-01-31 08:00:00+00:00,14674,12836,13.5,1838,1838,14.319102524150825,8
2024-01-30 18:30:00+00:00,2024-01-31 09:00:00+00:00,15030,13747,14.5,1283,1283,9.332945369898887,9
2024-01-30 18:30:00+00:00,2024-01-31 10:00:00+00:00,15577,14183,15.5,1394,1394,9.828668123810196,10
2024-01-30 18:30:00+00:00,2024-01-31 11:00:00+00:00,14900,14352,16.5,548,548,3.8182831661092527,11
2024-01-30 18:30:00+00:00,2024-01-31 12:00:00+00:00,15775,15177,17.5,598,598,3.94017262963695,12
2024-01-30 18:30:00+00:00,2024-01-31 13:00:00+00:00,18238,15997,18.5,2241,2241,14.00887666437457,13
2024-01-30 18:30:00+00:00,2024-01-31 14:00:00+00:00,18605,15818,19.5,2787,2787,17.619168036414212,14
2024-01-30 18:30:00+00:00,2024-01-31 15:00:00+00:00,18521,15911,20.5,2610,2610,16.40374583621394,15
2024-01-30 18:30:00+00:00,2024-01-31 16:00:00+00:00,18333,15762,21.5,2571,2571,16.31138180433955,16
2024-01-30 18:30:00+00:00,2024-01-31 17:00:00+00:00,18112,15683,22.5,2429,2429,15.488108142574763,17
2024-01-30 18:30:00+00:00,2024-01-31 18:00:00+00:00,18329,15411,23.5,2918,2918,18.934527285705016,18
2024-01-30 18:30:00+00:00,2024-01-31 19:00:00+00:00,18153,15812,24.5,2341,2341,14.805211231975715,19
2024-01-30 18:30:00+00:00,2024-01-31 20:00:00+00:00,17901,15684,25.5,2217,2217,14.135424636572303,20
2024-01-30 18:30:00+00:00,2024-01-31 21:00:00+00:00,17681,15757,26.5,1924,1924,12.210446150917052,21
2024-01-30 18:30:00+00:00,2024-01-31 22:00:00+00:00,17575,15490,27.5,2085,2085,13.460296965784377,22
2024-01-30 18:30:00+00:00,2024-01-31 23:00:00+00:00,17126,14595,28.5,2531,2531,17.341555327166837,23
2024-01-30 15:30:00+00:00,2024-01-30 21:00:00+00:00,8753,7217,5.5,1536,1536,21.283081612858528,21
2024-01-30 15:30:00+00:00,2024-01-30 22:00:00+00:00,9470,7214,6.5,2256,2256,31.272525644579986,22
2024-01-30 15:30:00+00:00,2024-01-30 23:00:00+00:00,10036,7592,7.5,2444,2444,32.19178082191781,23
2024-01-30 15:30:00+00:00,2024-01-31 00:00:00+00:00,10455,7009,8.5,3446,3446,49.165358824368674,0
2024-01-30 15:30:00+00:00,2024-01-31 01:00:00+00:00,10840,7248,9.5,3592,3592,49.55849889624724,1
2024-01-30 15:30:00+00:00,2024-01-31 02:00:00+00:00,11161,7463,10.5,3698,3698,49.55111885300818,2
2024-01-30 15:30:00+00:00,2024-01-31 03:00:00+00:00,11547,8175,11.5,3372,3372,41.24770642201835,3
2024-01-30 15:30:00+00:00,2024-01-31 04:00:00+00:00,12083,8687,12.5,3396,3396,39.09289743294578,4
2024-01-30 15:30:00+00:00,2024-01-31 05:00:00+00:00,12519,9519,13.5,3000,3000,31.515915537346363,5
2024-01-30 15:30:00+00:00,2024-01-31 06:00:00+00:00,13125,10509,14.5,2616,2616,24.89294890094205,6
2024-01-30 15:30:00+00:00,2024-01-31 07:00:00+00:00,13708,11728,15.5,1980,1980,16.882673942701228,7
2024-01-30 15:30:00+00:00,2024-01-31 08:00:00+00:00,14418,12836,16.5,1582,1582,12.324711748208165,8
2024-01-30 15:30:00+00:00,2024-01-31 09:00:00+00:00,14888,13747,17.5,1141,1141,8.299992725685604,9
2024-01-30 15:30:00+00:00,2024-01-31 10:00:00+00:00,15253,14183,18.5,1070,1070,7.544243107946133,10
2024-01-30 15:30:00+00:00,2024-01-31 11:00:00+00:00,14660,14352,19.5,308,308,2.1460423634336676,11
2024-01-30 15:30:00+00:00,2024-01-31 12:00:00+00:00,15459,15177,20.5,282,282,1.8580747183237794,12
2024-01-30 15:30:00+00:00,2024-01-31 13:00:00+00:00,18116,15997,21.5,2119,2119,13.246233668812902,13
2024-01-30 15:30:00+00:00,2024-01-31 14:00:00+00:00,18474,15818,22.5,2656,2656,16.790997597673538,14
2024-01-30 15:30:00+00:00,2024-01-31 15:00:00+00:00,18465,15911,23.5,2554,2554,16.051788071145747,15
2024-01-30 15:30:00+00:00,2024-01-31 16:00:00+00:00,18128,15762,24.5,2366,2366,15.010785433320645,16
2024-01-30 15:30:00+00:00,2024-01-31 17:00:00+00:00,17920,15683,25.5,2237,2237,14.263852579225913,17
2024-01-30 15:30:00+00:00,2024-01-31 18:00:00+00:00,18238,15411,26.5,2827,2827,18.344039971448964,18
2024-01-30 15:30:00+00:00,2024-01-31 19:00:00+00:00,18043,15812,27.5,2231,2231,14.109537060460408,19
2024-01-30 15:30:00+00:00,2024-01-31 20:00:00+00:00,17777,15684,28.5,2093,2093,13.34480999744963,20
2024-01-30 15:30:00+00:00,2024-01-31 21:00:00+00:00,17519,15757,29.5,1762,1762,11.182331662118424,21
2024-01-30 15:30:00+00:00,2024-01-31 22:00:00+00:00,17528,15490,30.5,2038,2038,13.15687540348612,22
2024-01-30 15:30:00+00:00,2024-01-31 23:00:00+00:00,17101,14595,31.5,2506,2506,17.170263788968825,23
2024-01-30 11:30:00+00:00,2024-01-30 21:00:00+00:00,8647,7217,9.5,1430,1430,19.814327282804488,21
2024-01-30 11:30:00+00:00,2024-01-30 22:00:00+00:00,9283,7214,10.5,2069,2069,28.68034377599113,22
2024-01-30 11:30:00+00:00,2024-01-30 23:00:00+00:00,9807,7592,11.5,2215,2215,29.175447839831403,23
2024-01-30 11:30:00+00:00,2024-01-31 00:00:00+00:00,10299,7009,12.5,3290,3290,46.93964902268512,0
2024-01-30 11:30:00+00:00,2024-01-31 01:00:00+00:00,10668,7248,13.5,3420,3420,47.18543046357616,1
2024-01-30 11:30:00+00:00,2024-01-31 02:00:00+00:00,11002,7463,14.5,3539,3539,47.42060833444995,2
2024-01-30 11:30:00+00:00,2024-01-31 03:00:00+00:00,11410,8175,15.5,3235,3235,39.571865443425075,3
2024-01-30 11:30:00+00:00,2024-01-31 04:00:00+00:00,12109,8687,16.5,3422,3422,39.39219523425809,4
2024-01-30 11:30:00+00:00,2024-01-31 05:00:00+00:00,12542,9519,17.5,3023,3023,31.757537556466016,5
2024-01-30 11:30:00+00:00,2024-01-31 06:00:00+00:00,12943,10509,18.5,2434,2434,23.161100009515653,6
2024-01-30 11:30:00+00:00,2024-01-31 07:00:00+00:00,13807,11728,19.5,2079,2079,17.726807639836288,7
2024-01-30 11:30:00+00:00,2024-01-31 08:00:00+00:00,14287,12836,20.5,1451,1451,11.304144593331255,8
2024-01-30 11:30:00+00:00,2024-01-31 09:00:00+00:00,14989,13747,21.5,1242,1242,9.034698479668291,9
2024-01-30 11:30:00+00:00,2024-01-31 10:00:00+00:00,15362,14183,22.5,1179,1179,8.312768807727561,10
2024-01-30 11:30:00+00:00,2024-01-31 11:00:00+00:00,15157,14352,23.5,805,805,5.6089743589743595,11
2024-01-30 11:30:00+00:00,2024-01-31 12:00:00+00:00,15645,15177,24.5,468,468,3.08361336232457,12
2024-01-30 11:30:00+00:00,2024-01-31 13:00:00+00:00,18057,15997,25.5,2060,2060,12.877414515221606,13
2024-01-30 11:30:00+00:00,2024-01-31 14:00:00+00:00,18319,15818,26.5,2501,2501,15.811101277026173,14
2024-01-30 11:30:00+00:00,2024-01-31 15:00:00+00:00,18314,15911,27.5,2403,2403,15.102759097479732,15
2024-01-30 11:30:00+00:00,2024-01-31 16:00:00+00:00,18046,15762,28.5,2284,2284,14.490546884913083,16
2024-01-30 11:30:00+00:00,2024-01-31 17:00:00+00:00,17836,15683,29.5,2153,2153,13.728240770260792,17
2024-01-30 11:30:00+00:00,2024-01-31 18:00:00+00:00,18121,15411,30.5,2710,2710,17.5848419959769,18
2024-01-30 11:30:00+00:00,2024-01-31 19:00:00+00:00,18043,15812,31.5,2231,2231,14.109537060460408,19
2024-01-30 11:30:00+00:00,2024-01-31 20:00:00+00:00,17786,15684,32.5,2102,2102,13.402193318031113,20
2024-01-30 11:30:00+00:00,2024-01-31 21:00:00+00:00,17506,15757,33.5,1749,1749,11.0998286475852,21
2024-01-30 11:30:00+00:00,2024-01-31 22:00:00+00:00,17647,15490,34.5,2157,2157,13.92511297611362,22
2024-01-30 11:30:00+00:00,2024-01-31 23:00:00+00:00,17309,14595,35.5,2714,2714,18.595409386776293,23
2024-01-30 09:30:00+00:00,2024-01-30 21:00:00+00:00,8647,7217,11.5,1430,1430,19.814327282804488,21
2024-01-30 09:30:00+00:00,2024-01-30 22:00:00+00:00,9283,7214,12.5,2069,2069,28.68034377599113,22
2024-01-30 09:30:00+00:00,2024-01-30 23:00:00+00:00,9807,7592,13.5,2215,2215,29.175447839831403,23
2024-01-30 09:30:00+00:00,2024-01-31 00:00:00+00:00,10298,7009,14.5,3289,3289,46.925381652161505,0
2024-01-30 09:30:00+00:00,2024-01-31 01:00:00+00:00,10668,7248,15.5,3420,3420,47.18543046357616,1
2024-01-30 09:30:00+00:00,2024-01-31 02:00:00+00:00,11001,7463,16.5,3538,3538,47.40720889722632,2
2024-01-30 09:30:00+00:00,2024-01-31 03:00:00+00:00,11408,8175,17.5,3233,3233,39.547400611620795,3
2024-01-30 09:30:00+00:00,2024-01-31 04:00:00+00:00,12105,8687,18.5,3418,3418,39.34614941867158,4
2024-01-30 09:30:00+00:00,2024-01-31 05:00:00+00:00,12536,9519,19.5,3017,3017,31.694505725391327,5
2024-01-30 09:30:00+00:00,2024-01-31 06:00:00+00:00,12939,10509,20.5,2430,2430,23.123037396517272,6
2024-01-30 09:30:00+00:00,2024-01-31 07:00:00+00:00,13800,11728,21.5,2072,2072,17.66712141882674,7
2024-01-30 09:30:00+00:00,2024-01-31 08:00:00+00:00,14283,12836,22.5,1447,1447,11.272982237457152,8
2024-01-30 09:30:00+00:00,2024-01-31 09:00:00+00:00,14986,13747,23.5,1239,1239,9.012875536480687,9
2024-01-30 09:30:00+00:00,2024-01-31 10:00:00+00:00,15328,14183,24.5,1145,1145,8.073045194951703,10
2024-01-30 09:30:00+00:00,2024-01-31 11:00:00+00:00,15134,14352,25.5,782,782,5.448717948717949,11
2024-01-30 09:30:00+00:00,2024-01-31 12:00:00+00:00,15636,15177,26.5,459,459,3.0243131053567898,12
2024-01-30 09:30:00+00:00,2024-01-31 13:00:00+00:00,18047,15997,27.5,2050,2050,12.814902794273927,13
2024-01-30 09:30:00+00:00,2024-01-31 14:00:00+00:00,18302,15818,28.5,2484,2484,15.703628777342269,14
2024-01-30 09:30:00+00:00,2024-01-31 15:00:00+00:00,18300,15911,29.5,2389,2389,15.014769656212684,15
2024-01-30 09:30:00+00:00,2024-01-31 16:00:00+00:00,18020,15762,30.5,2258,2258,14.325593198832637,16
2024-01-30 09:30:00+00:00,2024-01-31 17:00:00+00:00,17825,15683,31.5,2142,2142,13.658101128610598,17
2024-01-30 09:30:00+00:00,2024-01-31 18:00:00+00:00,18115,15411,32.5,2704,2704,17.545908766465512,18
2024-01-30 09:30:00+00:00,2024-01-31 19:00:00+00:00,18037,15812,33.5,2225,2225,14.071591196559574,19
2024-01-30 09:30:00+00:00,2024-01-31 20:00:00+00:00,17790,15684,34.5,2106,2106,13.42769701606733,20
2024-01-30 09:30:00+00:00,2024-01-31 21:00:00+00:00,17507,15757,35.5,1750,1750,11.106175033318525,21
2024-01-30 09:30:00+00:00,2024-01-31 22:00:00+00:00,17655,15490,36.5,2165,2165,13.976759199483539,22
2024-01-30 09:30:00+00:00,2024-01-31 23:00:00+00:00,17329,14595,37.5,2734,2734,18.732442617334705,23
2024-01-30 07:30:00+00:00,2024-01-30 21:00:00+00:00,8647,7217,13.5,1430,1430,19.814327282804488,21
2024-01-30 07:30:00+00:00,2024-01-30 22:00:00+00:00,9282,7214,14.5,2068,2068,28.666481840864982,22
2024-01-30 07:30:00+00:00,2024-01-30 23:00:00+00:00,9806,7592,15.5,2214,2214,29.162276080084297,23
2024-01-30 07:30:00+00:00,2024-01-31 00:00:00+00:00,10297,7009,16.5,3288,3288,46.91111428163789,0
2024-01-30 07:30:00+00:00,2024-01-31 01:00:00+00:00,10667,7248,17.5,3419,3419,47.17163355408388,1
2024-01-30 07:30:00+00:00,2024-01-31 02:00:00+00:00,11000,7463,18.5,3537,3537,47.39380946000268,2
2024-01-30 07:30:00+00:00,2024-01-31 03:00:00+00:00,11408,8175,19.5,3233,3233,39.547400611620795,3
2024-01-30 07:30:00+00:00,2024-01-31 04:00:00+00:00,12104,8687,20.5,3417,3417,39.33463796477495,4
2024-01-30 07:30:00+00:00,2024-01-31 05:00:00+00:00,12535,9519,21.5,3016,3016,31.684000420212204,5
2024-01-30 07:30:00+00:00,2024-01-31 06:00:00+00:00,12937,10509,22.5,2428,2428,23.104006090018082,6
2024-01-30 07:30:00+00:00,2024-01-31 07:00:00+00:00,13798,11728,23.5,2070,2070,17.65006821282401,7
2024-01-30 07:30:00+00:00,2024-01-31 08:00:00+00:00,14281,12836,24.5,1445,1445,11.2574010595201,8
2024-01-30 07:30:00+00:00,2024-01-31 09:00:00+00:00,14985,13747,25.5,1238,1238,9.005601222084819,9
2024-01-30 07:30:00+00:00,2024-01-31 10:00:00+00:00,15328,14183,26.5,1145,1145,8.073045194951703,10
2024-01-30 07:30:00+00:00,2024-01-31 11:00:00+00:00,15138,14352,27.5,786,786,5.476588628762542,11
2024-01-30 07:30:00+00:00,2024-01-31 12:00:00+00:00,15638,15177,28.5,461,461,3.037490940238519,12
2024-01-30 07:30:00+00:00,2024-01-31 13:00:00+00:00,18046,15997,29.5,2049,2049,12.808651622179159,13
2024-01-30 07:30:00+00:00,2024-01-31 14:00:00+00:00,18297,15818,30.5,2479,2479,15.672019218611707,14
2024-01-30 07:30:00+00:00,2024-01-31 15:00:00+00:00,18292,15911,31.5,2381,2381,14.964489975488657,15
2024-01-30 07:30:00+00:00,2024-01-31 16:00:00+00:00,18011,15762,32.5,2249,2249,14.268493845958636,16
2024-01-30 07:30:00+00:00,2024-01-31 17:00:00+00:00,17819,15683,33.5,2136,2136,13.619843142255947,17
2024-01-30 07:30:00+00:00,2024-01-31 18:00:00+00:00,18113,15411,34.5,2702,2702,17.53293102329505,18
2024-01-30 07:30:00+00:00,2024-01-31 19:00:00+00:00,18034,15812,35.5,2222,2222,14.052618264609157,19
2024-01-30 07:30:00+00:00,2024-01-31 20:00:00+00:00,17787,15684,36.5,2103,2103,13.40856924254017,20
2024-01-30 07:30:00+00:00,2024-01-31 21:00:00+00:00,17505,15757,37.5,1748,1748,11.093482261851875,21
2024-01-30 07:30:00+00:00,2024-01-31 22:00:00+00:00,17655,15490,38.5,2165,2165,13.976759199483539,22
2024-01-30 07:30:00+00:00,2024-01-31 23:00:00+00:00,17331,14595,39.5,2736,2736,18.746145940390544,23
2024-01-30 04:30:00+00:00,2024-01-30 21:00:00+00:00,8122,7217,16.5,905,905,12.539836497159484,21
2024-01-30 04:30:00+00:00,2024-01-30 22:00:00+00:00,8711,7214,17.5,1497,1497,20.751316883836985,22
2024-01-30 04:30:00+00:00,2024-01-30 23:00:00+00:00,9287,7592,18.5,1695,1695,22.32613277133825,23
2024-01-30 04:30:00+00:00,2024-01-31 00:00:00+00:00,9846,7009,19.5,2837,2837,40.476530175488655,0
2024-01-30 04:30:00+00:00,2024-01-31 01:00:00+00:00,10281,7248,20.5,3033,3033,41.84602649006622,1
2024-01-30 04:30:00+00:00,2024-01-31 02:00:00+00:00,10720,7463,21.5,3257,3257,43.64196703738443,2
2024-01-30 04:30:00+00:00,2024-01-31 03:00:00+00:00,11304,8175,22.5,3129,3129,38.27522935779816,3
2024-01-30 04:30:00+00:00,2024-01-31 04:00:00+00:00,11913,8687,23.5,3226,3226,37.13595027051917,4
2024-01-30 04:30:00+00:00,2024-01-31 05:00:00+00:00,12296,9519,24.5,2777,2777,29.173232482403616,5
2024-01-30 04:30:00+00:00,2024-01-31 06:00:00+00:00,12776,10509,25.5,2267,2267,21.571985916833192,6
2024-01-30 04:30:00+00:00,2024-01-31 07:00:00+00:00,13580,11728,26.5,1852,1852,15.791268758526602,7
2024-01-30 04:30:00+00:00,2024-01-31 08:00:00+00:00,14152,12836,27.5,1316,1316,10.252415082580244,8
2024-01-30 04:30:00+00:00,2024-01-31 09:00:00+00:00,14817,13747,28.5,1070,1070,7.783516403578964,9
2024-01-30 04:30:00+00:00,2024-01-31 10:00:00+00:00,15409,14183,29.5,1226,1226,8.644151448917718,10
2024-01-30 04:30:00+00:00,2024-01-31 11:00:00+00:00,16069,14352,30.5,1717,1717,11.963489409141582,11
2024-01-30 04:30:00+00:00,2024-01-31 12:00:00+00:00,15313,15177,31.5,136,136,0.8960927719575674,12
2024-01-30 04:30:00+00:00,2024-01-31 13:00:00+00:00,17757,15997,32.5,1760,1760,11.002062886791274,13
2024-01-30 04:30:00+00:00,2024-01-31 14:00:00+00:00,18206,15818,33.5,2388,2388,15.096725249715515,14
2024-01-30 04:30:00+00:00,2024-01-31 15:00:00+00:00,18293,15911,34.5,2382,2382,14.97077493557916,15
2024-01-30 04:30:00+00:00,2024-01-31 16:00:00+00:00,18251,15762,35.5,2489,2489,15.791143255931988,16
2024-01-30 04:30:00+00:00,2024-01-31 17:00:00+00:00,18085,15683,36.5,2402,2402,15.31594720397883,17
2024-01-30 04:30:00+00:00,2024-01-31 18:00:00+00:00,18120,15411,37.5,2709,2709,17.57835312439167,18
2024-01-30 04:30:00+00:00,2024-01-31 19:00:00+00:00,18156,15812,38.5,2344,2344,14.824184163926132,19
2024-01-30 04:30:00+00:00,2024-01-31 20:00:00+00:00,18056,15684,39.5,2372,2372,15.123692935475644,20
2024-01-30 04:30:00+00:00,2024-01-31 21:00:00+00:00,17806,15757,40.5,2049,2049,13.003744367582662,21
2024-01-30 04:30:00+00:00,2024-01-31 22:00:00+00:00,17586,15490,41.5,2096,2096,13.53131052291801,22
2024-01-30 04:30:00+00:00,2024-01-31 23:00:00+00:00,17286,14595,42.5,2691,2691,18.437821171634123,23
2024-01-30 02:30:00+00:00,2024-01-30 21:00:00+00:00,8119,7217,18.5,902,902,12.49826797838437,21
2024-01-30 02:30:00+00:00,2024-01-30 22:00:00+00:00,8710,7214,19.5,1496,1496,20.73745494871084,22
2024-01-30 02:30:00+00:00,2024-01-30 23:00:00+00:00,9285,7592,20.5,1693,1693,22.299789251844047,23
2024-01-30 02:30:00+00:00,2024-01-31 00:00:00+00:00,9844,7009,21.5,2835,2835,40.44799543444143,0
2024-01-30 02:30:00+00:00,2024-01-31 01:00:00+00:00,10281,7248,22.5,3033,3033,41.84602649006622,1
2024-01-30 02:30:00+00:00,2024-01-31 02:00:00+00:00,10719,7463,23.5,3256,3256,43.62856760016079,2
2024-01-30 02:30:00+00:00,2024-01-31 03:00:00+00:00,11301,8175,24.5,3126,3126,38.23853211009175,3
2024-01-30 02:30:00+00:00,2024-01-31 04:00:00+00:00,11912,8687,25.5,3225,3225,37.12443881662254,4
2024-01-30 02:30:00+00:00,2024-01-31 05:00:00+00:00,12295,9519,26.5,2776,2776,29.1627271772245,5
2024-01-30 02:30:00+00:00,2024-01-31 06:00:00+00:00,12773,10509,27.5,2264,2264,21.543438957084405,6
2024-01-30 02:30:00+00:00,2024-01-31 07:00:00+00:00,13579,11728,28.5,1851,1851,15.78274215552524,7
2024-01-30 02:30:00+00:00,2024-01-31 08:00:00+00:00,14151,12836,29.5,1315,1315,10.244624493611717,8
2024-01-30 02:30:00+00:00,2024-01-31 09:00:00+00:00,14809,13747,30.5,1062,1062,7.725321888412018,9
2024-01-30 02:30:00+00:00,2024-01-31 10:00:00+00:00,15409,14183,31.5,1226,1226,8.644151448917718,10
2024-01-30 02:30:00+00:00,2024-01-31 11:00:00+00:00,16069,14352,32.5,1717,1717,11.963489409141582,11
2024-01-30 02:30:00+00:00,2024-01-31 12:00:00+00:00,15303,15177,33.5,126,126,0.8302035975489227,12
2024-01-30 02:30:00+00:00,2024-01-31 13:00:00+00:00,17756,15997,34.5,1759,1759,10.995811714696506,13
2024-01-30 02:30:00+00:00,2024-01-31 14:00:00+00:00,18204,15818,35.5,2386,2386,15.084081426223289,14
2024-01-30 02:30:00+00:00,2024-01-31 15:00:00+00:00,18272,15911,36.5,2361,2361,14.838790773678587,15
2024-01-30 02:30:00+00:00,2024-01-31 16:00:00+00:00,18240,15762,37.5,2478,2478,15.721355157974875,16
2024-01-30 02:30:00+00:00,2024-01-31 17:00:00+00:00,18080,15683,38.5,2397,2397,15.284065548683287,17
2024-01-30 02:30:00+00:00,2024-01-31 18:00:00+00:00,18119,15411,39.5,2708,2708,17.57186425280644,18
2024-01-30 02:30:00+00:00,2024-01-31 19:00:00+00:00,18157,15812,40.5,2345,2345,14.83050847457627,19
2024-01-30 02:30:00+00:00,2024-01-31 20:00:00+00:00,18058,15684,41.5,2374,2374,15.136444784493753,20
2024-01-30 02:30:00+00:00,2024-01-31 21:00:00+00:00,17810,15757,42.5,2053,2053,13.02912991051596,21
2024-01-30 02:30:00+00:00,2024-01-31 22:00:00+00:00,17591,15490,43.5,2101,2101,13.56358941252421,22
2024-01-30 02:30:00+00:00,2024-01-31 23:00:00+00:00,17292,14595,44.5,2697,2697,18.478931140801645,23
2024-01-29 22:30:00+00:00,2024-01-30 03:00:00+00:00,9341,10370,4.5,-1029,1029,9.922854387656702,3
2024-01-29 22:30:00+00:00,2024-01-30 04:00:00+00:00,9180,10203,5.5,-1023,1023,10.026462805057337,4
2024-01-29 22:30:00+00:00,2024-01-30 05:00:00+00:00,9064,10076,6.5,-1012,1012,10.043668122270741,5
2024-01-29 22:30:00+00:00,2024-01-30 06:00:00+00:00,8848,10215,7.5,-1367,1367,13.382280959373471,6
2024-01-29 22:30:00+00:00,2024-01-30 07:00:00+00:00,8560,10107,8.5,-1547,1547,15.306223409518156,7
2024-01-29 22:30:00+00:00,2024-01-30 08:00:00+00:00,8300,9672,9.5,-1372,1372,14.185277088502895,8
2024-01-29 22:30:00+00:00,2024-01-30 09:00:00+00:00,8205,9195,10.5,-990,990,10.766721044045676,9
2024-01-29 22:30:00+00:00,2024-01-30 10:00:00+00:00,8025,9066,11.5,-1041,1041,11.482461945731304,10
2024-01-29 22:30:00+00:00,2024-01-30 11:00:00+00:00,7816,9565,12.5,-1749,1749,18.285415577626765,11
2024-01-29 22:30:00+00:00,2024-01-30 12:00:00+00:00,7706,8628,13.5,-922,922,10.686138154844691,12
2024-01-29 22:30:00+00:00,2024-01-30 13:00:00+00:00,7446,8442,14.5,-996,996,11.798152096659559,13
2024-01-29 22:30:00+00:00,2024-01-30 14:00:00+00:00,7105,8626,15.5,-1521,1521,17.63273823324832,14
2024-01-29 22:30:00+00:00,2024-01-30 15:00:00+00:00,6837,7823,16.5,-986,986,12.603860411606801,15
2024-01-29 22:30:00+00:00,2024-01-30 16:00:00+00:00,6711,7604,17.5,-893,893,11.743819042609154,16
2024-01-29 22:30:00+00:00,2024-01-30 17:00:00+00:00,6642,7193,18.5,-551,551,7.660225218962881,17
2024-01-29 22:30:00+00:00,2024-01-30 18:00:00+00:00,6717,6626,19.5,91,91,1.3733776033806218,18
2024-01-29 22:30:00+00:00,2024-01-30 19:00:00+00:00,6982,6415,20.5,567,567,8.838659392049882,19
2024-01-29 22:30:00+00:00,2024-01-30 20:00:00+00:00,7211,6622,21.5,589,589,8.894593778314709,20
2024-01-29 22:30:00+00:00,2024-01-30 21:00:00+00:00,7592,7217,22.5,375,375,5.196064846889289,21
2024-01-29 22:30:00+00:00,2024-01-30 22:00:00+00:00,8195,7214,23.5,981,981,13.598558358746882,22
2024-01-29 22:30:00+00:00,2024-01-30 23:00:00+00:00,8787,7592,24.5,1195,1195,15.740252897787144,23
2024-01-29 22:30:00+00:00,2024-01-31 00:00:00+00:00,9366,7009,25.5,2357,2357,33.62819232415466,0
2024-01-29 22:30:00+00:00,2024-01-31 01:00:00+00:00,9882,7248,26.5,2634,2634,36.341059602649004,1
2024-01-29 22:30:00+00:00,2024-01-31 02:00:00+00:00,10444,7463,27.5,2981,2981,39.943722363660726,2
2024-01-29 22:30:00+00:00,2024-01-31 03:00:00+00:00,11020,8175,28.5,2845,2845,34.801223241590215,3
2024-01-29 22:30:00+00:00,2024-01-31 04:00:00+00:00,11790,8687,29.5,3103,3103,35.72004144123403,4
2024-01-29 22:30:00+00:00,2024-01-31 05:00:00+00:00,12309,9519,30.5,2790,2790,29.309801449732113,5
2024-01-29 22:30:00+00:00,2024-01-31 06:00:00+00:00,12966,10509,31.5,2457,2457,23.379960034256353,6
2024-01-29 22:30:00+00:00,2024-01-31 07:00:00+00:00,13649,11728,32.5,1921,1921,16.379604365620736,7
2024-01-29 22:30:00+00:00,2024-01-31 08:00:00+00:00,14333,12836,33.5,1497,1497,11.662511685883453,8
2024-01-29 22:30:00+00:00,2024-01-31 09:00:00+00:00,14642,13747,34.5,895,895,6.5105113843020295,9
2024-01-29 22:30:00+00:00,2024-01-31 10:00:00+00:00,15347,14183,35.5,1164,1164,8.207008390326447,10
2024-01-29 22:30:00+00:00,2024-01-31 11:00:00+00:00,15918,14352,36.5,1566,1566,10.911371237458194,11
2024-01-29 22:30:00+00:00,2024-01-31 12:00:00+00:00,16155,15177,37.5,978,978,6.443961257165448,12
2024-01-29 22:30:00+00:00,2024-01-31 13:00:00+00:00,17014,15997,38.5,1017,1017,6.357442020378821,13
2024-01-29 22:30:00+00:00,2024-01-31 14:00:00+00:00,17409,15818,39.5,1591,1591,10.05816158806423,14
2024-01-29 22:30:00+00:00,2024-01-31 15:00:00+00:00,18021,15911,40.5,2110,2110,13.261265790962225,15
2024-01-29 22:30:00+00:00,2024-01-31 16:00:00+00:00,18145,15762,41.5,2383,2383,15.118639766527089,16
2024-01-29 22:30:00+00:00,2024-01-31 17:00:00+00:00,17932,15683,42.5,2249,2249,14.340368551935217,17
2024-01-29 22:30:00+00:00,2024-01-31 18:00:00+00:00,17844,15411,43.5,2433,2433,15.787424566867822,18
2024-01-29 22:30:00+00:00,2024-01-31 19:00:00+00:00,17841,15812,44.5,2029,2029,12.832026309132305,19
2024-01-29 22:30:00+00:00,2024-01-31 20:00:00+00:00,17745,15684,45.5,2061,2061,13.140780413159908,20
2024-01-29 22:30:00+00:00,2024-01-31 21:00:00+00:00,17493,15757,46.5,1736,1736,11.017325633051978,21
2024-01-29 18:30:00+00:00,2024-01-29 23:00:00+00:00,9021,8699,4.5,322,322,3.7015748936659385,23
2024-01-29 18:30:00+00:00,2024-01-30 00:00:00+00:00,9290,9135,5.5,155,155,1.6967706622879035,0
2024-01-29 18:30:00+00:00,2024-01-30 01:00:00+00:00,9401,9883,6.5,-482,482,4.877061620965294,1
2024-01-29 18:30:00+00:00,2024-01-30 02:00:00+00:00,9385,10237,7.5,-852,852,8.322750805900165,2
2024-01-29 18:30:00+00:00,2024-01-30 03:00:00+00:00,9330,10370,8.5,-1040,1040,10.028929604628736,3
2024-01-29 18:30:00+00:00,2024-01-30 04:00:00+00:00,9170,10203,9.5,-1033,1033,10.12447319415858,4
2024-01-29 18:30:00+00:00,2024-01-30 05:00:00+00:00,9057,10076,10.5,-1019,1019,10.113140134974197,5
2024-01-29 18:30:00+00:00,2024-01-30 06:00:00+00:00,8840,10215,11.5,-1375,1375,13.46059716103769,6
2024-01-29 18:30:00+00:00,2024-01-30 07:00:00+00:00,8552,10107,12.5,-1555,1555,15.385376471752252,7
2024-01-29 18:30:00+00:00,2024-01-30 08:00:00+00:00,8295,9672,13.5,-1377,1377,14.23697270471464,8
2024-01-29 18:30:00+00:00,2024-01-30 09:00:00+00:00,8200,9195,14.5,-995,995,10.821098423056007,9
2024-01-29 18:30:00+00:00,2024-01-30 10:00:00+00:00,8021,9066,15.5,-1045,1045,11.526582836973306,10
2024-01-29 18:30:00+00:00,2024-01-30 11:00:00+00:00,7810,9565,16.5,-1755,1755,18.348144276006273,11
2024-01-29 18:30:00+00:00,2024-01-30 12:00:00+00:00,7701,8628,17.5,-927,927,10.744089012517385,12
2024-01-29 18:30:00+00:00,2024-01-30 13:00:00+00:00,7443,8442,18.5,-999,999,11.83368869936034,13
2024-01-29 18:30:00+00:00,2024-01-30 14:00:00+00:00,7103,8626,19.5,-1523,1523,17.65592395084628,14
2024-01-29 18:30:00+00:00,2024-01-30 15:00:00+00:00,6836,7823,20.5,-987,987,12.616643231496868,15
2024-01-29 18:30:00+00:00,2024-01-30 16:00:00+00:00,6709,7604,21.5,-895,895,11.770120988953183,16
2024-01-29 18:30:00+00:00,2024-01-30 17:00:00+00:00,6641,7193,22.5,-552,552,7.674127624078967,17
2024-01-29 18:30:00+00:00,2024-01-30 18:00:00+00:00,6717,6626,23.5,91,91,1.3733776033806218,18
2024-01-29 18:30:00+00:00,2024-01-30 19:00:00+00:00,6982,6415,24.5,567,567,8.838659392049882,19
2024-01-29 18:30:00+00:00,2024-01-30 20:00:00+00:00,7211,6622,25.5,589,589,8.894593778314709,20
2024-01-29 18:30:00+00:00,2024-01-30 21:00:00+00:00,7592,7217,26.5,375,375,5.196064846889289,21
2024-01-29 18:30:00+00:00,2024-01-30 22:00:00+00:00,8194,7214,27.5,980,980,13.584696423620738,22
2024-01-29 18:30:00+00:00,2024-01-30 23:00:00+00:00,8786,7592,28.5,1194,1194,15.727081138040042,23
2024-01-29 18:30:00+00:00,2024-01-31 00:00:00+00:00,9365,7009,29.5,2356,2356,33.61392495363105,0
2024-01-29 18:30:00+00:00,2024-01-31 01:00:00+00:00,9881,7248,30.5,2633,2633,36.32726269315673,1
2024-01-29 18:30:00+00:00,2024-01-31 02:00:00+00:00,10443,7463,31.5,2980,2980,39.93032292643709,2
2024-01-29 18:30:00+00:00,2024-01-31 03:00:00+00:00,11019,8175,32.5,2844,2844,34.788990825688074,3
2024-01-29 18:30:00+00:00,2024-01-31 04:00:00+00:00,11789,8687,33.5,3102,3102,35.7085299873374,4
2024-01-29 18:30:00+00:00,2024-01-31 05:00:00+00:00,12307,9519,34.5,2788,2788,29.288790839373885,5
2024-01-29 18:30:00+00:00,2024-01-31 06:00:00+00:00,12966,10509,35.5,2457,2457,23.379960034256353,6
2024-01-29 18:30:00+00:00,2024-01-31 07:00:00+00:00,13649,11728,36.5,1921,1921,16.379604365620736,7
2024-01-29 18:30:00+00:00,2024-01-31 08:00:00+00:00,14330,12836,37.5,1494,1494,11.639139918977873,8
2024-01-29 18:30:00+00:00,2024-01-31 09:00:00+00:00,14640,13747,38.5,893,893,6.495962755510293,9
2024-01-29 18:30:00+00:00,2024-01-31 10:00:00+00:00,15347,14183,39.5,1164,1164,8.207008390326447,10
2024-01-29 18:30:00+00:00,2024-01-31 11:00:00+00:00,15921,14352,40.5,1569,1569,10.93227424749164,11
2024-01-29 18:30:00+00:00,2024-01-31 12:00:00+00:00,16159,15177,41.5,982,982,6.470316926928906,12
2024-01-29 18:30:00+00:00,2024-01-31 13:00:00+00:00,17017,15997,42.5,1020,1020,6.376195536663125,13
2024-01-29 18:30:00+00:00,2024-01-31 14:00:00+00:00,17411,15818,43.5,1593,1593,10.070805411556455,14
2024-01-29 18:30:00+00:00,2024-01-31 15:00:00+00:00,18023,15911,44.5,2112,2112,13.273835711143233,15
2024-01-29 18:30:00+00:00,2024-01-31 16:00:00+00:00,18145,15762,45.5,2383,2383,15.118639766527089,16
2024-01-29 18:30:00+00:00,2024-01-31 17:00:00+00:00,17931,15683,46.5,2248,2248,14.333992220876107,17
2024-01-29 18:30:00+00:00,2024-01-31 18:00:00+00:00,17842,15411,47.5,2431,2431,15.774446823697359,18
2024-01-29 15:30:00+00:00,2024-01-29 21:00:00+00:00,8604,9077,5.5,-473,473,5.210972788366201,21
2024-01-29 15:30:00+00:00,2024-01-29 22:00:00+00:00,8782,8875,6.5,-93,93,1.047887323943662,22
2024-01-29 15:30:00+00:00,2024-01-29 23:00:00+00:00,8921,8699,7.5,222,222,2.55201747327279,23
2024-01-29 15:30:00+00:00,2024-01-30 00:00:00+00:00,9040,9135,8.5,-95,95,1.0399562123700055,0
2024-01-29 15:30:00+00:00,2024-01-30 01:00:00+00:00,9116,9883,9.5,-767,767,7.760801376100375,1
2024-01-29 15:30:00+00:00,2024-01-30 02:00:00+00:00,9243,10237,10.5,-994,994,9.709875940216861,2
2024-01-29 15:30:00+00:00,2024-01-30 03:00:00+00:00,9402,10370,11.5,-968,968,9.334619093539056,3
2024-01-29 15:30:00+00:00,2024-01-30 04:00:00+00:00,9483,10203,12.5,-720,720,7.056748015289621,4
2024-01-29 15:30:00+00:00,2024-01-30 05:00:00+00:00,9567,10076,13.5,-509,509,5.051607780865423,5
2024-01-29 15:30:00+00:00,2024-01-30 06:00:00+00:00,9457,10215,14.5,-758,758,7.420460107684777,6
2024-01-29 15:30:00+00:00,2024-01-30 07:00:00+00:00,9278,10107,15.5,-829,829,8.202236074008114,7
2024-01-29 15:30:00+00:00,2024-01-30 08:00:00+00:00,8879,9672,16.5,-793,793,8.198924731182796,8
2024-01-29 15:30:00+00:00,2024-01-30 09:00:00+00:00,8793,9195,17.5,-402,402,4.371941272430669,9
2024-01-29 15:30:00+00:00,2024-01-30 10:00:00+00:00,8673,9066,18.5,-393,393,4.334877564526804,10
2024-01-29 15:30:00+00:00,2024-01-30 11:00:00+00:00,8439,9565,19.5,-1126,1126,11.772085729221118,11
2024-01-29 15:30:00+00:00,2024-01-30 12:00:00+00:00,8256,8628,20.5,-372,372,4.3115438108484,12
2024-01-29 15:30:00+00:00,2024-01-30 13:00:00+00:00,7987,8442,21.5,-455,455,5.389718076285241,13
2024-01-29 15:30:00+00:00,2024-01-30 14:00:00+00:00,7566,8626,22.5,-1060,1060,12.288430326918618,14
2024-01-29 15:30:00+00:00,2024-01-30 15:00:00+00:00,7300,7823,23.5,-523,523,6.6854148025054325,15
2024-01-29 15:30:00+00:00,2024-01-30 16:00:00+00:00,7049,7604,24.5,-555,555,7.2987901104681745,16
2024-01-29 15:30:00+00:00,2024-01-30 17:00:00+00:00,6728,7193,25.5,-465,465,6.464618378979564,17
2024-01-29 15:30:00+00:00,2024-01-30 18:00:00+00:00,6728,6626,26.5,102,102,1.5393902807123452,18
2024-01-29 15:30:00+00:00,2024-01-30 19:00:00+00:00,6866,6415,27.5,451,451,7.0303975058456745,19
2024-01-29 15:30:00+00:00,2024-01-30 20:00:00+00:00,7092,6622,28.5,470,470,7.0975536091815155,20
2024-01-29 15:30:00+00:00,2024-01-30 21:00:00+00:00,7430,7217,29.5,213,213,2.951364833033116,21
2024-01-29 15:30:00+00:00,2024-01-30 22:00:00+00:00,8072,7214,30.5,858,858,11.893540338231217,22
2024-01-29 15:30:00+00:00,2024-01-30 23:00:00+00:00,8657,7592,31.5,1065,1065,14.027924130663857,23
2024-01-29 15:30:00+00:00,2024-01-31 00:00:00+00:00,9336,7009,32.5,2327,2327,33.200171208446285,0
2024-01-29 15:30:00+00:00,2024-01-31 01:00:00+00:00,9982,7248,33.5,2734,2734,37.72075055187638,1
2024-01-29 15:30:00+00:00,2024-01-31 02:00:00+00:00,10629,7463,34.5,3166,3166,42.4226182500335,2
2024-01-29 15:30:00+00:00,2024-01-31 03:00:00+00:00,11268,8175,35.5,3093,3093,37.8348623853211,3
2024-01-29 15:30:00+00:00,2024-01-31 04:00:00+00:00,12348,8687,36.5,3661,3661,42.143432715551974,4
2024-01-29 15:30:00+00:00,2024-01-31 05:00:00+00:00,13175,9519,37.5,3656,3656,38.4073957348461,5
2024-01-29 15:30:00+00:00,2024-01-31 06:00:00+00:00,13726,10509,38.5,3217,3217,30.611856503949,6
2024-01-29 15:30:00+00:00,2024-01-31 07:00:00+00:00,14599,11728,39.5,2871,2871,24.479877216916783,7
2024-01-29 15:30:00+00:00,2024-01-31 08:00:00+00:00,14761,12836,40.5,1925,1925,14.996883764412589,8
2024-01-29 15:30:00+00:00,2024-01-31 09:00:00+00:00,15188,13747,41.5,1441,1441,10.48228704444606,9
2024-01-29 15:30:00+00:00,2024-01-31 10:00:00+00:00,15875,14183,42.5,1692,1692,11.92977508284566,10
2024-01-29 15:30:00+00:00,2024-01-31 11:00:00+00:00,16581,14352,43.5,2229,2229,15.530936454849497,11
2024-01-29 15:30:00+00:00,2024-01-31 12:00:00+00:00,17015,15177,44.5,1838,1838,12.110430256308888,12
2024-01-29 15:30:00+00:00,2024-01-31 13:00:00+00:00,17542,15997,45.5,1545,1545,9.658060886416203,13
2024-01-29 15:30:00+00:00,2024-01-31 14:00:00+00:00,18122,15818,46.5,2304,2304,14.565684663042102,14
2024-01-29 15:30:00+00:00,2024-01-31 15:00:00+00:00,18683,15911,47.5,2772,2772,17.421909370875497,15
2024-01-29 11:30:00+00:00,2024-01-29 21:00:00+00:00,8119,9077,9.5,-958,958,10.554147846204694,21
2024-01-29 11:30:00+00:00,2024-01-29 22:00:00+00:00,8361,8875,10.5,-514,514,5.791549295774648,22
2024-01-29 11:30:00+00:00,2024-01-29 23:00:00+00:00,8534,8699,11.5,-165,165,1.8967697436486952,23
2024-01-29 11:30:00+00:00,2024-01-30 00:00:00+00:00,8722,9135,12.5,-413,413,4.521072796934866,0
2024-01-29 11:30:00+00:00,2024-01-30 01:00:00+00:00,8927,9883,13.5,-956,956,9.673176161084692,1
2024-01-29 11:30:00+00:00,2024-01-30 02:00:00+00:00,9137,10237,14.5,-1100,1100,10.74533554752369,2
2024-01-29 11:30:00+00:00,2024-01-30 03:00:00+00:00,9376,10370,15.5,-994,994,9.585342333654772,3
2024-01-29 11:30:00+00:00,2024-01-30 04:00:00+00:00,9535,10203,16.5,-668,668,6.547093991963148,4
2024-01-29 11:30:00+00:00,2024-01-30 05:00:00+00:00,9623,10076,17.5,-453,453,4.495831679237792,5
2024-01-29 11:30:00+00:00,2024-01-30 06:00:00+00:00,9710,10215,18.5,-505,505,4.943710230053842,6
2024-01-29 11:30:00+00:00,2024-01-30 07:00:00+00:00,9662,10107,19.5,-445,445,4.402889086771545,7
2024-01-29 11:30:00+00:00,2024-01-30 08:00:00+00:00,9315,9672,20.5,-357,357,3.6910669975186106,8
2024-01-29 11:30:00+00:00,2024-01-30 09:00:00+00:00,9111,9195,21.5,-84,84,0.9135399673735726,9
2024-01-29 11:30:00+00:00,2024-01-30 10:00:00+00:00,8973,9066,22.5,-93,93,1.0258107213765717,10
2024-01-29 11:30:00+00:00,2024-01-30 11:00:00+00:00,8743,9565,23.5,-822,822,8.593831677992682,11
2024-01-29 11:30:00+00:00,2024-01-30 12:00:00+00:00,8493,8628,24.5,-135,135,1.564673157162726,12
2024-01-29 11:30:00+00:00,2024-01-30 13:00:00+00:00,8228,8442,25.5,-214,214,2.5349443259891022,13
2024-01-29 11:30:00+00:00,2024-01-30 14:00:00+00:00,7907,8626,26.5,-719,719,8.335265476466496,14
2024-01-29 11:30:00+00:00,2024-01-30 15:00:00+00:00,7603,7823,27.5,-220,220,2.812220375814905,15
2024-01-29 11:30:00+00:00,2024-01-30 16:00:00+00:00,7331,7604,28.5,-273,273,3.5902156759600214,16
2024-01-29 11:30:00+00:00,2024-01-30 17:00:00+00:00,7024,7193,29.5,-169,169,2.349506464618379,17
2024-01-29 11:30:00+00:00,2024-01-30 18:00:00+00:00,6935,6626,30.5,309,309,4.66344702686387,18
2024-01-29 11:30:00+00:00,2024-01-30 19:00:00+00:00,6969,6415,31.5,554,554,8.636009353078721,19
2024-01-29 11:30:00+00:00,2024-01-30 20:00:00+00:00,7109,6622,32.5,487,487,7.354273633343402,20
2024-01-29 11:30:00+00:00,2024-01-30 21:00:00+00:00,7485,7217,33.5,268,268,3.7134543439102123,21
2024-01-29 11:30:00+00:00,2024-01-30 22:00:00+00:00,8003,7214,34.5,789,789,10.937066814527308,22
2024-01-29 11:30:00+00:00,2024-01-30 23:00:00+00:00,8678,7592,35.5,1086,1086,14.304531085353004,23
2024-01-29 11:30:00+00:00,2024-01-31 00:00:00+00:00,9336,7009,36.5,2327,2327,33.200171208446285,0
2024-01-29 11:30:00+00:00,2024-01-31 01:00:00+00:00,10122,7248,37.5,2874,2874,39.652317880794705,1
2024-01-29 11:30:00+00:00,2024-01-31 02:00:00+00:00,10710,7463,38.5,3247,3247,43.50797266514807,2
2024-01-29 11:30:00+00:00,2024-01-31 03:00:00+00:00,11402,8175,39.5,3227,3227,39.474006116207946,3
2024-01-29 11:30:00+00:00,2024-01-31 04:00:00+00:00,12319,8687,40.5,3632,3632,41.80960055254979,4
2024-01-29 11:30:00+00:00,2024-01-31 05:00:00+00:00,13142,9519,41.5,3623,3623,38.060720663935285,5
2024-01-29 11:30:00+00:00,2024-01-31 06:00:00+00:00,13954,10509,42.5,3445,3445,32.78142544485679,6
2024-01-29 11:30:00+00:00,2024-01-31 07:00:00+00:00,14540,11728,43.5,2812,2812,23.976807639836288,7
2024-01-29 11:30:00+00:00,2024-01-31 08:00:00+00:00,14664,12836,44.5,1828,1828,14.241196634465567,8
2024-01-29 11:30:00+00:00,2024-01-31 09:00:00+00:00,15245,13747,45.5,1498,1498,10.896922965010548,9
2024-01-29 11:30:00+00:00,2024-01-31 10:00:00+00:00,15915,14183,46.5,1732,1732,12.211802862581965,10
2024-01-29 11:30:00+00:00,2024-01-31 11:00:00+00:00,16521,14352,47.5,2169,2169,15.112876254180602,11
2024-01-29 09:30:00+00:00,2024-01-29 21:00:00+00:00,8111,9077,11.5,-966,966,10.642282692519554,21
2024-01-29 09:30:00+00:00,2024-01-29 22:00:00+00:00,8358,8875,12.5,-517,517,5.825352112676057,22
2024-01-29 09:30:00+00:00,2024-01-29 23:00:00+00:00,8535,8699,13.5,-164,164,1.8852741694447637,23
2024-01-29 09:30:00+00:00,2024-01-30 00:00:00+00:00,8725,9135,14.5,-410,410,4.488232074438971,0
2024-01-29 09:30:00+00:00,2024-01-30 01:00:00+00:00,8931,9883,15.5,-952,952,9.632702620661743,1
2024-01-29 09:30:00+00:00,2024-01-30 02:00:00+00:00,9153,10237,16.5,-1084,1084,10.589039757741524,2
2024-01-29 09:30:00+00:00,2024-01-30 03:00:00+00:00,9391,10370,17.5,-979,979,9.44069431051109,3
2024-01-29 09:30:00+00:00,2024-01-30 04:00:00+00:00,9551,10203,18.5,-652,652,6.390277369401157,4
2024-01-29 09:30:00+00:00,2024-01-30 05:00:00+00:00,9655,10076,19.5,-421,421,4.178245335450575,5
2024-01-29 09:30:00+00:00,2024-01-30 06:00:00+00:00,9754,10215,20.5,-461,461,4.5129711209006365,6
2024-01-29 09:30:00+00:00,2024-01-30 07:00:00+00:00,9697,10107,21.5,-410,410,4.0565944394973785,7
2024-01-29 09:30:00+00:00,2024-01-30 08:00:00+00:00,9362,9672,22.5,-310,310,3.205128205128205,8
2024-01-29 09:30:00+00:00,2024-01-30 09:00:00+00:00,9157,9195,23.5,-38,38,0.4132680804785209,9
2024-01-29 09:30:00+00:00,2024-01-30 10:00:00+00:00,9009,9066,24.5,-57,57,0.628722700198544,10
2024-01-29 09:30:00+00:00,2024-01-30 11:00:00+00:00,8781,9565,25.5,-784,784,8.196549921589128,11
2024-01-29 09:30:00+00:00,2024-01-30 12:00:00+00:00,8533,8628,26.5,-95,95,1.1010662957811774,12
2024-01-29 09:30:00+00:00,2024-01-30 13:00:00+00:00,8262,8442,27.5,-180,180,2.1321961620469083,13
2024-01-29 09:30:00+00:00,2024-01-30 14:00:00+00:00,7951,8626,28.5,-675,675,7.825179689311384,14
2024-01-29 09:30:00+00:00,2024-01-30 15:00:00+00:00,7626,7823,29.5,-197,197,2.5182155183433466,15
2024-01-29 09:30:00+00:00,2024-01-30 16:00:00+00:00,7340,7604,30.5,-264,264,3.4718569174118885,16
2024-01-29 09:30:00+00:00,2024-01-30 17:00:00+00:00,7029,7193,31.5,-164,164,2.279994439037954,17
2024-01-29 09:30:00+00:00,2024-01-30 18:00:00+00:00,6941,6626,32.5,315,315,4.753999396317536,18
2024-01-29 09:30:00+00:00,2024-01-30 19:00:00+00:00,6970,6415,33.5,555,555,8.651597817614965,19
2024-01-29 09:30:00+00:00,2024-01-30 20:00:00+00:00,7111,6622,34.5,489,489,7.384475989127153,20
2024-01-29 09:30:00+00:00,2024-01-30 21:00:00+00:00,7490,7217,35.5,273,273,3.7827352085354025,21
2024-01-29 09:30:00+00:00,2024-01-30 22:00:00+00:00,8016,7214,36.5,802,802,11.117271971167176,22
2024-01-29 09:30:00+00:00,2024-01-30 23:00:00+00:00,8696,7592,37.5,1104,1104,14.541622760800843,23
2024-01-29 09:30:00+00:00,2024-01-31 00:00:00+00:00,9352,7009,38.5,2343,2343,33.428449136824085,0
2024-01-29 09:30:00+00:00,2024-01-31 01:00:00+00:00,10143,7248,39.5,2895,2895,39.94205298013245,1
2024-01-29 09:30:00+00:00,2024-01-31 02:00:00+00:00,10729,7463,40.5,3266,3266,43.76256197239716,2
2024-01-29 09:30:00+00:00,2024-01-31 03:00:00+00:00,11415,8175,41.5,3240,3240,39.633027522935784,3
2024-01-29 09:30:00+00:00,2024-01-31 04:00:00+00:00,12329,8687,42.5,3642,3642,41.924715091516056,4
2024-01-29 09:30:00+00:00,2024-01-31 05:00:00+00:00,13148,9519,43.5,3629,3629,38.12375249500998,5
2024-01-29 09:30:00+00:00,2024-01-31 06:00:00+00:00,13956,10509,44.5,3447,3447,32.80045675135598,6
2024-01-29 09:30:00+00:00,2024-01-31 07:00:00+00:00,14545,11728,45.5,2817,2817,24.01944065484311,7
2024-01-29 09:30:00+00:00,2024-01-31 08:00:00+00:00,14673,12836,46.5,1837,1837,14.3113119351823,8
2024-01-29 09:30:00+00:00,2024-01-31 09:00:00+00:00,15259,13747,47.5,1512,1512,10.998763366552703,9
2024-01-29 07:30:00+00:00,2024-01-29 21:00:00+00:00,8111,9077,13.5,-966,966,10.642282692519554,21
2024-01-29 07:30:00+00:00,2024-01-29 22:00:00+00:00,8353,8875,14.5,-522,522,5.881690140845071,22
2024-01-29 07:30:00+00:00,2024-01-29 23:00:00+00:00,8529,8699,15.5,-170,170,1.9542476146683525,23
2024-01-29 07:30:00+00:00,2024-01-30 00:00:00+00:00,8720,9135,16.5,-415,415,4.542966611932129,0
2024-01-29 07:30:00+00:00,2024-01-30 01:00:00+00:00,8928,9883,17.5,-955,955,9.663057775978952,1
2024-01-29 07:30:00+00:00,2024-01-30 02:00:00+00:00,9152,10237,18.5,-1085,1085,10.598808244602912,2
2024-01-29 07:30:00+00:00,2024-01-30 03:00:00+00:00,9391,10370,19.5,-979,979,9.44069431051109,3
2024-01-29 07:30:00+00:00,2024-01-30 04:00:00+00:00,9551,10203,20.5,-652,652,6.390277369401157,4
2024-01-29 07:30:00+00:00,2024-01-30 05:00:00+00:00,9655,10076,21.5,-421,421,4.178245335450575,5
2024-01-29 07:30:00+00:00,2024-01-30 06:00:00+00:00,9754,10215,22.5,-461,461,4.5129711209006365,6
2024-01-29 07:30:00+00:00,2024-01-30 07:00:00+00:00,9698,10107,23.5,-409,409,4.046700306718116,7
2024-01-29 07:30:00+00:00,2024-01-30 08:00:00+00:00,9365,9672,24.5,-307,307,3.1741108354011582,8
2024-01-29 07:30:00+00:00,2024-01-30 09:00:00+00:00,9162,9195,25.5,-33,33,0.35889070146818924,9
2024-01-29 07:30:00+00:00,2024-01-30 10:00:00+00:00,9012,9066,26.5,-54,54,0.5956320317670417,10
2024-01-29 07:30:00+00:00,2024-01-30 11:00:00+00:00,8783,9565,27.5,-782,782,8.175640355462624,11
2024-01-29 07:30:00+00:00,2024-01-30 12:00:00+00:00,8533,8628,28.5,-95,95,1.1010662957811774,12
2024-01-29 07:30:00+00:00,2024-01-30 13:00:00+00:00,8262,8442,29.5,-180,180,2.1321961620469083,13
2024-01-29 07:30:00+00:00,2024-01-30 14:00:00+00:00,7951,8626,30.5,-675,675,7.825179689311384,14
2024-01-29 07:30:00+00:00,2024-01-30 15:00:00+00:00,7625,7823,31.5,-198,198,2.530998338233414,15
2024-01-29 07:30:00+00:00,2024-01-30 16:00:00+00:00,7338,7604,32.5,-266,266,3.498158863755918,16
2024-01-29 07:30:00+00:00,2024-01-30 17:00:00+00:00,7027,7193,33.5,-166,166,2.307799249270124,17
2024-01-29 07:30:00+00:00,2024-01-30 18:00:00+00:00,6940,6626,34.5,314,314,4.738907334741926,18
2024-01-29 07:30:00+00:00,2024-01-30 19:00:00+00:00,6969,6415,35.5,554,554,8.636009353078721,19
2024-01-29 07:30:00+00:00,2024-01-30 20:00:00+00:00,7110,6622,36.5,488,488,7.369374811235277,20
2024-01-29 07:30:00+00:00,2024-01-30 21:00:00+00:00,7490,7217,37.5,273,273,3.7827352085354025,21
2024-01-29 07:30:00+00:00,2024-01-30 22:00:00+00:00,8017,7214,38.5,803,803,11.131133906293318,22
2024-01-29 07:30:00+00:00,2024-01-30 23:00:00+00:00,8697,7592,39.5,1105,1105,14.554794520547945,23
2024-01-29 07:30:00+00:00,2024-01-31 00:00:00+00:00,9354,7009,40.5,2345,2345,33.45698387787131,0
2024-01-29 07:30:00+00:00,2024-01-31 01:00:00+00:00,10145,7248,41.5,2897,2897,39.969646799117,1
2024-01-29 07:30:00+00:00,2024-01-31 02:00:00+00:00,10731,7463,42.5,3268,3268,43.78936084684443,2
2024-01-29 07:30:00+00:00,2024-01-31 03:00:00+00:00,11417,8175,43.5,3242,3242,39.65749235474006,3
2024-01-29 07:30:00+00:00,2024-01-31 04:00:00+00:00,12331,8687,44.5,3644,3644,41.94773799930932,4
2024-01-29 07:30:00+00:00,2024-01-31 05:00:00+00:00,13151,9519,45.5,3632,3632,38.15526841054733,5
2024-01-29 07:30:00+00:00,2024-01-31 06:00:00+00:00,13959,10509,46.5,3450,3450,32.82900371110477,6
2024-01-29 07:30:00+00:00,2024-01-31 07:00:00+00:00,14548,11728,47.5,2820,2820,24.0450204638472,7
2024-01-29 04:30:00+00:00,2024-01-29 21:00:00+00:00,7426,9077,16.5,-1651,1651,18.18882890822959,21
2024-01-29 04:30:00+00:00,2024-01-29 22:00:00+00:00,7834,8875,17.5,-1041,1041,11.729577464788733,22
2024-01-29 04:30:00+00:00,2024-01-29 23:00:00+00:00,8129,8699,18.5,-570,570,6.552477296240947,23
2024-01-29 04:30:00+00:00,2024-01-30 00:00:00+00:00,8276,9135,19.5,-859,859,9.403393541324576,0
2024-01-29 04:30:00+00:00,2024-01-30 01:00:00+00:00,8510,9883,20.5,-1373,1373,13.892542750177073,1
2024-01-29 04:30:00+00:00,2024-01-30 02:00:00+00:00,8690,10237,21.5,-1547,1547,15.111849174562861,2
2024-01-29 04:30:00+00:00,2024-01-30 03:00:00+00:00,8891,10370,22.5,-1479,1479,14.262295081967213,3
2024-01-29 04:30:00+00:00,2024-01-30 04:00:00+00:00,8932,10203,23.5,-1271,1271,12.457120454768205,4
2024-01-29 04:30:00+00:00,2024-01-30 05:00:00+00:00,8974,10076,24.5,-1102,1102,10.93687971417229,5
2024-01-29 04:30:00+00:00,2024-01-30 06:00:00+00:00,9185,10215,25.5,-1030,1030,10.083210964268233,6
2024-01-29 04:30:00+00:00,2024-01-30 07:00:00+00:00,9237,10107,26.5,-870,870,8.60789551795785,7
2024-01-29 04:30:00+00:00,2024-01-30 08:00:00+00:00,9166,9672,27.5,-506,506,5.231596360628619,8
2024-01-29 04:30:00+00:00,2024-01-30 09:00:00+00:00,9082,9195,28.5,-113,113,1.2289287656334964,9
2024-01-29 04:30:00+00:00,2024-01-30 10:00:00+00:00,8846,9066,29.5,-220,220,2.4266490183101697,10
2024-01-29 04:30:00+00:00,2024-01-30 11:00:00+00:00,8737,9565,30.5,-828,828,8.65656037637219,11
2024-01-29 04:30:00+00:00,2024-01-30 12:00:00+00:00,8506,8628,31.5,-122,122,1.4140009272137228,12
2024-01-29 04:30:00+00:00,2024-01-30 13:00:00+00:00,8200,8442,32.5,-242,242,2.8666192845297322,13
2024-01-29 04:30:00+00:00,2024-01-30 14:00:00+00:00,7970,8626,33.5,-656,656,7.604915372130767,14
2024-01-29 04:30:00+00:00,2024-01-30 15:00:00+00:00,7628,7823,34.5,-195,195,2.492649878563211,15
2024-01-29 04:30:00+00:00,2024-01-30 16:00:00+00:00,7258,7604,35.5,-346,346,4.550236717517096,16
2024-01-29 04:30:00+00:00,2024-01-30 17:00:00+00:00,7066,7193,36.5,-127,127,1.7656054497428055,17
2024-01-29 04:30:00+00:00,2024-01-30 18:00:00+00:00,6927,6626,37.5,301,301,4.54271053425898,18
2024-01-29 04:30:00+00:00,2024-01-30 19:00:00+00:00,7195,6415,38.5,780,780,12.159002338269682,19
2024-01-29 04:30:00+00:00,2024-01-30 20:00:00+00:00,7459,6622,39.5,837,837,12.63968589549985,20
2024-01-29 04:30:00+00:00,2024-01-30 21:00:00+00:00,7772,7217,40.5,555,555,7.690175973396148,21
2024-01-29 04:30:00+00:00,2024-01-30 22:00:00+00:00,8512,7214,41.5,1298,1298,17.992791793734405,22
2024-01-29 04:30:00+00:00,2024-01-30 23:00:00+00:00,9229,7592,42.5,1637,1637,21.562170706006324,23
2024-01-29 04:30:00+00:00,2024-01-31 00:00:00+00:00,9906,7009,43.5,2897,2897,41.332572406905406,0
2024-01-29 04:30:00+00:00,2024-01-31 01:00:00+00:00,10743,7248,44.5,3495,3495,48.22019867549669,1
2024-01-29 04:30:00+00:00,2024-01-31 02:00:00+00:00,11371,7463,45.5,3908,3908,52.36500066997186,2
2024-01-29 04:30:00+00:00,2024-01-31 03:00:00+00:00,12099,8175,46.5,3924,3924,48.0,3
2024-01-29 04:30:00+00:00,2024-01-31 04:00:00+00:00,12956,8687,47.5,4269,4269,49.142396684701275,4
2024-01-29 02:30:00+00:00,2024-01-29 21:00:00+00:00,7439,9077,18.5,-1638,1638,18.045609782967944,21
2024-01-29 02:30:00+00:00,2024-01-29 22:00:00+00:00,7842,8875,19.5,-1033,1033,11.63943661971831,22
2024-01-29 02:30:00+00:00,2024-01-29 23:00:00+00:00,8132,8699,20.5,-567,567,6.517990573629152,23
2024-01-29 02:30:00+00:00,2024-01-30 00:00:00+00:00,8278,9135,21.5,-857,857,9.381499726327313,0
2024-01-29 02:30:00+00:00,2024-01-30 01:00:00+00:00,8511,9883,22.5,-1372,1372,13.882424365071335,1
2024-01-29 02:30:00+00:00,2024-01-30 02:00:00+00:00,8690,10237,23.5,-1547,1547,15.111849174562861,2
2024-01-29 02:30:00+00:00,2024-01-30 03:00:00+00:00,8893,10370,24.5,-1477,1477,14.243008678881388,3
2024-01-29 02:30:00+00:00,2024-01-30 04:00:00+00:00,8934,10203,25.5,-1269,1269,12.437518376947956,4
2024-01-29 02:30:00+00:00,2024-01-30 05:00:00+00:00,8977,10076,26.5,-1099,1099,10.907105994442238,5
2024-01-29 02:30:00+00:00,2024-01-30 06:00:00+00:00,9197,10215,27.5,-1018,1018,9.965736661771905,6
2024-01-29 02:30:00+00:00,2024-01-30 07:00:00+00:00,9240,10107,28.5,-867,867,8.578213119620065,7
2024-01-29 02:30:00+00:00,2024-01-30 08:00:00+00:00,9172,9672,29.5,-500,500,5.169561621174525,8
2024-01-29 02:30:00+00:00,2024-01-30 09:00:00+00:00,9097,9195,30.5,-98,98,1.0657966286025014,9
2024-01-29 02:30:00+00:00,2024-01-30 10:00:00+00:00,8851,9066,31.5,-215,215,2.3714979042576663,10
2024-01-29 02:30:00+00:00,2024-01-30 11:00:00+00:00,8743,9565,32.5,-822,822,8.593831677992682,11
2024-01-29 02:30:00+00:00,2024-01-30 12:00:00+00:00,8519,8628,33.5,-109,109,1.2633286972647195,12
2024-01-29 02:30:00+00:00,2024-01-30 13:00:00+00:00,8205,8442,34.5,-237,237,2.8073916133617627,13
2024-01-29 02:30:00+00:00,2024-01-30 14:00:00+00:00,7977,8626,35.5,-649,649,7.523765360537908,14
2024-01-29 02:30:00+00:00,2024-01-30 15:00:00+00:00,7633,7823,36.5,-190,190,2.4287357791128725,15
2024-01-29 02:30:00+00:00,2024-01-30 16:00:00+00:00,7268,7604,37.5,-336,336,4.4187269857969484,16
2024-01-29 02:30:00+00:00,2024-01-30 17:00:00+00:00,7077,7193,38.5,-116,116,1.6126789934658696,17
2024-01-29 02:30:00+00:00,2024-01-30 18:00:00+00:00,6937,6626,39.5,311,311,4.693631150015092,18
2024-01-29 02:30:00+00:00,2024-01-30 19:00:00+00:00,7203,6415,40.5,788,788,12.283710054559625,19
2024-01-29 02:30:00+00:00,2024-01-30 20:00:00+00:00,7466,6622,41.5,844,844,12.745394140742977,20
2024-01-29 02:30:00+00:00,2024-01-30 21:00:00+00:00,7777,7217,42.5,560,560,7.75945683802134,21
2024-01-29 02:30:00+00:00,2024-01-30 22:00:00+00:00,8518,7214,43.5,1304,1304,18.075963404491265,22
2024-01-29 02:30:00+00:00,2024-01-30 23:00:00+00:00,9237,7592,44.5,1645,1645,21.66754478398314,23
2024-01-29 02:30:00+00:00,2024-01-31 00:00:00+00:00,9915,7009,45.5,2906,2906,41.46097874161792,0
2024-01-29 02:30:00+00:00,2024-01-31 01:00:00+00:00,10752,7248,46.5,3504,3504,48.34437086092716,1
2024-01-29 02:30:00+00:00,2024-01-31 02:00:00+00:00,11381,7463,47.5,3918,3918,52.49899504220823,2
2024-01-28 22:30:00+00:00,2024-01-29 03:00:00+00:00,7510,5568,4.5,1942,1942,34.877873563218394,3
2024-01-28 22:30:00+00:00,2024-01-29 04:00:00+00:00,6403,4336,5.5,2067,2067,47.670664206642066,4
2024-01-28 22:30:00+00:00,2024-01-29 05:00:00+00:00,5382,3962,6.5,1420,1420,35.84048460373549,5
2024-01-28 22:30:00+00:00,2024-01-29 06:00:00+00:00,4424,3626,7.5,798,798,22.00772200772201,6
2024-01-28 22:30:00+00:00,2024-01-29 07:00:00+00:00,3881,4031,8.5,-150,150,3.7211610022326966,7
2024-01-28 22:30:00+00:00,2024-01-29 08:00:00+00:00,3586,3909,9.5,-323,323,8.262982860066513,8
2024-01-28 22:30:00+00:00,2024-01-29 09:00:00+00:00,3328,3928,10.5,-600,600,15.274949083503056,9
2024-01-28 22:30:00+00:00,2024-01-29 10:00:00+00:00,3176,3337,11.5,-161,161,4.824692837878334,10
2024-01-28 22:30:00+00:00,2024-01-29 11:00:00+00:00,3102,3669,12.5,-567,567,15.453802125919868,11
2024-01-28 22:30:00+00:00,2024-01-29 12:00:00+00:00,3068,2918,13.5,150,150,5.140507196710075,12
2024-01-28 22:30:00+00:00,2024-01-29 13:00:00+00:00,3085,3078,14.5,7,7,0.22742040285899934,13
2024-01-28 22:30:00+00:00,2024-01-29 14:00:00+00:00,3294,3761,15.5,-467,467,12.41691039617123,14
2024-01-28 22:30:00+00:00,2024-01-29 15:00:00+00:00,3693,4342,16.5,-649,649,14.947029018885305,15
2024-01-28 22:30:00+00:00,2024-01-29 16:00:00+00:00,4314,5949,17.5,-1635,1635,27.483610690872418,16
2024-01-28 22:30:00+00:00,2024-01-29 17:00:00+00:00,5104,7372,18.5,-2268,2268,30.765056972327727,17
2024-01-28 22:30:00+00:00,2024-01-29 18:00:00+00:00,5889,8035,19.5,-2146,2146,26.70815183571873,18
2024-01-28 22:30:00+00:00,2024-01-29 19:00:00+00:00,6668,9019,20.5,-2351,2351,26.06719148464353,19
2024-01-28 22:30:00+00:00,2024-01-29 20:00:00+00:00,7337,9178,21.5,-1841,1841,20.05883634778819,20
2024-01-28 22:30:00+00:00,2024-01-29 21:00:00+00:00,8059,9077,22.5,-1018,1018,11.215159193566155,21
2024-01-28 22:30:00+00:00,2024-01-29 22:00:00+00:00,8490,8875,23.5,-385,385,4.338028169014085,22
2024-01-28 22:30:00+00:00,2024-01-29 23:00:00+00:00,8860,8699,24.5,161,161,1.8507874468329693,23
2024-01-28 22:30:00+00:00,2024-01-30 00:00:00+00:00,9036,9135,25.5,-99,99,1.083743842364532,0
2024-01-28 22:30:00+00:00,2024-01-30 01:00:00+00:00,9264,9883,26.5,-619,619,6.26328038045128,1
2024-01-28 22:30:00+00:00,2024-01-30 02:00:00+00:00,9308,10237,27.5,-929,929,9.074924294226824,2
2024-01-28 22:30:00+00:00,2024-01-30 03:00:00+00:00,9501,10370,28.5,-869,869,8.379942140790742,3
2024-01-28 22:30:00+00:00,2024-01-30 04:00:00+00:00,9486,10203,29.5,-717,717,7.027344898559247,4
2024-01-28 22:30:00+00:00,2024-01-30 05:00:00+00:00,9515,10076,30.5,-561,561,5.567685589519651,5
2024-01-28 22:30:00+00:00,2024-01-30 06:00:00+00:00,9687,10215,31.5,-528,528,5.168869309838473,6
2024-01-28 22:30:00+00:00,2024-01-30 07:00:00+00:00,9647,10107,32.5,-460,460,4.551301078460472,7
2024-01-28 22:30:00+00:00,2024-01-30 08:00:00+00:00,9604,9672,33.5,-68,68,0.7030603804797354,8
2024-01-28 22:30:00+00:00,2024-01-30 09:00:00+00:00,9593,9195,34.5,398,398,4.328439369222403,9
2024-01-28 22:30:00+00:00,2024-01-30 10:00:00+00:00,8922,9066,35.5,-144,144,1.588352084712111,10
2024-01-28 22:30:00+00:00,2024-01-30 11:00:00+00:00,8741,9565,36.5,-824,824,8.614741244119184,11
2024-01-28 22:30:00+00:00,2024-01-30 12:00:00+00:00,8597,8628,37.5,-31,31,0.35929531757070005,12
2024-01-28 22:30:00+00:00,2024-01-30 13:00:00+00:00,8319,8442,38.5,-123,123,1.4570007107320542,13
2024-01-28 22:30:00+00:00,2024-01-30 14:00:00+00:00,8032,8626,39.5,-594,594,6.886158126594018,14
2024-01-28 22:30:00+00:00,2024-01-30 15:00:00+00:00,7751,7823,40.5,-72,72,0.9203630320848779,15
2024-01-28 22:30:00+00:00,2024-01-30 16:00:00+00:00,7610,7604,41.5,6,6,0.07890583903208837,16
2024-01-28 22:30:00+00:00,2024-01-30 17:00:00+00:00,7464,7193,42.5,271,271,3.767551786459057,17
2024-01-28 22:30:00+00:00,2024-01-30 18:00:00+00:00,7328,6626,43.5,702,702,10.594627226079083,18
2024-01-28 22:30:00+00:00,2024-01-30 19:00:00+00:00,7718,6415,44.5,1303,1303,20.31176929072486,19
2024-01-28 22:30:00+00:00,2024-01-30 20:00:00+00:00,8081,6622,45.5,1459,1459,22.032618544246453,20
2024-01-28 22:30:00+00:00,2024-01-30 21:00:00+00:00,8456,7217,46.5,1239,1239,17.16779825412221,21
2024-01-28 18:30:00+00:00,2024-01-28 23:00:00+00:00,12891,10198,4.5,2693,2693,26.407138654638164,23
2024-01-28 18:30:00+00:00,2024-01-29 00:00:00+00:00,11747,9682,5.5,2065,2065,21.328237967362114,0
2024-01-28 18:30:00+00:00,2024-01-29 01:00:00+00:00,10270,7980,6.5,2290,2290,28.696741854636592,1
2024-01-28 18:30:00+00:00,2024-01-29 02:00:00+00:00,8814,6149,7.5,2665,2665,43.34038054968288,2
2024-01-28 18:30:00+00:00,2024-01-29 03:00:00+00:00,7516,5568,8.5,1948,1948,34.985632183908045,3
2024-01-28 18:30:00+00:00,2024-01-29 04:00:00+00:00,6405,4336,9.5,2069,2069,47.716789667896684,4
2024-01-28 18:30:00+00:00,2024-01-29 05:00:00+00:00,5384,3962,10.5,1422,1422,35.8909641595154,5
2024-01-28 18:30:00+00:00,2024-01-29 06:00:00+00:00,4425,3626,11.5,799,799,22.035300606729177,6
2024-01-28 18:30:00+00:00,2024-01-29 07:00:00+00:00,3881,4031,12.5,-150,150,3.7211610022326966,7
2024-01-28 18:30:00+00:00,2024-01-29 08:00:00+00:00,3581,3909,13.5,-328,328,8.390892811460732,8
2024-01-28 18:30:00+00:00,2024-01-29 09:00:00+00:00,3324,3928,14.5,-604,604,15.376782077393075,9
2024-01-28 18:30:00+00:00,2024-01-29 10:00:00+00:00,3173,3337,15.5,-164,164,4.914593946658676,10
2024-01-28 18:30:00+00:00,2024-01-29 11:00:00+00:00,3098,3669,16.5,-571,571,15.56282365767239,11
2024-01-28 18:30:00+00:00,2024-01-29 12:00:00+00:00,3071,2918,17.5,153,153,5.243317340644277,12
2024-01-28 18:30:00+00:00,2024-01-29 13:00:00+00:00,3088,3078,18.5,10,10,0.3248862897985705,13
2024-01-28 18:30:00+00:00,2024-01-29 14:00:00+00:00,3297,3761,19.5,-464,464,12.337144376495612,14
2024-01-28 18:30:00+00:00,2024-01-29 15:00:00+00:00,3696,4342,20.5,-646,646,14.877936434822661,15
2024-01-28 18:30:00+00:00,2024-01-29 16:00:00+00:00,4316,5949,21.5,-1633,1633,27.449991595226088,16
2024-01-28 18:30:00+00:00,2024-01-29 17:00:00+00:00,5103,7372,22.5,-2269,2269,30.778621812262614,17
2024-01-28 18:30:00+00:00,2024-01-29 18:00:00+00:00,5885,8035,23.5,-2150,2150,26.757934038581205,18
2024-01-28 18:30:00+00:00,2024-01-29 19:00:00+00:00,6661,9019,24.5,-2358,2358,26.14480541079942,19
2024-01-28 18:30:00+00:00,2024-01-29 20:00:00+00:00,7332,9178,25.5,-1846,1846,20.113314447592067,20
2024-01-28 18:30:00+00:00,2024-01-29 21:00:00+00:00,8063,9077,26.5,-1014,1014,11.171091770408726,21
2024-01-28 18:30:00+00:00,2024-01-29 22:00:00+00:00,8490,8875,27.5,-385,385,4.338028169014085,22
2024-01-28 18:30:00+00:00,2024-01-29 23:00:00+00:00,8858,8699,28.5,159,159,1.8277962984251064,23
2024-01-28 18:30:00+00:00,2024-01-30 00:00:00+00:00,9038,9135,29.5,-97,97,1.0618500273672689,0
2024-01-28 18:30:00+00:00,2024-01-30 01:00:00+00:00,9262,9883,30.5,-621,621,6.283517150662754,1
2024-01-28 18:30:00+00:00,2024-01-30 02:00:00+00:00,9309,10237,31.5,-928,928,9.06515580736544,2
2024-01-28 18:30:00+00:00,2024-01-30 03:00:00+00:00,9504,10370,32.5,-866,866,8.351012536162006,3
2024-01-28 18:30:00+00:00,2024-01-30 04:00:00+00:00,9488,10203,33.5,-715,715,7.007742820738998,4
2024-01-28 18:30:00+00:00,2024-01-30 05:00:00+00:00,9518,10076,34.5,-558,558,5.537911869789599,5
2024-01-28 18:30:00+00:00,2024-01-30 06:00:00+00:00,9694,10215,35.5,-521,521,5.10034263338228,6
2024-01-28 18:30:00+00:00,2024-01-30 07:00:00+00:00,9657,10107,36.5,-450,450,4.452359750667854,7
2024-01-28 18:30:00+00:00,2024-01-30 08:00:00+00:00,9614,9672,37.5,-58,58,0.5996691480562448,8
2024-01-28 18:30:00+00:00,2024-01-30 09:00:00+00:00,9605,9195,38.5,410,410,4.4589450788472,9
2024-01-28 18:30:00+00:00,2024-01-30 10:00:00+00:00,8935,9066,39.5,-131,131,1.4449591881756012,10
2024-01-28 18:30:00+00:00,2024-01-30 11:00:00+00:00,8755,9565,40.5,-810,810,8.468374281233665,11
2024-01-28 18:30:00+00:00,2024-01-30 12:00:00+00:00,8612,8628,41.5,-16,16,0.18544274455261936,12
2024-01-28 18:30:00+00:00,2024-01-30 13:00:00+00:00,8335,8442,42.5,-107,107,1.2674721629945511,13
2024-01-28 18:30:00+00:00,2024-01-30 14:00:00+00:00,8048,8626,43.5,-578,578,6.700672385810341,14
2024-01-28 18:30:00+00:00,2024-01-30 15:00:00+00:00,7765,7823,44.5,-58,58,0.7414035536239294,15
2024-01-28 18:30:00+00:00,2024-01-30 16:00:00+00:00,7622,7604,45.5,18,18,0.23671751709626512,16
2024-01-28 18:30:00+00:00,2024-01-30 17:00:00+00:00,7474,7193,46.5,281,281,3.9065758376199087,17
2024-01-28 18:30:00+00:00,2024-01-30 18:00:00+00:00,7335,6626,47.5,709,709,10.700271657108361,18
2024-01-28 15:30:00+00:00,2024-01-28 21:00:00+00:00,15664,12151,5.5,3513,3513,28.911200724220226,21
2024-01-28 15:30:00+00:00,2024-01-28 22:00:00+00:00,14350,11484,6.5,2866,2866,24.956461163357716,22
2024-01-28 15:30:00+00:00,2024-01-28 23:00:00+00:00,13200,10198,7.5,3002,3002,29.437144538144732,23
2024-01-28 15:30:00+00:00,2024-01-29 00:00:00+00:00,11922,9682,8.5,2240,2240,23.135715761206363,0
2024-01-28 15:30:00+00:00,2024-01-29 01:00:00+00:00,10392,7980,9.5,2412,2412,30.22556390977444,1
2024-01-28 15:30:00+00:00,2024-01-29 02:00:00+00:00,9066,6149,10.5,2917,2917,47.43860790372418,2
2024-01-28 15:30:00+00:00,2024-01-29 03:00:00+00:00,7971,5568,11.5,2403,2403,43.1573275862069,3
2024-01-28 15:30:00+00:00,2024-01-29 04:00:00+00:00,6871,4336,12.5,2535,2535,58.4640221402214,4
2024-01-28 15:30:00+00:00,2024-01-29 05:00:00+00:00,5786,3962,13.5,1824,1824,46.03735487127713,5
2024-01-28 15:30:00+00:00,2024-01-29 06:00:00+00:00,4911,3626,14.5,1285,1285,35.43849972421401,6
2024-01-28 15:30:00+00:00,2024-01-29 07:00:00+00:00,4159,4031,15.5,128,128,3.1753907219052344,7
2024-01-28 15:30:00+00:00,2024-01-29 08:00:00+00:00,3640,3909,16.5,-269,269,6.881555385008954,8
2024-01-28 15:30:00+00:00,2024-01-29 09:00:00+00:00,3255,3928,17.5,-673,673,17.133401221995925,9
2024-01-28 15:30:00+00:00,2024-01-29 10:00:00+00:00,3034,3337,18.5,-303,303,9.080011986814505,10
2024-01-28 15:30:00+00:00,2024-01-29 11:00:00+00:00,3016,3669,19.5,-653,653,17.797765058599076,11
2024-01-28 15:30:00+00:00,2024-01-29 12:00:00+00:00,2941,2918,20.5,23,23,0.7882111034955449,12
2024-01-28 15:30:00+00:00,2024-01-29 13:00:00+00:00,3114,3078,21.5,36,36,1.1695906432748537,13
2024-01-28 15:30:00+00:00,2024-01-29 14:00:00+00:00,3553,3761,22.5,-208,208,5.530444030842861,14
2024-01-28 15:30:00+00:00,2024-01-29 15:00:00+00:00,4155,4342,23.5,-187,187,4.3067710732381395,15
2024-01-28 15:30:00+00:00,2024-01-29 16:00:00+00:00,4818,5949,24.5,-1131,1131,19.011598587997984,16
2024-01-28 15:30:00+00:00,2024-01-29 17:00:00+00:00,5913,7372,25.5,-1459,1459,19.791101465002715,17
2024-01-28 15:30:00+00:00,2024-01-29 18:00:00+00:00,6777,8035,26.5,-1258,1258,15.656502800248912,18
2024-01-28 15:30:00+00:00,2024-01-29 19:00:00+00:00,7597,9019,27.5,-1422,1422,15.766714713382859,19
2024-01-28 15:30:00+00:00,2024-01-29 20:00:00+00:00,8232,9178,28.5,-946,946,10.307256482893877,20
2024-01-28 15:30:00+00:00,2024-01-29 21:00:00+00:00,8922,9077,29.5,-155,155,1.7076126473504463,21
2024-01-28 15:30:00+00:00,2024-01-29 22:00:00+00:00,9350,8875,30.5,475,475,5.352112676056338,22
2024-01-28 15:30:00+00:00,2024-01-29 23:00:00+00:00,9733,8699,31.5,1034,1034,11.886423726865157,23
2024-01-28 15:30:00+00:00,2024-01-30 00:00:00+00:00,9984,9135,32.5,849,849,9.29392446633826,0
2024-01-28 15:30:00+00:00,2024-01-30 01:00:00+00:00,10208,9883,33.5,325,325,3.2884751593645656,1
2024-01-28 15:30:00+00:00,2024-01-30 02:00:00+00:00,10189,10237,34.5,-48,48,0.4688873693464882,2
2024-01-28 15:30:00+00:00,2024-01-30 03:00:00+00:00,10370,10370,35.5,0,0,0.0,3
2024-01-28 15:30:00+00:00,2024-01-30 04:00:00+00:00,10310,10203,36.5,107,107,1.0487111633833186,4
2024-01-28 15:30:00+00:00,2024-01-30 05:00:00+00:00,10259,10076,37.5,183,183,1.816196903533148,5
2024-01-28 15:30:00+00:00,2024-01-30 06:00:00+00:00,10206,10215,38.5,-9,9,0.0881057268722467,6
2024-01-28 15:30:00+00:00,2024-01-30 07:00:00+00:00,10106,10107,39.5,-1,1,0.009894132779261898,7
2024-01-28 15:30:00+00:00,2024-01-30 08:00:00+00:00,10007,9672,40.5,335,335,3.4636062861869314,8
2024-01-28 15:30:00+00:00,2024-01-30 09:00:00+00:00,9909,9195,41.5,714,714,7.765089722675366,9
2024-01-28 15:30:00+00:00,2024-01-30 10:00:00+00:00,9693,9066,42.5,627,627,6.915949702183983,10
2024-01-28 15:30:00+00:00,2024-01-30 11:00:00+00:00,9500,9565,43.5,-65,65,0.6795608991113434,11
2024-01-28 15:30:00+00:00,2024-01-30 12:00:00+00:00,9340,8628,44.5,712,712,8.252202132591563,12
2024-01-28 15:30:00+00:00,2024-01-30 13:00:00+00:00,9102,8442,45.5,660,660,7.818052594171997,13
2024-01-28 15:30:00+00:00,2024-01-30 14:00:00+00:00,8843,8626,46.5,217,217,2.515650359378623,14
2024-01-28 15:30:00+00:00,2024-01-30 15:00:00+00:00,8569,7823,47.5,746,746,9.53598363799054,15
2024-01-28 11:30:00+00:00,2024-01-28 21:00:00+00:00,15654,12151,9.5,3503,3503,28.828902970948896,21
2024-01-28 11:30:00+00:00,2024-01-28 22:00:00+00:00,14450,11484,10.5,2966,2966,25.827237896203414,22
2024-01-28 11:30:00+00:00,2024-01-28 23:00:00+00:00,13364,10198,11.5,3166,3166,31.045303000588348,23
2024-01-28 11:30:00+00:00,2024-01-29 00:00:00+00:00,11997,9682,12.5,2315,2315,23.910349101425325,0
2024-01-28 11:30:00+00:00,2024-01-29 01:00:00+00:00,10671,7980,13.5,2691,2691,33.721804511278194,1
2024-01-28 11:30:00+00:00,2024-01-29 02:00:00+00:00,9440,6149,14.5,3291,3291,53.52089770694421,2
2024-01-28 11:30:00+00:00,2024-01-29 03:00:00+00:00,8271,5568,15.5,2703,2703,48.54525862068966,3
2024-01-28 11:30:00+00:00,2024-01-29 04:00:00+00:00,7279,4336,16.5,2943,2943,67.87361623616236,4
2024-01-28 11:30:00+00:00,2024-01-29 05:00:00+00:00,6210,3962,17.5,2248,2248,56.73902069661787,5
2024-01-28 11:30:00+00:00,2024-01-29 06:00:00+00:00,5404,3626,18.5,1778,1778,49.034749034749034,6
2024-01-28 11:30:00+00:00,2024-01-29 07:00:00+00:00,4617,4031,19.5,586,586,14.537335648722403,7
2024-01-28 11:30:00+00:00,2024-01-29 08:00:00+00:00,4085,3909,20.5,176,176,4.50243028907649,8
2024-01-28 11:30:00+00:00,2024-01-29 09:00:00+00:00,3798,3928,21.5,-130,130,3.3095723014256615,9
2024-01-28 11:30:00+00:00,2024-01-29 10:00:00+00:00,3579,3337,22.5,242,242,7.252022774947557,10
2024-01-28 11:30:00+00:00,2024-01-29 11:00:00+00:00,3612,3669,23.5,-57,57,1.553556827473426,11
2024-01-28 11:30:00+00:00,2024-01-29 12:00:00+00:00,3546,2918,24.5,628,628,21.52159013022618,12
2024-01-28 11:30:00+00:00,2024-01-29 13:00:00+00:00,3812,3078,25.5,734,734,23.846653671215073,13
2024-01-28 11:30:00+00:00,2024-01-29 14:00:00+00:00,4343,3761,26.5,582,582,15.474607817069927,14
2024-01-28 11:30:00+00:00,2024-01-29 15:00:00+00:00,5012,4342,27.5,670,670,15.430677107323815,15
2024-01-28 11:30:00+00:00,2024-01-29 16:00:00+00:00,5702,5949,28.5,-247,247,4.151958312321399,16
2024-01-28 11:30:00+00:00,2024-01-29 17:00:00+00:00,6944,7372,29.5,-428,428,5.805751492132393,17
2024-01-28 11:30:00+00:00,2024-01-29 18:00:00+00:00,7934,8035,30.5,-101,101,1.2570006222775356,18
2024-01-28 11:30:00+00:00,2024-01-29 19:00:00+00:00,8666,9019,31.5,-353,353,3.9139594190043243,19
2024-01-28 11:30:00+00:00,2024-01-29 20:00:00+00:00,9280,9178,32.5,102,102,1.1113532359991285,20
2024-01-28 11:30:00+00:00,2024-01-29 21:00:00+00:00,9942,9077,33.5,865,865,9.529580257794427,21
2024-01-28 11:30:00+00:00,2024-01-29 22:00:00+00:00,10309,8875,34.5,1434,1434,16.15774647887324,22
2024-01-28 11:30:00+00:00,2024-01-29 23:00:00+00:00,10566,8699,35.5,1867,1867,21.462237038740085,23
2024-01-28 11:30:00+00:00,2024-01-30 00:00:00+00:00,10848,9135,36.5,1713,1713,18.75205254515599,0
2024-01-28 11:30:00+00:00,2024-01-30 01:00:00+00:00,10921,9883,37.5,1038,1038,10.502883739755136,1
2024-01-28 11:30:00+00:00,2024-01-30 02:00:00+00:00,11010,10237,38.5,773,773,7.551040343850738,2
2024-01-28 11:30:00+00:00,2024-01-30 03:00:00+00:00,11083,10370,39.5,713,713,6.875602700096432,3
2024-01-28 11:30:00+00:00,2024-01-30 04:00:00+00:00,11128,10203,40.5,925,925,9.065960991865138,4
2024-01-28 11:30:00+00:00,2024-01-30 05:00:00+00:00,11165,10076,41.5,1089,1089,10.807860262008735,5
2024-01-28 11:30:00+00:00,2024-01-30 06:00:00+00:00,11194,10215,42.5,979,979,9.583945178658835,6
2024-01-28 11:30:00+00:00,2024-01-30 07:00:00+00:00,11077,10107,43.5,970,970,9.597308795884041,7
2024-01-28 11:30:00+00:00,2024-01-30 08:00:00+00:00,10956,9672,44.5,1284,1284,13.275434243176178,8
2024-01-28 11:30:00+00:00,2024-01-30 09:00:00+00:00,10831,9195,45.5,1636,1636,17.792278412180533,9
2024-01-28 11:30:00+00:00,2024-01-30 10:00:00+00:00,10656,9066,46.5,1590,1590,17.538054268696225,10
2024-01-28 11:30:00+00:00,2024-01-30 11:00:00+00:00,10496,9565,47.5,931,931,9.73340303188709,11
2024-01-28 09:30:00+00:00,2024-01-28 21:00:00+00:00,15687,12151,11.5,3536,3536,29.1004855567443,21
2024-01-28 09:30:00+00:00,2024-01-28 22:00:00+00:00,14491,11484,12.5,3007,3007,26.18425635667015,22
2024-01-28 09:30:00+00:00,2024-01-28 23:00:00+00:00,13396,10198,13.5,3198,3198,31.35909001765052,23
2024-01-28 09:30:00+00:00,2024-01-29 00:00:00+00:00,12025,9682,14.5,2343,2343,24.199545548440405,0
2024-01-28 09:30:00+00:00,2024-01-29 01:00:00+00:00,10690,7980,15.5,2710,2710,33.959899749373434,1
2024-01-28 09:30:00+00:00,2024-01-29 02:00:00+00:00,9456,6149,16.5,3307,3307,53.78110261831191,2
2024-01-28 09:30:00+00:00,2024-01-29 03:00:00+00:00,8293,5568,17.5,2725,2725,48.940373563218394,3
2024-01-28 09:30:00+00:00,2024-01-29 04:00:00+00:00,7297,4336,18.5,2961,2961,68.28874538745387,4
2024-01-28 09:30:00+00:00,2024-01-29 05:00:00+00:00,6231,3962,19.5,2269,2269,57.26905603230692,5
2024-01-28 09:30:00+00:00,2024-01-29 06:00:00+00:00,5431,3626,20.5,1805,1805,49.77937120794264,6
2024-01-28 09:30:00+00:00,2024-01-29 07:00:00+00:00,4620,4031,21.5,589,589,14.611758868767055,7
2024-01-28 09:30:00+00:00,2024-01-29 08:00:00+00:00,4084,3909,22.5,175,175,4.476848298797647,8
2024-01-28 09:30:00+00:00,2024-01-29 09:00:00+00:00,3829,3928,23.5,-99,99,2.520366598778004,9
2024-01-28 09:30:00+00:00,2024-01-29 10:00:00+00:00,3587,3337,24.5,250,250,7.49175906502847,10
2024-01-28 09:30:00+00:00,2024-01-29 11:00:00+00:00,3643,3669,25.5,-26,26,0.7086399563913873,11
2024-01-28 09:30:00+00:00,2024-01-29 12:00:00+00:00,3591,2918,26.5,673,673,23.063742289239205,12
2024-01-28 09:30:00+00:00,2024-01-29 13:00:00+00:00,3850,3078,27.5,772,772,25.081221572449643,13
2024-01-28 09:30:00+00:00,2024-01-29 14:00:00+00:00,4386,3761,28.5,625,625,16.617920765753787,14
2024-01-28 09:30:00+00:00,2024-01-29 15:00:00+00:00,5055,4342,29.5,713,713,16.42100414555504,15
2024-01-28 09:30:00+00:00,2024-01-29 16:00:00+00:00,5722,5949,30.5,-227,227,3.8157673558581275,16
2024-01-28 09:30:00+00:00,2024-01-29 17:00:00+00:00,6963,7372,31.5,-409,409,5.548019533369506,17
2024-01-28 09:30:00+00:00,2024-01-29 18:00:00+00:00,7997,8035,32.5,-38,38,0.47293092719352836,18
2024-01-28 09:30:00+00:00,2024-01-29 19:00:00+00:00,8698,9019,33.5,-321,321,3.559152899434527,19
2024-01-28 09:30:00+00:00,2024-01-29 20:00:00+00:00,9328,9178,34.5,150,150,1.6343429941163654,20
2024-01-28 09:30:00+00:00,2024-01-29 21:00:00+00:00,10001,9077,35.5,924,924,10.17957474936653,21
2024-01-28 09:30:00+00:00,2024-01-29 22:00:00+00:00,10411,8875,36.5,1536,1536,17.307042253521125,22
2024-01-28 09:30:00+00:00,2024-01-29 23:00:00+00:00,10668,8699,37.5,1969,1969,22.634785607541097,23
2024-01-28 09:30:00+00:00,2024-01-30 00:00:00+00:00,10890,9135,38.5,1755,1755,19.21182266009852,0
2024-01-28 09:30:00+00:00,2024-01-30 01:00:00+00:00,10974,9883,39.5,1091,1091,11.039158150359203,1
2024-01-28 09:30:00+00:00,2024-01-30 02:00:00+00:00,11045,10237,40.5,808,808,7.892937383999218,2
2024-01-28 09:30:00+00:00,2024-01-30 03:00:00+00:00,11106,10370,41.5,736,736,7.097396335583414,3
2024-01-28 09:30:00+00:00,2024-01-30 04:00:00+00:00,11144,10203,42.5,941,941,9.222777614427129,4
2024-01-28 09:30:00+00:00,2024-01-30 05:00:00+00:00,11174,10076,43.5,1098,1098,10.897181421198889,5
2024-01-28 09:30:00+00:00,2024-01-30 06:00:00+00:00,11197,10215,44.5,982,982,9.613313754282919,6
2024-01-28 09:30:00+00:00,2024-01-30 07:00:00+00:00,11080,10107,45.5,973,973,9.626991194221826,7
2024-01-28 09:30:00+00:00,2024-01-30 08:00:00+00:00,10960,9672,46.5,1288,1288,13.316790736145576,8
2024-01-28 09:30:00+00:00,2024-01-30 09:00:00+00:00,10836,9195,47.5,1641,1641,17.846655791190866,9
2024-01-28 07:30:00+00:00,2024-01-28 21:00:00+00:00,15686,12151,13.5,3535,3535,29.09225578141717,21
2024-01-28 07:30:00+00:00,2024-01-28 22:00:00+00:00,14491,11484,14.5,3007,3007,26.18425635667015,22
2024-01-28 07:30:00+00:00,2024-01-28 23:00:00+00:00,13394,10198,15.5,3196,3196,31.339478329084137,23
2024-01-28 07:30:00+00:00,2024-01-29 00:00:00+00:00,12023,9682,16.5,2341,2341,24.1788886593679,0
2024-01-28 07:30:00+00:00,2024-01-29 01:00:00+00:00,10688,7980,17.5,2708,2708,33.934837092731826,1
2024-01-28 07:30:00+00:00,2024-01-29 02:00:00+00:00,9454,6149,18.5,3305,3305,53.74857700439096,2
2024-01-28 07:30:00+00:00,2024-01-29 03:00:00+00:00,8292,5568,19.5,2724,2724,48.922413793103445,3
2024-01-28 07:30:00+00:00,2024-01-29 04:00:00+00:00,7295,4336,20.5,2959,2959,68.24261992619927,4
2024-01-28 07:30:00+00:00,2024-01-29 05:00:00+00:00,6228,3962,21.5,2266,2266,57.193336698637054,5
2024-01-28 07:30:00+00:00,2024-01-29 06:00:00+00:00,5429,3626,22.5,1803,1803,49.724214009928296,6
2024-01-28 07:30:00+00:00,2024-01-29 07:00:00+00:00,4616,4031,23.5,585,585,14.512527908707519,7
2024-01-28 07:30:00+00:00,2024-01-29 08:00:00+00:00,4081,3909,24.5,172,172,4.4001023279611156,8
2024-01-28 07:30:00+00:00,2024-01-29 09:00:00+00:00,3827,3928,25.5,-101,101,2.571283095723014,9
2024-01-28 07:30:00+00:00,2024-01-29 10:00:00+00:00,3585,3337,26.5,248,248,7.43182499250824,10
2024-01-28 07:30:00+00:00,2024-01-29 11:00:00+00:00,3643,3669,27.5,-26,26,0.7086399563913873,11
2024-01-28 07:30:00+00:00,2024-01-29 12:00:00+00:00,3593,2918,28.5,675,675,23.13228238519534,12
2024-01-28 07:30:00+00:00,2024-01-29 13:00:00+00:00,3852,3078,29.5,774,774,25.146198830409354,13
2024-01-28 07:30:00+00:00,2024-01-29 14:00:00+00:00,4390,3761,30.5,629,629,16.724275458654613,14
2024-01-28 07:30:00+00:00,2024-01-29 15:00:00+00:00,5060,4342,31.5,718,718,16.536158452326116,15
2024-01-28 07:30:00+00:00,2024-01-29 16:00:00+00:00,5724,5949,32.5,-225,225,3.7821482602118004,16
2024-01-28 07:30:00+00:00,2024-01-29 17:00:00+00:00,6962,7372,33.5,-410,410,5.561584373304395,17
2024-01-28 07:30:00+00:00,2024-01-29 18:00:00+00:00,7999,8035,34.5,-36,36,0.44803982576228996,18
2024-01-28 07:30:00+00:00,2024-01-29 19:00:00+00:00,8695,9019,35.5,-324,324,3.592416010644196,19
2024-01-28 07:30:00+00:00,2024-01-29 20:00:00+00:00,9326,9178,36.5,148,148,1.6125517541948138,20
2024-01-28 07:30:00+00:00,2024-01-29 21:00:00+00:00,10003,9077,37.5,926,926,10.201608460945247,21
2024-01-28 07:30:00+00:00,2024-01-29 22:00:00+00:00,10412,8875,38.5,1537,1537,17.31830985915493,22
2024-01-28 07:30:00+00:00,2024-01-29 23:00:00+00:00,10668,8699,39.5,1969,1969,22.634785607541097,23
2024-01-28 07:30:00+00:00,2024-01-30 00:00:00+00:00,10889,9135,40.5,1754,1754,19.20087575259989,0
2024-01-28 07:30:00+00:00,2024-01-30 01:00:00+00:00,10974,9883,41.5,1091,1091,11.039158150359203,1
2024-01-28 07:30:00+00:00,2024-01-30 02:00:00+00:00,11046,10237,42.5,809,809,7.902705870860603,2
2024-01-28 07:30:00+00:00,2024-01-30 03:00:00+00:00,11107,10370,43.5,737,737,7.107039537126327,3
2024-01-28 07:30:00+00:00,2024-01-30 04:00:00+00:00,11145,10203,44.5,942,942,9.232578653337253,4
2024-01-28 07:30:00+00:00,2024-01-30 05:00:00+00:00,11175,10076,45.5,1099,1099,10.907105994442238,5
2024-01-28 07:30:00+00:00,2024-01-30 06:00:00+00:00,11198,10215,46.5,983,983,9.623103279490945,6
2024-01-28 07:30:00+00:00,2024-01-30 07:00:00+00:00,11082,10107,47.5,975,975,9.64677945978035,7
2024-01-28 04:30:00+00:00,2024-01-28 21:00:00+00:00,15508,12151,16.5,3357,3357,27.62735577318739,21
2024-01-28 04:30:00+00:00,2024-01-28 22:00:00+00:00,14244,11484,17.5,2760,2760,24.033437826541274,22
2024-01-28 04:30:00+00:00,2024-01-28 23:00:00+00:00,13167,10198,18.5,2969,2969,29.11355167679937,23
2024-01-28 04:30:00+00:00,2024-01-29 00:00:00+00:00,11893,9682,19.5,2211,2211,22.83619086965503,0
2024-01-28 04:30:00+00:00,2024-01-29 01:00:00+00:00,10542,7980,20.5,2562,2562,32.10526315789474,1
2024-01-28 04:30:00+00:00,2024-01-29 02:00:00+00:00,9429,6149,21.5,3280,3280,53.34200683037892,2
2024-01-28 04:30:00+00:00,2024-01-29 03:00:00+00:00,8275,5568,22.5,2707,2707,48.617097701149426,3
2024-01-28 04:30:00+00:00,2024-01-29 04:00:00+00:00,7314,4336,23.5,2978,2978,68.68081180811808,4
2024-01-28 04:30:00+00:00,2024-01-29 05:00:00+00:00,6308,3962,24.5,2346,2346,59.212518929833415,5
2024-01-28 04:30:00+00:00,2024-01-29 06:00:00+00:00,5439,3626,25.5,1813,1813,50.0,6
2024-01-28 04:30:00+00:00,2024-01-29 07:00:00+00:00,4865,4031,26.5,834,834,20.689655172413794,7
2024-01-28 04:30:00+00:00,2024-01-29 08:00:00+00:00,4588,3909,27.5,679,679,17.37017139933487,8
2024-01-28 04:30:00+00:00,2024-01-29 09:00:00+00:00,4596,3928,28.5,668,668,17.0061099796334,9
2024-01-28 04:30:00+00:00,2024-01-29 10:00:00+00:00,4400,3337,29.5,1063,1063,31.85495954450105,10
2024-01-28 04:30:00+00:00,2024-01-29 11:00:00+00:00,4578,3669,30.5,909,909,24.775143090760427,11
2024-01-28 04:30:00+00:00,2024-01-29 12:00:00+00:00,4647,2918,31.5,1729,1729,59.25291295407814,12
2024-01-28 04:30:00+00:00,2024-01-29 13:00:00+00:00,4971,3078,32.5,1893,1893,61.5009746588694,13
2024-01-28 04:30:00+00:00,2024-01-29 14:00:00+00:00,5406,3761,33.5,1645,1645,43.73836745546397,14
2024-01-28 04:30:00+00:00,2024-01-29 15:00:00+00:00,6062,4342,34.5,1720,1720,39.61308152924919,15
2024-01-28 04:30:00+00:00,2024-01-29 16:00:00+00:00,7184,5949,35.5,1235,1235,20.759791561606995,16
2024-01-28 04:30:00+00:00,2024-01-29 17:00:00+00:00,8228,7372,36.5,856,856,11.611502984264787,17
2024-01-28 04:30:00+00:00,2024-01-29 18:00:00+00:00,9198,8035,37.5,1163,1163,14.474175482265089,18
2024-01-28 04:30:00+00:00,2024-01-29 19:00:00+00:00,9743,9019,38.5,724,724,8.027497505266659,19
2024-01-28 04:30:00+00:00,2024-01-29 20:00:00+00:00,10245,9178,39.5,1067,1067,11.625626498147746,20
2024-01-28 04:30:00+00:00,2024-01-29 21:00:00+00:00,10708,9077,40.5,1631,1631,17.968491792442435,21
2024-01-28 04:30:00+00:00,2024-01-29 22:00:00+00:00,10903,8875,41.5,2028,2028,22.85070422535211,22
2024-01-28 04:30:00+00:00,2024-01-29 23:00:00+00:00,11081,8699,42.5,2382,2382,27.3824577537648,23
2024-01-28 04:30:00+00:00,2024-01-30 00:00:00+00:00,11243,9135,43.5,2108,2108,23.07608100711549,0
2024-01-28 04:30:00+00:00,2024-01-30 01:00:00+00:00,11225,9883,44.5,1342,1342,13.57887281189922,1
2024-01-28 04:30:00+00:00,2024-01-30 02:00:00+00:00,11205,10237,45.5,968,968,9.455895281820846,2
2024-01-28 04:30:00+00:00,2024-01-30 03:00:00+00:00,11185,10370,46.5,815,815,7.8592092574734815,3
2024-01-28 04:30:00+00:00,2024-01-30 04:00:00+00:00,11243,10203,47.5,1040,1040,10.193080466529453,4
2024-01-28 02:30:00+00:00,2024-01-28 21:00:00+00:00,15509,12151,18.5,3358,3358,27.635585548514523,21
2024-01-28 02:30:00+00:00,2024-01-28 22:00:00+00:00,14238,11484,19.5,2754,2754,23.981191222570533,22
2024-01-28 02:30:00+00:00,2024-01-28 23:00:00+00:00,13157,10198,20.5,2959,2959,29.015493233967444,23
2024-01-28 02:30:00+00:00,2024-01-29 00:00:00+00:00,11882,9682,21.5,2200,2200,22.72257797975625,0
2024-01-28 02:30:00+00:00,2024-01-29 01:00:00+00:00,10542,7980,22.5,2562,2562,32.10526315789474,1
2024-01-28 02:30:00+00:00,2024-01-29 02:00:00+00:00,9430,6149,23.5,3281,3281,53.358269637339404,2
2024-01-28 02:30:00+00:00,2024-01-29 03:00:00+00:00,8265,5568,24.5,2697,2697,48.4375,3
2024-01-28 02:30:00+00:00,2024-01-29 04:00:00+00:00,7314,4336,25.5,2978,2978,68.68081180811808,4
2024-01-28 02:30:00+00:00,2024-01-29 05:00:00+00:00,6306,3962,26.5,2344,2344,59.162039374053506,5
2024-01-28 02:30:00+00:00,2024-01-29 06:00:00+00:00,5434,3626,27.5,1808,1808,49.862107004964145,6
2024-01-28 02:30:00+00:00,2024-01-29 07:00:00+00:00,4865,4031,28.5,834,834,20.689655172413794,7
2024-01-28 02:30:00+00:00,2024-01-29 08:00:00+00:00,4588,3909,29.5,679,679,17.37017139933487,8
2024-01-28 02:30:00+00:00,2024-01-29 09:00:00+00:00,4591,3928,30.5,663,663,16.878818737270876,9
2024-01-28 02:30:00+00:00,2024-01-29 10:00:00+00:00,4398,3337,31.5,1061,1061,31.79502547198082,10
2024-01-28 02:30:00+00:00,2024-01-29 11:00:00+00:00,4575,3669,32.5,906,906,24.693376941946035,11
2024-01-28 02:30:00+00:00,2024-01-29 12:00:00+00:00,4664,2918,33.5,1746,1746,59.83550376970528,12
2024-01-28 02:30:00+00:00,2024-01-29 13:00:00+00:00,4974,3078,34.5,1896,1896,61.59844054580896,13
2024-01-28 02:30:00+00:00,2024-01-29 14:00:00+00:00,5405,3761,35.5,1644,1644,43.71177878223877,14
2024-01-28 02:30:00+00:00,2024-01-29 15:00:00+00:00,6078,4342,36.5,1736,1736,39.981575310916625,15
2024-01-28 02:30:00+00:00,2024-01-29 16:00:00+00:00,7205,5949,37.5,1256,1256,21.112792065893426,16
2024-01-28 02:30:00+00:00,2024-01-29 17:00:00+00:00,8252,7372,38.5,880,880,11.937059142702116,17
2024-01-28 02:30:00+00:00,2024-01-29 18:00:00+00:00,9224,8035,39.5,1189,1189,14.797759800871187,18
2024-01-28 02:30:00+00:00,2024-01-29 19:00:00+00:00,9763,9019,40.5,744,744,8.249251579997782,19
2024-01-28 02:30:00+00:00,2024-01-29 20:00:00+00:00,10260,9178,41.5,1082,1082,11.789060797559381,20
2024-01-28 02:30:00+00:00,2024-01-29 21:00:00+00:00,10719,9077,42.5,1642,1642,18.08967720612537,21
2024-01-28 02:30:00+00:00,2024-01-29 22:00:00+00:00,10913,8875,43.5,2038,2038,22.963380281690142,22
2024-01-28 02:30:00+00:00,2024-01-29 23:00:00+00:00,11089,8699,44.5,2390,2390,27.474422347396256,23
2024-01-28 02:30:00+00:00,2024-01-30 00:00:00+00:00,11249,9135,45.5,2114,2114,23.14176245210728,0
2024-01-28 02:30:00+00:00,2024-01-30 01:00:00+00:00,11230,9883,46.5,1347,1347,13.629464737427908,1
2024-01-28 02:30:00+00:00,2024-01-30 02:00:00+00:00,11209,10237,47.5,972,972,9.494969229266387,2
2024-01-27 22:30:00+00:00,2024-01-28 03:00:00+00:00,16432,12345,4.5,4087,4087,33.10652085864723,3
2024-01-27 22:30:00+00:00,2024-01-28 04:00:00+00:00,16574,12181,5.5,4393,4393,36.06436253181184,4
2024-01-27 22:30:00+00:00,2024-01-28 05:00:00+00:00,16698,12679,6.5,4019,4019,31.698083445066644,5
2024-01-27 22:30:00+00:00,2024-01-28 06:00:00+00:00,16832,12877,7.5,3955,3955,30.71367554554632,6
2024-01-27 22:30:00+00:00,2024-01-28 07:00:00+00:00,17099,12485,8.5,4614,4614,36.956347617140565,7
2024-01-27 22:30:00+00:00,2024-01-28 08:00:00+00:00,17206,12248,9.5,4958,4958,40.480078380143695,8
2024-01-27 22:30:00+00:00,2024-01-28 09:00:00+00:00,17283,12157,10.5,5126,5126,42.1650078144279,9
2024-01-27 22:30:00+00:00,2024-01-28 10:00:00+00:00,17041,12583,11.5,4458,4458,35.428753079551775,10
2024-01-27 22:30:00+00:00,2024-01-28 11:00:00+00:00,16991,12532,12.5,4459,4459,35.58091286307054,11
2024-01-27 22:30:00+00:00,2024-01-28 12:00:00+00:00,16774,13588,13.5,3186,3186,23.447159258168973,12
2024-01-27 22:30:00+00:00,2024-01-28 13:00:00+00:00,16829,13513,14.5,3316,3316,24.539332494634795,13
2024-01-27 22:30:00+00:00,2024-01-28 14:00:00+00:00,16733,13270,15.5,3463,3463,26.096458176337606,14
2024-01-27 22:30:00+00:00,2024-01-28 15:00:00+00:00,16981,13272,16.5,3709,3709,27.946051838456903,15
2024-01-27 22:30:00+00:00,2024-01-28 16:00:00+00:00,17265,13866,17.5,3399,3399,24.51319774989182,16
2024-01-27 22:30:00+00:00,2024-01-28 17:00:00+00:00,17693,14255,18.5,3438,3438,24.11785338477727,17
2024-01-27 22:30:00+00:00,2024-01-28 18:00:00+00:00,17722,14262,19.5,3460,3460,24.260272051605668,18
2024-01-27 22:30:00+00:00,2024-01-28 19:00:00+00:00,17313,13632,20.5,3681,3681,27.002640845070424,19
2024-01-27 22:30:00+00:00,2024-01-28 20:00:00+00:00,16491,12878,21.5,3613,3613,28.055598695449603,20
2024-01-27 22:30:00+00:00,2024-01-28 21:00:00+00:00,15252,12151,22.5,3101,3101,25.5205332894412,21
2024-01-27 22:30:00+00:00,2024-01-28 22:00:00+00:00,13814,11484,23.5,2330,2330,20.28909787530477,22
2024-01-27 22:30:00+00:00,2024-01-28 23:00:00+00:00,12664,10198,24.5,2466,2466,24.1812120023534,23
2024-01-27 22:30:00+00:00,2024-01-29 00:00:00+00:00,11485,9682,25.5,1803,1803,18.62218549886387,0
2024-01-27 22:30:00+00:00,2024-01-29 01:00:00+00:00,10149,7980,26.5,2169,2169,27.18045112781955,1
2024-01-27 22:30:00+00:00,2024-01-29 02:00:00+00:00,9117,6149,27.5,2968,2968,48.26801105870873,2
2024-01-27 22:30:00+00:00,2024-01-29 03:00:00+00:00,8097,5568,28.5,2529,2529,45.42025862068966,3
2024-01-27 22:30:00+00:00,2024-01-29 04:00:00+00:00,7170,4336,29.5,2834,2834,65.35977859778598,4
2024-01-27 22:30:00+00:00,2024-01-29 05:00:00+00:00,6260,3962,30.5,2298,2298,58.00100959111559,5
2024-01-27 22:30:00+00:00,2024-01-29 06:00:00+00:00,5512,3626,31.5,1886,1886,52.013237727523446,6
2024-01-27 22:30:00+00:00,2024-01-29 07:00:00+00:00,5084,4031,32.5,1053,1053,26.12255023567353,7
2024-01-27 22:30:00+00:00,2024-01-29 08:00:00+00:00,5116,3909,33.5,1207,1207,30.877462266564336,8
2024-01-27 22:30:00+00:00,2024-01-29 09:00:00+00:00,5216,3928,34.5,1288,1288,32.79022403258656,9
2024-01-27 22:30:00+00:00,2024-01-29 10:00:00+00:00,5871,3337,35.5,2534,2534,75.93646988312855,10
2024-01-27 22:30:00+00:00,2024-01-29 11:00:00+00:00,6041,3669,36.5,2372,2372,64.64976832924503,11
2024-01-27 22:30:00+00:00,2024-01-29 12:00:00+00:00,6233,2918,37.5,3315,3315,113.60520904729267,12
2024-01-27 22:30:00+00:00,2024-01-29 13:00:00+00:00,6567,3078,38.5,3489,3489,113.35282651072124,13
2024-01-27 22:30:00+00:00,2024-01-29 14:00:00+00:00,6915,3761,39.5,3154,3154,83.86067535229992,14
2024-01-27 22:30:00+00:00,2024-01-29 15:00:00+00:00,7276,4342,40.5,2934,2934,67.57254721326578,15
2024-01-27 22:30:00+00:00,2024-01-29 16:00:00+00:00,8071,5949,41.5,2122,2122,35.669860480753066,16
2024-01-27 22:30:00+00:00,2024-01-29 17:00:00+00:00,8844,7372,42.5,1472,1472,19.967444384156266,17
2024-01-27 22:30:00+00:00,2024-01-29 18:00:00+00:00,9558,8035,43.5,1523,1523,18.95457373988799,18
2024-01-27 22:30:00+00:00,2024-01-29 19:00:00+00:00,10038,9019,44.5,1019,1019,11.298370107550726,19
2024-01-27 22:30:00+00:00,2024-01-29 20:00:00+00:00,10478,9178,45.5,1300,1300,14.164305949008499,20
2024-01-27 22:30:00+00:00,2024-01-29 21:00:00+00:00,10883,9077,46.5,1806,1806,19.89644155558004,21
2024-01-27 18:30:00+00:00,2024-01-27 23:00:00+00:00,16074,11688,4.5,4386,4386,37.525667351129364,23
2024-01-27 18:30:00+00:00,2024-01-28 00:00:00+00:00,16158,11118,5.5,5040,5040,45.331894225580136,0
2024-01-27 18:30:00+00:00,2024-01-28 01:00:00+00:00,16254,11312,6.5,4942,4942,43.68811881188119,1
2024-01-27 18:30:00+00:00,2024-01-28 02:00:00+00:00,16288,11981,7.5,4307,4307,35.94858525999499,2
2024-01-27 18:30:00+00:00,2024-01-28 03:00:00+00:00,16456,12345,8.5,4111,4111,33.300931551235315,3
2024-01-27 18:30:00+00:00,2024-01-28 04:00:00+00:00,16598,12181,9.5,4417,4417,36.2613906904195,4
2024-01-27 18:30:00+00:00,2024-01-28 05:00:00+00:00,16715,12679,10.5,4036,4036,31.832163419828063,5
2024-01-27 18:30:00+00:00,2024-01-28 06:00:00+00:00,16836,12877,11.5,3959,3959,30.74473868136988,6
2024-01-27 18:30:00+00:00,2024-01-28 07:00:00+00:00,17102,12485,12.5,4617,4617,36.98037645174209,7
2024-01-27 18:30:00+00:00,2024-01-28 08:00:00+00:00,17211,12248,13.5,4963,4963,40.52090137165251,8
2024-01-27 18:30:00+00:00,2024-01-28 09:00:00+00:00,17288,12157,14.5,5131,5131,42.20613638233117,9
2024-01-27 18:30:00+00:00,2024-01-28 10:00:00+00:00,17046,12583,15.5,4463,4463,35.46848923150282,10
2024-01-27 18:30:00+00:00,2024-01-28 11:00:00+00:00,16997,12532,16.5,4465,4465,35.62879029684009,11
2024-01-27 18:30:00+00:00,2024-01-28 12:00:00+00:00,16779,13588,17.5,3191,3191,23.483956432146012,12
2024-01-27 18:30:00+00:00,2024-01-28 13:00:00+00:00,16832,13513,18.5,3319,3319,24.561533338266855,13
2024-01-27 18:30:00+00:00,2024-01-28 14:00:00+00:00,16737,13270,19.5,3467,3467,26.126601356443103,14
2024-01-27 18:30:00+00:00,2024-01-28 15:00:00+00:00,16982,13272,20.5,3710,3710,27.953586497890292,15
2024-01-27 18:30:00+00:00,2024-01-28 16:00:00+00:00,17263,13866,21.5,3397,3397,24.498773979518244,16
2024-01-27 18:30:00+00:00,2024-01-28 17:00:00+00:00,17691,14255,22.5,3436,3436,24.103823219922834,17
2024-01-27 18:30:00+00:00,2024-01-28 18:00:00+00:00,17726,14262,23.5,3464,3464,24.28831860889076,18
2024-01-27 18:30:00+00:00,2024-01-28 19:00:00+00:00,17311,13632,24.5,3679,3679,26.987969483568076,19
2024-01-27 18:30:00+00:00,2024-01-28 20:00:00+00:00,16489,12878,25.5,3611,3611,28.04006833359217,20
2024-01-27 18:30:00+00:00,2024-01-28 21:00:00+00:00,15265,12151,26.5,3114,3114,25.627520368693936,21
2024-01-27 18:30:00+00:00,2024-01-28 22:00:00+00:00,13819,11484,27.5,2335,2335,20.332636711947057,22
2024-01-27 18:30:00+00:00,2024-01-28 23:00:00+00:00,12666,10198,28.5,2468,2468,24.200823690919787,23
2024-01-27 18:30:00+00:00,2024-01-29 00:00:00+00:00,11489,9682,29.5,1807,1807,18.66349927700888,0
2024-01-27 18:30:00+00:00,2024-01-29 01:00:00+00:00,10147,7980,30.5,2167,2167,27.155388471177943,1
2024-01-27 18:30:00+00:00,2024-01-29 02:00:00+00:00,9115,6149,31.5,2966,2966,48.23548544478777,2
2024-01-27 18:30:00+00:00,2024-01-29 03:00:00+00:00,8100,5568,32.5,2532,2532,45.474137931034484,3
2024-01-27 18:30:00+00:00,2024-01-29 04:00:00+00:00,7167,4336,33.5,2831,2831,65.29059040590406,4
2024-01-27 18:30:00+00:00,2024-01-29 05:00:00+00:00,6257,3962,34.5,2295,2295,57.92529025744574,5
2024-01-27 18:30:00+00:00,2024-01-29 06:00:00+00:00,5514,3626,35.5,1888,1888,52.06839492553779,6
2024-01-27 18:30:00+00:00,2024-01-29 07:00:00+00:00,5082,4031,36.5,1051,1051,26.07293475564376,7
2024-01-27 18:30:00+00:00,2024-01-29 08:00:00+00:00,5113,3909,37.5,1204,1204,30.80071629572781,8
2024-01-27 18:30:00+00:00,2024-01-29 09:00:00+00:00,5223,3928,38.5,1295,1295,32.96843177189409,9
2024-01-27 18:30:00+00:00,2024-01-29 10:00:00+00:00,5882,3337,39.5,2545,2545,76.26610728198982,10
2024-01-27 18:30:00+00:00,2024-01-29 11:00:00+00:00,6055,3669,40.5,2386,2386,65.03134369037885,11
2024-01-27 18:30:00+00:00,2024-01-29 12:00:00+00:00,6247,2918,41.5,3329,3329,114.0849897189856,12
2024-01-27 18:30:00+00:00,2024-01-29 13:00:00+00:00,6582,3078,42.5,3504,3504,113.8401559454191,13
2024-01-27 18:30:00+00:00,2024-01-29 14:00:00+00:00,6931,3761,43.5,3170,3170,84.28609412390323,14
2024-01-27 18:30:00+00:00,2024-01-29 15:00:00+00:00,7294,4342,44.5,2952,2952,67.98710271764163,15
2024-01-27 18:30:00+00:00,2024-01-29 16:00:00+00:00,8084,5949,45.5,2135,2135,35.888384602454195,16
2024-01-27 18:30:00+00:00,2024-01-29 17:00:00+00:00,8853,7372,46.5,1481,1481,20.089527943570264,17
2024-01-27 18:30:00+00:00,2024-01-29 18:00:00+00:00,9563,8035,47.5,1528,1528,19.016801493466083,18
2024-01-27 15:30:00+00:00,2024-01-27 21:00:00+00:00,15657,11309,5.5,4348,4348,38.44725439915112,21
2024-01-27 15:30:00+00:00,2024-01-27 22:00:00+00:00,15983,11292,6.5,4691,4691,41.54268508678711,22
2024-01-27 15:30:00+00:00,2024-01-27 23:00:00+00:00,16147,11688,7.5,4459,4459,38.15023956194387,23
2024-01-27 15:30:00+00:00,2024-01-28 00:00:00+00:00,16221,11118,8.5,5103,5103,45.89854290339989,0
2024-01-27 15:30:00+00:00,2024-01-28 01:00:00+00:00,16295,11312,9.5,4983,4983,44.0505657708628,1
2024-01-27 15:30:00+00:00,2024-01-28 02:00:00+00:00,16325,11981,10.5,4344,4344,36.257407561973125,2
2024-01-27 15:30:00+00:00,2024-01-28 03:00:00+00:00,16439,12345,11.5,4094,4094,33.16322397731875,3
2024-01-27 15:30:00+00:00,2024-01-28 04:00:00+00:00,16536,12181,12.5,4355,4355,35.75240128068303,4
2024-01-27 15:30:00+00:00,2024-01-28 05:00:00+00:00,16671,12679,13.5,3992,3992,31.485132896916163,5
2024-01-27 15:30:00+00:00,2024-01-28 06:00:00+00:00,16844,12877,14.5,3967,3967,30.806864953017005,6
2024-01-27 15:30:00+00:00,2024-01-28 07:00:00+00:00,17132,12485,15.5,4647,4647,37.22066479775731,7
2024-01-27 15:30:00+00:00,2024-01-28 08:00:00+00:00,17270,12248,16.5,5022,5022,41.00261267145656,8
2024-01-27 15:30:00+00:00,2024-01-28 09:00:00+00:00,17311,12157,17.5,5154,5154,42.39532779468619,9
2024-01-27 15:30:00+00:00,2024-01-28 10:00:00+00:00,17069,12583,18.5,4486,4486,35.651275530477626,10
2024-01-27 15:30:00+00:00,2024-01-28 11:00:00+00:00,16903,12532,19.5,4371,4371,34.87871050111714,11
2024-01-27 15:30:00+00:00,2024-01-28 12:00:00+00:00,16745,13588,20.5,3157,3157,23.23373564910215,12
2024-01-27 15:30:00+00:00,2024-01-28 13:00:00+00:00,16749,13513,21.5,3236,3236,23.947309997779918,13
2024-01-27 15:30:00+00:00,2024-01-28 14:00:00+00:00,16755,13270,22.5,3485,3485,26.26224566691786,14
2024-01-27 15:30:00+00:00,2024-01-28 15:00:00+00:00,17060,13272,23.5,3788,3788,28.541289933694998,15
2024-01-27 15:30:00+00:00,2024-01-28 16:00:00+00:00,17135,13866,24.5,3269,3269,23.575652675609405,16
2024-01-27 15:30:00+00:00,2024-01-28 17:00:00+00:00,17468,14255,25.5,3213,3213,22.5394598386531,17
2024-01-27 15:30:00+00:00,2024-01-28 18:00:00+00:00,17468,14262,26.5,3206,3206,22.479315664002243,18
2024-01-27 15:30:00+00:00,2024-01-28 19:00:00+00:00,17012,13632,27.5,3380,3380,24.794600938967136,19
2024-01-27 15:30:00+00:00,2024-01-28 20:00:00+00:00,15978,12878,28.5,3100,3100,24.07206087901848,20
2024-01-27 15:30:00+00:00,2024-01-28 21:00:00+00:00,14823,12151,29.5,2672,2672,21.9899596741009,21
2024-01-27 15:30:00+00:00,2024-01-28 22:00:00+00:00,13531,11484,30.5,2047,2047,17.824799721351443,22
2024-01-27 15:30:00+00:00,2024-01-28 23:00:00+00:00,12284,10198,31.5,2086,2086,20.454991174740144,23
2024-01-27 15:30:00+00:00,2024-01-29 00:00:00+00:00,10866,9682,32.5,1184,1184,12.228878330923362,0
2024-01-27 15:30:00+00:00,2024-01-29 01:00:00+00:00,9736,7980,33.5,1756,1756,22.005012531328322,1
2024-01-27 15:30:00+00:00,2024-01-29 02:00:00+00:00,8761,6149,34.5,2612,2612,42.47845178077736,2
2024-01-27 15:30:00+00:00,2024-01-29 03:00:00+00:00,7815,5568,35.5,2247,2247,40.355603448275865,3
2024-01-27 15:30:00+00:00,2024-01-29 04:00:00+00:00,7733,4336,36.5,3397,3397,78.34409594095942,4
2024-01-27 15:30:00+00:00,2024-01-29 05:00:00+00:00,7074,3962,37.5,3112,3112,78.54618879353862,5
2024-01-27 15:30:00+00:00,2024-01-29 06:00:00+00:00,6384,3626,38.5,2758,2758,76.06177606177607,6
2024-01-27 15:30:00+00:00,2024-01-29 07:00:00+00:00,6459,4031,39.5,2428,2428,60.23319275613992,7
2024-01-27 15:30:00+00:00,2024-01-29 08:00:00+00:00,6573,3909,40.5,2664,2664,68.1504221028396,8
2024-01-27 15:30:00+00:00,2024-01-29 09:00:00+00:00,6724,3928,41.5,2796,2796,71.18126272912424,9
2024-01-27 15:30:00+00:00,2024-01-29 10:00:00+00:00,6830,3337,42.5,3493,3493,104.67485765657776,10
2024-01-27 15:30:00+00:00,2024-01-29 11:00:00+00:00,6949,3669,43.5,3280,3280,89.39765603706732,11
2024-01-27 15:30:00+00:00,2024-01-29 12:00:00+00:00,7080,2918,44.5,4162,4162,142.63193968471558,12
2024-01-27 15:30:00+00:00,2024-01-29 13:00:00+00:00,7256,3078,45.5,4178,4178,135.73749187784276,13
2024-01-27 15:30:00+00:00,2024-01-29 14:00:00+00:00,7439,3761,46.5,3678,3678,97.7931401223079,14
2024-01-27 15:30:00+00:00,2024-01-29 15:00:00+00:00,7627,4342,47.5,3285,3285,75.65637954859513,15
2024-01-27 11:30:00+00:00,2024-01-27 21:00:00+00:00,15655,11309,9.5,4346,4346,38.42956936952869,21
2024-01-27 11:30:00+00:00,2024-01-27 22:00:00+00:00,16003,11292,10.5,4711,4711,41.719801629472194,22
2024-01-27 11:30:00+00:00,2024-01-27 23:00:00+00:00,16112,11688,11.5,4424,4424,37.850787132101296,23
2024-01-27 11:30:00+00:00,2024-01-28 00:00:00+00:00,16204,11118,12.5,5086,5086,45.745637704623135,0
2024-01-27 11:30:00+00:00,2024-01-28 01:00:00+00:00,16229,11312,13.5,4917,4917,43.46711456859972,1
2024-01-27 11:30:00+00:00,2024-01-28 02:00:00+00:00,16253,11981,14.5,4272,4272,35.65645605542108,2
2024-01-27 11:30:00+00:00,2024-01-28 03:00:00+00:00,16365,12345,15.5,4020,4020,32.56379100850547,3
2024-01-27 11:30:00+00:00,2024-01-28 04:00:00+00:00,16463,12181,16.5,4282,4282,35.15310729825137,4
2024-01-27 11:30:00+00:00,2024-01-28 05:00:00+00:00,16616,12679,17.5,3937,3937,31.05134474327628,5
2024-01-27 11:30:00+00:00,2024-01-28 06:00:00+00:00,16828,12877,18.5,3951,3951,30.682612409722758,6
2024-01-27 11:30:00+00:00,2024-01-28 07:00:00+00:00,17018,12485,19.5,4533,4533,36.30756908289948,7
2024-01-27 11:30:00+00:00,2024-01-28 08:00:00+00:00,17145,12248,20.5,4897,4897,39.98203788373612,8
2024-01-27 11:30:00+00:00,2024-01-28 09:00:00+00:00,17196,12157,21.5,5039,5039,41.44937073291108,9
2024-01-27 11:30:00+00:00,2024-01-28 10:00:00+00:00,17024,12583,22.5,4441,4441,35.29365016291822,10
2024-01-27 11:30:00+00:00,2024-01-28 11:00:00+00:00,16909,12532,23.5,4377,4377,34.92658793488669,11
2024-01-27 11:30:00+00:00,2024-01-28 12:00:00+00:00,16862,13588,24.5,3274,3274,24.094789520164852,12
2024-01-27 11:30:00+00:00,2024-01-28 13:00:00+00:00,16656,13513,25.5,3143,3143,23.25908384518612,13
2024-01-27 11:30:00+00:00,2024-01-28 14:00:00+00:00,16738,13270,26.5,3468,3468,26.134137151469478,14
2024-01-27 11:30:00+00:00,2024-01-28 15:00:00+00:00,17110,13272,27.5,3838,3838,28.918022905364676,15
2024-01-27 11:30:00+00:00,2024-01-28 16:00:00+00:00,17213,13866,28.5,3347,3347,24.138179720178854,16
2024-01-27 11:30:00+00:00,2024-01-28 17:00:00+00:00,17440,14255,29.5,3185,3185,22.343037530690985,17
2024-01-27 11:30:00+00:00,2024-01-28 18:00:00+00:00,17402,14262,30.5,3140,3140,22.016547468798205,18
2024-01-27 11:30:00+00:00,2024-01-28 19:00:00+00:00,17054,13632,31.5,3422,3422,25.102699530516432,19
2024-01-27 11:30:00+00:00,2024-01-28 20:00:00+00:00,16081,12878,32.5,3203,3203,24.871874514676193,20
2024-01-27 11:30:00+00:00,2024-01-28 21:00:00+00:00,14980,12151,33.5,2829,2829,23.28203440046087,21
2024-01-27 11:30:00+00:00,2024-01-28 22:00:00+00:00,13906,11484,34.5,2422,2422,21.090212469522815,22
2024-01-27 11:30:00+00:00,2024-01-28 23:00:00+00:00,12503,10198,35.5,2305,2305,22.602471072759364,23
2024-01-27 11:30:00+00:00,2024-01-29 00:00:00+00:00,11092,9682,36.5,1410,1410,14.563106796116504,0
2024-01-27 11:30:00+00:00,2024-01-29 01:00:00+00:00,10088,7980,37.5,2108,2108,26.416040100250626,1
2024-01-27 11:30:00+00:00,2024-01-29 02:00:00+00:00,9104,6149,38.5,2955,2955,48.05659456822248,2
2024-01-27 11:30:00+00:00,2024-01-29 03:00:00+00:00,8175,5568,39.5,2607,2607,46.821120689655174,3
2024-01-27 11:30:00+00:00,2024-01-29 04:00:00+00:00,7615,4336,40.5,3279,3279,75.62269372693727,4
2024-01-27 11:30:00+00:00,2024-01-29 05:00:00+00:00,7024,3962,41.5,3062,3062,77.28419989904089,5
2024-01-27 11:30:00+00:00,2024-01-29 06:00:00+00:00,6406,3626,42.5,2780,2780,76.66850523993382,6
2024-01-27 11:30:00+00:00,2024-01-29 07:00:00+00:00,6532,4031,43.5,2501,2501,62.044157777226495,7
2024-01-27 11:30:00+00:00,2024-01-29 08:00:00+00:00,6690,3909,44.5,2781,2781,71.14351496546432,8
2024-01-27 11:30:00+00:00,2024-01-29 09:00:00+00:00,6875,3928,45.5,2947,2947,75.0254582484725,9
2024-01-27 11:30:00+00:00,2024-01-29 10:00:00+00:00,7035,3337,46.5,3698,3698,110.81810008990112,10
2024-01-27 11:30:00+00:00,2024-01-29 11:00:00+00:00,7207,3669,47.5,3538,3538,96.42954483510493,11
2024-01-27 09:30:00+00:00,2024-01-27 21:00:00+00:00,15655,11309,11.5,4346,4346,38.42956936952869,21
2024-01-27 09:30:00+00:00,2024-01-27 22:00:00+00:00,16003,11292,12.5,4711,4711,41.719801629472194,22
2024-01-27 09:30:00+00:00,2024-01-27 23:00:00+00:00,16112,11688,13.5,4424,4424,37.850787132101296,23
2024-01-27 09:30:00+00:00,2024-01-28 00:00:00+00:00,16204,11118,14.5,5086,5086,45.745637704623135,0
2024-01-27 09:30:00+00:00,2024-01-28 01:00:00+00:00,16229,11312,15.5,4917,4917,43.46711456859972,1
2024-01-27 09:30:00+00:00,2024-01-28 02:00:00+00:00,16253,11981,16.5,4272,4272,35.65645605542108,2
2024-01-27 09:30:00+00:00,2024-01-28 03:00:00+00:00,16365,12345,17.5,4020,4020,32.56379100850547,3
2024-01-27 09:30:00+00:00,2024-01-28 04:00:00+00:00,16463,12181,18.5,4282,4282,35.15310729825137,4
2024-01-27 09:30:00+00:00,2024-01-28 05:00:00+00:00,16616,12679,19.5,3937,3937,31.05134474327628,5
2024-01-27 09:30:00+00:00,2024-01-28 06:00:00+00:00,16828,12877,20.5,3951,3951,30.682612409722758,6
2024-01-27 09:30:00+00:00,2024-01-28 07:00:00+00:00,17018,12485,21.5,4533,4533,36.30756908289948,7
2024-01-27 09:30:00+00:00,2024-01-28 08:00:00+00:00,17145,12248,22.5,4897,4897,39.98203788373612,8
2024-01-27 09:30:00+00:00,2024-01-28 09:00:00+00:00,17196,12157,23.5,5039,5039,41.44937073291108,9
2024-01-27 09:30:00+00:00,2024-01-28 10:00:00+00:00,17024,12583,24.5,4441,4441,35.29365016291822,10
2024-01-27 09:30:00+00:00,2024-01-28 11:00:00+00:00,16909,12532,25.5,4377,4377,34.92658793488669,11
2024-01-27 09:30:00+00:00,2024-01-28 12:00:00+00:00,16862,13588,26.5,3274,3274,24.094789520164852,12
2024-01-27 09:30:00+00:00,2024-01-28 13:00:00+00:00,16656,13513,27.5,3143,3143,23.25908384518612,13
2024-01-27 09:30:00+00:00,2024-01-28 14:00:00+00:00,16738,13270,28.5,3468,3468,26.134137151469478,14
2024-01-27 09:30:00+00:00,2024-01-28 15:00:00+00:00,17110,13272,29.5,3838,3838,28.918022905364676,15
2024-01-27 09:30:00+00:00,2024-01-28 16:00:00+00:00,17213,13866,30.5,3347,3347,24.138179720178854,16
2024-01-27 09:30:00+00:00,2024-01-28 17:00:00+00:00,17440,14255,31.5,3185,3185,22.343037530690985,17
2024-01-27 09:30:00+00:00,2024-01-28 18:00:00+00:00,17402,14262,32.5,3140,3140,22.016547468798205,18
2024-01-27 09:30:00+00:00,2024-01-28 19:00:00+00:00,17054,13632,33.5,3422,3422,25.102699530516432,19
2024-01-27 09:30:00+00:00,2024-01-28 20:00:00+00:00,16081,12878,34.5,3203,3203,24.871874514676193,20
2024-01-27 09:30:00+00:00,2024-01-28 21:00:00+00:00,14980,12151,35.5,2829,2829,23.28203440046087,21
2024-01-27 09:30:00+00:00,2024-01-28 22:00:00+00:00,13906,11484,36.5,2422,2422,21.090212469522815,22
2024-01-27 09:30:00+00:00,2024-01-28 23:00:00+00:00,12503,10198,37.5,2305,2305,22.602471072759364,23
2024-01-27 09:30:00+00:00,2024-01-29 00:00:00+00:00,11092,9682,38.5,1410,1410,14.563106796116504,0
2024-01-27 09:30:00+00:00,2024-01-29 01:00:00+00:00,10088,7980,39.5,2108,2108,26.416040100250626,1
2024-01-27 09:30:00+00:00,2024-01-29 02:00:00+00:00,9104,6149,40.5,2955,2955,48.05659456822248,2
2024-01-27 09:30:00+00:00,2024-01-29 03:00:00+00:00,8175,5568,41.5,2607,2607,46.821120689655174,3
2024-01-27 09:30:00+00:00,2024-01-29 04:00:00+00:00,7615,4336,42.5,3279,3279,75.62269372693727,4
2024-01-27 09:30:00+00:00,2024-01-29 05:00:00+00:00,7024,3962,43.5,3062,3062,77.28419989904089,5
2024-01-27 09:30:00+00:00,2024-01-29 06:00:00+00:00,6406,3626,44.5,2780,2780,76.66850523993382,6
2024-01-27 09:30:00+00:00,2024-01-29 07:00:00+00:00,6532,4031,45.5,2501,2501,62.044157777226495,7
2024-01-27 09:30:00+00:00,2024-01-29 08:00:00+00:00,6690,3909,46.5,2781,2781,71.14351496546432,8
2024-01-27 09:30:00+00:00,2024-01-29 09:00:00+00:00,6875,3928,47.5,2947,2947,75.0254582484725,9
2024-01-27 07:30:00+00:00,2024-01-27 21:00:00+00:00,15655,11309,13.5,4346,4346,38.42956936952869,21
2024-01-27 07:30:00+00:00,2024-01-27 22:00:00+00:00,16007,11292,14.5,4715,4715,41.75522493800921,22
2024-01-27 07:30:00+00:00,2024-01-27 23:00:00+00:00,16116,11688,15.5,4428,4428,37.88501026694045,23
2024-01-27 07:30:00+00:00,2024-01-28 00:00:00+00:00,16207,11118,16.5,5089,5089,45.772620974995505,0
2024-01-27 07:30:00+00:00,2024-01-28 01:00:00+00:00,16230,11312,17.5,4918,4918,43.47595473833098,1
2024-01-27 07:30:00+00:00,2024-01-28 02:00:00+00:00,16254,11981,18.5,4273,4273,35.664802604123196,2
2024-01-27 07:30:00+00:00,2024-01-28 03:00:00+00:00,16367,12345,19.5,4022,4022,32.57999189955448,3
2024-01-27 07:30:00+00:00,2024-01-28 04:00:00+00:00,16464,12181,20.5,4283,4283,35.16131680486003,4
2024-01-27 07:30:00+00:00,2024-01-28 05:00:00+00:00,16617,12679,21.5,3938,3938,31.05923180061519,5
2024-01-27 07:30:00+00:00,2024-01-28 06:00:00+00:00,16828,12877,22.5,3951,3951,30.682612409722758,6
2024-01-27 07:30:00+00:00,2024-01-28 07:00:00+00:00,17017,12485,23.5,4532,4532,36.29955947136564,7
2024-01-27 07:30:00+00:00,2024-01-28 08:00:00+00:00,17142,12248,24.5,4894,4894,39.95754408883083,8
2024-01-27 07:30:00+00:00,2024-01-28 09:00:00+00:00,17195,12157,25.5,5038,5038,41.44114501933043,9
2024-01-27 07:30:00+00:00,2024-01-28 10:00:00+00:00,17023,12583,26.5,4440,4440,35.28570293252801,10
2024-01-27 07:30:00+00:00,2024-01-28 11:00:00+00:00,16909,12532,27.5,4377,4377,34.92658793488669,11
2024-01-27 07:30:00+00:00,2024-01-28 12:00:00+00:00,16862,13588,28.5,3274,3274,24.094789520164852,12
2024-01-27 07:30:00+00:00,2024-01-28 13:00:00+00:00,16654,13513,29.5,3141,3141,23.244283282764744,13
2024-01-27 07:30:00+00:00,2024-01-28 14:00:00+00:00,16735,13270,30.5,3465,3465,26.11152976639036,14
2024-01-27 07:30:00+00:00,2024-01-28 15:00:00+00:00,17107,13272,31.5,3835,3835,28.895418927064497,15
2024-01-27 07:30:00+00:00,2024-01-28 16:00:00+00:00,17208,13866,32.5,3342,3342,24.102120294244916,16
2024-01-27 07:30:00+00:00,2024-01-28 17:00:00+00:00,17435,14255,33.5,3180,3180,22.307962118554894,17
2024-01-27 07:30:00+00:00,2024-01-28 18:00:00+00:00,17397,14262,34.5,3135,3135,21.98148927219184,18
2024-01-27 07:30:00+00:00,2024-01-28 19:00:00+00:00,17049,13632,35.5,3417,3417,25.066021126760564,19
2024-01-27 07:30:00+00:00,2024-01-28 20:00:00+00:00,16076,12878,36.5,3198,3198,24.833048610032613,20
2024-01-27 07:30:00+00:00,2024-01-28 21:00:00+00:00,14976,12151,37.5,2825,2825,23.249115299152333,21
2024-01-27 07:30:00+00:00,2024-01-28 22:00:00+00:00,13904,11484,38.5,2420,2420,21.0727969348659,22
2024-01-27 07:30:00+00:00,2024-01-28 23:00:00+00:00,12504,10198,39.5,2306,2306,22.612276917042557,23
2024-01-27 07:30:00+00:00,2024-01-29 00:00:00+00:00,11096,9682,40.5,1414,1414,14.604420574261518,0
2024-01-27 07:30:00+00:00,2024-01-29 01:00:00+00:00,10094,7980,41.5,2114,2114,26.49122807017544,1
2024-01-27 07:30:00+00:00,2024-01-29 02:00:00+00:00,9111,6149,42.5,2962,2962,48.17043421694584,2
2024-01-27 07:30:00+00:00,2024-01-29 03:00:00+00:00,8184,5568,43.5,2616,2616,46.98275862068966,3
2024-01-27 07:30:00+00:00,2024-01-29 04:00:00+00:00,7624,4336,44.5,3288,3288,75.83025830258303,4
2024-01-27 07:30:00+00:00,2024-01-29 05:00:00+00:00,7033,3962,45.5,3071,3071,77.51135790005048,5
2024-01-27 07:30:00+00:00,2024-01-29 06:00:00+00:00,6415,3626,46.5,2789,2789,76.91671263099835,6
2024-01-27 07:30:00+00:00,2024-01-29 07:00:00+00:00,6541,4031,47.5,2510,2510,62.26742743736045,7
2024-01-27 04:30:00+00:00,2024-01-27 21:00:00+00:00,15648,11309,16.5,4339,4339,38.36767176585021,21
2024-01-27 04:30:00+00:00,2024-01-27 22:00:00+00:00,15977,11292,17.5,4685,4685,41.48955012398158,22
2024-01-27 04:30:00+00:00,2024-01-27 23:00:00+00:00,16162,11688,18.5,4474,4474,38.27857631759069,23
2024-01-27 04:30:00+00:00,2024-01-28 00:00:00+00:00,16235,11118,19.5,5117,5117,46.02446483180428,0
2024-01-27 04:30:00+00:00,2024-01-28 01:00:00+00:00,16199,11312,20.5,4887,4887,43.20190947666195,1
2024-01-27 04:30:00+00:00,2024-01-28 02:00:00+00:00,16257,11981,21.5,4276,4276,35.68984225022953,2
2024-01-27 04:30:00+00:00,2024-01-28 03:00:00+00:00,16366,12345,22.5,4021,4021,32.57189145402997,3
2024-01-27 04:30:00+00:00,2024-01-28 04:00:00+00:00,16437,12181,23.5,4256,4256,34.9396601264264,4
2024-01-27 04:30:00+00:00,2024-01-28 05:00:00+00:00,16637,12679,24.5,3958,3958,31.21697294739333,5
2024-01-27 04:30:00+00:00,2024-01-28 06:00:00+00:00,16902,12877,25.5,4025,4025,31.25728042245865,6
2024-01-27 04:30:00+00:00,2024-01-28 07:00:00+00:00,17013,12485,26.5,4528,4528,36.26752102523027,7
2024-01-27 04:30:00+00:00,2024-01-28 08:00:00+00:00,17177,12248,27.5,4929,4929,40.24330502939256,8
2024-01-27 04:30:00+00:00,2024-01-28 09:00:00+00:00,17281,12157,28.5,5124,5124,42.148556387266595,9
2024-01-27 04:30:00+00:00,2024-01-28 10:00:00+00:00,17242,12583,29.5,4659,4659,37.026146387983786,10
2024-01-27 04:30:00+00:00,2024-01-28 11:00:00+00:00,17097,12532,30.5,4565,4565,36.42674752633258,11
2024-01-27 04:30:00+00:00,2024-01-28 12:00:00+00:00,17046,13588,31.5,3458,3458,25.448925522519872,12
2024-01-27 04:30:00+00:00,2024-01-28 13:00:00+00:00,16770,13513,32.5,3257,3257,24.102715903204324,13
2024-01-27 04:30:00+00:00,2024-01-28 14:00:00+00:00,16781,13270,33.5,3511,3511,26.458176337603618,14
2024-01-27 04:30:00+00:00,2024-01-28 15:00:00+00:00,17055,13272,34.5,3783,3783,28.50361663652803,15
2024-01-27 04:30:00+00:00,2024-01-28 16:00:00+00:00,16393,13866,35.5,2527,2527,18.224433867012838,16
2024-01-27 04:30:00+00:00,2024-01-28 17:00:00+00:00,16997,14255,36.5,2742,2742,19.23535601543318,17
2024-01-27 04:30:00+00:00,2024-01-28 18:00:00+00:00,17174,14262,37.5,2912,2912,20.41789370354789,18
2024-01-27 04:30:00+00:00,2024-01-28 19:00:00+00:00,17302,13632,38.5,3670,3670,26.921948356807512,19
2024-01-27 04:30:00+00:00,2024-01-28 20:00:00+00:00,16635,12878,39.5,3757,3757,29.173784749184655,20
2024-01-27 04:30:00+00:00,2024-01-28 21:00:00+00:00,15528,12151,40.5,3377,3377,27.791951279730064,21
2024-01-27 04:30:00+00:00,2024-01-28 22:00:00+00:00,14221,11484,41.5,2737,2737,23.833159177986765,22
2024-01-27 04:30:00+00:00,2024-01-28 23:00:00+00:00,12632,10198,42.5,2434,2434,23.867424985291233,23
2024-01-27 04:30:00+00:00,2024-01-29 00:00:00+00:00,11032,9682,43.5,1350,1350,13.943400123941336,0
2024-01-27 04:30:00+00:00,2024-01-29 01:00:00+00:00,10107,7980,44.5,2127,2127,26.654135338345863,1
2024-01-27 04:30:00+00:00,2024-01-29 02:00:00+00:00,9198,6149,45.5,3049,3049,49.58529842250773,2
2024-01-27 04:30:00+00:00,2024-01-29 03:00:00+00:00,8336,5568,46.5,2768,2768,49.712643678160916,3
2024-01-27 04:30:00+00:00,2024-01-29 04:00:00+00:00,7956,4336,47.5,3620,3620,83.4870848708487,4
2024-01-27 02:30:00+00:00,2024-01-27 21:00:00+00:00,15401,11309,18.5,4092,4092,36.18357060748077,21
2024-01-27 02:30:00+00:00,2024-01-27 22:00:00+00:00,15771,11292,19.5,4479,4479,39.66524973432519,22
2024-01-27 02:30:00+00:00,2024-01-27 23:00:00+00:00,15973,11688,20.5,4285,4285,36.66153319644079,23
2024-01-27 02:30:00+00:00,2024-01-28 00:00:00+00:00,16117,11118,21.5,4999,4999,44.96312286382443,0
2024-01-27 02:30:00+00:00,2024-01-28 01:00:00+00:00,16144,11312,22.5,4832,4832,42.71570014144272,1
2024-01-27 02:30:00+00:00,2024-01-28 02:00:00+00:00,16222,11981,23.5,4241,4241,35.39771304565562,2
2024-01-27 02:30:00+00:00,2024-01-28 03:00:00+00:00,16312,12345,24.5,3967,3967,32.134467395706764,3
2024-01-27 02:30:00+00:00,2024-01-28 04:00:00+00:00,16504,12181,25.5,4323,4323,35.48969706920614,4
2024-01-27 02:30:00+00:00,2024-01-28 05:00:00+00:00,16680,12679,26.5,4001,4001,31.556116412966322,5
2024-01-27 02:30:00+00:00,2024-01-28 06:00:00+00:00,16932,12877,27.5,4055,4055,31.49025394113536,6
2024-01-27 02:30:00+00:00,2024-01-28 07:00:00+00:00,17049,12485,28.5,4564,4564,36.55586704044854,7
2024-01-27 02:30:00+00:00,2024-01-28 08:00:00+00:00,17227,12248,29.5,4979,4979,40.65153494448073,8
2024-01-27 02:30:00+00:00,2024-01-28 09:00:00+00:00,17385,12157,30.5,5228,5228,43.00403059965452,9
2024-01-27 02:30:00+00:00,2024-01-28 10:00:00+00:00,16895,12583,31.5,4312,4312,34.268457442581266,10
2024-01-27 02:30:00+00:00,2024-01-28 11:00:00+00:00,16996,12532,32.5,4464,4464,35.620810724545166,11
2024-01-27 02:30:00+00:00,2024-01-28 12:00:00+00:00,16610,13588,33.5,3022,3022,22.24021195172211,12
2024-01-27 02:30:00+00:00,2024-01-28 13:00:00+00:00,16626,13513,34.5,3113,3113,23.037075408865537,13
2024-01-27 02:30:00+00:00,2024-01-28 14:00:00+00:00,16631,13270,35.5,3361,3361,25.327807083647325,14
2024-01-27 02:30:00+00:00,2024-01-28 15:00:00+00:00,16458,13272,36.5,3186,3186,24.005424954792044,15
2024-01-27 02:30:00+00:00,2024-01-28 16:00:00+00:00,16724,13866,37.5,2858,2858,20.611567863839607,16
2024-01-27 02:30:00+00:00,2024-01-28 17:00:00+00:00,17174,14255,38.5,2919,2919,20.47702560505086,17
2024-01-27 02:30:00+00:00,2024-01-28 18:00:00+00:00,17195,14262,39.5,2933,2933,20.56513812929463,18
2024-01-27 02:30:00+00:00,2024-01-28 19:00:00+00:00,17328,13632,40.5,3696,3696,27.11267605633803,19
2024-01-27 02:30:00+00:00,2024-01-28 20:00:00+00:00,16727,12878,41.5,3849,3849,29.888181394626496,20
2024-01-27 02:30:00+00:00,2024-01-28 21:00:00+00:00,15835,12151,42.5,3684,3684,30.31849230516007,21
2024-01-27 02:30:00+00:00,2024-01-28 22:00:00+00:00,14463,11484,43.5,2979,2979,25.940438871473354,22
2024-01-27 02:30:00+00:00,2024-01-28 23:00:00+00:00,12823,10198,44.5,2625,2625,25.740341243381053,23
2024-01-27 02:30:00+00:00,2024-01-29 00:00:00+00:00,11146,9682,45.5,1464,1464,15.120842801074158,0
2024-01-27 02:30:00+00:00,2024-01-29 01:00:00+00:00,10192,7980,46.5,2212,2212,27.719298245614034,1
2024-01-27 02:30:00+00:00,2024-01-29 02:00:00+00:00,9257,6149,47.5,3108,3108,50.54480403317613,2
2024-01-26 22:30:00+00:00,2024-01-27 03:00:00+00:00,15407,10526,4.5,4881,4881,46.3708911267338,3
2024-01-26 22:30:00+00:00,2024-01-27 04:00:00+00:00,15354,10210,5.5,5144,5144,50.381978452497556,4
2024-01-26 22:30:00+00:00,2024-01-27 05:00:00+00:00,15150,9962,6.5,5188,5188,52.077896004818314,5
2024-01-26 22:30:00+00:00,2024-01-27 06:00:00+00:00,15072,9601,7.5,5471,5471,56.98364753671492,6
2024-01-26 22:30:00+00:00,2024-01-27 07:00:00+00:00,14982,9683,8.5,5299,5299,54.72477537953113,7
2024-01-26 22:30:00+00:00,2024-01-27 08:00:00+00:00,14988,10340,9.5,4648,4648,44.95164410058027,8
2024-01-26 22:30:00+00:00,2024-01-27 09:00:00+00:00,15020,11012,10.5,4008,4008,36.3966581910643,9
2024-01-26 22:30:00+00:00,2024-01-27 10:00:00+00:00,15058,11366,11.5,3692,3692,32.482843568537746,10
2024-01-26 22:30:00+00:00,2024-01-27 11:00:00+00:00,15023,11512,12.5,3511,3511,30.49861014593468,11
2024-01-26 22:30:00+00:00,2024-01-27 12:00:00+00:00,14878,11957,13.5,2921,2921,24.429204649995818,12
2024-01-26 22:30:00+00:00,2024-01-27 13:00:00+00:00,14409,11761,14.5,2648,2648,22.51509225406003,13
2024-01-26 22:30:00+00:00,2024-01-27 14:00:00+00:00,13684,11712,15.5,1972,1972,16.83743169398907,14
2024-01-26 22:30:00+00:00,2024-01-27 15:00:00+00:00,13018,11419,16.5,1599,1599,14.002977493650933,15
2024-01-26 22:30:00+00:00,2024-01-27 16:00:00+00:00,12689,11093,17.5,1596,1596,14.387451546020014,16
2024-01-26 22:30:00+00:00,2024-01-27 17:00:00+00:00,12807,11721,18.5,1086,1086,9.265421039160483,17
2024-01-26 22:30:00+00:00,2024-01-27 18:00:00+00:00,13159,11500,19.5,1659,1659,14.426086956521738,18
2024-01-26 22:30:00+00:00,2024-01-27 19:00:00+00:00,13896,11124,20.5,2772,2772,24.919093851132686,19
2024-01-26 22:30:00+00:00,2024-01-27 20:00:00+00:00,14762,11453,21.5,3309,3309,28.891993364184053,20
2024-01-26 22:30:00+00:00,2024-01-27 21:00:00+00:00,15401,11309,22.5,4092,4092,36.18357060748077,21
2024-01-26 22:30:00+00:00,2024-01-27 22:00:00+00:00,15771,11292,23.5,4479,4479,39.66524973432519,22
2024-01-26 22:30:00+00:00,2024-01-27 23:00:00+00:00,15973,11688,24.5,4285,4285,36.66153319644079,23
2024-01-26 22:30:00+00:00,2024-01-28 00:00:00+00:00,16117,11118,25.5,4999,4999,44.96312286382443,0
2024-01-26 22:30:00+00:00,2024-01-28 01:00:00+00:00,16144,11312,26.5,4832,4832,42.71570014144272,1
2024-01-26 22:30:00+00:00,2024-01-28 02:00:00+00:00,16222,11981,27.5,4241,4241,35.39771304565562,2
2024-01-26 22:30:00+00:00,2024-01-28 03:00:00+00:00,16312,12345,28.5,3967,3967,32.134467395706764,3
2024-01-26 22:30:00+00:00,2024-01-28 04:00:00+00:00,16504,12181,29.5,4323,4323,35.48969706920614,4
2024-01-26 22:30:00+00:00,2024-01-28 05:00:00+00:00,16680,12679,30.5,4001,4001,31.556116412966322,5
2024-01-26 22:30:00+00:00,2024-01-28 06:00:00+00:00,16932,12877,31.5,4055,4055,31.49025394113536,6
2024-01-26 22:30:00+00:00,2024-01-28 07:00:00+00:00,17049,12485,32.5,4564,4564,36.55586704044854,7
2024-01-26 22:30:00+00:00,2024-01-28 08:00:00+00:00,17227,12248,33.5,4979,4979,40.65153494448073,8
2024-01-26 22:30:00+00:00,2024-01-28 09:00:00+00:00,17385,12157,34.5,5228,5228,43.00403059965452,9
2024-01-26 22:30:00+00:00,2024-01-28 10:00:00+00:00,16895,12583,35.5,4312,4312,34.268457442581266,10
2024-01-26 22:30:00+00:00,2024-01-28 11:00:00+00:00,16996,12532,36.5,4464,4464,35.620810724545166,11
2024-01-26 22:30:00+00:00,2024-01-28 12:00:00+00:00,16610,13588,37.5,3022,3022,22.24021195172211,12
2024-01-26 22:30:00+00:00,2024-01-28 13:00:00+00:00,16626,13513,38.5,3113,3113,23.037075408865537,13
2024-01-26 22:30:00+00:00,2024-01-28 14:00:00+00:00,16631,13270,39.5,3361,3361,25.327807083647325,14
2024-01-26 22:30:00+00:00,2024-01-28 15:00:00+00:00,16458,13272,40.5,3186,3186,24.005424954792044,15
2024-01-26 22:30:00+00:00,2024-01-28 16:00:00+00:00,16724,13866,41.5,2858,2858,20.611567863839607,16
2024-01-26 22:30:00+00:00,2024-01-28 17:00:00+00:00,17174,14255,42.5,2919,2919,20.47702560505086,17
2024-01-26 22:30:00+00:00,2024-01-28 18:00:00+00:00,17195,14262,43.5,2933,2933,20.56513812929463,18
2024-01-26 22:30:00+00:00,2024-01-28 19:00:00+00:00,17328,13632,44.5,3696,3696,27.11267605633803,19
2024-01-26 22:30:00+00:00,2024-01-28 20:00:00+00:00,16727,12878,45.5,3849,3849,29.888181394626496,20
2024-01-26 22:30:00+00:00,2024-01-28 21:00:00+00:00,15835,12151,46.5,3684,3684,30.31849230516007,21
2024-01-26 18:30:00+00:00,2024-01-26 23:00:00+00:00,15723,11989,4.5,3734,3734,31.145216448411045,23
2024-01-26 18:30:00+00:00,2024-01-27 00:00:00+00:00,15606,11898,5.5,3708,3708,31.164901664145233,0
2024-01-26 18:30:00+00:00,2024-01-27 01:00:00+00:00,15533,11576,6.5,3957,3957,34.18279198341396,1
2024-01-26 18:30:00+00:00,2024-01-27 02:00:00+00:00,15463,11146,7.5,4317,4317,38.73138345594832,2
2024-01-26 18:30:00+00:00,2024-01-27 03:00:00+00:00,15407,10526,8.5,4881,4881,46.3708911267338,3
2024-01-26 18:30:00+00:00,2024-01-27 04:00:00+00:00,15354,10210,9.5,5144,5144,50.381978452497556,4
2024-01-26 18:30:00+00:00,2024-01-27 05:00:00+00:00,15150,9962,10.5,5188,5188,52.077896004818314,5
2024-01-26 18:30:00+00:00,2024-01-27 06:00:00+00:00,15072,9601,11.5,5471,5471,56.98364753671492,6
2024-01-26 18:30:00+00:00,2024-01-27 07:00:00+00:00,14982,9683,12.5,5299,5299,54.72477537953113,7
2024-01-26 18:30:00+00:00,2024-01-27 08:00:00+00:00,14988,10340,13.5,4648,4648,44.95164410058027,8
2024-01-26 18:30:00+00:00,2024-01-27 09:00:00+00:00,15020,11012,14.5,4008,4008,36.3966581910643,9
2024-01-26 18:30:00+00:00,2024-01-27 10:00:00+00:00,15058,11366,15.5,3692,3692,32.482843568537746,10
2024-01-26 18:30:00+00:00,2024-01-27 11:00:00+00:00,15023,11512,16.5,3511,3511,30.49861014593468,11
2024-01-26 18:30:00+00:00,2024-01-27 12:00:00+00:00,14878,11957,17.5,2921,2921,24.429204649995818,12
2024-01-26 18:30:00+00:00,2024-01-27 13:00:00+00:00,14409,11761,18.5,2648,2648,22.51509225406003,13
2024-01-26 18:30:00+00:00,2024-01-27 14:00:00+00:00,13684,11712,19.5,1972,1972,16.83743169398907,14
2024-01-26 18:30:00+00:00,2024-01-27 15:00:00+00:00,13018,11419,20.5,1599,1599,14.002977493650933,15
2024-01-26 18:30:00+00:00,2024-01-27 16:00:00+00:00,12689,11093,21.5,1596,1596,14.387451546020014,16
2024-01-26 18:30:00+00:00,2024-01-27 17:00:00+00:00,12807,11721,22.5,1086,1086,9.265421039160483,17
2024-01-26 18:30:00+00:00,2024-01-27 18:00:00+00:00,13159,11500,23.5,1659,1659,14.426086956521738,18
2024-01-26 18:30:00+00:00,2024-01-27 19:00:00+00:00,13896,11124,24.5,2772,2772,24.919093851132686,19
2024-01-26 18:30:00+00:00,2024-01-27 20:00:00+00:00,14762,11453,25.5,3309,3309,28.891993364184053,20
2024-01-26 18:30:00+00:00,2024-01-27 21:00:00+00:00,15401,11309,26.5,4092,4092,36.18357060748077,21
2024-01-26 18:30:00+00:00,2024-01-27 22:00:00+00:00,15771,11292,27.5,4479,4479,39.66524973432519,22
2024-01-26 18:30:00+00:00,2024-01-27 23:00:00+00:00,15973,11688,28.5,4285,4285,36.66153319644079,23
2024-01-26 18:30:00+00:00,2024-01-28 00:00:00+00:00,16117,11118,29.5,4999,4999,44.96312286382443,0
2024-01-26 18:30:00+00:00,2024-01-28 01:00:00+00:00,16144,11312,30.5,4832,4832,42.71570014144272,1
2024-01-26 18:30:00+00:00,2024-01-28 02:00:00+00:00,16222,11981,31.5,4241,4241,35.39771304565562,2
2024-01-26 18:30:00+00:00,2024-01-28 03:00:00+00:00,16312,12345,32.5,3967,3967,32.134467395706764,3
2024-01-26 18:30:00+00:00,2024-01-28 04:00:00+00:00,16504,12181,33.5,4323,4323,35.48969706920614,4
2024-01-26 18:30:00+00:00,2024-01-28 05:00:00+00:00,16680,12679,34.5,4001,4001,31.556116412966322,5
2024-01-26 18:30:00+00:00,2024-01-28 06:00:00+00:00,16932,12877,35.5,4055,4055,31.49025394113536,6
2024-01-26 18:30:00+00:00,2024-01-28 07:00:00+00:00,17049,12485,36.5,4564,4564,36.55586704044854,7
2024-01-26 18:30:00+00:00,2024-01-28 08:00:00+00:00,17227,12248,37.5,4979,4979,40.65153494448073,8
2024-01-26 18:30:00+00:00,2024-01-28 09:00:00+00:00,17385,12157,38.5,5228,5228,43.00403059965452,9
2024-01-26 18:30:00+00:00,2024-01-28 10:00:00+00:00,16895,12583,39.5,4312,4312,34.268457442581266,10
2024-01-26 18:30:00+00:00,2024-01-28 11:00:00+00:00,16996,12532,40.5,4464,4464,35.620810724545166,11
2024-01-26 18:30:00+00:00,2024-01-28 12:00:00+00:00,16610,13588,41.5,3022,3022,22.24021195172211,12
2024-01-26 18:30:00+00:00,2024-01-28 13:00:00+00:00,16626,13513,42.5,3113,3113,23.037075408865537,13
2024-01-26 18:30:00+00:00,2024-01-28 14:00:00+00:00,16631,13270,43.5,3361,3361,25.327807083647325,14
2024-01-26 18:30:00+00:00,2024-01-28 15:00:00+00:00,16458,13272,44.5,3186,3186,24.005424954792044,15
2024-01-26 18:30:00+00:00,2024-01-28 16:00:00+00:00,16724,13866,45.5,2858,2858,20.611567863839607,16
2024-01-26 18:30:00+00:00,2024-01-28 17:00:00+00:00,17174,14255,46.5,2919,2919,20.47702560505086,17
2024-01-26 18:30:00+00:00,2024-01-28 18:00:00+00:00,17195,14262,47.5,2933,2933,20.56513812929463,18
2024-01-26 15:30:00+00:00,2024-01-26 21:00:00+00:00,16227,12454,5.5,3773,3773,30.29548739360848,21
2024-01-26 15:30:00+00:00,2024-01-26 22:00:00+00:00,16158,12336,6.5,3822,3822,30.982490272373543,22
2024-01-26 15:30:00+00:00,2024-01-26 23:00:00+00:00,16105,11989,7.5,4116,4116,34.33147051463842,23
2024-01-26 15:30:00+00:00,2024-01-27 00:00:00+00:00,16041,11898,8.5,4143,4143,34.82097831568331,0
2024-01-26 15:30:00+00:00,2024-01-27 01:00:00+00:00,15991,11576,9.5,4415,4415,38.139253628196265,1
2024-01-26 15:30:00+00:00,2024-01-27 02:00:00+00:00,15892,11146,10.5,4746,4746,42.580297864704825,2
2024-01-26 15:30:00+00:00,2024-01-27 03:00:00+00:00,15850,10526,11.5,5324,5324,50.57951738552157,3
2024-01-26 15:30:00+00:00,2024-01-27 04:00:00+00:00,15668,10210,12.5,5458,5458,53.457394711067586,4
2024-01-26 15:30:00+00:00,2024-01-27 05:00:00+00:00,15607,9962,13.5,5645,5645,56.6653282473399,5
2024-01-26 15:30:00+00:00,2024-01-27 06:00:00+00:00,15491,9601,14.5,5890,5890,61.347776273304866,6
2024-01-26 15:30:00+00:00,2024-01-27 07:00:00+00:00,15433,9683,15.5,5750,5750,59.38242280285036,7
2024-01-26 15:30:00+00:00,2024-01-27 08:00:00+00:00,15502,10340,16.5,5162,5162,49.92263056092843,8
2024-01-26 15:30:00+00:00,2024-01-27 09:00:00+00:00,15691,11012,17.5,4679,4679,42.49001089720305,9
2024-01-26 15:30:00+00:00,2024-01-27 10:00:00+00:00,15637,11366,18.5,4271,4271,37.576983987330635,10
2024-01-26 15:30:00+00:00,2024-01-27 11:00:00+00:00,15550,11512,19.5,4038,4038,35.07644197359277,11
2024-01-26 15:30:00+00:00,2024-01-27 12:00:00+00:00,15360,11957,20.5,3403,3403,28.460316132809233,12
2024-01-26 15:30:00+00:00,2024-01-27 13:00:00+00:00,14795,11761,21.5,3034,3034,25.797126094719836,13
2024-01-26 15:30:00+00:00,2024-01-27 14:00:00+00:00,13922,11712,22.5,2210,2210,18.869535519125684,14
2024-01-26 15:30:00+00:00,2024-01-27 15:00:00+00:00,13175,11419,23.5,1756,1756,15.377878973640424,15
2024-01-26 15:30:00+00:00,2024-01-27 16:00:00+00:00,12743,11093,24.5,1650,1650,14.874245019381593,16
2024-01-26 15:30:00+00:00,2024-01-27 17:00:00+00:00,12820,11721,25.5,1099,1099,9.376333077382476,17
2024-01-26 15:30:00+00:00,2024-01-27 18:00:00+00:00,13174,11500,26.5,1674,1674,14.556521739130435,18
2024-01-26 15:30:00+00:00,2024-01-27 19:00:00+00:00,13898,11124,27.5,2774,2774,24.937072995325423,19
2024-01-26 15:30:00+00:00,2024-01-27 20:00:00+00:00,14686,11453,28.5,3233,3233,28.22841176984196,20
2024-01-26 15:30:00+00:00,2024-01-27 21:00:00+00:00,15384,11309,29.5,4075,4075,36.033247855690156,21
2024-01-26 15:30:00+00:00,2024-01-27 22:00:00+00:00,15753,11292,30.5,4461,4461,39.505844845908605,22
2024-01-26 15:30:00+00:00,2024-01-27 23:00:00+00:00,16009,11688,31.5,4321,4321,36.969541409993155,23
2024-01-26 15:30:00+00:00,2024-01-28 00:00:00+00:00,16252,11118,32.5,5134,5134,46.17737003058104,0
2024-01-26 15:30:00+00:00,2024-01-28 01:00:00+00:00,16332,11312,33.5,5020,5020,44.37765205091937,1
2024-01-26 15:30:00+00:00,2024-01-28 02:00:00+00:00,16410,11981,34.5,4429,4429,36.96686420165262,2
2024-01-26 15:30:00+00:00,2024-01-28 03:00:00+00:00,16601,12345,35.5,4256,4256,34.47549615228838,3
2024-01-26 15:30:00+00:00,2024-01-28 04:00:00+00:00,16634,12181,36.5,4453,4453,36.55693292833101,4
2024-01-26 15:30:00+00:00,2024-01-28 05:00:00+00:00,16674,12679,37.5,3995,3995,31.508794068932882,5
2024-01-26 15:30:00+00:00,2024-01-28 06:00:00+00:00,16810,12877,38.5,3933,3933,30.54282829851673,6
2024-01-26 15:30:00+00:00,2024-01-28 07:00:00+00:00,16912,12485,39.5,4427,4427,35.45855026031238,7
2024-01-26 15:30:00+00:00,2024-01-28 08:00:00+00:00,17086,12248,40.5,4838,4838,39.50032658393207,8
2024-01-26 15:30:00+00:00,2024-01-28 09:00:00+00:00,17115,12157,41.5,4958,4958,40.783087932878175,9
2024-01-26 15:30:00+00:00,2024-01-28 10:00:00+00:00,17233,12583,42.5,4650,4650,36.95462131447191,10
2024-01-26 15:30:00+00:00,2024-01-28 11:00:00+00:00,17013,12532,43.5,4481,4481,35.75646345355889,11
2024-01-26 15:30:00+00:00,2024-01-28 12:00:00+00:00,16960,13588,44.5,3372,3372,24.81601413011481,12
2024-01-26 15:30:00+00:00,2024-01-28 13:00:00+00:00,16988,13513,45.5,3475,3475,25.71597720713387,13
2024-01-26 15:30:00+00:00,2024-01-28 14:00:00+00:00,16868,13270,46.5,3598,3598,27.113790504898265,14
2024-01-26 15:30:00+00:00,2024-01-28 15:00:00+00:00,16883,13272,47.5,3611,3611,27.207655213984328,15
2024-01-26 11:30:00+00:00,2024-01-26 21:00:00+00:00,16358,12454,9.5,3904,3904,31.34735827846475,21
2024-01-26 11:30:00+00:00,2024-01-26 22:00:00+00:00,16289,12336,10.5,3953,3953,32.04442282749676,22
2024-01-26 11:30:00+00:00,2024-01-26 23:00:00+00:00,16277,11989,11.5,4288,4288,35.76611894236383,23
2024-01-26 11:30:00+00:00,2024-01-27 00:00:00+00:00,16181,11898,12.5,4283,4283,35.99764666330476,0
2024-01-26 11:30:00+00:00,2024-01-27 01:00:00+00:00,16128,11576,13.5,4552,4552,39.32273669661369,1
2024-01-26 11:30:00+00:00,2024-01-27 02:00:00+00:00,16046,11146,14.5,4900,4900,43.96195944733537,2
2024-01-26 11:30:00+00:00,2024-01-27 03:00:00+00:00,16066,10526,15.5,5540,5540,52.63157894736842,3
2024-01-26 11:30:00+00:00,2024-01-27 04:00:00+00:00,16016,10210,16.5,5806,5806,56.86581782566111,4
2024-01-26 11:30:00+00:00,2024-01-27 05:00:00+00:00,15948,9962,17.5,5986,5986,60.08833567556715,5
2024-01-26 11:30:00+00:00,2024-01-27 06:00:00+00:00,15761,9601,18.5,6160,6160,64.15998333506926,6
2024-01-26 11:30:00+00:00,2024-01-27 07:00:00+00:00,15731,9683,19.5,6048,6048,62.45998141071982,7
2024-01-26 11:30:00+00:00,2024-01-27 08:00:00+00:00,15788,10340,20.5,5448,5448,52.688588007736946,8
2024-01-26 11:30:00+00:00,2024-01-27 09:00:00+00:00,15817,11012,21.5,4805,4805,43.634217217580826,9
2024-01-26 11:30:00+00:00,2024-01-27 10:00:00+00:00,15788,11366,22.5,4422,4422,38.905507654407884,10
2024-01-26 11:30:00+00:00,2024-01-27 11:00:00+00:00,15717,11512,23.5,4205,4205,36.5271021542738,11
2024-01-26 11:30:00+00:00,2024-01-27 12:00:00+00:00,15413,11957,24.5,3456,3456,28.903571129882078,12
2024-01-26 11:30:00+00:00,2024-01-27 13:00:00+00:00,14821,11761,25.5,3060,3060,26.018195731655467,13
2024-01-26 11:30:00+00:00,2024-01-27 14:00:00+00:00,13936,11712,26.5,2224,2224,18.989071038251364,14
2024-01-26 11:30:00+00:00,2024-01-27 15:00:00+00:00,13111,11419,27.5,1692,1692,14.817409580523687,15
2024-01-26 11:30:00+00:00,2024-01-27 16:00:00+00:00,12789,11093,28.5,1696,1696,15.288920941134048,16
2024-01-26 11:30:00+00:00,2024-01-27 17:00:00+00:00,12810,11721,29.5,1089,1089,9.291016124904019,17
2024-01-26 11:30:00+00:00,2024-01-27 18:00:00+00:00,13112,11500,30.5,1612,1612,14.017391304347825,18
2024-01-26 11:30:00+00:00,2024-01-27 19:00:00+00:00,13739,11124,31.5,2615,2615,23.507731032002877,19
2024-01-26 11:30:00+00:00,2024-01-27 20:00:00+00:00,14490,11453,32.5,3037,3037,26.517069763380775,20
2024-01-26 11:30:00+00:00,2024-01-27 21:00:00+00:00,15168,11309,33.5,3859,3859,34.1232646564683,21
2024-01-26 11:30:00+00:00,2024-01-27 22:00:00+00:00,15264,11292,34.5,3972,3972,35.17534537725824,22
2024-01-26 11:30:00+00:00,2024-01-27 23:00:00+00:00,15674,11688,35.5,3986,3986,34.10335386721424,23
2024-01-26 11:30:00+00:00,2024-01-28 00:00:00+00:00,16043,11118,36.5,4925,4925,44.297535527972656,0
2024-01-26 11:30:00+00:00,2024-01-28 01:00:00+00:00,16115,11312,37.5,4803,4803,42.45933521923621,1
2024-01-26 11:30:00+00:00,2024-01-28 02:00:00+00:00,16293,11981,38.5,4312,4312,35.99031800350555,2
2024-01-26 11:30:00+00:00,2024-01-28 03:00:00+00:00,16329,12345,39.5,3984,3984,32.27217496962333,3
2024-01-26 11:30:00+00:00,2024-01-28 04:00:00+00:00,16512,12181,40.5,4331,4331,35.55537312207536,4
2024-01-26 11:30:00+00:00,2024-01-28 05:00:00+00:00,16727,12679,41.5,4048,4048,31.926808107894942,5
2024-01-26 11:30:00+00:00,2024-01-28 06:00:00+00:00,16875,12877,42.5,3998,3998,31.04760425564961,6
2024-01-26 11:30:00+00:00,2024-01-28 07:00:00+00:00,16974,12485,43.5,4489,4489,35.95514617541049,7
2024-01-26 11:30:00+00:00,2024-01-28 08:00:00+00:00,17100,12248,44.5,4852,4852,39.61463096015676,8
2024-01-26 11:30:00+00:00,2024-01-28 09:00:00+00:00,17174,12157,45.5,5017,5017,41.26840503413671,9
2024-01-26 11:30:00+00:00,2024-01-28 10:00:00+00:00,17316,12583,46.5,4733,4733,37.61424143685925,10
2024-01-26 11:30:00+00:00,2024-01-28 11:00:00+00:00,16926,12532,47.5,4394,4394,35.06224066390041,11
2024-01-26 09:30:00+00:00,2024-01-26 21:00:00+00:00,16360,12454,11.5,3906,3906,31.36341737594347,21
2024-01-26 09:30:00+00:00,2024-01-26 22:00:00+00:00,16291,12336,12.5,3955,3955,32.060635538262,22
2024-01-26 09:30:00+00:00,2024-01-26 23:00:00+00:00,16286,11989,13.5,4297,4297,35.84118775544249,23
2024-01-26 09:30:00+00:00,2024-01-27 00:00:00+00:00,16190,11898,14.5,4292,4292,36.073289628508995,0
2024-01-26 09:30:00+00:00,2024-01-27 01:00:00+00:00,16133,11576,15.5,4557,4557,39.36592950932965,1
2024-01-26 09:30:00+00:00,2024-01-27 02:00:00+00:00,16050,11146,16.5,4904,4904,43.99784676116993,2
2024-01-26 09:30:00+00:00,2024-01-27 03:00:00+00:00,16074,10526,17.5,5548,5548,52.707581227436826,3
2024-01-26 09:30:00+00:00,2024-01-27 04:00:00+00:00,16022,10210,18.5,5812,5812,56.92458374142997,4
2024-01-26 09:30:00+00:00,2024-01-27 05:00:00+00:00,15950,9962,19.5,5988,5988,60.108411965468775,5
2024-01-26 09:30:00+00:00,2024-01-27 06:00:00+00:00,15769,9601,20.5,6168,6168,64.24330798875117,6
2024-01-26 09:30:00+00:00,2024-01-27 07:00:00+00:00,15733,9683,21.5,6050,6050,62.48063616647733,7
2024-01-26 09:30:00+00:00,2024-01-27 08:00:00+00:00,15789,10340,22.5,5449,5449,52.69825918762089,8
2024-01-26 09:30:00+00:00,2024-01-27 09:00:00+00:00,15825,11012,23.5,4813,4813,43.706865237922266,9
2024-01-26 09:30:00+00:00,2024-01-27 10:00:00+00:00,15792,11366,24.5,4426,4426,38.94070033433046,10
2024-01-26 09:30:00+00:00,2024-01-27 11:00:00+00:00,15713,11512,25.5,4201,4201,36.49235580264072,11
2024-01-26 09:30:00+00:00,2024-01-27 12:00:00+00:00,15397,11957,26.5,3440,3440,28.76975830057707,12
2024-01-26 09:30:00+00:00,2024-01-27 13:00:00+00:00,14801,11761,27.5,3040,3040,25.848142164781905,13
2024-01-26 09:30:00+00:00,2024-01-27 14:00:00+00:00,13922,11712,28.5,2210,2210,18.869535519125684,14
2024-01-26 09:30:00+00:00,2024-01-27 15:00:00+00:00,13105,11419,29.5,1686,1686,14.764865574918995,15
2024-01-26 09:30:00+00:00,2024-01-27 16:00:00+00:00,12784,11093,30.5,1691,1691,15.243847471378347,16
2024-01-26 09:30:00+00:00,2024-01-27 17:00:00+00:00,12804,11721,31.5,1083,1083,9.239825953416943,17
2024-01-26 09:30:00+00:00,2024-01-27 18:00:00+00:00,13110,11500,32.5,1610,1610,14.000000000000002,18
2024-01-26 09:30:00+00:00,2024-01-27 19:00:00+00:00,13726,11124,33.5,2602,2602,23.39086659475009,19
2024-01-26 09:30:00+00:00,2024-01-27 20:00:00+00:00,14475,11453,34.5,3022,3022,26.386099711865885,20
2024-01-26 09:30:00+00:00,2024-01-27 21:00:00+00:00,15162,11309,35.5,3853,3853,34.070209567601026,21
2024-01-26 09:30:00+00:00,2024-01-27 22:00:00+00:00,15304,11292,36.5,4012,4012,35.52957846262841,22
2024-01-26 09:30:00+00:00,2024-01-27 23:00:00+00:00,15759,11688,37.5,4071,4071,34.8305954825462,23
2024-01-26 09:30:00+00:00,2024-01-28 00:00:00+00:00,16138,11118,38.5,5020,5020,45.15200575643101,0
2024-01-26 09:30:00+00:00,2024-01-28 01:00:00+00:00,16269,11312,39.5,4957,4957,43.820721357850076,1
2024-01-26 09:30:00+00:00,2024-01-28 02:00:00+00:00,16460,11981,40.5,4479,4479,37.3841916367582,2
2024-01-26 09:30:00+00:00,2024-01-28 03:00:00+00:00,16441,12345,41.5,4096,4096,33.17942486836776,3
2024-01-26 09:30:00+00:00,2024-01-28 04:00:00+00:00,16578,12181,42.5,4397,4397,36.09720055824645,4
2024-01-26 09:30:00+00:00,2024-01-28 05:00:00+00:00,16756,12679,43.5,4077,4077,32.15553277072324,5
2024-01-26 09:30:00+00:00,2024-01-28 06:00:00+00:00,16873,12877,44.5,3996,3996,31.032072687737827,6
2024-01-26 09:30:00+00:00,2024-01-28 07:00:00+00:00,16971,12485,45.5,4486,4486,35.931117340808974,7
2024-01-26 09:30:00+00:00,2024-01-28 08:00:00+00:00,17095,12248,46.5,4847,4847,39.57380796864795,8
2024-01-26 09:30:00+00:00,2024-01-28 09:00:00+00:00,17168,12157,47.5,5011,5011,41.21905075265279,9
2024-01-26 07:30:00+00:00,2024-01-26 21:00:00+00:00,16360,12454,13.5,3906,3906,31.36341737594347,21
2024-01-26 07:30:00+00:00,2024-01-26 22:00:00+00:00,16292,12336,14.5,3956,3956,32.06874189364462,22
2024-01-26 07:30:00+00:00,2024-01-26 23:00:00+00:00,16287,11989,15.5,4298,4298,35.849528734673456,23
2024-01-26 07:30:00+00:00,2024-01-27 00:00:00+00:00,16191,11898,16.5,4293,4293,36.081694402420574,0
2024-01-26 07:30:00+00:00,2024-01-27 01:00:00+00:00,16134,11576,17.5,4558,4558,39.37456807187284,1
2024-01-26 07:30:00+00:00,2024-01-27 02:00:00+00:00,16051,11146,18.5,4905,4905,44.006818589628566,2
2024-01-26 07:30:00+00:00,2024-01-27 03:00:00+00:00,16076,10526,19.5,5550,5550,52.72658179745392,3
2024-01-26 07:30:00+00:00,2024-01-27 04:00:00+00:00,16024,10210,20.5,5814,5814,56.94417238001959,4
2024-01-26 07:30:00+00:00,2024-01-27 05:00:00+00:00,15953,9962,21.5,5991,5991,60.138526400321226,5
2024-01-26 07:30:00+00:00,2024-01-27 06:00:00+00:00,15772,9601,22.5,6171,6171,64.27455473388189,6
2024-01-26 07:30:00+00:00,2024-01-27 07:00:00+00:00,15735,9683,23.5,6052,6052,62.501290922234844,7
2024-01-26 07:30:00+00:00,2024-01-27 08:00:00+00:00,15790,10340,24.5,5450,5450,52.707930367504844,8
2024-01-26 07:30:00+00:00,2024-01-27 09:00:00+00:00,15826,11012,25.5,4814,4814,43.715946240464945,9
2024-01-26 07:30:00+00:00,2024-01-27 10:00:00+00:00,15793,11366,26.5,4427,4427,38.9494985043111,10
2024-01-26 07:30:00+00:00,2024-01-27 11:00:00+00:00,15722,11512,27.5,4210,4210,36.570535093815145,11
2024-01-26 07:30:00+00:00,2024-01-27 12:00:00+00:00,15406,11957,28.5,3449,3449,28.845028017061136,12
2024-01-26 07:30:00+00:00,2024-01-27 13:00:00+00:00,14807,11761,29.5,3046,3046,25.899158234843977,13
2024-01-26 07:30:00+00:00,2024-01-27 14:00:00+00:00,13924,11712,30.5,2212,2212,18.886612021857925,14
2024-01-26 07:30:00+00:00,2024-01-27 15:00:00+00:00,13102,11419,31.5,1683,1683,14.738593572116649,15
2024-01-26 07:30:00+00:00,2024-01-27 16:00:00+00:00,12780,11093,32.5,1687,1687,15.207788695573784,16
2024-01-26 07:30:00+00:00,2024-01-27 17:00:00+00:00,12800,11721,33.5,1079,1079,9.205699172425561,17
2024-01-26 07:30:00+00:00,2024-01-27 18:00:00+00:00,13108,11500,34.5,1608,1608,13.982608695652173,18
2024-01-26 07:30:00+00:00,2024-01-27 19:00:00+00:00,13722,11124,35.5,2598,2598,23.354908306364617,19
2024-01-26 07:30:00+00:00,2024-01-27 20:00:00+00:00,14472,11453,36.5,3019,3019,26.35990570156291,20
2024-01-26 07:30:00+00:00,2024-01-27 21:00:00+00:00,15159,11309,37.5,3850,3850,34.043682023167385,21
2024-01-26 07:30:00+00:00,2024-01-27 22:00:00+00:00,15305,11292,38.5,4013,4013,35.53843428976266,22
2024-01-26 07:30:00+00:00,2024-01-27 23:00:00+00:00,15762,11688,39.5,4074,4074,34.856262833675565,23
2024-01-26 07:30:00+00:00,2024-01-28 00:00:00+00:00,16142,11118,40.5,5024,5024,45.18798345026084,0
2024-01-26 07:30:00+00:00,2024-01-28 01:00:00+00:00,16274,11312,41.5,4962,4962,43.864922206506364,1
2024-01-26 07:30:00+00:00,2024-01-28 02:00:00+00:00,16466,11981,42.5,4485,4485,37.43427092897087,2
2024-01-26 07:30:00+00:00,2024-01-28 03:00:00+00:00,16447,12345,43.5,4102,4102,33.228027541514784,3
2024-01-26 07:30:00+00:00,2024-01-28 04:00:00+00:00,16585,12181,44.5,4404,4404,36.15466710450702,4
2024-01-26 07:30:00+00:00,2024-01-28 05:00:00+00:00,16762,12679,45.5,4083,4083,32.20285511475669,5
2024-01-26 07:30:00+00:00,2024-01-28 06:00:00+00:00,16880,12877,46.5,4003,4003,31.086433175429057,6
2024-01-26 07:30:00+00:00,2024-01-28 07:00:00+00:00,16977,12485,47.5,4492,4492,35.979175010012014,7
2024-01-26 04:30:00+00:00,2024-01-26 21:00:00+00:00,16351,12454,16.5,3897,3897,31.291151437289223,21
2024-01-26 04:30:00+00:00,2024-01-26 22:00:00+00:00,16317,12336,17.5,3981,3981,32.27140077821012,22
2024-01-26 04:30:00+00:00,2024-01-26 23:00:00+00:00,16290,11989,18.5,4301,4301,35.87455167236634,23
2024-01-26 04:30:00+00:00,2024-01-27 00:00:00+00:00,16179,11898,19.5,4281,4281,35.9808371154816,0
2024-01-26 04:30:00+00:00,2024-01-27 01:00:00+00:00,16111,11576,20.5,4535,4535,39.175881133379406,1
2024-01-26 04:30:00+00:00,2024-01-27 02:00:00+00:00,16046,11146,21.5,4900,4900,43.96195944733537,2
2024-01-26 04:30:00+00:00,2024-01-27 03:00:00+00:00,16100,10526,22.5,5574,5574,52.95458863765913,3
2024-01-26 04:30:00+00:00,2024-01-27 04:00:00+00:00,16093,10210,23.5,5883,5883,57.61998041136142,4
2024-01-26 04:30:00+00:00,2024-01-27 05:00:00+00:00,15888,9962,24.5,5926,5926,59.48604697851837,5
2024-01-26 04:30:00+00:00,2024-01-27 06:00:00+00:00,15870,9601,25.5,6269,6269,65.29528174148527,6
2024-01-26 04:30:00+00:00,2024-01-27 07:00:00+00:00,15830,9683,26.5,6147,6147,63.48239182071672,7
2024-01-26 04:30:00+00:00,2024-01-27 08:00:00+00:00,15866,10340,27.5,5526,5526,53.44294003868472,8
2024-01-26 04:30:00+00:00,2024-01-27 09:00:00+00:00,15902,11012,28.5,4890,4890,44.40610243370868,9
2024-01-26 04:30:00+00:00,2024-01-27 10:00:00+00:00,15865,11366,29.5,4499,4499,39.58296674291748,10
2024-01-26 04:30:00+00:00,2024-01-27 11:00:00+00:00,15806,11512,30.5,4294,4294,37.300208478109795,11
2024-01-26 04:30:00+00:00,2024-01-27 12:00:00+00:00,15526,11957,31.5,3569,3569,29.848624236848707,12
2024-01-26 04:30:00+00:00,2024-01-27 13:00:00+00:00,14935,11761,32.5,3174,3174,26.987501062834795,13
2024-01-26 04:30:00+00:00,2024-01-27 14:00:00+00:00,14146,11712,33.5,2434,2434,20.78210382513661,14
2024-01-26 04:30:00+00:00,2024-01-27 15:00:00+00:00,13286,11419,34.5,1867,1867,16.34994307732726,15
2024-01-26 04:30:00+00:00,2024-01-27 16:00:00+00:00,13365,11093,35.5,2272,2272,20.481384656990894,16
2024-01-26 04:30:00+00:00,2024-01-27 17:00:00+00:00,13315,11721,36.5,1594,1594,13.59952222506612,17
2024-01-26 04:30:00+00:00,2024-01-27 18:00:00+00:00,13251,11500,37.5,1751,1751,15.226086956521739,18
2024-01-26 04:30:00+00:00,2024-01-27 19:00:00+00:00,13807,11124,38.5,2683,2683,24.119021934555914,19
2024-01-26 04:30:00+00:00,2024-01-27 20:00:00+00:00,14350,11453,39.5,2897,2897,25.2946826159085,20
2024-01-26 04:30:00+00:00,2024-01-27 21:00:00+00:00,14889,11309,40.5,3580,3580,31.656203024140066,21
2024-01-26 04:30:00+00:00,2024-01-27 22:00:00+00:00,15365,11292,41.5,4073,4073,36.06978391781793,22
2024-01-26 04:30:00+00:00,2024-01-27 23:00:00+00:00,15767,11688,42.5,4079,4079,34.899041752224505,23
2024-01-26 04:30:00+00:00,2024-01-28 00:00:00+00:00,16087,11118,43.5,4969,4969,44.69329016010074,0
2024-01-26 04:30:00+00:00,2024-01-28 01:00:00+00:00,16301,11312,44.5,4989,4989,44.10360678925036,1
2024-01-26 04:30:00+00:00,2024-01-28 02:00:00+00:00,16382,11981,45.5,4401,4401,36.73316083799349,2
2024-01-26 04:30:00+00:00,2024-01-28 03:00:00+00:00,16606,12345,46.5,4261,4261,34.5159983799109,3
2024-01-26 04:30:00+00:00,2024-01-28 04:00:00+00:00,16752,12181,47.5,4571,4571,37.52565470815204,4
2024-01-26 02:30:00+00:00,2024-01-26 21:00:00+00:00,16358,12454,18.5,3904,3904,31.34735827846475,21
2024-01-26 02:30:00+00:00,2024-01-26 22:00:00+00:00,16322,12336,19.5,3986,3986,32.31193255512322,22
2024-01-26 02:30:00+00:00,2024-01-26 23:00:00+00:00,16293,11989,20.5,4304,4304,35.89957461005922,23
2024-01-26 02:30:00+00:00,2024-01-27 00:00:00+00:00,16179,11898,21.5,4281,4281,35.9808371154816,0
2024-01-26 02:30:00+00:00,2024-01-27 01:00:00+00:00,16110,11576,22.5,4534,4534,39.167242570836216,1
2024-01-26 02:30:00+00:00,2024-01-27 02:00:00+00:00,16046,11146,23.5,4900,4900,43.96195944733537,2
2024-01-26 02:30:00+00:00,2024-01-27 03:00:00+00:00,16102,10526,24.5,5576,5576,52.97358920767623,3
2024-01-26 02:30:00+00:00,2024-01-27 04:00:00+00:00,16093,10210,25.5,5883,5883,57.61998041136142,4
2024-01-26 02:30:00+00:00,2024-01-27 05:00:00+00:00,15888,9962,26.5,5926,5926,59.48604697851837,5
2024-01-26 02:30:00+00:00,2024-01-27 06:00:00+00:00,15870,9601,27.5,6269,6269,65.29528174148527,6
2024-01-26 02:30:00+00:00,2024-01-27 07:00:00+00:00,15830,9683,28.5,6147,6147,63.48239182071672,7
2024-01-26 02:30:00+00:00,2024-01-27 08:00:00+00:00,15867,10340,29.5,5527,5527,53.45261121856867,8
2024-01-26 02:30:00+00:00,2024-01-27 09:00:00+00:00,15901,11012,30.5,4889,4889,44.397021431166,9
2024-01-26 02:30:00+00:00,2024-01-27 10:00:00+00:00,15865,11366,31.5,4499,4499,39.58296674291748,10
2024-01-26 02:30:00+00:00,2024-01-27 11:00:00+00:00,15809,11512,32.5,4297,4297,37.32626824183461,11
2024-01-26 02:30:00+00:00,2024-01-27 12:00:00+00:00,15530,11957,33.5,3573,3573,29.88207744417496,12
2024-01-26 02:30:00+00:00,2024-01-27 13:00:00+00:00,14932,11761,34.5,3171,3171,26.96199302780376,13
2024-01-26 02:30:00+00:00,2024-01-27 14:00:00+00:00,14142,11712,35.5,2430,2430,20.74795081967213,14
2024-01-26 02:30:00+00:00,2024-01-27 15:00:00+00:00,13280,11419,36.5,1861,1861,16.29739907172257,15
2024-01-26 02:30:00+00:00,2024-01-27 16:00:00+00:00,13369,11093,37.5,2276,2276,20.517443432795456,16
2024-01-26 02:30:00+00:00,2024-01-27 17:00:00+00:00,13328,11721,38.5,1607,1607,13.710434263288116,17
2024-01-26 02:30:00+00:00,2024-01-27 18:00:00+00:00,13274,11500,39.5,1774,1774,15.42608695652174,18
2024-01-26 02:30:00+00:00,2024-01-27 19:00:00+00:00,13835,11124,40.5,2711,2711,24.370729953254227,19
2024-01-26 02:30:00+00:00,2024-01-27 20:00:00+00:00,14384,11453,41.5,2931,2931,25.591548066008908,20
2024-01-26 02:30:00+00:00,2024-01-27 21:00:00+00:00,14925,11309,42.5,3616,3616,31.974533557343708,21
2024-01-26 02:30:00+00:00,2024-01-27 22:00:00+00:00,15404,11292,43.5,4112,4112,36.41516117605384,22
2024-01-26 02:30:00+00:00,2024-01-27 23:00:00+00:00,15806,11688,44.5,4118,4118,35.23271731690623,23
2024-01-26 02:30:00+00:00,2024-01-28 00:00:00+00:00,16125,11118,45.5,5007,5007,45.03507825148408,0
2024-01-26 02:30:00+00:00,2024-01-28 01:00:00+00:00,16338,11312,46.5,5026,5026,44.43069306930693,1
2024-01-26 02:30:00+00:00,2024-01-28 02:00:00+00:00,16418,11981,47.5,4437,4437,37.033636591269506,2
2024-01-25 22:30:00+00:00,2024-01-26 03:00:00+00:00,18949,14523,4.5,4426,4426,30.47579701163671,3
2024-01-25 22:30:00+00:00,2024-01-26 04:00:00+00:00,19128,14632,5.5,4496,4496,30.727173318753415,4
2024-01-25 22:30:00+00:00,2024-01-26 05:00:00+00:00,19095,14692,6.5,4403,4403,29.96869044377893,5
2024-01-25 22:30:00+00:00,2024-01-26 06:00:00+00:00,18984,14547,7.5,4437,4437,30.501134254485464,6
2024-01-25 22:30:00+00:00,2024-01-26 07:00:00+00:00,18864,14603,8.5,4261,4261,29.178935835102376,7
2024-01-25 22:30:00+00:00,2024-01-26 08:00:00+00:00,18430,14722,9.5,3708,3708,25.186795272381467,8
2024-01-25 22:30:00+00:00,2024-01-26 09:00:00+00:00,18038,14620,10.5,3418,3418,23.37893296853625,9
2024-01-25 22:30:00+00:00,2024-01-26 10:00:00+00:00,17842,14755,11.5,3087,3087,20.92172145035581,10
2024-01-25 22:30:00+00:00,2024-01-26 11:00:00+00:00,17761,15050,12.5,2711,2711,18.01328903654485,11
2024-01-25 22:30:00+00:00,2024-01-26 12:00:00+00:00,17677,15103,13.5,2574,2574,17.04297159504734,12
2024-01-25 22:30:00+00:00,2024-01-26 13:00:00+00:00,17308,15185,14.5,2123,2123,13.980902206124465,13
2024-01-25 22:30:00+00:00,2024-01-26 14:00:00+00:00,16817,14854,15.5,1963,1963,13.215295543288002,14
2024-01-25 22:30:00+00:00,2024-01-26 15:00:00+00:00,16262,13927,16.5,2335,2335,16.765994112156243,15
2024-01-25 22:30:00+00:00,2024-01-26 16:00:00+00:00,15942,13208,17.5,2734,2734,20.699576014536643,16
2024-01-25 22:30:00+00:00,2024-01-26 17:00:00+00:00,15569,13030,18.5,2539,2539,19.485801995395242,17
2024-01-25 22:30:00+00:00,2024-01-26 18:00:00+00:00,15529,12745,19.5,2784,2784,21.843860337387213,18
2024-01-25 22:30:00+00:00,2024-01-26 19:00:00+00:00,15715,12733,20.5,2982,2982,23.4194612424409,19
2024-01-25 22:30:00+00:00,2024-01-26 20:00:00+00:00,15982,12562,21.5,3420,3420,27.22496417767871,20
2024-01-25 22:30:00+00:00,2024-01-26 21:00:00+00:00,16153,12454,22.5,3699,3699,29.70130078689578,21
2024-01-25 22:30:00+00:00,2024-01-26 22:00:00+00:00,16124,12336,23.5,3788,3788,30.706874189364463,22
2024-01-25 22:30:00+00:00,2024-01-26 23:00:00+00:00,16128,11989,24.5,4139,4139,34.52331303695054,23
2024-01-25 22:30:00+00:00,2024-01-27 00:00:00+00:00,16006,11898,25.5,4108,4108,34.52681122877795,0
2024-01-25 22:30:00+00:00,2024-01-27 01:00:00+00:00,15923,11576,26.5,4347,4347,37.55183137525916,1
2024-01-25 22:30:00+00:00,2024-01-27 02:00:00+00:00,15886,11146,27.5,4740,4740,42.526466893952986,2
2024-01-25 22:30:00+00:00,2024-01-27 03:00:00+00:00,15919,10526,28.5,5393,5393,51.23503705111153,3
2024-01-25 22:30:00+00:00,2024-01-27 04:00:00+00:00,15797,10210,29.5,5587,5587,54.72086190009794,4
2024-01-25 22:30:00+00:00,2024-01-27 05:00:00+00:00,15750,9962,30.5,5788,5788,58.10078297530617,5
2024-01-25 22:30:00+00:00,2024-01-27 06:00:00+00:00,15678,9601,31.5,6077,6077,63.295490053119465,6
2024-01-25 22:30:00+00:00,2024-01-27 07:00:00+00:00,15627,9683,32.5,5944,5944,61.385934111329135,7
2024-01-25 22:30:00+00:00,2024-01-27 08:00:00+00:00,15703,10340,33.5,5363,5363,51.866537717601545,8
2024-01-25 22:30:00+00:00,2024-01-27 09:00:00+00:00,15873,11012,34.5,4861,4861,44.142753359970946,9
2024-01-25 22:30:00+00:00,2024-01-27 10:00:00+00:00,15510,11366,35.5,4144,4144,36.45961639978884,10
2024-01-25 22:30:00+00:00,2024-01-27 11:00:00+00:00,15606,11512,36.5,4094,4094,35.562890896455876,11
2024-01-25 22:30:00+00:00,2024-01-27 12:00:00+00:00,15514,11957,37.5,3557,3557,29.748264614869953,12
2024-01-25 22:30:00+00:00,2024-01-27 13:00:00+00:00,14923,11761,38.5,3162,3162,26.885468922710654,13
2024-01-25 22:30:00+00:00,2024-01-27 14:00:00+00:00,14246,11712,39.5,2534,2534,21.635928961748636,14
2024-01-25 22:30:00+00:00,2024-01-27 15:00:00+00:00,13475,11419,40.5,2056,2056,18.00507925387512,15
2024-01-25 22:30:00+00:00,2024-01-27 16:00:00+00:00,13401,11093,41.5,2308,2308,20.80591363923195,16
2024-01-25 22:30:00+00:00,2024-01-27 17:00:00+00:00,13316,11721,42.5,1595,1595,13.608053920313967,17
2024-01-25 22:30:00+00:00,2024-01-27 18:00:00+00:00,13218,11500,43.5,1718,1718,14.939130434782607,18
2024-01-25 22:30:00+00:00,2024-01-27 19:00:00+00:00,13735,11124,44.5,2611,2611,23.471772743617404,19
2024-01-25 22:30:00+00:00,2024-01-27 20:00:00+00:00,14199,11453,45.5,2746,2746,23.976250763991967,20
2024-01-25 22:30:00+00:00,2024-01-27 21:00:00+00:00,14653,11309,46.5,3344,3344,29.56936952869396,21
2024-01-25 18:30:00+00:00,2024-01-25 23:00:00+00:00,19004,14478,4.5,4526,4526,31.26122392595662,23
2024-01-25 18:30:00+00:00,2024-01-26 00:00:00+00:00,19294,14317,5.5,4977,4977,34.76286931619752,0
2024-01-25 18:30:00+00:00,2024-01-26 01:00:00+00:00,19170,14422,6.5,4748,4748,32.9219248370545,1
2024-01-25 18:30:00+00:00,2024-01-26 02:00:00+00:00,18944,14316,7.5,4628,4628,32.32746577256217,2
2024-01-25 18:30:00+00:00,2024-01-26 03:00:00+00:00,18948,14523,8.5,4425,4425,30.46891138194588,3
2024-01-25 18:30:00+00:00,2024-01-26 04:00:00+00:00,19128,14632,9.5,4496,4496,30.727173318753415,4
2024-01-25 18:30:00+00:00,2024-01-26 05:00:00+00:00,19093,14692,10.5,4401,4401,29.955077593248024,5
2024-01-25 18:30:00+00:00,2024-01-26 06:00:00+00:00,18983,14547,11.5,4436,4436,30.49425998487661,6
2024-01-25 18:30:00+00:00,2024-01-26 07:00:00+00:00,18864,14603,12.5,4261,4261,29.178935835102376,7
2024-01-25 18:30:00+00:00,2024-01-26 08:00:00+00:00,18430,14722,13.5,3708,3708,25.186795272381467,8
2024-01-25 18:30:00+00:00,2024-01-26 09:00:00+00:00,18039,14620,14.5,3419,3419,23.385772913816687,9
2024-01-25 18:30:00+00:00,2024-01-26 10:00:00+00:00,17843,14755,15.5,3088,3088,20.92849881396137,10
2024-01-25 18:30:00+00:00,2024-01-26 11:00:00+00:00,17764,15050,16.5,2714,2714,18.033222591362126,11
2024-01-25 18:30:00+00:00,2024-01-26 12:00:00+00:00,17677,15103,17.5,2574,2574,17.04297159504734,12
2024-01-25 18:30:00+00:00,2024-01-26 13:00:00+00:00,17307,15185,18.5,2122,2122,13.974316759960487,13
2024-01-25 18:30:00+00:00,2024-01-26 14:00:00+00:00,16812,14854,19.5,1958,1958,13.181634576545036,14
2024-01-25 18:30:00+00:00,2024-01-26 15:00:00+00:00,16255,13927,20.5,2328,2328,16.715732031306096,15
2024-01-25 18:30:00+00:00,2024-01-26 16:00:00+00:00,15938,13208,21.5,2730,2730,20.669291338582678,16
2024-01-25 18:30:00+00:00,2024-01-26 17:00:00+00:00,15567,13030,22.5,2537,2537,19.470452801227935,17
2024-01-25 18:30:00+00:00,2024-01-26 18:00:00+00:00,15529,12745,23.5,2784,2784,21.843860337387213,18
2024-01-25 18:30:00+00:00,2024-01-26 19:00:00+00:00,15716,12733,24.5,2983,2983,23.427314851174113,19
2024-01-25 18:30:00+00:00,2024-01-26 20:00:00+00:00,15983,12562,25.5,3421,3421,27.23292469352014,20
2024-01-25 18:30:00+00:00,2024-01-26 21:00:00+00:00,16155,12454,26.5,3701,3701,29.7173598843745,21
2024-01-25 18:30:00+00:00,2024-01-26 22:00:00+00:00,16126,12336,27.5,3790,3790,30.723086900129704,22
2024-01-25 18:30:00+00:00,2024-01-26 23:00:00+00:00,16128,11989,28.5,4139,4139,34.52331303695054,23
2024-01-25 18:30:00+00:00,2024-01-27 00:00:00+00:00,16007,11898,29.5,4109,4109,34.53521600268953,0
2024-01-25 18:30:00+00:00,2024-01-27 01:00:00+00:00,15923,11576,30.5,4347,4347,37.55183137525916,1
2024-01-25 18:30:00+00:00,2024-01-27 02:00:00+00:00,15886,11146,31.5,4740,4740,42.526466893952986,2
2024-01-25 18:30:00+00:00,2024-01-27 03:00:00+00:00,15919,10526,32.5,5393,5393,51.23503705111153,3
2024-01-25 18:30:00+00:00,2024-01-27 04:00:00+00:00,15797,10210,33.5,5587,5587,54.72086190009794,4
2024-01-25 18:30:00+00:00,2024-01-27 05:00:00+00:00,15753,9962,34.5,5791,5791,58.130897410158596,5
2024-01-25 18:30:00+00:00,2024-01-27 06:00:00+00:00,15682,9601,35.5,6081,6081,63.337152379960415,6
2024-01-25 18:30:00+00:00,2024-01-27 07:00:00+00:00,15628,9683,36.5,5945,5945,61.396261489207895,7
2024-01-25 18:30:00+00:00,2024-01-27 08:00:00+00:00,15704,10340,37.5,5364,5364,51.8762088974855,8
2024-01-25 18:30:00+00:00,2024-01-27 09:00:00+00:00,15875,11012,38.5,4863,4863,44.160915365056304,9
2024-01-25 18:30:00+00:00,2024-01-27 10:00:00+00:00,15511,11366,39.5,4145,4145,36.468414569769486,10
2024-01-25 18:30:00+00:00,2024-01-27 11:00:00+00:00,15606,11512,40.5,4094,4094,35.562890896455876,11
2024-01-25 18:30:00+00:00,2024-01-27 12:00:00+00:00,15514,11957,41.5,3557,3557,29.748264614869953,12
2024-01-25 18:30:00+00:00,2024-01-27 13:00:00+00:00,14922,11761,42.5,3161,3161,26.876966244366972,13
2024-01-25 18:30:00+00:00,2024-01-27 14:00:00+00:00,14246,11712,43.5,2534,2534,21.635928961748636,14
2024-01-25 18:30:00+00:00,2024-01-27 15:00:00+00:00,13475,11419,44.5,2056,2056,18.00507925387512,15
2024-01-25 18:30:00+00:00,2024-01-27 16:00:00+00:00,13404,11093,45.5,2311,2311,20.832957721085368,16
2024-01-25 18:30:00+00:00,2024-01-27 17:00:00+00:00,13322,11721,46.5,1601,1601,13.65924409180104,17
2024-01-25 18:30:00+00:00,2024-01-27 18:00:00+00:00,13227,11500,47.5,1727,1727,15.017391304347827,18
2024-01-25 15:30:00+00:00,2024-01-25 21:00:00+00:00,18059,14506,5.5,3553,3553,24.4933131118158,21
2024-01-25 15:30:00+00:00,2024-01-25 22:00:00+00:00,18499,14593,6.5,3906,3906,26.766257794833137,22
2024-01-25 15:30:00+00:00,2024-01-25 23:00:00+00:00,18970,14478,7.5,4492,4492,31.026384859787264,23
2024-01-25 15:30:00+00:00,2024-01-26 00:00:00+00:00,19300,14317,8.5,4983,4983,34.80477753719355,0
2024-01-25 15:30:00+00:00,2024-01-26 01:00:00+00:00,19252,14422,9.5,4830,4830,33.49050062404659,1
2024-01-25 15:30:00+00:00,2024-01-26 02:00:00+00:00,19031,14316,10.5,4715,4715,32.93517742386141,2
2024-01-25 15:30:00+00:00,2024-01-26 03:00:00+00:00,19049,14523,11.5,4526,4526,31.164359980720235,3
2024-01-25 15:30:00+00:00,2024-01-26 04:00:00+00:00,19183,14632,12.5,4551,4551,31.103061782394754,4
2024-01-25 15:30:00+00:00,2024-01-26 05:00:00+00:00,19217,14692,13.5,4525,4525,30.7990743261639,5
2024-01-25 15:30:00+00:00,2024-01-26 06:00:00+00:00,19083,14547,14.5,4536,4536,31.18168694576201,6
2024-01-25 15:30:00+00:00,2024-01-26 07:00:00+00:00,18933,14603,15.5,4330,4330,29.651441484626446,7
2024-01-25 15:30:00+00:00,2024-01-26 08:00:00+00:00,18575,14722,16.5,3853,3853,26.171715799483763,8
2024-01-25 15:30:00+00:00,2024-01-26 09:00:00+00:00,18202,14620,17.5,3582,3582,24.500683994528043,9
2024-01-25 15:30:00+00:00,2024-01-26 10:00:00+00:00,17946,14755,18.5,3191,3191,21.626567265333783,10
2024-01-25 15:30:00+00:00,2024-01-26 11:00:00+00:00,17893,15050,19.5,2843,2843,18.890365448504983,11
2024-01-25 15:30:00+00:00,2024-01-26 12:00:00+00:00,17806,15103,20.5,2703,2703,17.89710653512547,12
2024-01-25 15:30:00+00:00,2024-01-26 13:00:00+00:00,17408,15185,21.5,2223,2223,14.639446822522226,13
2024-01-25 15:30:00+00:00,2024-01-26 14:00:00+00:00,16907,14854,22.5,2053,2053,13.82119294466137,14
2024-01-25 15:30:00+00:00,2024-01-26 15:00:00+00:00,16236,13927,23.5,2309,2309,16.57930638328427,15
2024-01-25 15:30:00+00:00,2024-01-26 16:00:00+00:00,15992,13208,24.5,2784,2784,21.078134463961234,16
2024-01-25 15:30:00+00:00,2024-01-26 17:00:00+00:00,15635,13030,25.5,2605,2605,19.992325402916347,17
2024-01-25 15:30:00+00:00,2024-01-26 18:00:00+00:00,15537,12745,26.5,2792,2792,21.90663005100039,18
2024-01-25 15:30:00+00:00,2024-01-26 19:00:00+00:00,15684,12733,27.5,2951,2951,23.1759993717113,19
2024-01-25 15:30:00+00:00,2024-01-26 20:00:00+00:00,15927,12562,28.5,3365,3365,26.787135806400254,20
2024-01-25 15:30:00+00:00,2024-01-26 21:00:00+00:00,16055,12454,29.5,3601,3601,28.914405010438415,21
2024-01-25 15:30:00+00:00,2024-01-26 22:00:00+00:00,16000,12336,30.5,3664,3664,29.701686121919586,22
2024-01-25 15:30:00+00:00,2024-01-26 23:00:00+00:00,15909,11989,31.5,3920,3920,32.696638585369925,23
2024-01-25 15:30:00+00:00,2024-01-27 00:00:00+00:00,15811,11898,32.5,3913,3913,32.8878803160195,0
2024-01-25 15:30:00+00:00,2024-01-27 01:00:00+00:00,15846,11576,33.5,4270,4270,36.88666205943331,1
2024-01-25 15:30:00+00:00,2024-01-27 02:00:00+00:00,15803,11146,34.5,4657,4657,41.78180513188588,2
2024-01-25 15:30:00+00:00,2024-01-27 03:00:00+00:00,15705,10526,35.5,5179,5179,49.201976059281776,3
2024-01-25 15:30:00+00:00,2024-01-27 04:00:00+00:00,15539,10210,36.5,5329,5329,52.19392752203722,4
2024-01-25 15:30:00+00:00,2024-01-27 05:00:00+00:00,15580,9962,37.5,5618,5618,56.39429833366793,5
2024-01-25 15:30:00+00:00,2024-01-27 06:00:00+00:00,15573,9601,38.5,5972,5972,62.20185397354442,6
2024-01-25 15:30:00+00:00,2024-01-27 07:00:00+00:00,15602,9683,39.5,5919,5919,61.12774966436022,7
2024-01-25 15:30:00+00:00,2024-01-27 08:00:00+00:00,15631,10340,40.5,5291,5291,51.170212765957444,8
2024-01-25 15:30:00+00:00,2024-01-27 09:00:00+00:00,15659,11012,41.5,4647,4647,42.19941881583727,9
2024-01-25 15:30:00+00:00,2024-01-27 10:00:00+00:00,15620,11366,42.5,4254,4254,37.42741509765969,10
2024-01-25 15:30:00+00:00,2024-01-27 11:00:00+00:00,15700,11512,43.5,4188,4188,36.37943015983321,11
2024-01-25 15:30:00+00:00,2024-01-27 12:00:00+00:00,15628,11957,44.5,3671,3671,30.701681023668144,12
2024-01-25 15:30:00+00:00,2024-01-27 13:00:00+00:00,15126,11761,45.5,3365,3365,28.611512626477342,13
2024-01-25 15:30:00+00:00,2024-01-27 14:00:00+00:00,14512,11712,46.5,2800,2800,23.90710382513661,14
2024-01-25 15:30:00+00:00,2024-01-27 15:00:00+00:00,13819,11419,47.5,2400,2400,21.017602241877572,15
2024-01-25 11:30:00+00:00,2024-01-25 21:00:00+00:00,17953,14506,9.5,3447,3447,23.76258100096512,21
2024-01-25 11:30:00+00:00,2024-01-25 22:00:00+00:00,18395,14593,10.5,3802,3802,26.053587336394163,22
2024-01-25 11:30:00+00:00,2024-01-25 23:00:00+00:00,18933,14478,11.5,4455,4455,30.770824699544136,23
2024-01-25 11:30:00+00:00,2024-01-26 00:00:00+00:00,19249,14317,12.5,4932,4932,34.44855765872739,0
2024-01-25 11:30:00+00:00,2024-01-26 01:00:00+00:00,19255,14422,13.5,4833,4833,33.51130217722923,1
2024-01-25 11:30:00+00:00,2024-01-26 02:00:00+00:00,18993,14316,14.5,4677,4677,32.66974015088013,2
2024-01-25 11:30:00+00:00,2024-01-26 03:00:00+00:00,18899,14523,15.5,4376,4376,30.131515527094955,3
2024-01-25 11:30:00+00:00,2024-01-26 04:00:00+00:00,18972,14632,16.5,4340,4340,29.66101694915254,4
2024-01-25 11:30:00+00:00,2024-01-26 05:00:00+00:00,19089,14692,17.5,4397,4397,29.927851892186226,5
2024-01-25 11:30:00+00:00,2024-01-26 06:00:00+00:00,19008,14547,18.5,4461,4461,30.666116725097957,6
2024-01-25 11:30:00+00:00,2024-01-26 07:00:00+00:00,18821,14603,19.5,4218,4218,28.884475792645347,7
2024-01-25 11:30:00+00:00,2024-01-26 08:00:00+00:00,18509,14722,20.5,3787,3787,25.723407145768242,8
2024-01-25 11:30:00+00:00,2024-01-26 09:00:00+00:00,18155,14620,21.5,3535,3535,24.17920656634747,9
2024-01-25 11:30:00+00:00,2024-01-26 10:00:00+00:00,17890,14755,22.5,3135,3135,21.247034903422566,10
2024-01-25 11:30:00+00:00,2024-01-26 11:00:00+00:00,17871,15050,23.5,2821,2821,18.744186046511626,11
2024-01-25 11:30:00+00:00,2024-01-26 12:00:00+00:00,17728,15103,24.5,2625,2625,17.380652850427065,12
2024-01-25 11:30:00+00:00,2024-01-26 13:00:00+00:00,17298,15185,25.5,2113,2113,13.915047744484689,13
2024-01-25 11:30:00+00:00,2024-01-26 14:00:00+00:00,16739,14854,26.5,1885,1885,12.69018446209775,14
2024-01-25 11:30:00+00:00,2024-01-26 15:00:00+00:00,16058,13927,27.5,2131,2131,15.301213470237668,15
2024-01-25 11:30:00+00:00,2024-01-26 16:00:00+00:00,15918,13208,28.5,2710,2710,20.51786795881284,16
2024-01-25 11:30:00+00:00,2024-01-26 17:00:00+00:00,15725,13030,29.5,2695,2695,20.683039140445125,17
2024-01-25 11:30:00+00:00,2024-01-26 18:00:00+00:00,15544,12745,30.5,2799,2799,21.961553550411928,18
2024-01-25 11:30:00+00:00,2024-01-26 19:00:00+00:00,15633,12733,31.5,2900,2900,22.77546532631744,19
2024-01-25 11:30:00+00:00,2024-01-26 20:00:00+00:00,15931,12562,32.5,3369,3369,26.81897786976596,20
2024-01-25 11:30:00+00:00,2024-01-26 21:00:00+00:00,16002,12454,33.5,3548,3548,28.488838927252285,21
2024-01-25 11:30:00+00:00,2024-01-26 22:00:00+00:00,15357,12336,34.5,3021,3021,24.48929961089494,22
2024-01-25 11:30:00+00:00,2024-01-26 23:00:00+00:00,15310,11989,35.5,3321,3321,27.700392026023856,23
2024-01-25 11:30:00+00:00,2024-01-27 00:00:00+00:00,15274,11898,36.5,3376,3376,28.374516725500083,0
2024-01-25 11:30:00+00:00,2024-01-27 01:00:00+00:00,15306,11576,37.5,3730,3730,32.22183828610919,1
2024-01-25 11:30:00+00:00,2024-01-27 02:00:00+00:00,15345,11146,38.5,4199,4199,37.67270769782882,2
2024-01-25 11:30:00+00:00,2024-01-27 03:00:00+00:00,15361,10526,39.5,4835,4835,45.93387801634049,3
2024-01-25 11:30:00+00:00,2024-01-27 04:00:00+00:00,15439,10210,40.5,5229,5229,51.21449559255632,4
2024-01-25 11:30:00+00:00,2024-01-27 05:00:00+00:00,15508,9962,41.5,5546,5546,55.67155189720939,5
2024-01-25 11:30:00+00:00,2024-01-27 06:00:00+00:00,15528,9601,42.5,5927,5927,61.73315279658369,6
2024-01-25 11:30:00+00:00,2024-01-27 07:00:00+00:00,15578,9683,43.5,5895,5895,60.87989259527006,7
2024-01-25 11:30:00+00:00,2024-01-27 08:00:00+00:00,15660,10340,44.5,5320,5320,51.45067698259188,8
2024-01-25 11:30:00+00:00,2024-01-27 09:00:00+00:00,15717,11012,45.5,4705,4705,42.72611696331275,9
2024-01-25 11:30:00+00:00,2024-01-27 10:00:00+00:00,15770,11366,46.5,4404,4404,38.74714059475629,10
2024-01-25 11:30:00+00:00,2024-01-27 11:00:00+00:00,15752,11512,47.5,4240,4240,36.831132731063235,11
2024-01-25 09:30:00+00:00,2024-01-25 21:00:00+00:00,17960,14506,11.5,3454,3454,23.810836895077898,21
2024-01-25 09:30:00+00:00,2024-01-25 22:00:00+00:00,18392,14593,12.5,3799,3799,26.033029534708422,22
2024-01-25 09:30:00+00:00,2024-01-25 23:00:00+00:00,18934,14478,13.5,4456,4456,30.777731730902058,23
2024-01-25 09:30:00+00:00,2024-01-26 00:00:00+00:00,19249,14317,14.5,4932,4932,34.44855765872739,0
2024-01-25 09:30:00+00:00,2024-01-26 01:00:00+00:00,19256,14422,15.5,4834,4834,33.51823602829011,1
2024-01-25 09:30:00+00:00,2024-01-26 02:00:00+00:00,18994,14316,16.5,4678,4678,32.67672534227437,2
2024-01-25 09:30:00+00:00,2024-01-26 03:00:00+00:00,18902,14523,17.5,4379,4379,30.15217241616746,3
2024-01-25 09:30:00+00:00,2024-01-26 04:00:00+00:00,18975,14632,18.5,4343,4343,29.68151995626025,4
2024-01-25 09:30:00+00:00,2024-01-26 05:00:00+00:00,19091,14692,19.5,4399,4399,29.941464742717127,5
2024-01-25 09:30:00+00:00,2024-01-26 06:00:00+00:00,19011,14547,20.5,4464,4464,30.686739533924523,6
2024-01-25 09:30:00+00:00,2024-01-26 07:00:00+00:00,18821,14603,21.5,4218,4218,28.884475792645347,7
2024-01-25 09:30:00+00:00,2024-01-26 08:00:00+00:00,18505,14722,22.5,3783,3783,25.696236924330933,8
2024-01-25 09:30:00+00:00,2024-01-26 09:00:00+00:00,18158,14620,23.5,3538,3538,24.19972640218878,9
2024-01-25 09:30:00+00:00,2024-01-26 10:00:00+00:00,17887,14755,24.5,3132,3132,21.226702812605897,10
2024-01-25 09:30:00+00:00,2024-01-26 11:00:00+00:00,17868,15050,25.5,2818,2818,18.72425249169435,11
2024-01-25 09:30:00+00:00,2024-01-26 12:00:00+00:00,17722,15103,26.5,2619,2619,17.340925643911806,12
2024-01-25 09:30:00+00:00,2024-01-26 13:00:00+00:00,17293,15185,27.5,2108,2108,13.8821205136648,13
2024-01-25 09:30:00+00:00,2024-01-26 14:00:00+00:00,16738,14854,28.5,1884,1884,12.683452268749159,14
2024-01-25 09:30:00+00:00,2024-01-26 15:00:00+00:00,16066,13927,29.5,2139,2139,15.358655848352122,15
2024-01-25 09:30:00+00:00,2024-01-26 16:00:00+00:00,15923,13208,30.5,2715,2715,20.5557238037553,16
2024-01-25 09:30:00+00:00,2024-01-26 17:00:00+00:00,15725,13030,31.5,2695,2695,20.683039140445125,17
2024-01-25 09:30:00+00:00,2024-01-26 18:00:00+00:00,15545,12745,32.5,2800,2800,21.969399764613573,18
2024-01-25 09:30:00+00:00,2024-01-26 19:00:00+00:00,15625,12733,33.5,2892,2892,22.71263645645174,19
2024-01-25 09:30:00+00:00,2024-01-26 20:00:00+00:00,15925,12562,34.5,3363,3363,26.7712147747174,20
2024-01-25 09:30:00+00:00,2024-01-26 21:00:00+00:00,15996,12454,35.5,3542,3542,28.440661634816124,21
2024-01-25 09:30:00+00:00,2024-01-26 22:00:00+00:00,15357,12336,36.5,3021,3021,24.48929961089494,22
2024-01-25 09:30:00+00:00,2024-01-26 23:00:00+00:00,15323,11989,37.5,3334,3334,27.808824756026358,23
2024-01-25 09:30:00+00:00,2024-01-27 00:00:00+00:00,15286,11898,38.5,3388,3388,28.475374012439065,0
2024-01-25 09:30:00+00:00,2024-01-27 01:00:00+00:00,15330,11576,39.5,3754,3754,32.42916378714582,1
2024-01-25 09:30:00+00:00,2024-01-27 02:00:00+00:00,15367,11146,40.5,4221,4221,37.870087923918895,2
2024-01-25 09:30:00+00:00,2024-01-27 03:00:00+00:00,15370,10526,41.5,4844,4844,46.019380581417444,3
2024-01-25 09:30:00+00:00,2024-01-27 04:00:00+00:00,15443,10210,42.5,5233,5233,51.25367286973555,4
2024-01-25 09:30:00+00:00,2024-01-27 05:00:00+00:00,15507,9962,43.5,5545,5545,55.661513752258585,5
2024-01-25 09:30:00+00:00,2024-01-27 06:00:00+00:00,15521,9601,44.5,5920,5920,61.660243724612016,6
2024-01-25 09:30:00+00:00,2024-01-27 07:00:00+00:00,15562,9683,45.5,5879,5879,60.71465454920995,7
2024-01-25 09:30:00+00:00,2024-01-27 08:00:00+00:00,15633,10340,46.5,5293,5293,51.18955512572534,8
2024-01-25 09:30:00+00:00,2024-01-27 09:00:00+00:00,15678,11012,47.5,4666,4666,42.3719578641482,9
2024-01-25 07:30:00+00:00,2024-01-25 21:00:00+00:00,17960,14506,13.5,3454,3454,23.810836895077898,21
2024-01-25 07:30:00+00:00,2024-01-25 22:00:00+00:00,18391,14593,14.5,3798,3798,26.026176934146513,22
2024-01-25 07:30:00+00:00,2024-01-25 23:00:00+00:00,18934,14478,15.5,4456,4456,30.777731730902058,23
2024-01-25 07:30:00+00:00,2024-01-26 00:00:00+00:00,19248,14317,16.5,4931,4931,34.441572955228054,0
2024-01-25 07:30:00+00:00,2024-01-26 01:00:00+00:00,19256,14422,17.5,4834,4834,33.51823602829011,1
2024-01-25 07:30:00+00:00,2024-01-26 02:00:00+00:00,18994,14316,18.5,4678,4678,32.67672534227437,2
2024-01-25 07:30:00+00:00,2024-01-26 03:00:00+00:00,18901,14523,19.5,4378,4378,30.14528678647662,3
2024-01-25 07:30:00+00:00,2024-01-26 04:00:00+00:00,18974,14632,20.5,4342,4342,29.674685620557682,4
2024-01-25 07:30:00+00:00,2024-01-26 05:00:00+00:00,19090,14692,21.5,4398,4398,29.934658317451674,5
2024-01-25 07:30:00+00:00,2024-01-26 06:00:00+00:00,19010,14547,22.5,4463,4463,30.679865264315666,6
2024-01-25 07:30:00+00:00,2024-01-26 07:00:00+00:00,18821,14603,23.5,4218,4218,28.884475792645347,7
2024-01-25 07:30:00+00:00,2024-01-26 08:00:00+00:00,18507,14722,24.5,3785,3785,25.709822035049584,8
2024-01-25 07:30:00+00:00,2024-01-26 09:00:00+00:00,18161,14620,25.5,3541,3541,24.220246238030096,9
2024-01-25 07:30:00+00:00,2024-01-26 10:00:00+00:00,17890,14755,26.5,3135,3135,21.247034903422566,10
2024-01-25 07:30:00+00:00,2024-01-26 11:00:00+00:00,17871,15050,27.5,2821,2821,18.744186046511626,11
2024-01-25 07:30:00+00:00,2024-01-26 12:00:00+00:00,17723,15103,28.5,2620,2620,17.347546844997684,12
2024-01-25 07:30:00+00:00,2024-01-26 13:00:00+00:00,17293,15185,29.5,2108,2108,13.8821205136648,13
2024-01-25 07:30:00+00:00,2024-01-26 14:00:00+00:00,16737,14854,30.5,1883,1883,12.676720075400565,14
2024-01-25 07:30:00+00:00,2024-01-26 15:00:00+00:00,16061,13927,31.5,2134,2134,15.322754362030588,15
2024-01-25 07:30:00+00:00,2024-01-26 16:00:00+00:00,15918,13208,32.5,2710,2710,20.51786795881284,16
2024-01-25 07:30:00+00:00,2024-01-26 17:00:00+00:00,15722,13030,33.5,2692,2692,20.660015349194165,17
2024-01-25 07:30:00+00:00,2024-01-26 18:00:00+00:00,15543,12745,34.5,2798,2798,21.95370733621028,18
2024-01-25 07:30:00+00:00,2024-01-26 19:00:00+00:00,15624,12733,35.5,2891,2891,22.704782847718526,19
2024-01-25 07:30:00+00:00,2024-01-26 20:00:00+00:00,15925,12562,36.5,3363,3363,26.7712147747174,20
2024-01-25 07:30:00+00:00,2024-01-26 21:00:00+00:00,15997,12454,37.5,3543,3543,28.448691183555486,21
2024-01-25 07:30:00+00:00,2024-01-26 22:00:00+00:00,15359,12336,38.5,3023,3023,24.50551232166018,22
2024-01-25 07:30:00+00:00,2024-01-26 23:00:00+00:00,15325,11989,39.5,3336,3336,27.82550671448828,23
2024-01-25 07:30:00+00:00,2024-01-27 00:00:00+00:00,15288,11898,40.5,3390,3390,28.49218356026223,0
2024-01-25 07:30:00+00:00,2024-01-27 01:00:00+00:00,15332,11576,41.5,3756,3756,32.446440912232205,1
2024-01-25 07:30:00+00:00,2024-01-27 02:00:00+00:00,15369,11146,42.5,4223,4223,37.88803158083617,2
2024-01-25 07:30:00+00:00,2024-01-27 03:00:00+00:00,15373,10526,43.5,4847,4847,46.04788143644309,3
2024-01-25 07:30:00+00:00,2024-01-27 04:00:00+00:00,15446,10210,44.5,5236,5236,51.28305582761998,4
2024-01-25 07:30:00+00:00,2024-01-27 05:00:00+00:00,15510,9962,45.5,5548,5548,55.69162818711102,5
2024-01-25 07:30:00+00:00,2024-01-27 06:00:00+00:00,15524,9601,46.5,5923,5923,61.69149046974274,6
2024-01-25 07:30:00+00:00,2024-01-27 07:00:00+00:00,15565,9683,47.5,5882,5882,60.745636682846225,7
2024-01-25 04:30:00+00:00,2024-01-25 21:00:00+00:00,17925,14506,16.5,3419,3419,23.569557424513995,21
2024-01-25 04:30:00+00:00,2024-01-25 22:00:00+00:00,18412,14593,17.5,3819,3819,26.170081545946687,22
2024-01-25 04:30:00+00:00,2024-01-25 23:00:00+00:00,18911,14478,18.5,4433,4433,30.618870009669845,23
2024-01-25 04:30:00+00:00,2024-01-26 00:00:00+00:00,19224,14317,19.5,4907,4907,34.27394007124398,0
2024-01-25 04:30:00+00:00,2024-01-26 01:00:00+00:00,19271,14422,20.5,4849,4849,33.6222437942033,1
2024-01-25 04:30:00+00:00,2024-01-26 02:00:00+00:00,18976,14316,21.5,4660,4660,32.55099189717798,2
2024-01-25 04:30:00+00:00,2024-01-26 03:00:00+00:00,18878,14523,22.5,4355,4355,29.98691730358741,3
2024-01-25 04:30:00+00:00,2024-01-26 04:00:00+00:00,19001,14632,23.5,4369,4369,29.859212684527066,4
2024-01-25 04:30:00+00:00,2024-01-26 05:00:00+00:00,19117,14692,24.5,4425,4425,30.11843179961884,5
2024-01-25 04:30:00+00:00,2024-01-26 06:00:00+00:00,19082,14547,25.5,4535,4535,31.174812676153156,6
2024-01-25 04:30:00+00:00,2024-01-26 07:00:00+00:00,18842,14603,26.5,4239,4239,29.028281859891802,7
2024-01-25 04:30:00+00:00,2024-01-26 08:00:00+00:00,18576,14722,27.5,3854,3854,26.178508354843093,8
2024-01-25 04:30:00+00:00,2024-01-26 09:00:00+00:00,18225,14620,28.5,3605,3605,24.658002735978112,9
2024-01-25 04:30:00+00:00,2024-01-26 10:00:00+00:00,18083,14755,29.5,3328,3328,22.555066079295155,10
2024-01-25 04:30:00+00:00,2024-01-26 11:00:00+00:00,18059,15050,30.5,3009,3009,19.993355481727576,11
2024-01-25 04:30:00+00:00,2024-01-26 12:00:00+00:00,17826,15103,31.5,2723,2723,18.029530556843014,12
2024-01-25 04:30:00+00:00,2024-01-26 13:00:00+00:00,17341,15185,32.5,2156,2156,14.198221929535727,13
2024-01-25 04:30:00+00:00,2024-01-26 14:00:00+00:00,16751,14854,33.5,1897,1897,12.770970782280866,14
2024-01-25 04:30:00+00:00,2024-01-26 15:00:00+00:00,16187,13927,34.5,2260,2260,16.22747181733324,15
2024-01-25 04:30:00+00:00,2024-01-26 16:00:00+00:00,15639,13208,35.5,2431,2431,18.405511811023622,16
2024-01-25 04:30:00+00:00,2024-01-26 17:00:00+00:00,15481,13030,36.5,2451,2451,18.810437452033767,17
2024-01-25 04:30:00+00:00,2024-01-26 18:00:00+00:00,15318,12745,37.5,2573,2573,20.188309140839543,18
2024-01-25 04:30:00+00:00,2024-01-26 19:00:00+00:00,15422,12733,38.5,2689,2689,21.11835388360952,19
2024-01-25 04:30:00+00:00,2024-01-26 20:00:00+00:00,15524,12562,39.5,2962,2962,23.579047922305367,20
2024-01-25 04:30:00+00:00,2024-01-26 21:00:00+00:00,15594,12454,40.5,3140,3140,25.212783041593063,21
2024-01-25 04:30:00+00:00,2024-01-26 22:00:00+00:00,15596,12336,41.5,3260,3260,26.426718547341117,22
2024-01-25 04:30:00+00:00,2024-01-26 23:00:00+00:00,15596,11989,42.5,3607,3607,30.085912086078903,23
2024-01-25 04:30:00+00:00,2024-01-27 00:00:00+00:00,15594,11898,43.5,3696,3696,31.06404437720625,0
2024-01-25 04:30:00+00:00,2024-01-27 01:00:00+00:00,15659,11576,44.5,4083,4083,35.27125086385625,1
2024-01-25 04:30:00+00:00,2024-01-27 02:00:00+00:00,15715,11146,45.5,4569,4569,40.99228422752557,2
2024-01-25 04:30:00+00:00,2024-01-27 03:00:00+00:00,15764,10526,46.5,5238,5238,49.76249287478625,3
2024-01-25 04:30:00+00:00,2024-01-27 04:00:00+00:00,15831,10210,47.5,5621,5621,55.053868756121446,4
2024-01-25 02:30:00+00:00,2024-01-25 21:00:00+00:00,17921,14506,18.5,3415,3415,23.54198262787812,21
2024-01-25 02:30:00+00:00,2024-01-25 22:00:00+00:00,18407,14593,19.5,3814,3814,26.13581854313712,22
2024-01-25 02:30:00+00:00,2024-01-25 23:00:00+00:00,18908,14478,20.5,4430,4430,30.59814891559608,23
2024-01-25 02:30:00+00:00,2024-01-26 00:00:00+00:00,19223,14317,21.5,4906,4906,34.266955367744636,0
2024-01-25 02:30:00+00:00,2024-01-26 01:00:00+00:00,19270,14422,22.5,4848,4848,33.61530994314242,1
2024-01-25 02:30:00+00:00,2024-01-26 02:00:00+00:00,18976,14316,23.5,4660,4660,32.55099189717798,2
2024-01-25 02:30:00+00:00,2024-01-26 03:00:00+00:00,18877,14523,24.5,4354,4354,29.98003167389658,3
2024-01-25 02:30:00+00:00,2024-01-26 04:00:00+00:00,19001,14632,25.5,4369,4369,29.859212684527066,4
2024-01-25 02:30:00+00:00,2024-01-26 05:00:00+00:00,19116,14692,26.5,4424,4424,30.11162537435339,5
2024-01-25 02:30:00+00:00,2024-01-26 06:00:00+00:00,19081,14547,27.5,4534,4534,31.167938406544305,6
2024-01-25 02:30:00+00:00,2024-01-26 07:00:00+00:00,18842,14603,28.5,4239,4239,29.028281859891802,7
2024-01-25 02:30:00+00:00,2024-01-26 08:00:00+00:00,18576,14722,29.5,3854,3854,26.178508354843093,8
2024-01-25 02:30:00+00:00,2024-01-26 09:00:00+00:00,18226,14620,30.5,3606,3606,24.664842681258552,9
2024-01-25 02:30:00+00:00,2024-01-26 10:00:00+00:00,18083,14755,31.5,3328,3328,22.555066079295155,10
2024-01-25 02:30:00+00:00,2024-01-26 11:00:00+00:00,18060,15050,32.5,3010,3010,20.0,11
2024-01-25 02:30:00+00:00,2024-01-26 12:00:00+00:00,17833,15103,33.5,2730,2730,18.07587896444415,12
2024-01-25 02:30:00+00:00,2024-01-26 13:00:00+00:00,17342,15185,34.5,2157,2157,14.204807375699705,13
2024-01-25 02:30:00+00:00,2024-01-26 14:00:00+00:00,16751,14854,35.5,1897,1897,12.770970782280866,14
2024-01-25 02:30:00+00:00,2024-01-26 15:00:00+00:00,16185,13927,36.5,2258,2258,16.213111222804624,15
2024-01-25 02:30:00+00:00,2024-01-26 16:00:00+00:00,15642,13208,37.5,2434,2434,18.428225317989096,16
2024-01-25 02:30:00+00:00,2024-01-26 17:00:00+00:00,15489,13030,38.5,2459,2459,18.871834228702994,17
2024-01-25 02:30:00+00:00,2024-01-26 18:00:00+00:00,15328,12745,39.5,2583,2583,20.266771282856023,18
2024-01-25 02:30:00+00:00,2024-01-26 19:00:00+00:00,15431,12733,40.5,2698,2698,21.189036362208434,19
2024-01-25 02:30:00+00:00,2024-01-26 20:00:00+00:00,15533,12562,41.5,2971,2971,23.650692564878202,20
2024-01-25 02:30:00+00:00,2024-01-26 21:00:00+00:00,15601,12454,42.5,3147,3147,25.26898988276859,21
2024-01-25 02:30:00+00:00,2024-01-26 22:00:00+00:00,15604,12336,43.5,3268,3268,26.491569390402077,22
2024-01-25 02:30:00+00:00,2024-01-26 23:00:00+00:00,15605,11989,44.5,3616,3616,30.160980899157565,23
2024-01-25 02:30:00+00:00,2024-01-27 00:00:00+00:00,15603,11898,45.5,3705,3705,31.13968734241049,0
2024-01-25 02:30:00+00:00,2024-01-27 01:00:00+00:00,15667,11576,46.5,4091,4091,35.340359364201795,1
2024-01-25 02:30:00+00:00,2024-01-27 02:00:00+00:00,15722,11146,47.5,4576,4576,41.05508702673605,2
2024-01-24 22:30:00+00:00,2024-01-25 03:00:00+00:00,5749,6055,4.5,-306,306,5.053674649050372,3
2024-01-24 22:30:00+00:00,2024-01-25 04:00:00+00:00,5567,6007,5.5,-440,440,7.324787747627767,4
2024-01-24 22:30:00+00:00,2024-01-25 05:00:00+00:00,5679,6135,6.5,-456,456,7.432762836185819,5
2024-01-24 22:30:00+00:00,2024-01-25 06:00:00+00:00,6266,6573,7.5,-307,307,4.670622242507227,6
2024-01-24 22:30:00+00:00,2024-01-25 07:00:00+00:00,7280,7496,8.5,-216,216,2.88153681963714,7
2024-01-24 22:30:00+00:00,2024-01-25 08:00:00+00:00,8652,8529,9.5,123,123,1.4421385860007034,8
2024-01-24 22:30:00+00:00,2024-01-25 09:00:00+00:00,10366,10362,10.5,4,4,0.03860258637328701,9
2024-01-24 22:30:00+00:00,2024-01-25 10:00:00+00:00,12340,11463,11.5,877,877,7.6507022594434275,10
2024-01-24 22:30:00+00:00,2024-01-25 11:00:00+00:00,13753,12490,12.5,1263,1263,10.11208967173739,11
2024-01-24 22:30:00+00:00,2024-01-25 12:00:00+00:00,14759,12824,13.5,1935,1935,15.088895820336868,12
2024-01-24 22:30:00+00:00,2024-01-25 13:00:00+00:00,15262,13605,14.5,1657,1657,12.179345828739434,13
2024-01-24 22:30:00+00:00,2024-01-25 14:00:00+00:00,15492,13819,15.5,1673,1673,12.106520008683697,14
2024-01-24 22:30:00+00:00,2024-01-25 15:00:00+00:00,15633,13601,16.5,2032,2032,14.940077935445922,15
2024-01-24 22:30:00+00:00,2024-01-25 16:00:00+00:00,15942,14202,17.5,1740,1740,12.251795521757499,16
2024-01-24 22:30:00+00:00,2024-01-25 17:00:00+00:00,16295,14242,18.5,2053,2053,14.415110237326218,17
2024-01-24 22:30:00+00:00,2024-01-25 18:00:00+00:00,16621,14704,19.5,1917,1917,13.03726877040261,18
2024-01-24 22:30:00+00:00,2024-01-25 19:00:00+00:00,17101,14109,20.5,2992,2992,21.206322205684312,19
2024-01-24 22:30:00+00:00,2024-01-25 20:00:00+00:00,17509,14402,21.5,3107,3107,21.573392584363283,20
2024-01-24 22:30:00+00:00,2024-01-25 21:00:00+00:00,17948,14506,22.5,3442,3442,23.728112505170273,21
2024-01-24 22:30:00+00:00,2024-01-25 22:00:00+00:00,18479,14593,23.5,3886,3886,26.629205783594873,22
2024-01-24 22:30:00+00:00,2024-01-25 23:00:00+00:00,18905,14478,24.5,4427,4427,30.577427821522306,23
2024-01-24 22:30:00+00:00,2024-01-26 00:00:00+00:00,19124,14317,25.5,4807,4807,33.57546972131033,0
2024-01-24 22:30:00+00:00,2024-01-26 01:00:00+00:00,19101,14422,26.5,4679,4679,32.443489113853836,1
2024-01-24 22:30:00+00:00,2024-01-26 02:00:00+00:00,18856,14316,27.5,4540,4540,31.71276892986868,2
2024-01-24 22:30:00+00:00,2024-01-26 03:00:00+00:00,18827,14523,28.5,4304,4304,29.635750189354816,3
2024-01-24 22:30:00+00:00,2024-01-26 04:00:00+00:00,19072,14632,29.5,4440,4440,30.344450519409516,4
2024-01-24 22:30:00+00:00,2024-01-26 05:00:00+00:00,19131,14692,30.5,4439,4439,30.21372175333515,5
2024-01-24 22:30:00+00:00,2024-01-26 06:00:00+00:00,19110,14547,31.5,4563,4563,31.36729222520107,6
2024-01-24 22:30:00+00:00,2024-01-26 07:00:00+00:00,18875,14603,32.5,4272,4272,29.25426282270766,7
2024-01-24 22:30:00+00:00,2024-01-26 08:00:00+00:00,18612,14722,33.5,3890,3890,26.423040347778837,8
2024-01-24 22:30:00+00:00,2024-01-26 09:00:00+00:00,18302,14620,34.5,3682,3682,25.18467852257182,9
2024-01-24 22:30:00+00:00,2024-01-26 10:00:00+00:00,18139,14755,35.5,3384,3384,22.934598441206372,10
2024-01-24 22:30:00+00:00,2024-01-26 11:00:00+00:00,17948,15050,36.5,2898,2898,19.25581395348837,11
2024-01-24 22:30:00+00:00,2024-01-26 12:00:00+00:00,17623,15103,37.5,2520,2520,16.685426736409983,12
2024-01-24 22:30:00+00:00,2024-01-26 13:00:00+00:00,17205,15185,38.5,2020,2020,13.302601251234773,13
2024-01-24 22:30:00+00:00,2024-01-26 14:00:00+00:00,16612,14854,39.5,1758,1758,11.835195906826444,14
2024-01-24 22:30:00+00:00,2024-01-26 15:00:00+00:00,15973,13927,40.5,2046,2046,14.690888202771596,15
2024-01-24 22:30:00+00:00,2024-01-26 16:00:00+00:00,15699,13208,41.5,2491,2491,18.859781950333133,16
2024-01-24 22:30:00+00:00,2024-01-26 17:00:00+00:00,15526,13030,42.5,2496,2496,19.155794320798158,17
2024-01-24 22:30:00+00:00,2024-01-26 18:00:00+00:00,15352,12745,43.5,2607,2607,20.455080423695566,18
2024-01-24 22:30:00+00:00,2024-01-26 19:00:00+00:00,15478,12733,44.5,2745,2745,21.55815597266944,19
2024-01-24 22:30:00+00:00,2024-01-26 20:00:00+00:00,15600,12562,45.5,3038,3038,24.184047126253784,20
2024-01-24 22:30:00+00:00,2024-01-26 21:00:00+00:00,15719,12454,46.5,3265,3265,26.21647663401317,21
2024-01-24 18:30:00+00:00,2024-01-24 23:00:00+00:00,8630,8380,4.5,250,250,2.983293556085919,23
2024-01-24 18:30:00+00:00,2024-01-25 00:00:00+00:00,7744,7512,5.5,232,232,3.08839190628328,0
2024-01-24 18:30:00+00:00,2024-01-25 01:00:00+00:00,6915,6910,6.5,5,5,0.0723589001447178,1
2024-01-24 18:30:00+00:00,2024-01-25 02:00:00+00:00,6204,6321,7.5,-117,117,1.8509729473184622,2
2024-01-24 18:30:00+00:00,2024-01-25 03:00:00+00:00,5748,6055,8.5,-307,307,5.070189925681255,3
2024-01-24 18:30:00+00:00,2024-01-25 04:00:00+00:00,5575,6007,9.5,-432,432,7.19160978857999,4
2024-01-24 18:30:00+00:00,2024-01-25 05:00:00+00:00,5674,6135,10.5,-461,461,7.514262428687857,5
2024-01-24 18:30:00+00:00,2024-01-25 06:00:00+00:00,6258,6573,11.5,-315,315,4.792332268370607,6
2024-01-24 18:30:00+00:00,2024-01-25 07:00:00+00:00,7283,7496,12.5,-213,213,2.8415154749199574,7
2024-01-24 18:30:00+00:00,2024-01-25 08:00:00+00:00,8646,8529,13.5,117,117,1.371790362293352,8
2024-01-24 18:30:00+00:00,2024-01-25 09:00:00+00:00,10363,10362,14.5,1,1,0.009650646593321752,9
2024-01-24 18:30:00+00:00,2024-01-25 10:00:00+00:00,12330,11463,15.5,867,867,7.563465061502224,10
2024-01-24 18:30:00+00:00,2024-01-25 11:00:00+00:00,13753,12490,16.5,1263,1263,10.11208967173739,11
2024-01-24 18:30:00+00:00,2024-01-25 12:00:00+00:00,14766,12824,17.5,1942,1942,15.143480973175297,12
2024-01-24 18:30:00+00:00,2024-01-25 13:00:00+00:00,15267,13605,18.5,1662,1662,12.216097023153253,13
2024-01-24 18:30:00+00:00,2024-01-25 14:00:00+00:00,15492,13819,19.5,1673,1673,12.106520008683697,14
2024-01-24 18:30:00+00:00,2024-01-25 15:00:00+00:00,15634,13601,20.5,2033,2033,14.947430336004706,15
2024-01-24 18:30:00+00:00,2024-01-25 16:00:00+00:00,15943,14202,21.5,1741,1741,12.258836783551612,16
2024-01-24 18:30:00+00:00,2024-01-25 17:00:00+00:00,16295,14242,22.5,2053,2053,14.415110237326218,17
2024-01-24 18:30:00+00:00,2024-01-25 18:00:00+00:00,16623,14704,23.5,1919,1919,13.050870511425464,18
2024-01-24 18:30:00+00:00,2024-01-25 19:00:00+00:00,17103,14109,24.5,2994,2994,21.220497554752285,19
2024-01-24 18:30:00+00:00,2024-01-25 20:00:00+00:00,17510,14402,25.5,3108,3108,21.580336064435496,20
2024-01-24 18:30:00+00:00,2024-01-25 21:00:00+00:00,17947,14506,26.5,3441,3441,23.721218806011304,21
2024-01-24 18:30:00+00:00,2024-01-25 22:00:00+00:00,18477,14593,27.5,3884,3884,26.615500582471046,22
2024-01-24 18:30:00+00:00,2024-01-25 23:00:00+00:00,18903,14478,28.5,4425,4425,30.56361375880646,23
2024-01-24 18:30:00+00:00,2024-01-26 00:00:00+00:00,19124,14317,29.5,4807,4807,33.57546972131033,0
2024-01-24 18:30:00+00:00,2024-01-26 01:00:00+00:00,19100,14422,30.5,4678,4678,32.43655526279296,1
2024-01-24 18:30:00+00:00,2024-01-26 02:00:00+00:00,18856,14316,31.5,4540,4540,31.71276892986868,2
2024-01-24 18:30:00+00:00,2024-01-26 03:00:00+00:00,18828,14523,32.5,4305,4305,29.642635819045655,3
2024-01-24 18:30:00+00:00,2024-01-26 04:00:00+00:00,19072,14632,33.5,4440,4440,30.344450519409516,4
2024-01-24 18:30:00+00:00,2024-01-26 05:00:00+00:00,19131,14692,34.5,4439,4439,30.21372175333515,5
2024-01-24 18:30:00+00:00,2024-01-26 06:00:00+00:00,19111,14547,35.5,4564,4564,31.374166494809923,6
2024-01-24 18:30:00+00:00,2024-01-26 07:00:00+00:00,18876,14603,36.5,4273,4273,29.26111073067178,7
2024-01-24 18:30:00+00:00,2024-01-26 08:00:00+00:00,18614,14722,37.5,3892,3892,26.43662545849749,8
2024-01-24 18:30:00+00:00,2024-01-26 09:00:00+00:00,18306,14620,38.5,3686,3686,25.212038303693568,9
2024-01-24 18:30:00+00:00,2024-01-26 10:00:00+00:00,18144,14755,39.5,3389,3389,22.968485259234157,10
2024-01-24 18:30:00+00:00,2024-01-26 11:00:00+00:00,17953,15050,40.5,2903,2903,19.2890365448505,11
2024-01-24 18:30:00+00:00,2024-01-26 12:00:00+00:00,17629,15103,41.5,2526,2526,16.725153942925246,12
2024-01-24 18:30:00+00:00,2024-01-26 13:00:00+00:00,17213,15185,42.5,2028,2028,13.355284820546592,13
2024-01-24 18:30:00+00:00,2024-01-26 14:00:00+00:00,16622,14854,43.5,1768,1768,11.902517840312374,14
2024-01-24 18:30:00+00:00,2024-01-26 15:00:00+00:00,15983,13927,44.5,2056,2056,14.762691175414663,15
2024-01-24 18:30:00+00:00,2024-01-26 16:00:00+00:00,15710,13208,45.5,2502,2502,18.943064809206543,16
2024-01-24 18:30:00+00:00,2024-01-26 17:00:00+00:00,15535,13030,46.5,2505,2505,19.224865694551035,17
2024-01-24 18:30:00+00:00,2024-01-26 18:00:00+00:00,15360,12745,47.5,2615,2615,20.51785013730875,18
2024-01-24 15:30:00+00:00,2024-01-24 21:00:00+00:00,10935,10361,5.5,574,574,5.54000579094682,21
2024-01-24 15:30:00+00:00,2024-01-24 22:00:00+00:00,9769,9429,6.5,340,340,3.6058967016650763,22
2024-01-24 15:30:00+00:00,2024-01-24 23:00:00+00:00,8712,8380,7.5,332,332,3.9618138424821003,23
2024-01-24 15:30:00+00:00,2024-01-25 00:00:00+00:00,7818,7512,8.5,306,306,4.073482428115016,0
2024-01-24 15:30:00+00:00,2024-01-25 01:00:00+00:00,6965,6910,9.5,55,55,0.7959479015918958,1
2024-01-24 15:30:00+00:00,2024-01-25 02:00:00+00:00,6258,6321,10.5,-63,63,0.9966777408637874,2
2024-01-24 15:30:00+00:00,2024-01-25 03:00:00+00:00,5880,6055,11.5,-175,175,2.8901734104046244,3
2024-01-24 15:30:00+00:00,2024-01-25 04:00:00+00:00,5672,6007,12.5,-335,335,5.576827035125687,4
2024-01-24 15:30:00+00:00,2024-01-25 05:00:00+00:00,5753,6135,13.5,-382,382,6.226568867155664,5
2024-01-24 15:30:00+00:00,2024-01-25 06:00:00+00:00,6207,6573,14.5,-366,366,5.568233683249658,6
2024-01-24 15:30:00+00:00,2024-01-25 07:00:00+00:00,7184,7496,15.5,-312,312,4.16221985058698,7
2024-01-24 15:30:00+00:00,2024-01-25 08:00:00+00:00,8440,8529,16.5,-89,89,1.0434986516590457,8
2024-01-24 15:30:00+00:00,2024-01-25 09:00:00+00:00,10210,10362,17.5,-152,152,1.4668982821849064,9
2024-01-24 15:30:00+00:00,2024-01-25 10:00:00+00:00,12231,11463,18.5,768,768,6.699816801884323,10
2024-01-24 15:30:00+00:00,2024-01-25 11:00:00+00:00,13775,12490,19.5,1285,1285,10.288230584467573,11
2024-01-24 15:30:00+00:00,2024-01-25 12:00:00+00:00,14769,12824,20.5,1945,1945,15.166874610106051,12
2024-01-24 15:30:00+00:00,2024-01-25 13:00:00+00:00,15305,13605,21.5,1700,1700,12.495406100698272,13
2024-01-24 15:30:00+00:00,2024-01-25 14:00:00+00:00,15558,13819,22.5,1739,1739,12.584123308488312,14
2024-01-24 15:30:00+00:00,2024-01-25 15:00:00+00:00,15748,13601,23.5,2147,2147,15.785603999705906,15
2024-01-24 15:30:00+00:00,2024-01-25 16:00:00+00:00,16131,14202,24.5,1929,1929,13.582594000844953,16
2024-01-24 15:30:00+00:00,2024-01-25 17:00:00+00:00,16500,14242,25.5,2258,2258,15.854514815334925,17
2024-01-24 15:30:00+00:00,2024-01-25 18:00:00+00:00,16817,14704,26.5,2113,2113,14.370239390642004,18
2024-01-24 15:30:00+00:00,2024-01-25 19:00:00+00:00,17299,14109,27.5,3190,3190,22.609681763413427,19
2024-01-24 15:30:00+00:00,2024-01-25 20:00:00+00:00,17728,14402,28.5,3326,3326,23.094014720177753,20
2024-01-24 15:30:00+00:00,2024-01-25 21:00:00+00:00,18137,14506,29.5,3631,3631,25.031021646215358,21
2024-01-24 15:30:00+00:00,2024-01-25 22:00:00+00:00,18635,14593,30.5,4042,4042,27.69821147125334,22
2024-01-24 15:30:00+00:00,2024-01-25 23:00:00+00:00,19020,14478,31.5,4542,4542,31.371736427683384,23
2024-01-24 15:30:00+00:00,2024-01-26 00:00:00+00:00,19144,14317,32.5,4827,4827,33.71516379129706,0
2024-01-24 15:30:00+00:00,2024-01-26 01:00:00+00:00,19031,14422,33.5,4609,4609,31.95811953959229,1
2024-01-24 15:30:00+00:00,2024-01-26 02:00:00+00:00,18910,14316,34.5,4594,4594,32.08996926515786,2
2024-01-24 15:30:00+00:00,2024-01-26 03:00:00+00:00,18914,14523,35.5,4391,4391,30.23479997245748,3
2024-01-24 15:30:00+00:00,2024-01-26 04:00:00+00:00,18970,14632,36.5,4338,4338,29.647348277747405,4
2024-01-24 15:30:00+00:00,2024-01-26 05:00:00+00:00,19036,14692,37.5,4344,4344,29.567111353117344,5
2024-01-24 15:30:00+00:00,2024-01-26 06:00:00+00:00,19069,14547,38.5,4522,4522,31.085447171238055,6
2024-01-24 15:30:00+00:00,2024-01-26 07:00:00+00:00,18928,14603,39.5,4325,4325,29.61720194480586,7
2024-01-24 15:30:00+00:00,2024-01-26 08:00:00+00:00,18658,14722,40.5,3936,3936,26.735497894307837,8
2024-01-24 15:30:00+00:00,2024-01-26 09:00:00+00:00,18316,14620,41.5,3696,3696,25.280437756497946,9
2024-01-24 15:30:00+00:00,2024-01-26 10:00:00+00:00,18215,14755,42.5,3460,3460,23.449678075228736,10
2024-01-24 15:30:00+00:00,2024-01-26 11:00:00+00:00,18010,15050,43.5,2960,2960,19.667774086378735,11
2024-01-24 15:30:00+00:00,2024-01-26 12:00:00+00:00,17671,15103,44.5,2568,2568,17.003244388532078,12
2024-01-24 15:30:00+00:00,2024-01-26 13:00:00+00:00,17243,15185,45.5,2058,2058,13.55284820546592,13
2024-01-24 15:30:00+00:00,2024-01-26 14:00:00+00:00,16687,14854,46.5,1833,1833,12.340110407970917,14
2024-01-24 15:30:00+00:00,2024-01-26 15:00:00+00:00,15987,13927,47.5,2060,2060,14.79141236447189,15
2024-01-24 11:30:00+00:00,2024-01-24 21:00:00+00:00,10976,10361,9.5,615,615,5.935720490300164,21
2024-01-24 11:30:00+00:00,2024-01-24 22:00:00+00:00,9870,9429,10.5,441,441,4.67706013363029,22
2024-01-24 11:30:00+00:00,2024-01-24 23:00:00+00:00,8803,8380,11.5,423,423,5.047732696897374,23
2024-01-24 11:30:00+00:00,2024-01-25 00:00:00+00:00,7893,7512,12.5,381,381,5.071884984025559,0
2024-01-24 11:30:00+00:00,2024-01-25 01:00:00+00:00,7040,6910,13.5,130,130,1.881331403762663,1
2024-01-24 11:30:00+00:00,2024-01-25 02:00:00+00:00,6333,6321,14.5,12,12,0.18984337921214997,2
2024-01-24 11:30:00+00:00,2024-01-25 03:00:00+00:00,5969,6055,15.5,-86,86,1.4203137902559868,3
2024-01-24 11:30:00+00:00,2024-01-25 04:00:00+00:00,5718,6007,16.5,-289,289,4.8110537706009655,4
2024-01-24 11:30:00+00:00,2024-01-25 05:00:00+00:00,5839,6135,17.5,-296,296,4.824775876120619,5
2024-01-24 11:30:00+00:00,2024-01-25 06:00:00+00:00,6214,6573,18.5,-359,359,5.461737410619199,6
2024-01-24 11:30:00+00:00,2024-01-25 07:00:00+00:00,7142,7496,19.5,-354,354,4.722518676627534,7
2024-01-24 11:30:00+00:00,2024-01-25 08:00:00+00:00,8412,8529,20.5,-117,117,1.371790362293352,8
2024-01-24 11:30:00+00:00,2024-01-25 09:00:00+00:00,10260,10362,21.5,-102,102,0.9843659525188188,9
2024-01-24 11:30:00+00:00,2024-01-25 10:00:00+00:00,12115,11463,22.5,652,652,5.687865305766379,10
2024-01-24 11:30:00+00:00,2024-01-25 11:00:00+00:00,13783,12490,23.5,1293,1293,10.352281825460368,11
2024-01-24 11:30:00+00:00,2024-01-25 12:00:00+00:00,14931,12824,24.5,2107,2107,16.430131004366814,12
2024-01-24 11:30:00+00:00,2024-01-25 13:00:00+00:00,15464,13605,25.5,1859,1859,13.664094083057698,13
2024-01-24 11:30:00+00:00,2024-01-25 14:00:00+00:00,15712,13819,26.5,1893,1893,13.698531008032418,14
2024-01-24 11:30:00+00:00,2024-01-25 15:00:00+00:00,15933,13601,27.5,2332,2332,17.145798103080658,15
2024-01-24 11:30:00+00:00,2024-01-25 16:00:00+00:00,16309,14202,28.5,2107,2107,14.835938600197155,16
2024-01-24 11:30:00+00:00,2024-01-25 17:00:00+00:00,16694,14242,29.5,2452,2452,17.21668305013341,17
2024-01-24 11:30:00+00:00,2024-01-25 18:00:00+00:00,17049,14704,30.5,2345,2345,15.94804134929271,18
2024-01-24 11:30:00+00:00,2024-01-25 19:00:00+00:00,17481,14109,31.5,3372,3372,23.899638528598764,19
2024-01-24 11:30:00+00:00,2024-01-25 20:00:00+00:00,17879,14402,32.5,3477,3477,24.142480211081793,20
2024-01-24 11:30:00+00:00,2024-01-25 21:00:00+00:00,18223,14506,33.5,3717,3717,25.623879773886664,21
2024-01-24 11:30:00+00:00,2024-01-25 22:00:00+00:00,18544,14593,34.5,3951,3951,27.074624820119237,22
2024-01-24 11:30:00+00:00,2024-01-25 23:00:00+00:00,18810,14478,35.5,4332,4332,29.92125984251969,23
2024-01-24 11:30:00+00:00,2024-01-26 00:00:00+00:00,19014,14317,36.5,4697,4697,32.807152336383325,0
2024-01-24 11:30:00+00:00,2024-01-26 01:00:00+00:00,19006,14422,37.5,4584,4584,31.78477326307031,1
2024-01-24 11:30:00+00:00,2024-01-26 02:00:00+00:00,18928,14316,38.5,4612,4612,32.21570271025426,2
2024-01-24 11:30:00+00:00,2024-01-26 03:00:00+00:00,18848,14523,39.5,4325,4325,29.780348412862356,3
2024-01-24 11:30:00+00:00,2024-01-26 04:00:00+00:00,18980,14632,40.5,4348,4348,29.7156916347731,4
2024-01-24 11:30:00+00:00,2024-01-26 05:00:00+00:00,19041,14692,41.5,4349,4349,29.6011434794446,5
2024-01-24 11:30:00+00:00,2024-01-26 06:00:00+00:00,19074,14547,42.5,4527,4527,31.119818519282326,6
2024-01-24 11:30:00+00:00,2024-01-26 07:00:00+00:00,18890,14603,43.5,4287,4287,29.356981442169417,7
2024-01-24 11:30:00+00:00,2024-01-26 08:00:00+00:00,18609,14722,44.5,3887,3887,26.402662681700857,8
2024-01-24 11:30:00+00:00,2024-01-26 09:00:00+00:00,18254,14620,45.5,3634,3634,24.856361149110807,9
2024-01-24 11:30:00+00:00,2024-01-26 10:00:00+00:00,18135,14755,46.5,3380,3380,22.90748898678414,10
2024-01-24 11:30:00+00:00,2024-01-26 11:00:00+00:00,17923,15050,47.5,2873,2873,19.089700996677742,11
2024-01-24 09:30:00+00:00,2024-01-24 21:00:00+00:00,10976,10361,11.5,615,615,5.935720490300164,21
2024-01-24 09:30:00+00:00,2024-01-24 22:00:00+00:00,9868,9429,12.5,439,439,4.655848976561671,22
2024-01-24 09:30:00+00:00,2024-01-24 23:00:00+00:00,8797,8380,13.5,417,417,4.976133651551313,23
2024-01-24 09:30:00+00:00,2024-01-25 00:00:00+00:00,7888,7512,14.5,376,376,5.005324813631523,0
2024-01-24 09:30:00+00:00,2024-01-25 01:00:00+00:00,7036,6910,15.5,126,126,1.8234442836468887,1
2024-01-24 09:30:00+00:00,2024-01-25 02:00:00+00:00,6332,6321,16.5,11,11,0.1740230976111375,2
2024-01-24 09:30:00+00:00,2024-01-25 03:00:00+00:00,5968,6055,17.5,-87,87,1.4368290668868704,3
2024-01-24 09:30:00+00:00,2024-01-25 04:00:00+00:00,5702,6007,18.5,-305,305,5.0774096886965205,4
2024-01-24 09:30:00+00:00,2024-01-25 05:00:00+00:00,5818,6135,19.5,-317,317,5.167074164629177,5
2024-01-24 09:30:00+00:00,2024-01-25 06:00:00+00:00,6201,6573,20.5,-372,372,5.659516202647193,6
2024-01-24 09:30:00+00:00,2024-01-25 07:00:00+00:00,7111,7496,21.5,-385,385,5.136072572038421,7
2024-01-24 09:30:00+00:00,2024-01-25 08:00:00+00:00,8389,8529,22.5,-140,140,1.6414585531715324,8
2024-01-24 09:30:00+00:00,2024-01-25 09:00:00+00:00,10253,10362,23.5,-109,109,1.051920478672071,9
2024-01-24 09:30:00+00:00,2024-01-25 10:00:00+00:00,12102,11463,24.5,639,639,5.5744569484428155,10
2024-01-24 09:30:00+00:00,2024-01-25 11:00:00+00:00,13766,12490,25.5,1276,1276,10.216172938350681,11
2024-01-24 09:30:00+00:00,2024-01-25 12:00:00+00:00,14940,12824,26.5,2116,2116,16.500311915159077,12
2024-01-24 09:30:00+00:00,2024-01-25 13:00:00+00:00,15467,13605,27.5,1862,1862,13.68614479970599,13
2024-01-24 09:30:00+00:00,2024-01-25 14:00:00+00:00,15711,13819,28.5,1892,1892,13.691294594399018,14
2024-01-24 09:30:00+00:00,2024-01-25 15:00:00+00:00,15927,13601,29.5,2326,2326,17.101683699727964,15
2024-01-24 09:30:00+00:00,2024-01-25 16:00:00+00:00,16307,14202,30.5,2105,2105,14.821856076608928,16
2024-01-24 09:30:00+00:00,2024-01-25 17:00:00+00:00,16696,14242,31.5,2454,2454,17.230726021626175,17
2024-01-24 09:30:00+00:00,2024-01-25 18:00:00+00:00,17053,14704,32.5,2349,2349,15.975244831338411,18
2024-01-24 09:30:00+00:00,2024-01-25 19:00:00+00:00,17477,14109,33.5,3368,3368,23.871287830462826,19
2024-01-24 09:30:00+00:00,2024-01-25 20:00:00+00:00,17878,14402,34.5,3476,3476,24.135536731009584,20
2024-01-24 09:30:00+00:00,2024-01-25 21:00:00+00:00,18224,14506,35.5,3718,3718,25.630773473045636,21
2024-01-24 09:30:00+00:00,2024-01-25 22:00:00+00:00,18548,14593,36.5,3955,3955,27.102035222366887,22
2024-01-24 09:30:00+00:00,2024-01-25 23:00:00+00:00,18807,14478,37.5,4329,4329,29.90053874844592,23
2024-01-24 09:30:00+00:00,2024-01-26 00:00:00+00:00,19011,14317,38.5,4694,4694,32.78619822588531,0
2024-01-24 09:30:00+00:00,2024-01-26 01:00:00+00:00,19006,14422,39.5,4584,4584,31.78477326307031,1
2024-01-24 09:30:00+00:00,2024-01-26 02:00:00+00:00,18930,14316,40.5,4614,4614,32.22967309304275,2
2024-01-24 09:30:00+00:00,2024-01-26 03:00:00+00:00,18848,14523,41.5,4325,4325,29.780348412862356,3
2024-01-24 09:30:00+00:00,2024-01-26 04:00:00+00:00,18979,14632,42.5,4347,4347,29.70885729907053,4
2024-01-24 09:30:00+00:00,2024-01-26 05:00:00+00:00,19040,14692,43.5,4348,4348,29.594337054179142,5
2024-01-24 09:30:00+00:00,2024-01-26 06:00:00+00:00,19074,14547,44.5,4527,4527,31.119818519282326,6
2024-01-24 09:30:00+00:00,2024-01-26 07:00:00+00:00,18890,14603,45.5,4287,4287,29.356981442169417,7
2024-01-24 09:30:00+00:00,2024-01-26 08:00:00+00:00,18609,14722,46.5,3887,3887,26.402662681700857,8
2024-01-24 09:30:00+00:00,2024-01-26 09:00:00+00:00,18255,14620,47.5,3635,3635,24.863201094391243,9
2024-01-24 07:30:00+00:00,2024-01-24 21:00:00+00:00,10976,10361,13.5,615,615,5.935720490300164,21
2024-01-24 07:30:00+00:00,2024-01-24 22:00:00+00:00,9868,9429,14.5,439,439,4.655848976561671,22
2024-01-24 07:30:00+00:00,2024-01-24 23:00:00+00:00,8798,8380,15.5,418,418,4.988066825775657,23
2024-01-24 07:30:00+00:00,2024-01-25 00:00:00+00:00,7890,7512,16.5,378,378,5.031948881789138,0
2024-01-24 07:30:00+00:00,2024-01-25 01:00:00+00:00,7038,6910,17.5,128,128,1.8523878437047756,1
2024-01-24 07:30:00+00:00,2024-01-25 02:00:00+00:00,6333,6321,18.5,12,12,0.18984337921214997,2
2024-01-24 07:30:00+00:00,2024-01-25 03:00:00+00:00,5970,6055,19.5,-85,85,1.4037985136251032,3
2024-01-24 07:30:00+00:00,2024-01-25 04:00:00+00:00,5702,6007,20.5,-305,305,5.0774096886965205,4
2024-01-24 07:30:00+00:00,2024-01-25 05:00:00+00:00,5817,6135,21.5,-318,318,5.183374083129584,5
2024-01-24 07:30:00+00:00,2024-01-25 06:00:00+00:00,6198,6573,22.5,-375,375,5.70515746234596,6
2024-01-24 07:30:00+00:00,2024-01-25 07:00:00+00:00,7109,7496,23.5,-387,387,5.162753468516542,7
2024-01-24 07:30:00+00:00,2024-01-25 08:00:00+00:00,8387,8529,24.5,-142,142,1.6649079610739828,8
2024-01-24 07:30:00+00:00,2024-01-25 09:00:00+00:00,10254,10362,25.5,-108,108,1.0422698320787493,9
2024-01-24 07:30:00+00:00,2024-01-25 10:00:00+00:00,12101,11463,26.5,638,638,5.565733228648695,10
2024-01-24 07:30:00+00:00,2024-01-25 11:00:00+00:00,13764,12490,27.5,1274,1274,10.200160128102482,11
2024-01-24 07:30:00+00:00,2024-01-25 12:00:00+00:00,14939,12824,28.5,2115,2115,16.49251403618216,12
2024-01-24 07:30:00+00:00,2024-01-25 13:00:00+00:00,15466,13605,29.5,1861,1861,13.678794560823226,13
2024-01-24 07:30:00+00:00,2024-01-25 14:00:00+00:00,15710,13819,30.5,1891,1891,13.684058180765613,14
2024-01-24 07:30:00+00:00,2024-01-25 15:00:00+00:00,15927,13601,31.5,2326,2326,17.101683699727964,15
2024-01-24 07:30:00+00:00,2024-01-25 16:00:00+00:00,16306,14202,32.5,2104,2104,14.814814814814813,16
2024-01-24 07:30:00+00:00,2024-01-25 17:00:00+00:00,16695,14242,33.5,2453,2453,17.22370453587979,17
2024-01-24 07:30:00+00:00,2024-01-25 18:00:00+00:00,17054,14704,34.5,2350,2350,15.982045701849836,18
2024-01-24 07:30:00+00:00,2024-01-25 19:00:00+00:00,17476,14109,35.5,3367,3367,23.864200155928838,19
2024-01-24 07:30:00+00:00,2024-01-25 20:00:00+00:00,17877,14402,36.5,3475,3475,24.12859325093737,20
2024-01-24 07:30:00+00:00,2024-01-25 21:00:00+00:00,18224,14506,37.5,3718,3718,25.630773473045636,21
2024-01-24 07:30:00+00:00,2024-01-25 22:00:00+00:00,18548,14593,38.5,3955,3955,27.102035222366887,22
2024-01-24 07:30:00+00:00,2024-01-25 23:00:00+00:00,18807,14478,39.5,4329,4329,29.90053874844592,23
2024-01-24 07:30:00+00:00,2024-01-26 00:00:00+00:00,19011,14317,40.5,4694,4694,32.78619822588531,0
2024-01-24 07:30:00+00:00,2024-01-26 01:00:00+00:00,19006,14422,41.5,4584,4584,31.78477326307031,1
2024-01-24 07:30:00+00:00,2024-01-26 02:00:00+00:00,18930,14316,42.5,4614,4614,32.22967309304275,2
2024-01-24 07:30:00+00:00,2024-01-26 03:00:00+00:00,18848,14523,43.5,4325,4325,29.780348412862356,3
2024-01-24 07:30:00+00:00,2024-01-26 04:00:00+00:00,18979,14632,44.5,4347,4347,29.70885729907053,4
2024-01-24 07:30:00+00:00,2024-01-26 05:00:00+00:00,19040,14692,45.5,4348,4348,29.594337054179142,5
2024-01-24 07:30:00+00:00,2024-01-26 06:00:00+00:00,19073,14547,46.5,4526,4526,31.112944249673475,6
2024-01-24 07:30:00+00:00,2024-01-26 07:00:00+00:00,18890,14603,47.5,4287,4287,29.356981442169417,7
2024-01-24 04:30:00+00:00,2024-01-24 21:00:00+00:00,11087,10361,16.5,726,726,7.007045651964096,21
2024-01-24 04:30:00+00:00,2024-01-24 22:00:00+00:00,9901,9429,17.5,472,472,5.00583306819387,22
2024-01-24 04:30:00+00:00,2024-01-24 23:00:00+00:00,8748,8380,18.5,368,368,4.391408114558472,23
2024-01-24 04:30:00+00:00,2024-01-25 00:00:00+00:00,7887,7512,19.5,375,375,4.992012779552716,0
2024-01-24 04:30:00+00:00,2024-01-25 01:00:00+00:00,7083,6910,20.5,173,173,2.5036179450072362,1
2024-01-24 04:30:00+00:00,2024-01-25 02:00:00+00:00,6366,6321,21.5,45,45,0.7119126720455624,2
2024-01-24 04:30:00+00:00,2024-01-25 03:00:00+00:00,5986,6055,22.5,-69,69,1.139554087530966,3
2024-01-24 04:30:00+00:00,2024-01-25 04:00:00+00:00,5771,6007,23.5,-236,236,3.9287497919094387,4
2024-01-24 04:30:00+00:00,2024-01-25 05:00:00+00:00,5858,6135,24.5,-277,277,4.515077424612877,5
2024-01-24 04:30:00+00:00,2024-01-25 06:00:00+00:00,6420,6573,25.5,-153,153,2.327704244637152,6
2024-01-24 04:30:00+00:00,2024-01-25 07:00:00+00:00,7349,7496,26.5,-147,147,1.9610458911419424,7
2024-01-24 04:30:00+00:00,2024-01-25 08:00:00+00:00,8790,8529,27.5,261,261,3.060147731269786,8
2024-01-24 04:30:00+00:00,2024-01-25 09:00:00+00:00,10727,10362,28.5,365,365,3.5224860065624397,9
2024-01-24 04:30:00+00:00,2024-01-25 10:00:00+00:00,12396,11463,29.5,933,933,8.13923056791416,10
2024-01-24 04:30:00+00:00,2024-01-25 11:00:00+00:00,14148,12490,30.5,1658,1658,13.274619695756606,11
2024-01-24 04:30:00+00:00,2024-01-25 12:00:00+00:00,15516,12824,31.5,2692,2692,20.991890205864006,12
2024-01-24 04:30:00+00:00,2024-01-25 13:00:00+00:00,15966,13605,32.5,2361,2361,17.35391400220507,13
2024-01-24 04:30:00+00:00,2024-01-25 14:00:00+00:00,16218,13819,33.5,2399,2399,17.36015630653448,14
2024-01-24 04:30:00+00:00,2024-01-25 15:00:00+00:00,16451,13601,34.5,2850,2850,20.95434159252996,15
2024-01-24 04:30:00+00:00,2024-01-25 16:00:00+00:00,16577,14202,35.5,2375,2375,16.722996761019573,16
2024-01-24 04:30:00+00:00,2024-01-25 17:00:00+00:00,16869,14242,36.5,2627,2627,18.445443055750594,17
2024-01-24 04:30:00+00:00,2024-01-25 18:00:00+00:00,17105,14704,37.5,2401,2401,16.328890097932536,18
2024-01-24 04:30:00+00:00,2024-01-25 19:00:00+00:00,17533,14109,38.5,3424,3424,24.26819760436601,19
2024-01-24 04:30:00+00:00,2024-01-25 20:00:00+00:00,17913,14402,39.5,3511,3511,24.37855853353701,20
2024-01-24 04:30:00+00:00,2024-01-25 21:00:00+00:00,18231,14506,40.5,3725,3725,25.679029367158417,21
2024-01-24 04:30:00+00:00,2024-01-25 22:00:00+00:00,18573,14593,41.5,3980,3980,27.273350236414718,22
2024-01-24 04:30:00+00:00,2024-01-25 23:00:00+00:00,18788,14478,42.5,4310,4310,29.76930515264539,23
2024-01-24 04:30:00+00:00,2024-01-26 00:00:00+00:00,18983,14317,43.5,4666,4666,32.59062652790389,0
2024-01-24 04:30:00+00:00,2024-01-26 01:00:00+00:00,18986,14422,44.5,4564,4564,31.64609624185272,1
2024-01-24 04:30:00+00:00,2024-01-26 02:00:00+00:00,18959,14316,45.5,4643,4643,32.432243643475836,2
2024-01-24 04:30:00+00:00,2024-01-26 03:00:00+00:00,18902,14523,46.5,4379,4379,30.15217241616746,3
2024-01-24 04:30:00+00:00,2024-01-26 04:00:00+00:00,18982,14632,47.5,4350,4350,29.729360306178236,4
2024-01-24 02:30:00+00:00,2024-01-24 21:00:00+00:00,11090,10361,18.5,729,729,7.036000386063121,21
2024-01-24 02:30:00+00:00,2024-01-24 22:00:00+00:00,9903,9429,19.5,474,474,5.027044225262488,22
2024-01-24 02:30:00+00:00,2024-01-24 23:00:00+00:00,8751,8380,20.5,371,371,4.427207637231503,23
2024-01-24 02:30:00+00:00,2024-01-25 00:00:00+00:00,7893,7512,21.5,381,381,5.071884984025559,0
2024-01-24 02:30:00+00:00,2024-01-25 01:00:00+00:00,7084,6910,22.5,174,174,2.5180897250361793,1
2024-01-24 02:30:00+00:00,2024-01-25 02:00:00+00:00,6367,6321,23.5,46,46,0.727732953646575,2
2024-01-24 02:30:00+00:00,2024-01-25 03:00:00+00:00,5992,6055,24.5,-63,63,1.0404624277456647,3
2024-01-24 02:30:00+00:00,2024-01-25 04:00:00+00:00,5768,6007,25.5,-239,239,3.9786915265523555,4
2024-01-24 02:30:00+00:00,2024-01-25 05:00:00+00:00,5854,6135,26.5,-281,281,4.5802770986145065,5
2024-01-24 02:30:00+00:00,2024-01-25 06:00:00+00:00,6417,6573,27.5,-156,156,2.3733455043359197,6
2024-01-24 02:30:00+00:00,2024-01-25 07:00:00+00:00,7340,7496,28.5,-156,156,2.08110992529349,7
2024-01-24 02:30:00+00:00,2024-01-25 08:00:00+00:00,8786,8529,29.5,257,257,3.0132489154648843,8
2024-01-24 02:30:00+00:00,2024-01-25 09:00:00+00:00,10722,10362,30.5,360,360,3.474232773595831,9
2024-01-24 02:30:00+00:00,2024-01-25 10:00:00+00:00,12390,11463,31.5,927,927,8.086888249149437,10
2024-01-24 02:30:00+00:00,2024-01-25 11:00:00+00:00,14149,12490,32.5,1659,1659,13.282626100880703,11
2024-01-24 02:30:00+00:00,2024-01-25 12:00:00+00:00,15516,12824,33.5,2692,2692,20.991890205864006,12
2024-01-24 02:30:00+00:00,2024-01-25 13:00:00+00:00,15961,13605,34.5,2356,2356,17.317162807791252,13
2024-01-24 02:30:00+00:00,2024-01-25 14:00:00+00:00,16213,13819,35.5,2394,2394,17.323974238367466,14
2024-01-24 02:30:00+00:00,2024-01-25 15:00:00+00:00,16452,13601,36.5,2851,2851,20.961693993088744,15
2024-01-24 02:30:00+00:00,2024-01-25 16:00:00+00:00,16580,14202,37.5,2378,2378,16.744120546401916,16
2024-01-24 02:30:00+00:00,2024-01-25 17:00:00+00:00,16874,14242,38.5,2632,2632,18.480550484482517,17
2024-01-24 02:30:00+00:00,2024-01-25 18:00:00+00:00,17111,14704,39.5,2407,2407,16.36969532100109,18
2024-01-24 02:30:00+00:00,2024-01-25 19:00:00+00:00,17536,14109,40.5,3427,3427,24.289460627967962,19
2024-01-24 02:30:00+00:00,2024-01-25 20:00:00+00:00,17916,14402,41.5,3514,3514,24.399388973753645,20
2024-01-24 02:30:00+00:00,2024-01-25 21:00:00+00:00,18233,14506,42.5,3727,3727,25.692816765476355,21
2024-01-24 02:30:00+00:00,2024-01-25 22:00:00+00:00,18575,14593,43.5,3982,3982,27.287055437538545,22
2024-01-24 02:30:00+00:00,2024-01-25 23:00:00+00:00,18789,14478,44.5,4311,4311,29.776212184003313,23
2024-01-24 02:30:00+00:00,2024-01-26 00:00:00+00:00,18984,14317,45.5,4667,4667,32.59761123140323,0
2024-01-24 02:30:00+00:00,2024-01-26 01:00:00+00:00,18987,14422,46.5,4565,4565,31.653030092913603,1
2024-01-24 02:30:00+00:00,2024-01-26 02:00:00+00:00,18959,14316,47.5,4643,4643,32.432243643475836,2
2024-01-23 22:30:00+00:00,2024-01-24 03:00:00+00:00,18258,13351,4.5,4907,4907,36.75380121339226,3
2024-01-23 22:30:00+00:00,2024-01-24 04:00:00+00:00,18399,13392,5.5,5007,5007,37.38799283154122,4
2024-01-23 22:30:00+00:00,2024-01-24 05:00:00+00:00,18465,13320,6.5,5145,5145,38.626126126126124,5
2024-01-23 22:30:00+00:00,2024-01-24 06:00:00+00:00,18759,13479,7.5,5280,5280,39.17204540396172,6
2024-01-23 22:30:00+00:00,2024-01-24 07:00:00+00:00,19109,14158,8.5,4951,4951,34.96962847859867,7
2024-01-23 22:30:00+00:00,2024-01-24 08:00:00+00:00,19473,14406,9.5,5067,5067,35.172844648063304,8
2024-01-23 22:30:00+00:00,2024-01-24 09:00:00+00:00,19325,14811,10.5,4514,4514,30.47734791708865,9
2024-01-23 22:30:00+00:00,2024-01-24 10:00:00+00:00,19163,14879,11.5,4284,4284,28.7922575441898,10
2024-01-23 22:30:00+00:00,2024-01-24 11:00:00+00:00,19076,14882,12.5,4194,4194,28.181696008600994,11
2024-01-23 22:30:00+00:00,2024-01-24 12:00:00+00:00,18757,14859,13.5,3898,3898,26.233259304125443,12
2024-01-23 22:30:00+00:00,2024-01-24 13:00:00+00:00,18270,14727,14.5,3543,3543,24.05785292320228,13
2024-01-23 22:30:00+00:00,2024-01-24 14:00:00+00:00,17477,14200,15.5,3277,3277,23.077464788732392,14
2024-01-23 22:30:00+00:00,2024-01-24 15:00:00+00:00,16663,14210,16.5,2453,2453,17.262491203377902,15
2024-01-23 22:30:00+00:00,2024-01-24 16:00:00+00:00,15911,13797,17.5,2114,2114,15.322171486555048,16
2024-01-23 22:30:00+00:00,2024-01-24 17:00:00+00:00,15117,12907,18.5,2210,2210,17.122491671186175,17
2024-01-23 22:30:00+00:00,2024-01-24 18:00:00+00:00,14343,12889,19.5,1454,1454,11.280937233299714,18
2024-01-23 22:30:00+00:00,2024-01-24 19:00:00+00:00,13343,11844,20.5,1499,1499,12.656197230665317,19
2024-01-23 22:30:00+00:00,2024-01-24 20:00:00+00:00,12361,11630,21.5,731,731,6.285468615649183,20
2024-01-23 22:30:00+00:00,2024-01-24 21:00:00+00:00,11189,10361,22.5,828,828,7.991506611330952,21
2024-01-23 22:30:00+00:00,2024-01-24 22:00:00+00:00,9939,9429,23.5,510,510,5.408845052497614,22
2024-01-23 22:30:00+00:00,2024-01-24 23:00:00+00:00,8833,8380,24.5,453,453,5.405727923627685,23
2024-01-23 22:30:00+00:00,2024-01-25 00:00:00+00:00,7980,7512,25.5,468,468,6.230031948881789,0
2024-01-23 22:30:00+00:00,2024-01-25 01:00:00+00:00,7253,6910,26.5,343,343,4.963820549927641,1
2024-01-23 22:30:00+00:00,2024-01-25 02:00:00+00:00,6617,6321,27.5,296,296,4.682803353899699,2
2024-01-23 22:30:00+00:00,2024-01-25 03:00:00+00:00,6234,6055,28.5,179,179,2.9562345169281588,3
2024-01-23 22:30:00+00:00,2024-01-25 04:00:00+00:00,6028,6007,29.5,21,21,0.3495921425004162,4
2024-01-23 22:30:00+00:00,2024-01-25 05:00:00+00:00,6206,6135,30.5,71,71,1.1572942135289324,5
2024-01-23 22:30:00+00:00,2024-01-25 06:00:00+00:00,6803,6573,31.5,230,230,3.499163243572189,6
2024-01-23 22:30:00+00:00,2024-01-25 07:00:00+00:00,7947,7496,32.5,451,451,6.016542155816436,7
2024-01-23 22:30:00+00:00,2024-01-25 08:00:00+00:00,9639,8529,33.5,1110,1110,13.014421385860006,8
2024-01-23 22:30:00+00:00,2024-01-25 09:00:00+00:00,11639,10362,34.5,1277,1277,12.323875699671879,9
2024-01-23 22:30:00+00:00,2024-01-25 10:00:00+00:00,12800,11463,35.5,1337,1337,11.663613364738724,10
2024-01-23 22:30:00+00:00,2024-01-25 11:00:00+00:00,14473,12490,36.5,1983,1983,15.876701361088871,11
2024-01-23 22:30:00+00:00,2024-01-25 12:00:00+00:00,15753,12824,37.5,2929,2929,22.83998752339364,12
2024-01-23 22:30:00+00:00,2024-01-25 13:00:00+00:00,16065,13605,38.5,2460,2460,18.081587651598678,13
2024-01-23 22:30:00+00:00,2024-01-25 14:00:00+00:00,16357,13819,39.5,2538,2538,18.366017801577538,14
2024-01-23 22:30:00+00:00,2024-01-25 15:00:00+00:00,16587,13601,40.5,2986,2986,21.954268068524375,15
2024-01-23 22:30:00+00:00,2024-01-25 16:00:00+00:00,16868,14202,41.5,2666,2666,18.772003943106604,16
2024-01-23 22:30:00+00:00,2024-01-25 17:00:00+00:00,17097,14242,42.5,2855,2855,20.046341805926136,17
2024-01-23 22:30:00+00:00,2024-01-25 18:00:00+00:00,17276,14704,43.5,2572,2572,17.491838955386292,18
2024-01-23 22:30:00+00:00,2024-01-25 19:00:00+00:00,17630,14109,44.5,3521,3521,24.95570203416259,19
2024-01-23 22:30:00+00:00,2024-01-25 20:00:00+00:00,17908,14402,45.5,3506,3506,24.343841133175946,20
2024-01-23 22:30:00+00:00,2024-01-25 21:00:00+00:00,18164,14506,46.5,3658,3658,25.217151523507514,21
2024-01-23 18:30:00+00:00,2024-01-23 23:00:00+00:00,18406,13784,4.5,4622,4622,33.53163087637841,23
2024-01-23 18:30:00+00:00,2024-01-24 00:00:00+00:00,18390,13888,5.5,4502,4502,32.41647465437788,0
2024-01-23 18:30:00+00:00,2024-01-24 01:00:00+00:00,18236,13913,6.5,4323,4323,31.071659598936247,1
2024-01-23 18:30:00+00:00,2024-01-24 02:00:00+00:00,18369,13586,7.5,4783,4783,35.20535845723539,2
2024-01-23 18:30:00+00:00,2024-01-24 03:00:00+00:00,18257,13351,8.5,4906,4906,36.746311137742495,3
2024-01-23 18:30:00+00:00,2024-01-24 04:00:00+00:00,18399,13392,9.5,5007,5007,37.38799283154122,4
2024-01-23 18:30:00+00:00,2024-01-24 05:00:00+00:00,18463,13320,10.5,5143,5143,38.611111111111114,5
2024-01-23 18:30:00+00:00,2024-01-24 06:00:00+00:00,18760,13479,11.5,5281,5281,39.17946435195489,6
2024-01-23 18:30:00+00:00,2024-01-24 07:00:00+00:00,19108,14158,12.5,4950,4950,34.96256533408674,7
2024-01-23 18:30:00+00:00,2024-01-24 08:00:00+00:00,19472,14406,13.5,5066,5066,35.16590309593225,8
2024-01-23 18:30:00+00:00,2024-01-24 09:00:00+00:00,19325,14811,14.5,4514,4514,30.47734791708865,9
2024-01-23 18:30:00+00:00,2024-01-24 10:00:00+00:00,19162,14879,15.5,4283,4283,28.78553666241011,10
2024-01-23 18:30:00+00:00,2024-01-24 11:00:00+00:00,19075,14882,16.5,4193,4193,28.17497648165569,11
2024-01-23 18:30:00+00:00,2024-01-24 12:00:00+00:00,18757,14859,17.5,3898,3898,26.233259304125443,12
2024-01-23 18:30:00+00:00,2024-01-24 13:00:00+00:00,18270,14727,18.5,3543,3543,24.05785292320228,13
2024-01-23 18:30:00+00:00,2024-01-24 14:00:00+00:00,17477,14200,19.5,3277,3277,23.077464788732392,14
2024-01-23 18:30:00+00:00,2024-01-24 15:00:00+00:00,16664,14210,20.5,2454,2454,17.269528501055596,15
2024-01-23 18:30:00+00:00,2024-01-24 16:00:00+00:00,15912,13797,21.5,2115,2115,15.329419439008479,16
2024-01-23 18:30:00+00:00,2024-01-24 17:00:00+00:00,15119,12907,22.5,2212,2212,17.13798713876191,17
2024-01-23 18:30:00+00:00,2024-01-24 18:00:00+00:00,14347,12889,23.5,1458,1458,11.311971448521996,18
2024-01-23 18:30:00+00:00,2024-01-24 19:00:00+00:00,13344,11844,24.5,1500,1500,12.664640324214794,19
2024-01-23 18:30:00+00:00,2024-01-24 20:00:00+00:00,12363,11630,25.5,733,733,6.302665520206363,20
2024-01-23 18:30:00+00:00,2024-01-24 21:00:00+00:00,11192,10361,26.5,831,831,8.020461345429977,21
2024-01-23 18:30:00+00:00,2024-01-24 22:00:00+00:00,9940,9429,27.5,511,511,5.419450631031922,22
2024-01-23 18:30:00+00:00,2024-01-24 23:00:00+00:00,8835,8380,28.5,455,455,5.429594272076373,23
2024-01-23 18:30:00+00:00,2024-01-25 00:00:00+00:00,7982,7512,29.5,470,470,6.256656017039404,0
2024-01-23 18:30:00+00:00,2024-01-25 01:00:00+00:00,7255,6910,30.5,345,345,4.992764109985528,1
2024-01-23 18:30:00+00:00,2024-01-25 02:00:00+00:00,6619,6321,31.5,298,298,4.7144439171017245,2
2024-01-23 18:30:00+00:00,2024-01-25 03:00:00+00:00,6236,6055,32.5,181,181,2.989265070189926,3
2024-01-23 18:30:00+00:00,2024-01-25 04:00:00+00:00,6029,6007,33.5,22,22,0.3662393873813884,4
2024-01-23 18:30:00+00:00,2024-01-25 05:00:00+00:00,6206,6135,34.5,71,71,1.1572942135289324,5
2024-01-23 18:30:00+00:00,2024-01-25 06:00:00+00:00,6797,6573,35.5,224,224,3.407880724174654,6
2024-01-23 18:30:00+00:00,2024-01-25 07:00:00+00:00,7934,7496,36.5,438,438,5.8431163287086445,7
2024-01-23 18:30:00+00:00,2024-01-25 08:00:00+00:00,9634,8529,37.5,1105,1105,12.955797866103879,8
2024-01-23 18:30:00+00:00,2024-01-25 09:00:00+00:00,11636,10362,38.5,1274,1274,12.294923759891912,9
2024-01-23 18:30:00+00:00,2024-01-25 10:00:00+00:00,12800,11463,39.5,1337,1337,11.663613364738724,10
2024-01-23 18:30:00+00:00,2024-01-25 11:00:00+00:00,14475,12490,40.5,1985,1985,15.892714171337069,11
2024-01-23 18:30:00+00:00,2024-01-25 12:00:00+00:00,15756,12824,41.5,2932,2932,22.86338116032439,12
2024-01-23 18:30:00+00:00,2024-01-25 13:00:00+00:00,16066,13605,42.5,2461,2461,18.08893789048144,13
2024-01-23 18:30:00+00:00,2024-01-25 14:00:00+00:00,16357,13819,43.5,2538,2538,18.366017801577538,14
2024-01-23 18:30:00+00:00,2024-01-25 15:00:00+00:00,16586,13601,44.5,2985,2985,21.94691566796559,15
2024-01-23 18:30:00+00:00,2024-01-25 16:00:00+00:00,16867,14202,45.5,2665,2665,18.76496268131249,16
2024-01-23 18:30:00+00:00,2024-01-25 17:00:00+00:00,17096,14242,46.5,2854,2854,20.039320320179748,17
2024-01-23 18:30:00+00:00,2024-01-25 18:00:00+00:00,17275,14704,47.5,2571,2571,17.485038084874862,18
2024-01-23 15:30:00+00:00,2024-01-23 21:00:00+00:00,18843,14506,5.5,4337,4337,29.89797325244726,21
2024-01-23 15:30:00+00:00,2024-01-23 22:00:00+00:00,18563,13779,6.5,4784,4784,34.71950068945497,22
2024-01-23 15:30:00+00:00,2024-01-23 23:00:00+00:00,18149,13784,7.5,4365,4365,31.66715031921068,23
2024-01-23 15:30:00+00:00,2024-01-24 00:00:00+00:00,18132,13888,8.5,4244,4244,30.558755760368662,0
2024-01-23 15:30:00+00:00,2024-01-24 01:00:00+00:00,17996,13913,9.5,4083,4083,29.3466542082944,1
2024-01-23 15:30:00+00:00,2024-01-24 02:00:00+00:00,18283,13586,10.5,4697,4697,34.57235389371412,2
2024-01-23 15:30:00+00:00,2024-01-24 03:00:00+00:00,18353,13351,11.5,5002,5002,37.46535840011984,3
2024-01-23 15:30:00+00:00,2024-01-24 04:00:00+00:00,18311,13392,12.5,4919,4919,36.73088410991637,4
2024-01-23 15:30:00+00:00,2024-01-24 05:00:00+00:00,18340,13320,13.5,5020,5020,37.687687687687685,5
2024-01-23 15:30:00+00:00,2024-01-24 06:00:00+00:00,18654,13479,14.5,5175,5175,38.39305586467839,6
2024-01-23 15:30:00+00:00,2024-01-24 07:00:00+00:00,19070,14158,15.5,4912,4912,34.69416584263314,7
2024-01-23 15:30:00+00:00,2024-01-24 08:00:00+00:00,19489,14406,16.5,5083,5083,35.28390948216021,8
2024-01-23 15:30:00+00:00,2024-01-24 09:00:00+00:00,19358,14811,17.5,4547,4547,30.700155289987173,9
2024-01-23 15:30:00+00:00,2024-01-24 10:00:00+00:00,19279,14879,18.5,4400,4400,29.57187983063378,10
2024-01-23 15:30:00+00:00,2024-01-24 11:00:00+00:00,19147,14882,19.5,4265,4265,28.65878242171751,11
2024-01-23 15:30:00+00:00,2024-01-24 12:00:00+00:00,18841,14859,20.5,3982,3982,26.798573255266167,12
2024-01-23 15:30:00+00:00,2024-01-24 13:00:00+00:00,18313,14727,21.5,3586,3586,24.349833638894548,13
2024-01-23 15:30:00+00:00,2024-01-24 14:00:00+00:00,17584,14200,22.5,3384,3384,23.83098591549296,14
2024-01-23 15:30:00+00:00,2024-01-24 15:00:00+00:00,16790,14210,23.5,2580,2580,18.156228008444756,15
2024-01-23 15:30:00+00:00,2024-01-24 16:00:00+00:00,16016,13797,24.5,2219,2219,16.0832064941654,16
2024-01-23 15:30:00+00:00,2024-01-24 17:00:00+00:00,15269,12907,25.5,2362,2362,18.30014720694197,17
2024-01-23 15:30:00+00:00,2024-01-24 18:00:00+00:00,14518,12889,26.5,1629,1629,12.638684149274576,18
2024-01-23 15:30:00+00:00,2024-01-24 19:00:00+00:00,13626,11844,27.5,1782,1782,15.045592705167174,19
2024-01-23 15:30:00+00:00,2024-01-24 20:00:00+00:00,12581,11630,28.5,951,951,8.17712811693895,20
2024-01-23 15:30:00+00:00,2024-01-24 21:00:00+00:00,11543,10361,29.5,1182,1182,11.408165235015925,21
2024-01-23 15:30:00+00:00,2024-01-24 22:00:00+00:00,10294,9429,30.5,865,865,9.173825432177326,22
2024-01-23 15:30:00+00:00,2024-01-24 23:00:00+00:00,9279,8380,31.5,899,899,10.727923627684964,23
2024-01-23 15:30:00+00:00,2024-01-25 00:00:00+00:00,8351,7512,32.5,839,839,11.168796592119277,0
2024-01-23 15:30:00+00:00,2024-01-25 01:00:00+00:00,7635,6910,33.5,725,725,10.49204052098408,1
2024-01-23 15:30:00+00:00,2024-01-25 02:00:00+00:00,7028,6321,34.5,707,707,11.184939091915837,2
2024-01-23 15:30:00+00:00,2024-01-25 03:00:00+00:00,6556,6055,35.5,501,501,8.274153592072667,3
2024-01-23 15:30:00+00:00,2024-01-25 04:00:00+00:00,6335,6007,36.5,328,328,5.460296320958881,4
2024-01-23 15:30:00+00:00,2024-01-25 05:00:00+00:00,6759,6135,37.5,624,624,10.171149144254278,5
2024-01-23 15:30:00+00:00,2024-01-25 06:00:00+00:00,7312,6573,38.5,739,739,11.242963639129773,6
2024-01-23 15:30:00+00:00,2024-01-25 07:00:00+00:00,8902,7496,39.5,1406,1406,18.75667022411953,7
2024-01-23 15:30:00+00:00,2024-01-25 08:00:00+00:00,10659,8529,40.5,2130,2130,24.973619416109745,8
2024-01-23 15:30:00+00:00,2024-01-25 09:00:00+00:00,12388,10362,41.5,2026,2026,19.55220999806987,9
2024-01-23 15:30:00+00:00,2024-01-25 10:00:00+00:00,14029,11463,42.5,2566,2566,22.38506499171247,10
2024-01-23 15:30:00+00:00,2024-01-25 11:00:00+00:00,15448,12490,43.5,2958,2958,23.68294635708567,11
2024-01-23 15:30:00+00:00,2024-01-25 12:00:00+00:00,16490,12824,44.5,3666,3666,28.58702432938241,12
2024-01-23 15:30:00+00:00,2024-01-25 13:00:00+00:00,16774,13605,45.5,3169,3169,23.292907019478132,13
2024-01-23 15:30:00+00:00,2024-01-25 14:00:00+00:00,17020,13819,46.5,3201,3201,23.16376004052392,14
2024-01-23 15:30:00+00:00,2024-01-25 15:00:00+00:00,17233,13601,47.5,3632,3632,26.70391882949783,15
2024-01-23 14:00:00+00:00,2024-01-23 21:00:00+00:00,18822,14506,7.0,4316,4316,29.75320557010892,21
2024-01-23 14:00:00+00:00,2024-01-23 22:00:00+00:00,18755,13779,8.0,4976,4976,36.11292546628928,22
2024-01-23 14:00:00+00:00,2024-01-23 23:00:00+00:00,18341,13784,9.0,4557,4557,33.06006964596634,23
2024-01-23 14:00:00+00:00,2024-01-24 00:00:00+00:00,18133,13888,10.0,4245,4245,30.565956221198153,0
2024-01-23 14:00:00+00:00,2024-01-24 01:00:00+00:00,18086,13913,11.0,4173,4173,29.99353122978509,1
2024-01-23 14:00:00+00:00,2024-01-24 02:00:00+00:00,18461,13586,12.0,4875,4875,35.88252612983954,2
2024-01-23 14:00:00+00:00,2024-01-24 03:00:00+00:00,18521,13351,13.0,5170,5170,38.7236911092802,3
2024-01-23 14:00:00+00:00,2024-01-24 04:00:00+00:00,18408,13392,14.0,5016,5016,37.45519713261648,4
2024-01-23 14:00:00+00:00,2024-01-24 05:00:00+00:00,18550,13320,15.0,5230,5230,39.26426426426426,5
2024-01-23 14:00:00+00:00,2024-01-24 06:00:00+00:00,19001,13479,16.0,5522,5522,40.967430818309964,6
2024-01-23 14:00:00+00:00,2024-01-24 07:00:00+00:00,19484,14158,17.0,5326,5326,37.61830767057494,7
2024-01-23 14:00:00+00:00,2024-01-24 08:00:00+00:00,19497,14406,18.0,5091,5091,35.339441899208666,8
2024-01-23 14:00:00+00:00,2024-01-24 09:00:00+00:00,19419,14811,19.0,4608,4608,31.112011342920802,9
2024-01-23 14:00:00+00:00,2024-01-24 10:00:00+00:00,19324,14879,20.0,4445,4445,29.874319510719804,10
2024-01-23 14:00:00+00:00,2024-01-24 11:00:00+00:00,19156,14882,21.0,4274,4274,28.719258164225238,11
2024-01-23 14:00:00+00:00,2024-01-24 12:00:00+00:00,18832,14859,22.0,3973,3973,26.738003903358234,12
2024-01-23 14:00:00+00:00,2024-01-24 13:00:00+00:00,18294,14727,23.0,3567,3567,24.22081890405378,13
2024-01-23 14:00:00+00:00,2024-01-24 14:00:00+00:00,17586,14200,24.0,3386,3386,23.845070422535212,14
2024-01-23 14:00:00+00:00,2024-01-24 15:00:00+00:00,16679,14210,25.0,2469,2469,17.37508796622097,15
2024-01-23 14:00:00+00:00,2024-01-24 16:00:00+00:00,15917,13797,26.0,2120,2120,15.365659201275639,16
2024-01-23 14:00:00+00:00,2024-01-24 17:00:00+00:00,15201,12907,27.0,2294,2294,17.77330130936701,17
2024-01-23 14:00:00+00:00,2024-01-24 18:00:00+00:00,14305,12889,28.0,1416,1416,10.986112188688029,18
2024-01-23 14:00:00+00:00,2024-01-24 19:00:00+00:00,13363,11844,29.0,1519,1519,12.825059101654846,19
2024-01-23 14:00:00+00:00,2024-01-24 20:00:00+00:00,12291,11630,30.0,661,661,5.683576956147894,20
2024-01-23 14:00:00+00:00,2024-01-24 21:00:00+00:00,11281,10361,31.0,920,920,8.879451790367725,21
2024-01-23 14:00:00+00:00,2024-01-24 22:00:00+00:00,9790,9429,32.0,361,361,3.828613850885566,22
2024-01-23 14:00:00+00:00,2024-01-24 23:00:00+00:00,8762,8380,33.0,382,382,4.558472553699284,23
2024-01-23 14:00:00+00:00,2024-01-25 00:00:00+00:00,7794,7512,34.0,282,282,3.753993610223642,0
2024-01-23 14:00:00+00:00,2024-01-25 01:00:00+00:00,7226,6910,35.0,316,316,4.573082489146165,1
2024-01-23 14:00:00+00:00,2024-01-25 02:00:00+00:00,6702,6321,36.0,381,381,6.027527289985762,2
2024-01-23 14:00:00+00:00,2024-01-25 03:00:00+00:00,6272,6055,37.0,217,217,3.5838150289017343,3
2024-01-23 14:00:00+00:00,2024-01-25 04:00:00+00:00,6598,6007,38.0,591,591,9.83852172465457,4
2024-01-23 14:00:00+00:00,2024-01-25 05:00:00+00:00,7037,6135,39.0,902,902,14.702526487367562,5
2024-01-23 14:00:00+00:00,2024-01-25 06:00:00+00:00,7583,6573,40.0,1010,1010,15.365890765251788,6
2024-01-23 14:00:00+00:00,2024-01-25 07:00:00+00:00,9155,7496,41.0,1659,1659,22.131803628601922,7
2024-01-23 14:00:00+00:00,2024-01-25 08:00:00+00:00,10880,8529,42.0,2351,2351,27.56477898933052,8
2024-01-23 14:00:00+00:00,2024-01-25 09:00:00+00:00,12607,10362,43.0,2245,2245,21.665701602007335,9
2024-01-23 14:00:00+00:00,2024-01-25 10:00:00+00:00,14106,11463,44.0,2643,2643,23.056791415859724,10
2024-01-23 14:00:00+00:00,2024-01-25 11:00:00+00:00,15404,12490,45.0,2914,2914,23.3306645316253,11
2024-01-23 14:00:00+00:00,2024-01-25 12:00:00+00:00,16382,12824,46.0,3558,3558,27.744853399875236,12
2024-01-23 14:00:00+00:00,2024-01-25 13:00:00+00:00,16665,13605,47.0,3060,3060,22.49173098125689,13
2024-01-23 14:00:00+00:00,2024-01-25 14:00:00+00:00,16913,13819,48.0,3094,3094,22.389463781749765,14
2024-01-23 09:30:00+00:00,2024-01-23 21:00:00+00:00,18824,14506,11.5,4318,4318,29.76699296842686,21
2024-01-23 09:30:00+00:00,2024-01-23 22:00:00+00:00,18756,13779,12.5,4977,4977,36.12018288700196,22
2024-01-23 09:30:00+00:00,2024-01-23 23:00:00+00:00,18342,13784,13.5,4558,4558,33.06732443412652,23
2024-01-23 09:30:00+00:00,2024-01-24 00:00:00+00:00,18134,13888,14.5,4246,4246,30.57315668202765,0
2024-01-23 09:30:00+00:00,2024-01-24 01:00:00+00:00,18087,13913,15.5,4174,4174,30.0007187522461,1
2024-01-23 09:30:00+00:00,2024-01-24 02:00:00+00:00,18463,13586,16.5,4877,4877,35.8972471662005,2
2024-01-23 09:30:00+00:00,2024-01-24 03:00:00+00:00,18523,13351,17.5,5172,5172,38.738671260579736,3
2024-01-23 09:30:00+00:00,2024-01-24 04:00:00+00:00,18410,13392,18.5,5018,5018,37.47013142174433,4
2024-01-23 09:30:00+00:00,2024-01-24 05:00:00+00:00,18552,13320,19.5,5232,5232,39.27927927927928,5
2024-01-23 09:30:00+00:00,2024-01-24 06:00:00+00:00,19004,13479,20.5,5525,5525,40.989687662289484,6
2024-01-23 09:30:00+00:00,2024-01-24 07:00:00+00:00,19484,14158,21.5,5326,5326,37.61830767057494,7
2024-01-23 09:30:00+00:00,2024-01-24 08:00:00+00:00,19499,14406,22.5,5093,5093,35.35332500347078,8
2024-01-23 09:30:00+00:00,2024-01-24 09:00:00+00:00,19420,14811,23.5,4609,4609,31.118763081493483,9
2024-01-23 09:30:00+00:00,2024-01-24 10:00:00+00:00,19321,14879,24.5,4442,4442,29.854156865380737,10
2024-01-23 09:30:00+00:00,2024-01-24 11:00:00+00:00,19152,14882,25.5,4270,4270,28.692380056444026,11
2024-01-23 09:30:00+00:00,2024-01-24 12:00:00+00:00,18834,14859,26.5,3975,3975,26.751463759337774,12
2024-01-23 09:30:00+00:00,2024-01-24 13:00:00+00:00,18292,14727,27.5,3565,3565,24.207238405649488,13
2024-01-23 09:30:00+00:00,2024-01-24 14:00:00+00:00,17580,14200,28.5,3380,3380,23.80281690140845,14
2024-01-23 09:30:00+00:00,2024-01-24 15:00:00+00:00,16682,14210,29.5,2472,2472,17.396199859254047,15
2024-01-23 09:30:00+00:00,2024-01-24 16:00:00+00:00,15911,13797,30.5,2114,2114,15.322171486555048,16
2024-01-23 09:30:00+00:00,2024-01-24 17:00:00+00:00,15202,12907,31.5,2295,2295,17.78104904315488,17
2024-01-23 09:30:00+00:00,2024-01-24 18:00:00+00:00,14306,12889,32.5,1417,1417,10.993870742493598,18
2024-01-23 09:30:00+00:00,2024-01-24 19:00:00+00:00,13354,11844,33.5,1510,1510,12.749071259709558,19
2024-01-23 09:30:00+00:00,2024-01-24 20:00:00+00:00,12293,11630,34.5,663,663,5.700773860705073,20
2024-01-23 09:30:00+00:00,2024-01-24 21:00:00+00:00,11287,10361,35.5,926,926,8.937361258565774,21
2024-01-23 09:30:00+00:00,2024-01-24 22:00:00+00:00,9812,9429,36.5,383,383,4.061936578640365,22
2024-01-23 09:30:00+00:00,2024-01-24 23:00:00+00:00,8790,8380,37.5,410,410,4.892601431980907,23
2024-01-23 09:30:00+00:00,2024-01-25 00:00:00+00:00,7816,7512,38.5,304,304,4.046858359957402,0
2024-01-23 09:30:00+00:00,2024-01-25 01:00:00+00:00,7269,6910,39.5,359,359,5.195369030390738,1
2024-01-23 09:30:00+00:00,2024-01-25 02:00:00+00:00,6771,6321,40.5,450,450,7.119126720455624,2
2024-01-23 09:30:00+00:00,2024-01-25 03:00:00+00:00,6345,6055,41.5,290,290,4.789430222956235,3
2024-01-23 09:30:00+00:00,2024-01-25 04:00:00+00:00,6658,6007,42.5,651,651,10.837356417512902,4
2024-01-23 09:30:00+00:00,2024-01-25 05:00:00+00:00,7066,6135,43.5,931,931,15.17522412387938,5
2024-01-23 09:30:00+00:00,2024-01-25 06:00:00+00:00,7578,6573,44.5,1005,1005,15.289821999087176,6
2024-01-23 09:30:00+00:00,2024-01-25 07:00:00+00:00,9148,7496,45.5,1652,1652,22.038420490928495,7
2024-01-23 09:30:00+00:00,2024-01-25 08:00:00+00:00,10873,8529,46.5,2344,2344,27.48270606167194,8
2024-01-23 09:30:00+00:00,2024-01-25 09:00:00+00:00,12600,10362,47.5,2238,2238,21.598147075854083,9
2024-01-23 07:30:00+00:00,2024-01-23 21:00:00+00:00,18824,14506,13.5,4318,4318,29.76699296842686,21
2024-01-23 07:30:00+00:00,2024-01-23 22:00:00+00:00,18755,13779,14.5,4976,4976,36.11292546628928,22
2024-01-23 07:30:00+00:00,2024-01-23 23:00:00+00:00,18342,13784,15.5,4558,4558,33.06732443412652,23
2024-01-23 07:30:00+00:00,2024-01-24 00:00:00+00:00,18133,13888,16.5,4245,4245,30.565956221198153,0
2024-01-23 07:30:00+00:00,2024-01-24 01:00:00+00:00,18087,13913,17.5,4174,4174,30.0007187522461,1
2024-01-23 07:30:00+00:00,2024-01-24 02:00:00+00:00,18462,13586,18.5,4876,4876,35.88988664802002,2
2024-01-23 07:30:00+00:00,2024-01-24 03:00:00+00:00,18523,13351,19.5,5172,5172,38.738671260579736,3
2024-01-23 07:30:00+00:00,2024-01-24 04:00:00+00:00,18409,13392,20.5,5017,5017,37.46266427718041,4
2024-01-23 07:30:00+00:00,2024-01-24 05:00:00+00:00,18551,13320,21.5,5231,5231,39.271771771771775,5
2024-01-23 07:30:00+00:00,2024-01-24 06:00:00+00:00,19003,13479,22.5,5524,5524,40.98226871429631,6
2024-01-23 07:30:00+00:00,2024-01-24 07:00:00+00:00,19481,14158,23.5,5323,5323,37.597118237039126,7
2024-01-23 07:30:00+00:00,2024-01-24 08:00:00+00:00,19497,14406,24.5,5091,5091,35.339441899208666,8
2024-01-23 07:30:00+00:00,2024-01-24 09:00:00+00:00,19420,14811,25.5,4609,4609,31.118763081493483,9
2024-01-23 07:30:00+00:00,2024-01-24 10:00:00+00:00,19321,14879,26.5,4442,4442,29.854156865380737,10
2024-01-23 07:30:00+00:00,2024-01-24 11:00:00+00:00,19151,14882,27.5,4269,4269,28.685660529498726,11
2024-01-23 07:30:00+00:00,2024-01-24 12:00:00+00:00,18834,14859,28.5,3975,3975,26.751463759337774,12
2024-01-23 07:30:00+00:00,2024-01-24 13:00:00+00:00,18291,14727,29.5,3564,3564,24.20044815644734,13
2024-01-23 07:30:00+00:00,2024-01-24 14:00:00+00:00,17578,14200,30.5,3378,3378,23.788732394366196,14
2024-01-23 07:30:00+00:00,2024-01-24 15:00:00+00:00,16679,14210,31.5,2469,2469,17.37508796622097,15
2024-01-23 07:30:00+00:00,2024-01-24 16:00:00+00:00,15906,13797,32.5,2109,2109,15.285931724287888,16
2024-01-23 07:30:00+00:00,2024-01-24 17:00:00+00:00,15202,12907,33.5,2295,2295,17.78104904315488,17
2024-01-23 07:30:00+00:00,2024-01-24 18:00:00+00:00,14310,12889,34.5,1421,1421,11.024904957715883,18
2024-01-23 07:30:00+00:00,2024-01-24 19:00:00+00:00,13357,11844,35.5,1513,1513,12.774400540357988,19
2024-01-23 07:30:00+00:00,2024-01-24 20:00:00+00:00,12294,11630,36.5,664,664,5.709372312983662,20
2024-01-23 07:30:00+00:00,2024-01-24 21:00:00+00:00,11288,10361,37.5,927,927,8.947012836598784,21
2024-01-23 07:30:00+00:00,2024-01-24 22:00:00+00:00,9814,9429,38.5,385,385,4.083147735708983,22
2024-01-23 07:30:00+00:00,2024-01-24 23:00:00+00:00,8793,8380,39.5,413,413,4.928400954653938,23
2024-01-23 07:30:00+00:00,2024-01-25 00:00:00+00:00,7820,7512,40.5,308,308,4.10010649627263,0
2024-01-23 07:30:00+00:00,2024-01-25 01:00:00+00:00,7274,6910,41.5,364,364,5.2677279305354565,1
2024-01-23 07:30:00+00:00,2024-01-25 02:00:00+00:00,6777,6321,42.5,456,456,7.214048410061699,2
2024-01-23 07:30:00+00:00,2024-01-25 03:00:00+00:00,6352,6055,43.5,297,297,4.905037159372419,3
2024-01-23 07:30:00+00:00,2024-01-25 04:00:00+00:00,6665,6007,44.5,658,658,10.953887131679707,4
2024-01-23 07:30:00+00:00,2024-01-25 05:00:00+00:00,7071,6135,45.5,936,936,15.256723716381417,5
2024-01-23 07:30:00+00:00,2024-01-25 06:00:00+00:00,7582,6573,46.5,1009,1009,15.350677012018865,6
2024-01-23 07:30:00+00:00,2024-01-25 07:00:00+00:00,9152,7496,47.5,1656,1656,22.09178228388474,7
2024-01-23 04:30:00+00:00,2024-01-23 21:00:00+00:00,18697,14506,16.5,4191,4191,28.89149317523783,21
2024-01-23 04:30:00+00:00,2024-01-23 22:00:00+00:00,18708,13779,17.5,4929,4929,35.77182669279338,22
2024-01-23 04:30:00+00:00,2024-01-23 23:00:00+00:00,18166,13784,18.5,4382,4382,31.790481717933837,23
2024-01-23 04:30:00+00:00,2024-01-24 00:00:00+00:00,18276,13888,19.5,4388,4388,31.59562211981567,0
2024-01-23 04:30:00+00:00,2024-01-24 01:00:00+00:00,17904,13913,20.5,3991,3991,28.685402141881696,1
2024-01-23 04:30:00+00:00,2024-01-24 02:00:00+00:00,18413,13586,21.5,4827,4827,35.52922125717651,2
2024-01-23 04:30:00+00:00,2024-01-24 03:00:00+00:00,18383,13351,22.5,5032,5032,37.69006066961276,3
2024-01-23 04:30:00+00:00,2024-01-24 04:00:00+00:00,18444,13392,23.5,5052,5052,37.72401433691756,4
2024-01-23 04:30:00+00:00,2024-01-24 05:00:00+00:00,18551,13320,24.5,5231,5231,39.271771771771775,5
2024-01-23 04:30:00+00:00,2024-01-24 06:00:00+00:00,18800,13479,25.5,5321,5321,39.47622227168188,6
2024-01-23 04:30:00+00:00,2024-01-24 07:00:00+00:00,19300,14158,26.5,5142,5142,36.31868908037858,7
2024-01-23 04:30:00+00:00,2024-01-24 08:00:00+00:00,19537,14406,27.5,5131,5131,35.61710398445092,8
2024-01-23 04:30:00+00:00,2024-01-24 09:00:00+00:00,19438,14811,28.5,4627,4627,31.24029437580177,9
2024-01-23 04:30:00+00:00,2024-01-24 10:00:00+00:00,19306,14879,29.5,4427,4427,29.753343638685397,10
2024-01-23 04:30:00+00:00,2024-01-24 11:00:00+00:00,19257,14882,30.5,4375,4375,29.39793038570085,11
2024-01-23 04:30:00+00:00,2024-01-24 12:00:00+00:00,18964,14859,31.5,4105,4105,27.62635439800794,12
2024-01-23 04:30:00+00:00,2024-01-24 13:00:00+00:00,18436,14727,32.5,3709,3709,25.185034290758473,13
2024-01-23 04:30:00+00:00,2024-01-24 14:00:00+00:00,17696,14200,33.5,3496,3496,24.619718309859152,14
2024-01-23 04:30:00+00:00,2024-01-24 15:00:00+00:00,16775,14210,34.5,2565,2565,18.05066854327938,15
2024-01-23 04:30:00+00:00,2024-01-24 16:00:00+00:00,15825,13797,35.5,2028,2028,14.698847575559903,16
2024-01-23 04:30:00+00:00,2024-01-24 17:00:00+00:00,14831,12907,36.5,1924,1924,14.9066398078562,17
2024-01-23 04:30:00+00:00,2024-01-24 18:00:00+00:00,13685,12889,37.5,796,796,6.175808829234231,18
2024-01-23 04:30:00+00:00,2024-01-24 19:00:00+00:00,12792,11844,38.5,948,948,8.00405268490375,19
2024-01-23 04:30:00+00:00,2024-01-24 20:00:00+00:00,11861,11630,39.5,231,231,1.9862424763542563,20
2024-01-23 04:30:00+00:00,2024-01-24 21:00:00+00:00,10934,10361,40.5,573,573,5.530354212913811,21
2024-01-23 04:30:00+00:00,2024-01-24 22:00:00+00:00,9963,9429,41.5,534,534,5.66337893732103,22
2024-01-23 04:30:00+00:00,2024-01-24 23:00:00+00:00,9007,8380,42.5,627,627,7.4821002386634845,23
2024-01-23 04:30:00+00:00,2024-01-25 00:00:00+00:00,8085,7512,43.5,573,573,7.62779552715655,0
2024-01-23 04:30:00+00:00,2024-01-25 01:00:00+00:00,7596,6910,44.5,686,686,9.927641099855283,1
2024-01-23 04:30:00+00:00,2024-01-25 02:00:00+00:00,7133,6321,45.5,812,812,12.846068660022148,2
2024-01-23 04:30:00+00:00,2024-01-25 03:00:00+00:00,6713,6055,46.5,658,658,10.867052023121387,3
2024-01-23 04:30:00+00:00,2024-01-25 04:00:00+00:00,7047,6007,47.5,1040,1040,17.313134676211085,4
2024-01-23 02:30:00+00:00,2024-01-23 21:00:00+00:00,18696,14506,18.5,4190,4190,28.884599476078865,21
2024-01-23 02:30:00+00:00,2024-01-23 22:00:00+00:00,18708,13779,19.5,4929,4929,35.77182669279338,22
2024-01-23 02:30:00+00:00,2024-01-23 23:00:00+00:00,18165,13784,20.5,4381,4381,31.78322692977365,23
2024-01-23 02:30:00+00:00,2024-01-24 00:00:00+00:00,18276,13888,21.5,4388,4388,31.59562211981567,0
2024-01-23 02:30:00+00:00,2024-01-24 01:00:00+00:00,17904,13913,22.5,3991,3991,28.685402141881696,1
2024-01-23 02:30:00+00:00,2024-01-24 02:00:00+00:00,18413,13586,23.5,4827,4827,35.52922125717651,2
2024-01-23 02:30:00+00:00,2024-01-24 03:00:00+00:00,18381,13351,24.5,5030,5030,37.67508051831324,3
2024-01-23 02:30:00+00:00,2024-01-24 04:00:00+00:00,18444,13392,25.5,5052,5052,37.72401433691756,4
2024-01-23 02:30:00+00:00,2024-01-24 05:00:00+00:00,18551,13320,26.5,5231,5231,39.271771771771775,5
2024-01-23 02:30:00+00:00,2024-01-24 06:00:00+00:00,18792,13479,27.5,5313,5313,39.41687068773648,6
2024-01-23 02:30:00+00:00,2024-01-24 07:00:00+00:00,19300,14158,28.5,5142,5142,36.31868908037858,7
2024-01-23 02:30:00+00:00,2024-01-24 08:00:00+00:00,19535,14406,29.5,5129,5129,35.603220880188815,8
2024-01-23 02:30:00+00:00,2024-01-24 09:00:00+00:00,19432,14811,30.5,4621,4621,31.199783944365674,9
2024-01-23 02:30:00+00:00,2024-01-24 10:00:00+00:00,19305,14879,31.5,4426,4426,29.746622756905705,10
2024-01-23 02:30:00+00:00,2024-01-24 11:00:00+00:00,19257,14882,32.5,4375,4375,29.39793038570085,11
2024-01-23 02:30:00+00:00,2024-01-24 12:00:00+00:00,18958,14859,33.5,4099,4099,27.585974830069322,12
2024-01-23 02:30:00+00:00,2024-01-24 13:00:00+00:00,18436,14727,34.5,3709,3709,25.185034290758473,13
2024-01-23 02:30:00+00:00,2024-01-24 14:00:00+00:00,17695,14200,35.5,3495,3495,24.612676056338028,14
2024-01-23 02:30:00+00:00,2024-01-24 15:00:00+00:00,16749,14210,36.5,2539,2539,17.867698803659398,15
2024-01-23 02:30:00+00:00,2024-01-24 16:00:00+00:00,15811,13797,37.5,2014,2014,14.597376241211856,16
2024-01-23 02:30:00+00:00,2024-01-24 17:00:00+00:00,14829,12907,38.5,1922,1922,14.891144340280468,17
2024-01-23 02:30:00+00:00,2024-01-24 18:00:00+00:00,13697,12889,39.5,808,808,6.268911474901079,18
2024-01-23 02:30:00+00:00,2024-01-24 19:00:00+00:00,12803,11844,40.5,959,959,8.09692671394799,19
2024-01-23 02:30:00+00:00,2024-01-24 20:00:00+00:00,11870,11630,41.5,240,240,2.063628546861565,20
2024-01-23 02:30:00+00:00,2024-01-24 21:00:00+00:00,10941,10361,42.5,580,580,5.5979152591448695,21
2024-01-23 02:30:00+00:00,2024-01-24 22:00:00+00:00,9970,9429,43.5,541,541,5.737617987061194,22
2024-01-23 02:30:00+00:00,2024-01-24 23:00:00+00:00,9014,8380,44.5,634,634,7.56563245823389,23
2024-01-23 02:30:00+00:00,2024-01-25 00:00:00+00:00,8092,7512,45.5,580,580,7.7209797657082,0
2024-01-23 02:30:00+00:00,2024-01-25 01:00:00+00:00,7610,6910,46.5,700,700,10.130246020260492,1
2024-01-23 02:30:00+00:00,2024-01-25 02:00:00+00:00,7155,6321,47.5,834,834,13.194114855244424,2
2024-01-22 22:30:00+00:00,2024-01-23 03:00:00+00:00,16901,12974,4.5,3927,3927,30.268228765222755,3
2024-01-22 22:30:00+00:00,2024-01-23 04:00:00+00:00,15775,12541,5.5,3234,3234,25.787417271349973,4
2024-01-22 22:30:00+00:00,2024-01-23 05:00:00+00:00,14388,12089,6.5,2299,2299,19.017288444040037,5
2024-01-22 22:30:00+00:00,2024-01-23 06:00:00+00:00,13438,12206,7.5,1232,1232,10.093396690152383,6
2024-01-22 22:30:00+00:00,2024-01-23 07:00:00+00:00,13188,13002,8.5,186,186,1.430549146285187,7
2024-01-22 22:30:00+00:00,2024-01-23 08:00:00+00:00,13889,14101,9.5,-212,212,1.5034394723778455,8
2024-01-22 22:30:00+00:00,2024-01-23 09:00:00+00:00,14855,14526,10.5,329,329,2.264904309513975,9
2024-01-22 22:30:00+00:00,2024-01-23 10:00:00+00:00,16612,14552,11.5,2060,2060,14.156129741616272,10
2024-01-22 22:30:00+00:00,2024-01-23 11:00:00+00:00,17983,0,12.5,17983,17983,inf,11
2024-01-22 22:30:00+00:00,2024-01-23 12:00:00+00:00,18686,12439,13.5,6247,6247,50.22107886486052,12
2024-01-22 22:30:00+00:00,2024-01-23 13:00:00+00:00,19110,15288,14.5,3822,3822,25.0,13
2024-01-22 22:30:00+00:00,2024-01-23 14:00:00+00:00,19234,15721,15.5,3513,3513,22.345906748934546,14
2024-01-22 22:30:00+00:00,2024-01-23 15:00:00+00:00,19460,15455,16.5,4005,4005,25.91394370753801,15
2024-01-22 22:30:00+00:00,2024-01-23 16:00:00+00:00,19426,15280,17.5,4146,4146,27.133507853403145,16
2024-01-22 22:30:00+00:00,2024-01-23 17:00:00+00:00,19561,15232,18.5,4329,4329,28.42043067226891,17
2024-01-22 22:30:00+00:00,2024-01-23 18:00:00+00:00,19432,15500,19.5,3932,3932,25.367741935483874,18
2024-01-22 22:30:00+00:00,2024-01-23 19:00:00+00:00,19368,15087,20.5,4281,4281,28.37542254921456,19
2024-01-22 22:30:00+00:00,2024-01-23 20:00:00+00:00,19071,15140,21.5,3931,3931,25.96433289299868,20
2024-01-22 22:30:00+00:00,2024-01-23 21:00:00+00:00,18758,14506,22.5,4252,4252,29.31200882393492,21
2024-01-22 22:30:00+00:00,2024-01-23 22:00:00+00:00,18697,13779,23.5,4918,4918,35.691995064953915,22
2024-01-22 22:30:00+00:00,2024-01-23 23:00:00+00:00,18624,13784,24.5,4840,4840,35.1131746952989,23
2024-01-22 22:30:00+00:00,2024-01-24 00:00:00+00:00,18601,13888,25.5,4713,4713,33.935771889400925,0
2024-01-22 22:30:00+00:00,2024-01-24 01:00:00+00:00,18146,13913,26.5,4233,4233,30.42478257744555,1
2024-01-22 22:30:00+00:00,2024-01-24 02:00:00+00:00,18461,13586,27.5,4875,4875,35.88252612983954,2
2024-01-22 22:30:00+00:00,2024-01-24 03:00:00+00:00,18410,13351,28.5,5059,5059,37.8922927121564,3
2024-01-22 22:30:00+00:00,2024-01-24 04:00:00+00:00,18419,13392,29.5,5027,5027,37.53733572281959,4
2024-01-22 22:30:00+00:00,2024-01-24 05:00:00+00:00,18293,13320,30.5,4973,4973,37.33483483483484,5
2024-01-22 22:30:00+00:00,2024-01-24 06:00:00+00:00,18426,13479,31.5,4947,4947,36.70153572223459,6
2024-01-22 22:30:00+00:00,2024-01-24 07:00:00+00:00,18816,14158,32.5,4658,4658,32.90012713660121,7
2024-01-22 22:30:00+00:00,2024-01-24 08:00:00+00:00,19551,14406,33.5,5145,5145,35.714285714285715,8
2024-01-22 22:30:00+00:00,2024-01-24 09:00:00+00:00,19517,14811,34.5,4706,4706,31.773681723043683,9
2024-01-22 22:30:00+00:00,2024-01-24 10:00:00+00:00,18976,14879,35.5,4097,4097,27.53545265138786,10
2024-01-22 22:30:00+00:00,2024-01-24 11:00:00+00:00,19136,14882,36.5,4254,4254,28.584867625319177,11
2024-01-22 22:30:00+00:00,2024-01-24 12:00:00+00:00,18984,14859,37.5,4125,4125,27.760952957803354,12
2024-01-22 22:30:00+00:00,2024-01-24 13:00:00+00:00,18495,14727,38.5,3768,3768,25.58565899368507,13
2024-01-22 22:30:00+00:00,2024-01-24 14:00:00+00:00,17875,14200,39.5,3675,3675,25.880281690140844,14
2024-01-22 22:30:00+00:00,2024-01-24 15:00:00+00:00,16879,14210,40.5,2669,2669,18.782547501759325,15
2024-01-22 22:30:00+00:00,2024-01-24 16:00:00+00:00,15996,13797,41.5,2199,2199,15.93824744509676,16
2024-01-22 22:30:00+00:00,2024-01-24 17:00:00+00:00,14923,12907,42.5,2016,2016,15.619431316339972,17
2024-01-22 22:30:00+00:00,2024-01-24 18:00:00+00:00,13676,12889,43.5,787,787,6.105981844984095,18
2024-01-22 22:30:00+00:00,2024-01-24 19:00:00+00:00,12777,11844,44.5,933,933,7.8774062816616,19
2024-01-22 22:30:00+00:00,2024-01-24 20:00:00+00:00,11843,11630,45.5,213,213,1.831470335339639,20
2024-01-22 22:30:00+00:00,2024-01-24 21:00:00+00:00,10918,10361,46.5,557,557,5.375928964385677,21
2024-01-22 18:30:00+00:00,2024-01-22 23:00:00+00:00,19199,15049,4.5,4150,4150,27.57658316167187,23
2024-01-22 18:30:00+00:00,2024-01-23 00:00:00+00:00,18791,14934,5.5,3857,3857,25.826972010178118,0
2024-01-22 18:30:00+00:00,2024-01-23 01:00:00+00:00,18319,14541,6.5,3778,3778,25.981706897737432,1
2024-01-22 18:30:00+00:00,2024-01-23 02:00:00+00:00,17743,13765,7.5,3978,3978,28.899382491827097,2
2024-01-22 18:30:00+00:00,2024-01-23 03:00:00+00:00,16902,12974,8.5,3928,3928,30.27593648836134,3
2024-01-22 18:30:00+00:00,2024-01-23 04:00:00+00:00,15782,12541,9.5,3241,3241,25.843234191850726,4
2024-01-22 18:30:00+00:00,2024-01-23 05:00:00+00:00,14393,12089,10.5,2304,2304,19.058648358011414,5
2024-01-22 18:30:00+00:00,2024-01-23 06:00:00+00:00,13438,12206,11.5,1232,1232,10.093396690152383,6
2024-01-22 18:30:00+00:00,2024-01-23 07:00:00+00:00,13188,13002,12.5,186,186,1.430549146285187,7
2024-01-22 18:30:00+00:00,2024-01-23 08:00:00+00:00,13891,14101,13.5,-210,210,1.4892560811289979,8
2024-01-22 18:30:00+00:00,2024-01-23 09:00:00+00:00,14854,14526,14.5,328,328,2.258020101886273,9
2024-01-22 18:30:00+00:00,2024-01-23 10:00:00+00:00,16611,14552,15.5,2059,2059,14.149257833974712,10
2024-01-22 18:30:00+00:00,2024-01-23 11:00:00+00:00,17983,0,16.5,17983,17983,inf,11
2024-01-22 18:30:00+00:00,2024-01-23 12:00:00+00:00,18686,12439,17.5,6247,6247,50.22107886486052,12
2024-01-22 18:30:00+00:00,2024-01-23 13:00:00+00:00,19109,15288,18.5,3821,3821,24.99345892203035,13
2024-01-22 18:30:00+00:00,2024-01-23 14:00:00+00:00,19233,15721,19.5,3512,3512,22.33954583041791,14
2024-01-22 18:30:00+00:00,2024-01-23 15:00:00+00:00,19459,15455,20.5,4004,4004,25.90747330960854,15
2024-01-22 18:30:00+00:00,2024-01-23 16:00:00+00:00,19426,15280,21.5,4146,4146,27.133507853403145,16
2024-01-22 18:30:00+00:00,2024-01-23 17:00:00+00:00,19561,15232,22.5,4329,4329,28.42043067226891,17
2024-01-22 18:30:00+00:00,2024-01-23 18:00:00+00:00,19432,15500,23.5,3932,3932,25.367741935483874,18
2024-01-22 18:30:00+00:00,2024-01-23 19:00:00+00:00,19369,15087,24.5,4282,4282,28.382050772187977,19
2024-01-22 18:30:00+00:00,2024-01-23 20:00:00+00:00,19071,15140,25.5,3931,3931,25.96433289299868,20
2024-01-22 18:30:00+00:00,2024-01-23 21:00:00+00:00,18757,14506,26.5,4251,4251,29.305115124775956,21
2024-01-22 18:30:00+00:00,2024-01-23 22:00:00+00:00,18697,13779,27.5,4918,4918,35.691995064953915,22
2024-01-22 18:30:00+00:00,2024-01-23 23:00:00+00:00,18623,13784,28.5,4839,4839,35.10591990713871,23
2024-01-22 18:30:00+00:00,2024-01-24 00:00:00+00:00,18600,13888,29.5,4712,4712,33.92857142857143,0
2024-01-22 18:30:00+00:00,2024-01-24 01:00:00+00:00,18146,13913,30.5,4233,4233,30.42478257744555,1
2024-01-22 18:30:00+00:00,2024-01-24 02:00:00+00:00,18461,13586,31.5,4875,4875,35.88252612983954,2
2024-01-22 18:30:00+00:00,2024-01-24 03:00:00+00:00,18409,13351,32.5,5058,5058,37.884802636506635,3
2024-01-22 18:30:00+00:00,2024-01-24 04:00:00+00:00,18418,13392,33.5,5026,5026,37.52986857825567,4
2024-01-22 18:30:00+00:00,2024-01-24 05:00:00+00:00,18292,13320,34.5,4972,4972,37.327327327327325,5
2024-01-22 18:30:00+00:00,2024-01-24 06:00:00+00:00,18426,13479,35.5,4947,4947,36.70153572223459,6
2024-01-22 18:30:00+00:00,2024-01-24 07:00:00+00:00,18813,14158,36.5,4655,4655,32.878937703065404,7
2024-01-22 18:30:00+00:00,2024-01-24 08:00:00+00:00,19548,14406,37.5,5142,5142,35.69346105789254,8
2024-01-22 18:30:00+00:00,2024-01-24 09:00:00+00:00,19516,14811,38.5,4705,4705,31.766929984471005,9
2024-01-22 18:30:00+00:00,2024-01-24 10:00:00+00:00,18976,14879,39.5,4097,4097,27.53545265138786,10
2024-01-22 18:30:00+00:00,2024-01-24 11:00:00+00:00,19137,14882,40.5,4255,4255,28.59158715226448,11
2024-01-22 18:30:00+00:00,2024-01-24 12:00:00+00:00,18986,14859,41.5,4127,4127,27.774412813782895,12
2024-01-22 18:30:00+00:00,2024-01-24 13:00:00+00:00,18497,14727,42.5,3770,3770,25.59923949208936,13
2024-01-22 18:30:00+00:00,2024-01-24 14:00:00+00:00,17879,14200,43.5,3679,3679,25.90845070422535,14
2024-01-22 18:30:00+00:00,2024-01-24 15:00:00+00:00,16884,14210,44.5,2674,2674,18.817733990147783,15
2024-01-22 18:30:00+00:00,2024-01-24 16:00:00+00:00,16000,13797,45.5,2203,2203,15.967239254910487,16
2024-01-22 18:30:00+00:00,2024-01-24 17:00:00+00:00,14926,12907,46.5,2019,2019,15.642674517703572,17
2024-01-22 18:30:00+00:00,2024-01-24 18:00:00+00:00,13676,12889,47.5,787,787,6.105981844984095,18
2024-01-22 15:30:00+00:00,2024-01-22 21:00:00+00:00,19563,15692,5.5,3871,3871,24.668620953352026,21
2024-01-22 15:30:00+00:00,2024-01-22 22:00:00+00:00,19436,15461,6.5,3975,3975,25.709850591811655,22
2024-01-22 15:30:00+00:00,2024-01-22 23:00:00+00:00,19210,15049,7.5,4161,4161,27.6496777194498,23
2024-01-22 15:30:00+00:00,2024-01-23 00:00:00+00:00,18815,14934,8.5,3881,3881,25.987679121467792,0
2024-01-22 15:30:00+00:00,2024-01-23 01:00:00+00:00,18403,14541,9.5,3862,3862,26.559383811292207,1
2024-01-22 15:30:00+00:00,2024-01-23 02:00:00+00:00,17831,13765,10.5,4066,4066,29.53868507083182,2
2024-01-22 15:30:00+00:00,2024-01-23 03:00:00+00:00,17034,12974,11.5,4060,4060,31.29335594265454,3
2024-01-22 15:30:00+00:00,2024-01-23 04:00:00+00:00,15952,12541,12.5,3411,3411,27.198787975440553,4
2024-01-22 15:30:00+00:00,2024-01-23 05:00:00+00:00,14372,12089,13.5,2283,2283,18.884936719331623,5
2024-01-22 15:30:00+00:00,2024-01-23 06:00:00+00:00,13342,12206,14.5,1136,1136,9.306898246763886,6
2024-01-22 15:30:00+00:00,2024-01-23 07:00:00+00:00,13049,13002,15.5,47,47,0.3614828487924934,7
2024-01-22 15:30:00+00:00,2024-01-23 08:00:00+00:00,13632,14101,16.5,-469,469,3.3260052478547624,8
2024-01-22 15:30:00+00:00,2024-01-23 09:00:00+00:00,14647,14526,17.5,121,121,0.8329891229519483,9
2024-01-22 15:30:00+00:00,2024-01-23 10:00:00+00:00,16353,14552,18.5,1801,1801,12.376305662451896,10
2024-01-22 15:30:00+00:00,2024-01-23 11:00:00+00:00,17736,0,19.5,17736,17736,inf,11
2024-01-22 15:30:00+00:00,2024-01-23 12:00:00+00:00,18582,12439,20.5,6143,6143,49.38499879411528,12
2024-01-22 15:30:00+00:00,2024-01-23 13:00:00+00:00,19052,15288,21.5,3764,3764,24.620617477760334,13
2024-01-22 15:30:00+00:00,2024-01-23 14:00:00+00:00,19235,15721,22.5,3514,3514,22.35226766745118,14
2024-01-22 15:30:00+00:00,2024-01-23 15:00:00+00:00,19433,15455,23.5,3978,3978,25.739242963442248,15
2024-01-22 15:30:00+00:00,2024-01-23 16:00:00+00:00,19440,15280,24.5,4160,4160,27.225130890052355,16
2024-01-22 15:30:00+00:00,2024-01-23 17:00:00+00:00,19558,15232,25.5,4326,4326,28.400735294117645,17
2024-01-22 15:30:00+00:00,2024-01-23 18:00:00+00:00,19310,15500,26.5,3810,3810,24.580645161290324,18
2024-01-22 15:30:00+00:00,2024-01-23 19:00:00+00:00,19136,15087,27.5,4049,4049,26.837674819380926,19
2024-01-22 15:30:00+00:00,2024-01-23 20:00:00+00:00,19073,15140,28.5,3933,3933,25.9775429326288,20
2024-01-22 15:30:00+00:00,2024-01-23 21:00:00+00:00,18765,14506,29.5,4259,4259,29.360264718047702,21
2024-01-22 15:30:00+00:00,2024-01-23 22:00:00+00:00,18552,13779,30.5,4773,4773,34.6396690616155,22
2024-01-22 15:30:00+00:00,2024-01-23 23:00:00+00:00,18562,13784,31.5,4778,4778,34.663377829367384,23
2024-01-22 15:30:00+00:00,2024-01-24 00:00:00+00:00,18407,13888,32.5,4519,4519,32.53888248847927,0
2024-01-22 15:30:00+00:00,2024-01-24 01:00:00+00:00,18462,13913,33.5,4549,4549,32.696039675123984,1
2024-01-22 15:30:00+00:00,2024-01-24 02:00:00+00:00,18409,13586,34.5,4823,4823,35.49977918445458,2
2024-01-22 15:30:00+00:00,2024-01-24 03:00:00+00:00,18450,13351,35.5,5099,5099,38.191895738146954,3
2024-01-22 15:30:00+00:00,2024-01-24 04:00:00+00:00,18223,13392,36.5,4831,4831,36.073775388291516,4
2024-01-22 15:30:00+00:00,2024-01-24 05:00:00+00:00,18131,13320,37.5,4811,4811,36.11861861861862,5
2024-01-22 15:30:00+00:00,2024-01-24 06:00:00+00:00,18174,13479,38.5,4695,4695,34.831960827954596,6
2024-01-22 15:30:00+00:00,2024-01-24 07:00:00+00:00,18450,14158,39.5,4292,4292,30.31501624523238,7
2024-01-22 15:30:00+00:00,2024-01-24 08:00:00+00:00,18380,14406,40.5,3974,3974,27.585728168818548,8
2024-01-22 15:30:00+00:00,2024-01-24 09:00:00+00:00,18369,14811,41.5,3558,3558,24.022685841604215,9
2024-01-22 15:30:00+00:00,2024-01-24 10:00:00+00:00,18660,14879,42.5,3781,3781,25.41165400900598,10
2024-01-22 15:30:00+00:00,2024-01-24 11:00:00+00:00,19062,14882,43.5,4180,4180,28.087622631366756,11
2024-01-22 15:30:00+00:00,2024-01-24 12:00:00+00:00,19137,14859,44.5,4278,4278,28.79063194023824,12
2024-01-22 15:30:00+00:00,2024-01-24 13:00:00+00:00,18736,14727,45.5,4009,4009,27.22210905140219,13
2024-01-22 15:30:00+00:00,2024-01-24 14:00:00+00:00,18145,14200,46.5,3945,3945,27.781690140845072,14
2024-01-22 15:30:00+00:00,2024-01-24 15:00:00+00:00,17277,14210,47.5,3067,3067,21.583391977480648,15
2024-01-22 11:30:00+00:00,2024-01-22 21:00:00+00:00,19484,15692,9.5,3792,3792,24.16517970940607,21
2024-01-22 11:30:00+00:00,2024-01-22 22:00:00+00:00,19351,15461,10.5,3890,3890,25.160080201798074,22
2024-01-22 11:30:00+00:00,2024-01-22 23:00:00+00:00,19129,15049,11.5,4080,4080,27.11143597581235,23
2024-01-22 11:30:00+00:00,2024-01-23 00:00:00+00:00,18741,14934,12.5,3807,3807,25.492165528324627,0
2024-01-22 11:30:00+00:00,2024-01-23 01:00:00+00:00,18332,14541,13.5,3791,3791,26.07110927721615,1
2024-01-22 11:30:00+00:00,2024-01-23 02:00:00+00:00,17805,13765,14.5,4040,4040,29.34980021794406,2
2024-01-22 11:30:00+00:00,2024-01-23 03:00:00+00:00,17143,12974,15.5,4169,4169,32.133497764760286,3
2024-01-22 11:30:00+00:00,2024-01-23 04:00:00+00:00,16019,12541,16.5,3478,3478,27.733035643090666,4
2024-01-22 11:30:00+00:00,2024-01-23 05:00:00+00:00,14436,12089,17.5,2347,2347,19.414343618165276,5
2024-01-22 11:30:00+00:00,2024-01-23 06:00:00+00:00,13404,12206,18.5,1198,1198,9.814845158118958,6
2024-01-22 11:30:00+00:00,2024-01-23 07:00:00+00:00,13056,13002,19.5,54,54,0.4153207198892478,7
2024-01-22 11:30:00+00:00,2024-01-23 08:00:00+00:00,13607,14101,20.5,-494,494,3.5032976384653574,8
2024-01-22 11:30:00+00:00,2024-01-23 09:00:00+00:00,14625,14526,21.5,99,99,0.6815365551425031,9
2024-01-22 11:30:00+00:00,2024-01-23 10:00:00+00:00,16398,14552,22.5,1846,1846,12.685541506322155,10
2024-01-22 11:30:00+00:00,2024-01-23 11:00:00+00:00,17826,0,23.5,17826,17826,inf,11
2024-01-22 11:30:00+00:00,2024-01-23 12:00:00+00:00,18575,12439,24.5,6136,6136,49.32872417396897,12
2024-01-22 11:30:00+00:00,2024-01-23 13:00:00+00:00,19026,15288,25.5,3738,3738,24.45054945054945,13
2024-01-22 11:30:00+00:00,2024-01-23 14:00:00+00:00,19259,15721,26.5,3538,3538,22.50492971185039,14
2024-01-22 11:30:00+00:00,2024-01-23 15:00:00+00:00,19353,15455,27.5,3898,3898,25.221611129084437,15
2024-01-22 11:30:00+00:00,2024-01-23 16:00:00+00:00,19390,15280,28.5,4110,4110,26.897905759162306,16
2024-01-22 11:30:00+00:00,2024-01-23 17:00:00+00:00,19493,15232,29.5,4261,4261,27.974002100840334,17
2024-01-22 11:30:00+00:00,2024-01-23 18:00:00+00:00,19547,15500,30.5,4047,4047,26.10967741935484,18
2024-01-22 11:30:00+00:00,2024-01-23 19:00:00+00:00,19201,15087,31.5,4114,4114,27.26850931265328,19
2024-01-22 11:30:00+00:00,2024-01-23 20:00:00+00:00,18927,15140,32.5,3787,3787,25.013210039630117,20
2024-01-22 11:30:00+00:00,2024-01-23 21:00:00+00:00,18754,14506,33.5,4248,4248,29.28443402729905,21
2024-01-22 11:30:00+00:00,2024-01-23 22:00:00+00:00,18112,13779,34.5,4333,4333,31.446403948036867,22
2024-01-22 11:30:00+00:00,2024-01-23 23:00:00+00:00,18217,13784,35.5,4433,4433,32.16047591410331,23
2024-01-22 11:30:00+00:00,2024-01-24 00:00:00+00:00,18242,13888,36.5,4354,4354,31.350806451612907,0
2024-01-22 11:30:00+00:00,2024-01-24 01:00:00+00:00,18249,13913,37.5,4336,4336,31.165097390929347,1
2024-01-22 11:30:00+00:00,2024-01-24 02:00:00+00:00,18253,13586,38.5,4667,4667,34.35153834829972,2
2024-01-22 11:30:00+00:00,2024-01-24 03:00:00+00:00,18355,13351,39.5,5004,5004,37.480338551419365,3
2024-01-22 11:30:00+00:00,2024-01-24 04:00:00+00:00,18268,13392,40.5,4876,4876,36.40979689366786,4
2024-01-22 11:30:00+00:00,2024-01-24 05:00:00+00:00,18232,13320,41.5,4912,4912,36.87687687687688,5
2024-01-22 11:30:00+00:00,2024-01-24 06:00:00+00:00,18172,13479,42.5,4693,4693,34.81712293196825,6
2024-01-22 11:30:00+00:00,2024-01-24 07:00:00+00:00,18452,14158,43.5,4294,4294,30.32914253425625,7
2024-01-22 11:30:00+00:00,2024-01-24 08:00:00+00:00,18389,14406,44.5,3983,3983,27.648202137998055,8
2024-01-22 11:30:00+00:00,2024-01-24 09:00:00+00:00,18365,14811,45.5,3554,3554,23.99567888731348,9
2024-01-22 11:30:00+00:00,2024-01-24 10:00:00+00:00,18780,14879,46.5,3901,3901,26.218159822568722,10
2024-01-22 11:30:00+00:00,2024-01-24 11:00:00+00:00,19103,14882,47.5,4221,4221,28.363123236124178,11
2024-01-22 09:30:00+00:00,2024-01-22 21:00:00+00:00,19480,15692,11.5,3788,3788,24.13968901351007,21
2024-01-22 09:30:00+00:00,2024-01-22 22:00:00+00:00,19350,15461,12.5,3889,3889,25.153612314856737,22
2024-01-22 09:30:00+00:00,2024-01-22 23:00:00+00:00,19130,15049,13.5,4081,4081,27.11808093561034,23
2024-01-22 09:30:00+00:00,2024-01-23 00:00:00+00:00,18756,14934,14.5,3822,3822,25.592607472880673,0
2024-01-22 09:30:00+00:00,2024-01-23 01:00:00+00:00,18356,14541,15.5,3815,3815,26.236159823946082,1
2024-01-22 09:30:00+00:00,2024-01-23 02:00:00+00:00,17823,13765,16.5,4058,4058,29.480566654558665,2
2024-01-22 09:30:00+00:00,2024-01-23 03:00:00+00:00,17149,12974,17.5,4175,4175,32.1797441035918,3
2024-01-22 09:30:00+00:00,2024-01-23 04:00:00+00:00,16022,12541,18.5,3481,3481,27.756957180448126,4
2024-01-22 09:30:00+00:00,2024-01-23 05:00:00+00:00,14436,12089,19.5,2347,2347,19.414343618165276,5
2024-01-22 09:30:00+00:00,2024-01-23 06:00:00+00:00,13422,12206,20.5,1216,1216,9.962313616254301,6
2024-01-22 09:30:00+00:00,2024-01-23 07:00:00+00:00,13057,13002,21.5,55,55,0.4230118443316413,7
2024-01-22 09:30:00+00:00,2024-01-23 08:00:00+00:00,13625,14101,22.5,-476,476,3.375647117225729,8
2024-01-22 09:30:00+00:00,2024-01-23 09:00:00+00:00,14660,14526,23.5,134,134,0.9224838221120749,9
2024-01-22 09:30:00+00:00,2024-01-23 10:00:00+00:00,16403,14552,24.5,1851,1851,12.71990104452996,10
2024-01-22 09:30:00+00:00,2024-01-23 11:00:00+00:00,17826,0,25.5,17826,17826,inf,11
2024-01-22 09:30:00+00:00,2024-01-23 12:00:00+00:00,18576,12439,26.5,6137,6137,49.336763405418445,12
2024-01-22 09:30:00+00:00,2024-01-23 13:00:00+00:00,19026,15288,27.5,3738,3738,24.45054945054945,13
2024-01-22 09:30:00+00:00,2024-01-23 14:00:00+00:00,19259,15721,28.5,3538,3538,22.50492971185039,14
2024-01-22 09:30:00+00:00,2024-01-23 15:00:00+00:00,19353,15455,29.5,3898,3898,25.221611129084437,15
2024-01-22 09:30:00+00:00,2024-01-23 16:00:00+00:00,19390,15280,30.5,4110,4110,26.897905759162306,16
2024-01-22 09:30:00+00:00,2024-01-23 17:00:00+00:00,19493,15232,31.5,4261,4261,27.974002100840334,17
2024-01-22 09:30:00+00:00,2024-01-23 18:00:00+00:00,19546,15500,32.5,4046,4046,26.10322580645161,18
2024-01-22 09:30:00+00:00,2024-01-23 19:00:00+00:00,19200,15087,33.5,4113,4113,27.261881089679857,19
2024-01-22 09:30:00+00:00,2024-01-23 20:00:00+00:00,18927,15140,34.5,3787,3787,25.013210039630117,20
2024-01-22 09:30:00+00:00,2024-01-23 21:00:00+00:00,18755,14506,35.5,4249,4249,29.291327726458015,21
2024-01-22 09:30:00+00:00,2024-01-23 22:00:00+00:00,18113,13779,36.5,4334,4334,31.453661368749547,22
2024-01-22 09:30:00+00:00,2024-01-23 23:00:00+00:00,18218,13784,37.5,4434,4434,32.16773070226349,23
2024-01-22 09:30:00+00:00,2024-01-24 00:00:00+00:00,18242,13888,38.5,4354,4354,31.350806451612907,0
2024-01-22 09:30:00+00:00,2024-01-24 01:00:00+00:00,18252,13913,39.5,4339,4339,31.18665995831237,1
2024-01-22 09:30:00+00:00,2024-01-24 02:00:00+00:00,18259,13586,40.5,4673,4673,34.3957014573826,2
2024-01-22 09:30:00+00:00,2024-01-24 03:00:00+00:00,18359,13351,41.5,5008,5008,37.51029885401842,3
2024-01-22 09:30:00+00:00,2024-01-24 04:00:00+00:00,18271,13392,42.5,4879,4879,36.432198327359615,4
2024-01-22 09:30:00+00:00,2024-01-24 05:00:00+00:00,18234,13320,43.5,4914,4914,36.891891891891895,5
2024-01-22 09:30:00+00:00,2024-01-24 06:00:00+00:00,18172,13479,44.5,4693,4693,34.81712293196825,6
2024-01-22 09:30:00+00:00,2024-01-24 07:00:00+00:00,18452,14158,45.5,4294,4294,30.32914253425625,7
2024-01-22 09:30:00+00:00,2024-01-24 08:00:00+00:00,18390,14406,46.5,3984,3984,27.655143690129115,8
2024-01-22 09:30:00+00:00,2024-01-24 09:00:00+00:00,18366,14811,47.5,3555,3555,24.002430625886166,9
2024-01-22 07:30:00+00:00,2024-01-22 21:00:00+00:00,19480,15692,13.5,3788,3788,24.13968901351007,21
2024-01-22 07:30:00+00:00,2024-01-22 22:00:00+00:00,19348,15461,14.5,3887,3887,25.140676540974066,22
2024-01-22 07:30:00+00:00,2024-01-22 23:00:00+00:00,19127,15049,15.5,4078,4078,27.09814605621636,23
2024-01-22 07:30:00+00:00,2024-01-23 00:00:00+00:00,18749,14934,16.5,3815,3815,25.545734565421185,0
2024-01-22 07:30:00+00:00,2024-01-23 01:00:00+00:00,18350,14541,17.5,3809,3809,26.1948971872636,1
2024-01-22 07:30:00+00:00,2024-01-23 02:00:00+00:00,17821,13765,18.5,4056,4056,29.466037050490375,2
2024-01-22 07:30:00+00:00,2024-01-23 03:00:00+00:00,17150,12974,19.5,4176,4176,32.18745182673038,3
2024-01-22 07:30:00+00:00,2024-01-23 04:00:00+00:00,16024,12541,20.5,3483,3483,27.772904872019776,4
2024-01-22 07:30:00+00:00,2024-01-23 05:00:00+00:00,14436,12089,21.5,2347,2347,19.414343618165276,5
2024-01-22 07:30:00+00:00,2024-01-23 06:00:00+00:00,13423,12206,22.5,1217,1217,9.970506308372931,6
2024-01-22 07:30:00+00:00,2024-01-23 07:00:00+00:00,13051,13002,23.5,49,49,0.37686509767728044,7
2024-01-22 07:30:00+00:00,2024-01-23 08:00:00+00:00,13617,14101,24.5,-484,484,3.4323806822211194,8
2024-01-22 07:30:00+00:00,2024-01-23 09:00:00+00:00,14657,14526,25.5,131,131,0.9018311992289687,9
2024-01-22 07:30:00+00:00,2024-01-23 10:00:00+00:00,16401,14552,26.5,1849,1849,12.70615722924684,10
2024-01-22 07:30:00+00:00,2024-01-23 11:00:00+00:00,17825,0,27.5,17825,17825,inf,11
2024-01-22 07:30:00+00:00,2024-01-23 12:00:00+00:00,18576,12439,28.5,6137,6137,49.336763405418445,12
2024-01-22 07:30:00+00:00,2024-01-23 13:00:00+00:00,19025,15288,29.5,3737,3737,24.444008372579802,13
2024-01-22 07:30:00+00:00,2024-01-23 14:00:00+00:00,19258,15721,30.5,3537,3537,22.498568793333757,14
2024-01-22 07:30:00+00:00,2024-01-23 15:00:00+00:00,19353,15455,31.5,3898,3898,25.221611129084437,15
2024-01-22 07:30:00+00:00,2024-01-23 16:00:00+00:00,19390,15280,32.5,4110,4110,26.897905759162306,16
2024-01-22 07:30:00+00:00,2024-01-23 17:00:00+00:00,19493,15232,33.5,4261,4261,27.974002100840334,17
2024-01-22 07:30:00+00:00,2024-01-23 18:00:00+00:00,19546,15500,34.5,4046,4046,26.10322580645161,18
2024-01-22 07:30:00+00:00,2024-01-23 19:00:00+00:00,19200,15087,35.5,4113,4113,27.261881089679857,19
2024-01-22 07:30:00+00:00,2024-01-23 20:00:00+00:00,18926,15140,36.5,3786,3786,25.00660501981506,20
2024-01-22 07:30:00+00:00,2024-01-23 21:00:00+00:00,18755,14506,37.5,4249,4249,29.291327726458015,21
2024-01-22 07:30:00+00:00,2024-01-23 22:00:00+00:00,18113,13779,38.5,4334,4334,31.453661368749547,22
2024-01-22 07:30:00+00:00,2024-01-23 23:00:00+00:00,18218,13784,39.5,4434,4434,32.16773070226349,23
2024-01-22 07:30:00+00:00,2024-01-24 00:00:00+00:00,18242,13888,40.5,4354,4354,31.350806451612907,0
2024-01-22 07:30:00+00:00,2024-01-24 01:00:00+00:00,18252,13913,41.5,4339,4339,31.18665995831237,1
2024-01-22 07:30:00+00:00,2024-01-24 02:00:00+00:00,18259,13586,42.5,4673,4673,34.3957014573826,2
2024-01-22 07:30:00+00:00,2024-01-24 03:00:00+00:00,18359,13351,43.5,5008,5008,37.51029885401842,3
2024-01-22 07:30:00+00:00,2024-01-24 04:00:00+00:00,18271,13392,44.5,4879,4879,36.432198327359615,4
2024-01-22 07:30:00+00:00,2024-01-24 05:00:00+00:00,18234,13320,45.5,4914,4914,36.891891891891895,5
2024-01-22 07:30:00+00:00,2024-01-24 06:00:00+00:00,18173,13479,46.5,4694,4694,34.82454187996142,6
2024-01-22 07:30:00+00:00,2024-01-24 07:00:00+00:00,18453,14158,47.5,4295,4295,30.336205678768184,7
2024-01-22 04:30:00+00:00,2024-01-22 21:00:00+00:00,19457,15692,16.5,3765,3765,23.993117512108082,21
2024-01-22 04:30:00+00:00,2024-01-22 22:00:00+00:00,19297,15461,17.5,3836,3836,24.810814306965913,22
2024-01-22 04:30:00+00:00,2024-01-22 23:00:00+00:00,19060,15049,18.5,4011,4011,26.65293374975081,23
2024-01-22 04:30:00+00:00,2024-01-23 00:00:00+00:00,18745,14934,19.5,3811,3811,25.518950046872906,0
2024-01-22 04:30:00+00:00,2024-01-23 01:00:00+00:00,18226,14541,20.5,3685,3685,25.34213602915893,1
2024-01-22 04:30:00+00:00,2024-01-23 02:00:00+00:00,17747,13765,21.5,3982,3982,28.928441699963674,2
2024-01-22 04:30:00+00:00,2024-01-23 03:00:00+00:00,17126,12974,22.5,4152,4152,32.00246647140435,3
2024-01-22 04:30:00+00:00,2024-01-23 04:00:00+00:00,16035,12541,23.5,3494,3494,27.860617175663823,4
2024-01-22 04:30:00+00:00,2024-01-23 05:00:00+00:00,14522,12089,24.5,2433,2433,20.125734138472993,5
2024-01-22 04:30:00+00:00,2024-01-23 06:00:00+00:00,13745,12206,25.5,1539,1539,12.60855317057185,6
2024-01-22 04:30:00+00:00,2024-01-23 07:00:00+00:00,13411,13002,26.5,409,409,3.1456698969389323,7
2024-01-22 04:30:00+00:00,2024-01-23 08:00:00+00:00,14027,14101,27.5,-74,74,0.5247854762073612,8
2024-01-22 04:30:00+00:00,2024-01-23 09:00:00+00:00,15087,14526,28.5,561,561,3.8620404791408514,9
2024-01-22 04:30:00+00:00,2024-01-23 10:00:00+00:00,16748,14552,29.5,2196,2196,15.090709180868608,10
2024-01-22 04:30:00+00:00,2024-01-23 11:00:00+00:00,18061,0,30.5,18061,18061,inf,11
2024-01-22 04:30:00+00:00,2024-01-23 12:00:00+00:00,18763,12439,31.5,6324,6324,50.840099686469976,12
2024-01-22 04:30:00+00:00,2024-01-23 13:00:00+00:00,19115,15288,32.5,3827,3827,25.032705389848246,13
2024-01-22 04:30:00+00:00,2024-01-23 14:00:00+00:00,19248,15721,33.5,3527,3527,22.43495960816742,14
2024-01-22 04:30:00+00:00,2024-01-23 15:00:00+00:00,19363,15455,34.5,3908,3908,25.286315108379164,15
2024-01-22 04:30:00+00:00,2024-01-23 16:00:00+00:00,18931,15280,35.5,3651,3651,23.893979057591622,16
2024-01-22 04:30:00+00:00,2024-01-23 17:00:00+00:00,18939,15232,36.5,3707,3707,24.336922268907564,17
2024-01-22 04:30:00+00:00,2024-01-23 18:00:00+00:00,18746,15500,37.5,3246,3246,20.941935483870967,18
2024-01-22 04:30:00+00:00,2024-01-23 19:00:00+00:00,18692,15087,38.5,3605,3605,23.894743819182075,19
2024-01-22 04:30:00+00:00,2024-01-23 20:00:00+00:00,18468,15140,39.5,3328,3328,21.981505944517835,20
2024-01-22 04:30:00+00:00,2024-01-23 21:00:00+00:00,18227,14506,40.5,3721,3721,25.651454570522542,21
2024-01-22 04:30:00+00:00,2024-01-23 22:00:00+00:00,18097,13779,41.5,4318,4318,31.337542637346687,22
2024-01-22 04:30:00+00:00,2024-01-23 23:00:00+00:00,18102,13784,42.5,4318,4318,31.32617527568195,23
2024-01-22 04:30:00+00:00,2024-01-24 00:00:00+00:00,18227,13888,43.5,4339,4339,31.242799539170505,0
2024-01-22 04:30:00+00:00,2024-01-24 01:00:00+00:00,18239,13913,44.5,4326,4326,31.09322216631927,1
2024-01-22 04:30:00+00:00,2024-01-24 02:00:00+00:00,18345,13586,45.5,4759,4759,35.02870602090387,2
2024-01-22 04:30:00+00:00,2024-01-24 03:00:00+00:00,18349,13351,46.5,4998,4998,37.43539809752078,3
2024-01-22 04:30:00+00:00,2024-01-24 04:00:00+00:00,18356,13392,47.5,4964,4964,37.06690561529271,4
2024-01-22 02:30:00+00:00,2024-01-22 21:00:00+00:00,19446,15692,18.5,3754,3754,23.923018098394085,21
2024-01-22 02:30:00+00:00,2024-01-22 22:00:00+00:00,19274,15461,19.5,3813,3813,24.66205290731518,22
2024-01-22 02:30:00+00:00,2024-01-22 23:00:00+00:00,19028,15049,20.5,3979,3979,26.440295036215034,23
2024-01-22 02:30:00+00:00,2024-01-23 00:00:00+00:00,18707,14934,21.5,3773,3773,25.26449712066426,0
2024-01-22 02:30:00+00:00,2024-01-23 01:00:00+00:00,18234,14541,22.5,3693,3693,25.39715287806891,1
2024-01-22 02:30:00+00:00,2024-01-23 02:00:00+00:00,17749,13765,23.5,3984,3984,28.942971304031968,2
2024-01-22 02:30:00+00:00,2024-01-23 03:00:00+00:00,17123,12974,24.5,4149,4149,31.979343301988592,3
2024-01-22 02:30:00+00:00,2024-01-23 04:00:00+00:00,16035,12541,25.5,3494,3494,27.860617175663823,4
2024-01-22 02:30:00+00:00,2024-01-23 05:00:00+00:00,14522,12089,26.5,2433,2433,20.125734138472993,5
2024-01-22 02:30:00+00:00,2024-01-23 06:00:00+00:00,13741,12206,27.5,1535,1535,12.57578240209733,6
2024-01-22 02:30:00+00:00,2024-01-23 07:00:00+00:00,13408,13002,28.5,406,406,3.122596523611752,7
2024-01-22 02:30:00+00:00,2024-01-23 08:00:00+00:00,14025,14101,29.5,-76,76,0.5389688674562088,8
2024-01-22 02:30:00+00:00,2024-01-23 09:00:00+00:00,15092,14526,30.5,566,566,3.8964615172793615,9
2024-01-22 02:30:00+00:00,2024-01-23 10:00:00+00:00,16748,14552,31.5,2196,2196,15.090709180868608,10
2024-01-22 02:30:00+00:00,2024-01-23 11:00:00+00:00,18061,0,32.5,18061,18061,inf,11
2024-01-22 02:30:00+00:00,2024-01-23 12:00:00+00:00,18762,12439,33.5,6323,6323,50.8320604550205,12
2024-01-22 02:30:00+00:00,2024-01-23 13:00:00+00:00,19115,15288,34.5,3827,3827,25.032705389848246,13
2024-01-22 02:30:00+00:00,2024-01-23 14:00:00+00:00,19248,15721,35.5,3527,3527,22.43495960816742,14
2024-01-22 02:30:00+00:00,2024-01-23 15:00:00+00:00,19362,15455,36.5,3907,3907,25.279844710449694,15
2024-01-22 02:30:00+00:00,2024-01-23 16:00:00+00:00,18930,15280,37.5,3650,3650,23.887434554973822,16
2024-01-22 02:30:00+00:00,2024-01-23 17:00:00+00:00,18937,15232,38.5,3705,3705,24.32379201680672,17
2024-01-22 02:30:00+00:00,2024-01-23 18:00:00+00:00,18744,15500,39.5,3244,3244,20.929032258064517,18
2024-01-22 02:30:00+00:00,2024-01-23 19:00:00+00:00,18691,15087,40.5,3604,3604,23.888115596208657,19
2024-01-22 02:30:00+00:00,2024-01-23 20:00:00+00:00,18467,15140,41.5,3327,3327,21.974900924702776,20
2024-01-22 02:30:00+00:00,2024-01-23 21:00:00+00:00,18225,14506,42.5,3719,3719,25.637667172204605,21
2024-01-22 02:30:00+00:00,2024-01-23 22:00:00+00:00,18096,13779,43.5,4317,4317,31.330285216634007,22
2024-01-22 02:30:00+00:00,2024-01-23 23:00:00+00:00,18101,13784,44.5,4317,4317,31.318920487521762,23
2024-01-22 02:30:00+00:00,2024-01-24 00:00:00+00:00,18227,13888,45.5,4339,4339,31.242799539170505,0
2024-01-22 02:30:00+00:00,2024-01-24 01:00:00+00:00,18239,13913,46.5,4326,4326,31.09322216631927,1
2024-01-22 02:30:00+00:00,2024-01-24 02:00:00+00:00,18345,13586,47.5,4759,4759,35.02870602090387,2
2024-01-21 22:30:00+00:00,2024-01-22 03:00:00+00:00,18510,10235,4.5,8275,8275,80.85002442598925,3
2024-01-21 22:30:00+00:00,2024-01-22 04:00:00+00:00,19002,11196,5.5,7806,7806,69.72132904608789,4
2024-01-21 22:30:00+00:00,2024-01-22 05:00:00+00:00,19646,11531,6.5,8115,8115,70.37550949614084,5
2024-01-21 22:30:00+00:00,2024-01-22 06:00:00+00:00,19717,12139,7.5,7578,7578,62.426888541065985,6
2024-01-21 22:30:00+00:00,2024-01-22 07:00:00+00:00,19779,13423,8.5,6356,6356,47.351560753929824,7
2024-01-21 22:30:00+00:00,2024-01-22 08:00:00+00:00,19716,14698,9.5,5018,5018,34.14069941488638,8
2024-01-21 22:30:00+00:00,2024-01-22 09:00:00+00:00,19665,14969,10.5,4696,4696,31.371501102278042,9
2024-01-21 22:30:00+00:00,2024-01-22 10:00:00+00:00,19669,15231,11.5,4438,4438,29.137942354408768,10
2024-01-21 22:30:00+00:00,2024-01-22 11:00:00+00:00,19689,15408,12.5,4281,4281,27.784267912772588,11
2024-01-21 22:30:00+00:00,2024-01-22 12:00:00+00:00,19701,15341,13.5,4360,4360,28.420572322534387,12
2024-01-21 22:30:00+00:00,2024-01-22 13:00:00+00:00,19674,15638,14.5,4036,4036,25.808926972758666,13
2024-01-21 22:30:00+00:00,2024-01-22 14:00:00+00:00,19631,16018,15.5,3613,3613,22.555874641028844,14
2024-01-21 22:30:00+00:00,2024-01-22 15:00:00+00:00,19606,15682,16.5,3924,3924,25.022318581813547,15
2024-01-21 22:30:00+00:00,2024-01-22 16:00:00+00:00,19571,15877,17.5,3694,3694,23.266360143603958,16
2024-01-21 22:30:00+00:00,2024-01-22 17:00:00+00:00,19564,15743,18.5,3821,3821,24.271104617925428,17
2024-01-21 22:30:00+00:00,2024-01-22 18:00:00+00:00,19536,15855,19.5,3681,3681,23.216650898770105,18
2024-01-21 22:30:00+00:00,2024-01-22 19:00:00+00:00,19515,15798,20.5,3717,3717,23.528294720850738,19
2024-01-21 22:30:00+00:00,2024-01-22 20:00:00+00:00,19533,15742,21.5,3791,3791,24.08207343412527,20
2024-01-21 22:30:00+00:00,2024-01-22 21:00:00+00:00,19456,15692,22.5,3764,3764,23.98674483813408,21
2024-01-21 22:30:00+00:00,2024-01-22 22:00:00+00:00,19223,15461,23.5,3762,3762,24.332190673307032,22
2024-01-21 22:30:00+00:00,2024-01-22 23:00:00+00:00,18994,15049,24.5,3945,3945,26.21436640308326,23
2024-01-21 22:30:00+00:00,2024-01-23 00:00:00+00:00,18683,14934,25.5,3749,3749,25.10379000937458,0
2024-01-21 22:30:00+00:00,2024-01-23 01:00:00+00:00,18178,14541,26.5,3637,3637,25.012034935699056,1
2024-01-21 22:30:00+00:00,2024-01-23 02:00:00+00:00,17667,13765,27.5,3902,3902,28.347257537232114,2
2024-01-21 22:30:00+00:00,2024-01-23 03:00:00+00:00,17001,12974,28.5,4027,4027,31.039001079081242,3
2024-01-21 22:30:00+00:00,2024-01-23 04:00:00+00:00,16050,12541,29.5,3509,3509,27.98022486245116,4
2024-01-21 22:30:00+00:00,2024-01-23 05:00:00+00:00,14589,12089,30.5,2500,2500,20.679956985689472,5
2024-01-21 22:30:00+00:00,2024-01-23 06:00:00+00:00,13697,12206,31.5,1491,1491,12.215303948877601,6
2024-01-21 22:30:00+00:00,2024-01-23 07:00:00+00:00,13715,13002,32.5,713,713,5.48377172742655,7
2024-01-21 22:30:00+00:00,2024-01-23 08:00:00+00:00,14367,14101,33.5,266,266,1.8863910360967306,8
2024-01-21 22:30:00+00:00,2024-01-23 09:00:00+00:00,15499,14526,34.5,973,973,6.698334021754096,9
2024-01-21 22:30:00+00:00,2024-01-23 10:00:00+00:00,16800,14552,35.5,2248,2248,15.448048378229798,10
2024-01-21 22:30:00+00:00,2024-01-23 11:00:00+00:00,17848,0,36.5,17848,17848,inf,11
2024-01-21 22:30:00+00:00,2024-01-23 12:00:00+00:00,18444,12439,37.5,6005,6005,48.27558485408795,12
2024-01-21 22:30:00+00:00,2024-01-23 13:00:00+00:00,18727,15288,38.5,3439,3439,22.49476713762428,13
2024-01-21 22:30:00+00:00,2024-01-23 14:00:00+00:00,18898,15721,39.5,3177,3177,20.208638127345587,14
2024-01-21 22:30:00+00:00,2024-01-23 15:00:00+00:00,19004,15455,40.5,3549,3549,22.963442251698478,15
2024-01-21 22:30:00+00:00,2024-01-23 16:00:00+00:00,18975,15280,41.5,3695,3695,24.18193717277487,16
2024-01-21 22:30:00+00:00,2024-01-23 17:00:00+00:00,18942,15232,42.5,3710,3710,24.356617647058822,17
2024-01-21 22:30:00+00:00,2024-01-23 18:00:00+00:00,18878,15500,43.5,3378,3378,21.793548387096777,18
2024-01-21 22:30:00+00:00,2024-01-23 19:00:00+00:00,18927,15087,44.5,3840,3840,25.452376217935974,19
2024-01-21 22:30:00+00:00,2024-01-23 20:00:00+00:00,18491,15140,45.5,3351,3351,22.1334214002642,20
2024-01-21 22:30:00+00:00,2024-01-23 21:00:00+00:00,18372,14506,46.5,3866,3866,26.651040948573,21
2024-01-21 18:30:00+00:00,2024-01-21 23:00:00+00:00,12374,8493,4.5,3881,3881,45.69645590486282,23
2024-01-21 18:30:00+00:00,2024-01-22 00:00:00+00:00,12256,8662,5.5,3594,3594,41.49157238513045,0
2024-01-21 18:30:00+00:00,2024-01-22 01:00:00+00:00,12891,8121,6.5,4770,4770,58.73660879202068,1
2024-01-21 18:30:00+00:00,2024-01-22 02:00:00+00:00,17325,8638,7.5,8687,8687,100.56726094003241,2
2024-01-21 18:30:00+00:00,2024-01-22 03:00:00+00:00,18511,10235,8.5,8276,8276,80.85979482169027,3
2024-01-21 18:30:00+00:00,2024-01-22 04:00:00+00:00,19003,11196,9.5,7807,7807,69.73026080743122,4
2024-01-21 18:30:00+00:00,2024-01-22 05:00:00+00:00,19646,11531,10.5,8115,8115,70.37550949614084,5
2024-01-21 18:30:00+00:00,2024-01-22 06:00:00+00:00,19719,12139,11.5,7580,7580,62.443364362797595,6
2024-01-21 18:30:00+00:00,2024-01-22 07:00:00+00:00,19779,13423,12.5,6356,6356,47.351560753929824,7
2024-01-21 18:30:00+00:00,2024-01-22 08:00:00+00:00,19716,14698,13.5,5018,5018,34.14069941488638,8
2024-01-21 18:30:00+00:00,2024-01-22 09:00:00+00:00,19665,14969,14.5,4696,4696,31.371501102278042,9
2024-01-21 18:30:00+00:00,2024-01-22 10:00:00+00:00,19669,15231,15.5,4438,4438,29.137942354408768,10
2024-01-21 18:30:00+00:00,2024-01-22 11:00:00+00:00,19689,15408,16.5,4281,4281,27.784267912772588,11
2024-01-21 18:30:00+00:00,2024-01-22 12:00:00+00:00,19701,15341,17.5,4360,4360,28.420572322534387,12
2024-01-21 18:30:00+00:00,2024-01-22 13:00:00+00:00,19673,15638,18.5,4035,4035,25.802532293132113,13
2024-01-21 18:30:00+00:00,2024-01-22 14:00:00+00:00,19631,16018,19.5,3613,3613,22.555874641028844,14
2024-01-21 18:30:00+00:00,2024-01-22 15:00:00+00:00,19606,15682,20.5,3924,3924,25.022318581813547,15
2024-01-21 18:30:00+00:00,2024-01-22 16:00:00+00:00,19571,15877,21.5,3694,3694,23.266360143603958,16
2024-01-21 18:30:00+00:00,2024-01-22 17:00:00+00:00,19564,15743,22.5,3821,3821,24.271104617925428,17
2024-01-21 18:30:00+00:00,2024-01-22 18:00:00+00:00,19536,15855,23.5,3681,3681,23.216650898770105,18
2024-01-21 18:30:00+00:00,2024-01-22 19:00:00+00:00,19514,15798,24.5,3716,3716,23.521964805671605,19
2024-01-21 18:30:00+00:00,2024-01-22 20:00:00+00:00,19531,15742,25.5,3789,3789,24.069368568161607,20
2024-01-21 18:30:00+00:00,2024-01-22 21:00:00+00:00,19455,15692,26.5,3763,3763,23.980372164160084,21
2024-01-21 18:30:00+00:00,2024-01-22 22:00:00+00:00,19219,15461,27.5,3758,3758,24.306319125541687,22
2024-01-21 18:30:00+00:00,2024-01-22 23:00:00+00:00,18988,15049,28.5,3939,3939,26.174496644295303,23
2024-01-21 18:30:00+00:00,2024-01-23 00:00:00+00:00,18692,14934,29.5,3758,3758,25.164055176108207,0
2024-01-21 18:30:00+00:00,2024-01-23 01:00:00+00:00,18175,14541,30.5,3634,3634,24.991403617357815,1
2024-01-21 18:30:00+00:00,2024-01-23 02:00:00+00:00,17663,13765,31.5,3898,3898,28.318198329095534,2
2024-01-21 18:30:00+00:00,2024-01-23 03:00:00+00:00,17000,12974,32.5,4026,4026,31.03129335594265,3
2024-01-21 18:30:00+00:00,2024-01-23 04:00:00+00:00,16049,12541,33.5,3508,3508,27.97225101666534,4
2024-01-21 18:30:00+00:00,2024-01-23 05:00:00+00:00,14589,12089,34.5,2500,2500,20.679956985689472,5
2024-01-21 18:30:00+00:00,2024-01-23 06:00:00+00:00,13704,12206,35.5,1498,1498,12.272652793708012,6
2024-01-21 18:30:00+00:00,2024-01-23 07:00:00+00:00,13714,13002,36.5,712,712,5.476080602984156,7
2024-01-21 18:30:00+00:00,2024-01-23 08:00:00+00:00,14372,14101,37.5,271,271,1.9218495142188496,8
2024-01-21 18:30:00+00:00,2024-01-23 09:00:00+00:00,15499,14526,38.5,973,973,6.698334021754096,9
2024-01-21 18:30:00+00:00,2024-01-23 10:00:00+00:00,16801,14552,39.5,2249,2249,15.454920285871356,10
2024-01-21 18:30:00+00:00,2024-01-23 11:00:00+00:00,17848,0,40.5,17848,17848,inf,11
2024-01-21 18:30:00+00:00,2024-01-23 12:00:00+00:00,18445,12439,41.5,6006,6006,48.283624085537426,12
2024-01-21 18:30:00+00:00,2024-01-23 13:00:00+00:00,18728,15288,42.5,3440,3440,22.50130821559393,13
2024-01-21 18:30:00+00:00,2024-01-23 14:00:00+00:00,18898,15721,43.5,3177,3177,20.208638127345587,14
2024-01-21 18:30:00+00:00,2024-01-23 15:00:00+00:00,19005,15455,44.5,3550,3550,22.96991264962795,15
2024-01-21 18:30:00+00:00,2024-01-23 16:00:00+00:00,18974,15280,45.5,3694,3694,24.175392670157066,16
2024-01-21 18:30:00+00:00,2024-01-23 17:00:00+00:00,18942,15232,46.5,3710,3710,24.356617647058822,17
2024-01-21 18:30:00+00:00,2024-01-23 18:00:00+00:00,18877,15500,47.5,3377,3377,21.78709677419355,18
2024-01-21 15:30:00+00:00,2024-01-21 21:00:00+00:00,14329,9112,5.5,5217,5217,57.254170324846356,21
2024-01-21 15:30:00+00:00,2024-01-21 22:00:00+00:00,13950,8108,6.5,5842,5842,72.05229403058708,22
2024-01-21 15:30:00+00:00,2024-01-21 23:00:00+00:00,12535,8493,7.5,4042,4042,47.59213469916402,23
2024-01-21 15:30:00+00:00,2024-01-22 00:00:00+00:00,12433,8662,8.5,3771,3771,43.534980374047564,0
2024-01-21 15:30:00+00:00,2024-01-22 01:00:00+00:00,12505,8121,9.5,4384,4384,53.98349956901859,1
2024-01-21 15:30:00+00:00,2024-01-22 02:00:00+00:00,16952,8638,10.5,8314,8314,96.24913174345913,2
2024-01-21 15:30:00+00:00,2024-01-22 03:00:00+00:00,17992,10235,11.5,7757,7757,75.78895945285784,3
2024-01-21 15:30:00+00:00,2024-01-22 04:00:00+00:00,18494,11196,12.5,7298,7298,65.18399428367275,4
2024-01-21 15:30:00+00:00,2024-01-22 05:00:00+00:00,19041,11531,13.5,7510,7510,65.1287832798543,5
2024-01-21 15:30:00+00:00,2024-01-22 06:00:00+00:00,19628,12139,14.5,7489,7489,61.69371447400939,6
2024-01-21 15:30:00+00:00,2024-01-22 07:00:00+00:00,19818,13423,15.5,6395,6395,47.642106831557776,7
2024-01-21 15:30:00+00:00,2024-01-22 08:00:00+00:00,19790,14698,16.5,5092,5092,34.644169274731254,8
2024-01-21 15:30:00+00:00,2024-01-22 09:00:00+00:00,19706,14969,17.5,4737,4737,31.645400494355002,9
2024-01-21 15:30:00+00:00,2024-01-22 10:00:00+00:00,19725,15231,18.5,4494,4494,29.50561355130983,10
2024-01-21 15:30:00+00:00,2024-01-22 11:00:00+00:00,19753,15408,19.5,4345,4345,28.19963655244029,11
2024-01-21 15:30:00+00:00,2024-01-22 12:00:00+00:00,19734,15341,20.5,4393,4393,28.635682158920538,12
2024-01-21 15:30:00+00:00,2024-01-22 13:00:00+00:00,19678,15638,21.5,4040,4040,25.83450569126487,13
2024-01-21 15:30:00+00:00,2024-01-22 14:00:00+00:00,19720,16018,22.5,3702,3702,23.111499562991632,14
2024-01-21 15:30:00+00:00,2024-01-22 15:00:00+00:00,19683,15682,23.5,4001,4001,25.513327381711516,15
2024-01-21 15:30:00+00:00,2024-01-22 16:00:00+00:00,19636,15877,24.5,3759,3759,23.67575738489639,16
2024-01-21 15:30:00+00:00,2024-01-22 17:00:00+00:00,19641,15743,25.5,3898,3898,24.760210887378516,17
2024-01-21 15:30:00+00:00,2024-01-22 18:00:00+00:00,19623,15855,26.5,3768,3768,23.765373699148533,18
2024-01-21 15:30:00+00:00,2024-01-22 19:00:00+00:00,19605,15798,27.5,3807,3807,24.097987086973035,19
2024-01-21 15:30:00+00:00,2024-01-22 20:00:00+00:00,19615,15742,28.5,3873,3873,24.6029729386355,20
2024-01-21 15:30:00+00:00,2024-01-22 21:00:00+00:00,19580,15692,29.5,3888,3888,24.776956410910017,21
2024-01-21 15:30:00+00:00,2024-01-22 22:00:00+00:00,19362,15461,30.5,3901,3901,25.23122695815277,22
2024-01-21 15:30:00+00:00,2024-01-22 23:00:00+00:00,19152,15049,31.5,4103,4103,27.26427005116619,23
2024-01-21 15:30:00+00:00,2024-01-23 00:00:00+00:00,18869,14934,32.5,3935,3935,26.349270121869562,0
2024-01-21 15:30:00+00:00,2024-01-23 01:00:00+00:00,18359,14541,33.5,3818,3818,26.256791142287327,1
2024-01-21 15:30:00+00:00,2024-01-23 02:00:00+00:00,17783,13765,34.5,4018,4018,29.189974573192877,2
2024-01-21 15:30:00+00:00,2024-01-23 03:00:00+00:00,17159,12974,35.5,4185,4185,32.256821334977644,3
2024-01-21 15:30:00+00:00,2024-01-23 04:00:00+00:00,16067,12541,36.5,3526,3526,28.115780240810146,4
2024-01-21 15:30:00+00:00,2024-01-23 05:00:00+00:00,15074,12089,37.5,2985,2985,24.691868640913228,5
2024-01-21 15:30:00+00:00,2024-01-23 06:00:00+00:00,13856,12206,38.5,1650,1650,13.517941995739799,6
2024-01-21 15:30:00+00:00,2024-01-23 07:00:00+00:00,14583,13002,39.5,1581,1581,12.159667743424087,7
2024-01-21 15:30:00+00:00,2024-01-23 08:00:00+00:00,15104,14101,40.5,1003,1003,7.112970711297072,8
2024-01-21 15:30:00+00:00,2024-01-23 09:00:00+00:00,15402,14526,41.5,876,876,6.030565881866997,9
2024-01-21 15:30:00+00:00,2024-01-23 10:00:00+00:00,16960,14552,42.5,2408,2408,16.547553600879606,10
2024-01-21 15:30:00+00:00,2024-01-23 11:00:00+00:00,18022,0,43.5,18022,18022,inf,11
2024-01-21 15:30:00+00:00,2024-01-23 12:00:00+00:00,18624,12439,44.5,6185,6185,49.722646514993166,12
2024-01-21 15:30:00+00:00,2024-01-23 13:00:00+00:00,18802,15288,45.5,3514,3514,22.985347985347985,13
2024-01-21 15:30:00+00:00,2024-01-23 14:00:00+00:00,18962,15721,46.5,3241,3241,20.615736912410153,14
2024-01-21 15:30:00+00:00,2024-01-23 15:00:00+00:00,18952,15455,47.5,3497,3497,22.626981559365902,15
2024-01-21 11:30:00+00:00,2024-01-21 21:00:00+00:00,15878,9112,9.5,6766,6766,74.25373134328358,21
2024-01-21 11:30:00+00:00,2024-01-21 22:00:00+00:00,14343,8108,10.5,6235,6235,76.89935865811545,22
2024-01-21 11:30:00+00:00,2024-01-21 23:00:00+00:00,14767,8493,11.5,6274,6274,73.87260096550101,23
2024-01-21 11:30:00+00:00,2024-01-22 00:00:00+00:00,14538,8662,12.5,5876,5876,67.83652736088663,0
2024-01-21 11:30:00+00:00,2024-01-22 01:00:00+00:00,15351,8121,13.5,7230,7230,89.02844477281123,1
2024-01-21 11:30:00+00:00,2024-01-22 02:00:00+00:00,16655,8638,14.5,8017,8017,92.81083584163,2
2024-01-21 11:30:00+00:00,2024-01-22 03:00:00+00:00,18107,10235,15.5,7872,7872,76.91255495847582,3
2024-01-21 11:30:00+00:00,2024-01-22 04:00:00+00:00,18576,11196,16.5,7380,7380,65.91639871382637,4
2024-01-21 11:30:00+00:00,2024-01-22 05:00:00+00:00,19327,11531,17.5,7796,7796,67.60905385482612,5
2024-01-21 11:30:00+00:00,2024-01-22 06:00:00+00:00,19633,12139,18.5,7494,7494,61.73490402833841,6
2024-01-21 11:30:00+00:00,2024-01-22 07:00:00+00:00,19719,13423,19.5,6296,6296,46.904566788348355,7
2024-01-21 11:30:00+00:00,2024-01-22 08:00:00+00:00,19788,14698,20.5,5090,5090,34.63056198122194,8
2024-01-21 11:30:00+00:00,2024-01-22 09:00:00+00:00,19744,14969,21.5,4775,4775,31.899258467499497,9
2024-01-21 11:30:00+00:00,2024-01-22 10:00:00+00:00,19739,15231,22.5,4508,4508,29.597531350535096,10
2024-01-21 11:30:00+00:00,2024-01-22 11:00:00+00:00,19744,15408,23.5,4336,4336,28.14122533748702,11
2024-01-21 11:30:00+00:00,2024-01-22 12:00:00+00:00,19754,15341,24.5,4413,4413,28.76605175673033,12
2024-01-21 11:30:00+00:00,2024-01-22 13:00:00+00:00,19709,15638,25.5,4071,4071,26.03274075968794,13
2024-01-21 11:30:00+00:00,2024-01-22 14:00:00+00:00,19711,16018,26.5,3693,3693,23.05531277313023,14
2024-01-21 11:30:00+00:00,2024-01-22 15:00:00+00:00,19680,15682,27.5,3998,3998,25.494197168728476,15
2024-01-21 11:30:00+00:00,2024-01-22 16:00:00+00:00,19615,15877,28.5,3738,3738,23.54349058386345,16
2024-01-21 11:30:00+00:00,2024-01-22 17:00:00+00:00,19650,15743,29.5,3907,3907,24.81737915263927,17
2024-01-21 11:30:00+00:00,2024-01-22 18:00:00+00:00,19647,15855,30.5,3792,3792,23.916745506149482,18
2024-01-21 11:30:00+00:00,2024-01-22 19:00:00+00:00,19638,15798,31.5,3840,3840,24.306874287884543,19
2024-01-21 11:30:00+00:00,2024-01-22 20:00:00+00:00,19614,15742,32.5,3872,3872,24.596620505653664,20
2024-01-21 11:30:00+00:00,2024-01-22 21:00:00+00:00,19580,15692,33.5,3888,3888,24.776956410910017,21
2024-01-21 11:30:00+00:00,2024-01-22 22:00:00+00:00,19217,15461,34.5,3756,3756,24.293383351659013,22
2024-01-21 11:30:00+00:00,2024-01-22 23:00:00+00:00,18966,15049,35.5,3917,3917,26.028307528739454,23
2024-01-21 11:30:00+00:00,2024-01-23 00:00:00+00:00,18683,14934,36.5,3749,3749,25.10379000937458,0
2024-01-21 11:30:00+00:00,2024-01-23 01:00:00+00:00,18181,14541,37.5,3640,3640,25.032666254040297,1
2024-01-21 11:30:00+00:00,2024-01-23 02:00:00+00:00,17584,13765,38.5,3819,3819,27.744278968398113,2
2024-01-21 11:30:00+00:00,2024-01-23 03:00:00+00:00,16867,12974,39.5,3893,3893,30.006166178510867,3
2024-01-21 11:30:00+00:00,2024-01-23 04:00:00+00:00,16126,12541,40.5,3585,3585,28.58623714217367,4
2024-01-21 11:30:00+00:00,2024-01-23 05:00:00+00:00,15177,12089,41.5,3088,3088,25.54388286872363,5
2024-01-21 11:30:00+00:00,2024-01-23 06:00:00+00:00,14007,12206,42.5,1801,1801,14.755038505652957,6
2024-01-21 11:30:00+00:00,2024-01-23 07:00:00+00:00,14743,13002,43.5,1741,1741,13.390247654207046,7
2024-01-21 11:30:00+00:00,2024-01-23 08:00:00+00:00,15264,14101,44.5,1163,1163,8.24764201120488,8
2024-01-21 11:30:00+00:00,2024-01-23 09:00:00+00:00,15560,14526,45.5,1034,1034,7.118270687043922,9
2024-01-21 11:30:00+00:00,2024-01-23 10:00:00+00:00,17056,14552,46.5,2504,2504,17.20725673446949,10
2024-01-21 11:30:00+00:00,2024-01-23 11:00:00+00:00,18076,0,47.5,18076,18076,inf,11
2024-01-21 09:30:00+00:00,2024-01-21 21:00:00+00:00,15878,9112,11.5,6766,6766,74.25373134328358,21
2024-01-21 09:30:00+00:00,2024-01-21 22:00:00+00:00,14343,8108,12.5,6235,6235,76.89935865811545,22
2024-01-21 09:30:00+00:00,2024-01-21 23:00:00+00:00,14766,8493,13.5,6273,6273,73.86082656305193,23
2024-01-21 09:30:00+00:00,2024-01-22 00:00:00+00:00,14539,8662,14.5,5877,5877,67.84807203879012,0
2024-01-21 09:30:00+00:00,2024-01-22 01:00:00+00:00,15352,8121,15.5,7231,7231,89.04075852727496,1
2024-01-21 09:30:00+00:00,2024-01-22 02:00:00+00:00,16655,8638,16.5,8017,8017,92.81083584163,2
2024-01-21 09:30:00+00:00,2024-01-22 03:00:00+00:00,18107,10235,17.5,7872,7872,76.91255495847582,3
2024-01-21 09:30:00+00:00,2024-01-22 04:00:00+00:00,18577,11196,18.5,7381,7381,65.9253304751697,4
2024-01-21 09:30:00+00:00,2024-01-22 05:00:00+00:00,19329,11531,19.5,7798,7798,67.62639840430144,5
2024-01-21 09:30:00+00:00,2024-01-22 06:00:00+00:00,19633,12139,20.5,7494,7494,61.73490402833841,6
2024-01-21 09:30:00+00:00,2024-01-22 07:00:00+00:00,19718,13423,21.5,6295,6295,46.897116888922,7
2024-01-21 09:30:00+00:00,2024-01-22 08:00:00+00:00,19789,14698,22.5,5091,5091,34.6373656279766,8
2024-01-21 09:30:00+00:00,2024-01-22 09:00:00+00:00,19740,14969,23.5,4771,4771,31.87253657558955,9
2024-01-21 09:30:00+00:00,2024-01-22 10:00:00+00:00,19736,15231,24.5,4505,4505,29.577834679272534,10
2024-01-21 09:30:00+00:00,2024-01-22 11:00:00+00:00,19742,15408,25.5,4334,4334,28.128245067497403,11
2024-01-21 09:30:00+00:00,2024-01-22 12:00:00+00:00,19753,15341,26.5,4412,4412,28.75953327683984,12
2024-01-21 09:30:00+00:00,2024-01-22 13:00:00+00:00,19707,15638,27.5,4069,4069,26.019951400434838,13
2024-01-21 09:30:00+00:00,2024-01-22 14:00:00+00:00,19708,16018,28.5,3690,3690,23.036583843176427,14
2024-01-21 09:30:00+00:00,2024-01-22 15:00:00+00:00,19680,15682,29.5,3998,3998,25.494197168728476,15
2024-01-21 09:30:00+00:00,2024-01-22 16:00:00+00:00,19614,15877,30.5,3737,3737,23.537192164766644,16
2024-01-21 09:30:00+00:00,2024-01-22 17:00:00+00:00,19643,15743,31.5,3900,3900,24.77291494632535,17
2024-01-21 09:30:00+00:00,2024-01-22 18:00:00+00:00,19647,15855,32.5,3792,3792,23.916745506149482,18
2024-01-21 09:30:00+00:00,2024-01-22 19:00:00+00:00,19637,15798,33.5,3839,3839,24.300544372705406,19
2024-01-21 09:30:00+00:00,2024-01-22 20:00:00+00:00,19613,15742,34.5,3871,3871,24.590268072671833,20
2024-01-21 09:30:00+00:00,2024-01-22 21:00:00+00:00,19581,15692,35.5,3889,3889,24.783329084884016,21
2024-01-21 09:30:00+00:00,2024-01-22 22:00:00+00:00,19241,15461,36.5,3780,3780,24.44861263825108,22
2024-01-21 09:30:00+00:00,2024-01-22 23:00:00+00:00,19022,15049,37.5,3973,3973,26.40042527742707,23
2024-01-21 09:30:00+00:00,2024-01-23 00:00:00+00:00,18746,14934,38.5,3812,3812,25.525646176509976,0
2024-01-21 09:30:00+00:00,2024-01-23 01:00:00+00:00,18325,14541,39.5,3784,3784,26.022969534419914,1
2024-01-21 09:30:00+00:00,2024-01-23 02:00:00+00:00,17719,13765,40.5,3954,3954,28.725027243007627,2
2024-01-21 09:30:00+00:00,2024-01-23 03:00:00+00:00,16929,12974,41.5,3955,3955,30.484045013103128,3
2024-01-21 09:30:00+00:00,2024-01-23 04:00:00+00:00,16168,12541,42.5,3627,3627,28.921138665178216,4
2024-01-21 09:30:00+00:00,2024-01-23 05:00:00+00:00,15198,12089,43.5,3109,3109,25.717594507403422,5
2024-01-21 09:30:00+00:00,2024-01-23 06:00:00+00:00,14007,12206,44.5,1801,1801,14.755038505652957,6
2024-01-21 09:30:00+00:00,2024-01-23 07:00:00+00:00,14742,13002,45.5,1740,1740,13.382556529764653,7
2024-01-21 09:30:00+00:00,2024-01-23 08:00:00+00:00,15263,14101,46.5,1162,1162,8.240550315580455,8
2024-01-21 09:30:00+00:00,2024-01-23 09:00:00+00:00,15560,14526,47.5,1034,1034,7.118270687043922,9
2024-01-21 07:30:00+00:00,2024-01-21 21:00:00+00:00,15878,9112,13.5,6766,6766,74.25373134328358,21
2024-01-21 07:30:00+00:00,2024-01-21 22:00:00+00:00,14343,8108,14.5,6235,6235,76.89935865811545,22
2024-01-21 07:30:00+00:00,2024-01-21 23:00:00+00:00,14766,8493,15.5,6273,6273,73.86082656305193,23
2024-01-21 07:30:00+00:00,2024-01-22 00:00:00+00:00,14539,8662,16.5,5877,5877,67.84807203879012,0
2024-01-21 07:30:00+00:00,2024-01-22 01:00:00+00:00,15352,8121,17.5,7231,7231,89.04075852727496,1
2024-01-21 07:30:00+00:00,2024-01-22 02:00:00+00:00,16655,8638,18.5,8017,8017,92.81083584163,2
2024-01-21 07:30:00+00:00,2024-01-22 03:00:00+00:00,18107,10235,19.5,7872,7872,76.91255495847582,3
2024-01-21 07:30:00+00:00,2024-01-22 04:00:00+00:00,18578,11196,20.5,7382,7382,65.93426223651304,4
2024-01-21 07:30:00+00:00,2024-01-22 05:00:00+00:00,19330,11531,21.5,7799,7799,67.63507067903912,5
2024-01-21 07:30:00+00:00,2024-01-22 06:00:00+00:00,19633,12139,22.5,7494,7494,61.73490402833841,6
2024-01-21 07:30:00+00:00,2024-01-22 07:00:00+00:00,19717,13423,23.5,6294,6294,46.889666989495645,7
2024-01-21 07:30:00+00:00,2024-01-22 08:00:00+00:00,19789,14698,24.5,5091,5091,34.6373656279766,8
2024-01-21 07:30:00+00:00,2024-01-22 09:00:00+00:00,19741,14969,25.5,4772,4772,31.87921704856704,9
2024-01-21 07:30:00+00:00,2024-01-22 10:00:00+00:00,19737,15231,26.5,4506,4506,29.584400236360054,10
2024-01-21 07:30:00+00:00,2024-01-22 11:00:00+00:00,19743,15408,27.5,4335,4335,28.134735202492212,11
2024-01-21 07:30:00+00:00,2024-01-22 12:00:00+00:00,19754,15341,28.5,4413,4413,28.76605175673033,12
2024-01-21 07:30:00+00:00,2024-01-22 13:00:00+00:00,19707,15638,29.5,4069,4069,26.019951400434838,13
2024-01-21 07:30:00+00:00,2024-01-22 14:00:00+00:00,19708,16018,30.5,3690,3690,23.036583843176427,14
2024-01-21 07:30:00+00:00,2024-01-22 15:00:00+00:00,19680,15682,31.5,3998,3998,25.494197168728476,15
2024-01-21 07:30:00+00:00,2024-01-22 16:00:00+00:00,19613,15877,32.5,3736,3736,23.530893745669836,16
2024-01-21 07:30:00+00:00,2024-01-22 17:00:00+00:00,19642,15743,33.5,3899,3899,24.766562916851935,17
2024-01-21 07:30:00+00:00,2024-01-22 18:00:00+00:00,19647,15855,34.5,3792,3792,23.916745506149482,18
2024-01-21 07:30:00+00:00,2024-01-22 19:00:00+00:00,19637,15798,35.5,3839,3839,24.300544372705406,19
2024-01-21 07:30:00+00:00,2024-01-22 20:00:00+00:00,19612,15742,36.5,3870,3870,24.58391563969,20
2024-01-21 07:30:00+00:00,2024-01-22 21:00:00+00:00,19581,15692,37.5,3889,3889,24.783329084884016,21
2024-01-21 07:30:00+00:00,2024-01-22 22:00:00+00:00,19241,15461,38.5,3780,3780,24.44861263825108,22
2024-01-21 07:30:00+00:00,2024-01-22 23:00:00+00:00,19023,15049,39.5,3974,3974,26.407070237225067,23
2024-01-21 07:30:00+00:00,2024-01-23 00:00:00+00:00,18747,14934,40.5,3813,3813,25.53234230614705,0
2024-01-21 07:30:00+00:00,2024-01-23 01:00:00+00:00,18327,14541,41.5,3786,3786,26.03672374664741,1
2024-01-21 07:30:00+00:00,2024-01-23 02:00:00+00:00,17721,13765,42.5,3956,3956,28.73955684707592,2
2024-01-21 07:30:00+00:00,2024-01-23 03:00:00+00:00,16932,12974,43.5,3958,3958,30.507168182518885,3
2024-01-21 07:30:00+00:00,2024-01-23 04:00:00+00:00,16171,12541,44.5,3630,3630,28.945060202535682,4
2024-01-21 07:30:00+00:00,2024-01-23 05:00:00+00:00,15202,12089,45.5,3113,3113,25.75068243858053,5
2024-01-21 07:30:00+00:00,2024-01-23 06:00:00+00:00,14011,12206,46.5,1805,1805,14.787809274127477,6
2024-01-21 07:30:00+00:00,2024-01-23 07:00:00+00:00,14745,13002,47.5,1743,1743,13.405629903091832,7
2024-01-21 04:30:00+00:00,2024-01-21 21:00:00+00:00,15038,9112,16.5,5926,5926,65.03511852502196,21
2024-01-21 04:30:00+00:00,2024-01-21 22:00:00+00:00,14732,8108,17.5,6624,6624,81.69708929452393,22
2024-01-21 04:30:00+00:00,2024-01-21 23:00:00+00:00,14932,8493,18.5,6439,6439,75.8153773695985,23
2024-01-21 04:30:00+00:00,2024-01-22 00:00:00+00:00,12673,8662,19.5,4011,4011,46.30570307088433,0
2024-01-21 04:30:00+00:00,2024-01-22 01:00:00+00:00,16000,8121,20.5,7879,7879,97.02007141977589,1
2024-01-21 04:30:00+00:00,2024-01-22 02:00:00+00:00,17746,8638,21.5,9108,9108,105.4410743227599,2
2024-01-21 04:30:00+00:00,2024-01-22 03:00:00+00:00,18506,10235,22.5,8271,8271,80.81094284318515,3
2024-01-21 04:30:00+00:00,2024-01-22 04:00:00+00:00,18653,11196,23.5,7457,7457,66.6041443372633,4
2024-01-21 04:30:00+00:00,2024-01-22 05:00:00+00:00,19423,11531,24.5,7892,7892,68.44159222964183,5
2024-01-21 04:30:00+00:00,2024-01-22 06:00:00+00:00,19660,12139,25.5,7521,7521,61.95732762171513,6
2024-01-21 04:30:00+00:00,2024-01-22 07:00:00+00:00,19707,13423,26.5,6284,6284,46.815167995232066,7
2024-01-21 04:30:00+00:00,2024-01-22 08:00:00+00:00,19812,14698,27.5,5114,5114,34.79384950333378,8
2024-01-21 04:30:00+00:00,2024-01-22 09:00:00+00:00,19760,14969,28.5,4791,4791,32.00614603513929,9
2024-01-21 04:30:00+00:00,2024-01-22 10:00:00+00:00,19676,15231,29.5,4445,4445,29.183901254021404,10
2024-01-21 04:30:00+00:00,2024-01-22 11:00:00+00:00,19734,15408,30.5,4326,4326,28.07632398753894,11
2024-01-21 04:30:00+00:00,2024-01-22 12:00:00+00:00,19739,15341,31.5,4398,4398,28.668274558372985,12
2024-01-21 04:30:00+00:00,2024-01-22 13:00:00+00:00,19650,15638,32.5,4012,4012,25.65545466172145,13
2024-01-21 04:30:00+00:00,2024-01-22 14:00:00+00:00,19620,16018,33.5,3602,3602,22.487201897864903,14
2024-01-21 04:30:00+00:00,2024-01-22 15:00:00+00:00,19677,15682,34.5,3995,3995,25.47506695574544,15
2024-01-21 04:30:00+00:00,2024-01-22 16:00:00+00:00,19093,15877,35.5,3216,3216,20.25571581533035,16
2024-01-21 04:30:00+00:00,2024-01-22 17:00:00+00:00,19086,15743,36.5,3343,3343,21.234834529632217,17
2024-01-21 04:30:00+00:00,2024-01-22 18:00:00+00:00,19074,15855,37.5,3219,3219,20.30274361400189,18
2024-01-21 04:30:00+00:00,2024-01-22 19:00:00+00:00,19067,15798,38.5,3269,3269,20.692492720597542,19
2024-01-21 04:30:00+00:00,2024-01-22 20:00:00+00:00,19126,15742,39.5,3384,3384,21.49663321051963,20
2024-01-21 04:30:00+00:00,2024-01-22 21:00:00+00:00,19226,15692,40.5,3534,3534,22.521029824114198,21
2024-01-21 04:30:00+00:00,2024-01-22 22:00:00+00:00,19208,15461,41.5,3747,3747,24.235172369186987,22
2024-01-21 04:30:00+00:00,2024-01-22 23:00:00+00:00,19078,15049,42.5,4029,4029,26.772543026114693,23
2024-01-21 04:30:00+00:00,2024-01-23 00:00:00+00:00,18812,14934,43.5,3878,3878,25.967590732556584,0
2024-01-21 04:30:00+00:00,2024-01-23 01:00:00+00:00,18413,14541,44.5,3872,3872,26.628154872429683,1
2024-01-21 04:30:00+00:00,2024-01-23 02:00:00+00:00,17830,13765,45.5,4065,4065,29.531420268797675,2
2024-01-21 04:30:00+00:00,2024-01-23 03:00:00+00:00,17064,12974,46.5,4090,4090,31.524587636812086,3
2024-01-21 04:30:00+00:00,2024-01-23 04:00:00+00:00,16409,12541,47.5,3868,3868,30.84283549956144,4
2024-01-21 02:30:00+00:00,2024-01-21 21:00:00+00:00,15038,9112,18.5,5926,5926,65.03511852502196,21
2024-01-21 02:30:00+00:00,2024-01-21 22:00:00+00:00,14732,8108,19.5,6624,6624,81.69708929452393,22
2024-01-21 02:30:00+00:00,2024-01-21 23:00:00+00:00,14931,8493,20.5,6438,6438,75.80360296714942,23
2024-01-21 02:30:00+00:00,2024-01-22 00:00:00+00:00,12673,8662,21.5,4011,4011,46.30570307088433,0
2024-01-21 02:30:00+00:00,2024-01-22 01:00:00+00:00,16000,8121,22.5,7879,7879,97.02007141977589,1
2024-01-21 02:30:00+00:00,2024-01-22 02:00:00+00:00,17746,8638,23.5,9108,9108,105.4410743227599,2
2024-01-21 02:30:00+00:00,2024-01-22 03:00:00+00:00,18507,10235,24.5,8272,8272,80.82071323888617,3
2024-01-21 02:30:00+00:00,2024-01-22 04:00:00+00:00,18654,11196,25.5,7458,7458,66.61307609860665,4
2024-01-21 02:30:00+00:00,2024-01-22 05:00:00+00:00,19423,11531,26.5,7892,7892,68.44159222964183,5
2024-01-21 02:30:00+00:00,2024-01-22 06:00:00+00:00,19662,12139,27.5,7523,7523,61.97380344344674,6
2024-01-21 02:30:00+00:00,2024-01-22 07:00:00+00:00,19709,13423,28.5,6286,6286,46.830067794084776,7
2024-01-21 02:30:00+00:00,2024-01-22 08:00:00+00:00,19813,14698,29.5,5115,5115,34.80065315008844,8
2024-01-21 02:30:00+00:00,2024-01-22 09:00:00+00:00,19762,14969,30.5,4793,4793,32.01950698109426,9
2024-01-21 02:30:00+00:00,2024-01-22 10:00:00+00:00,19675,15231,31.5,4444,4444,29.177335696933888,10
2024-01-21 02:30:00+00:00,2024-01-22 11:00:00+00:00,19734,15408,32.5,4326,4326,28.07632398753894,11
2024-01-21 02:30:00+00:00,2024-01-22 12:00:00+00:00,19740,15341,33.5,4399,4399,28.67479303826348,12
2024-01-21 02:30:00+00:00,2024-01-22 13:00:00+00:00,19650,15638,34.5,4012,4012,25.65545466172145,13
2024-01-21 02:30:00+00:00,2024-01-22 14:00:00+00:00,19620,16018,35.5,3602,3602,22.487201897864903,14
2024-01-21 02:30:00+00:00,2024-01-22 15:00:00+00:00,19675,15682,36.5,3993,3993,25.462313480423415,15
2024-01-21 02:30:00+00:00,2024-01-22 16:00:00+00:00,19092,15877,37.5,3215,3215,20.249417396233547,16
2024-01-21 02:30:00+00:00,2024-01-22 17:00:00+00:00,19087,15743,38.5,3344,3344,21.241186559105635,17
2024-01-21 02:30:00+00:00,2024-01-22 18:00:00+00:00,19075,15855,39.5,3220,3220,20.309050772626932,18
2024-01-21 02:30:00+00:00,2024-01-22 19:00:00+00:00,19069,15798,40.5,3271,3271,20.705152550955816,19
2024-01-21 02:30:00+00:00,2024-01-22 20:00:00+00:00,19127,15742,41.5,3385,3385,21.50298564350146,20
2024-01-21 02:30:00+00:00,2024-01-22 21:00:00+00:00,19228,15692,42.5,3536,3536,22.5337751720622,21
2024-01-21 02:30:00+00:00,2024-01-22 22:00:00+00:00,19210,15461,43.5,3749,3749,24.24810814306966,22
2024-01-21 02:30:00+00:00,2024-01-22 23:00:00+00:00,19082,15049,44.5,4033,4033,26.799122865306664,23
2024-01-21 02:30:00+00:00,2024-01-23 00:00:00+00:00,18818,14934,45.5,3884,3884,26.007767510378997,0
2024-01-21 02:30:00+00:00,2024-01-23 01:00:00+00:00,18423,14541,46.5,3882,3882,26.696925933567154,1
2024-01-21 02:30:00+00:00,2024-01-23 02:00:00+00:00,17845,13765,47.5,4080,4080,29.64039229930984,2
2024-01-20 22:30:00+00:00,2024-01-21 03:00:00+00:00,16976,14474,4.5,2502,2502,17.286168301782507,3
2024-01-20 22:30:00+00:00,2024-01-21 04:00:00+00:00,16733,13775,5.5,2958,2958,21.47368421052632,4
2024-01-20 22:30:00+00:00,2024-01-21 05:00:00+00:00,16739,14540,6.5,2199,2199,15.123796423658872,5
2024-01-20 22:30:00+00:00,2024-01-21 06:00:00+00:00,16864,13505,7.5,3359,3359,24.872269529803777,6
2024-01-20 22:30:00+00:00,2024-01-21 07:00:00+00:00,16964,14359,8.5,2605,2605,18.14193188940734,7
2024-01-20 22:30:00+00:00,2024-01-21 08:00:00+00:00,17093,14072,9.5,3021,3021,21.4681637293917,8
2024-01-20 22:30:00+00:00,2024-01-21 09:00:00+00:00,17326,14474,10.5,2852,2852,19.704297360784857,9
2024-01-20 22:30:00+00:00,2024-01-21 10:00:00+00:00,17582,15221,11.5,2361,2361,15.511464424150844,10
2024-01-20 22:30:00+00:00,2024-01-21 11:00:00+00:00,17872,15127,12.5,2745,2745,18.146360811793482,11
2024-01-20 22:30:00+00:00,2024-01-21 12:00:00+00:00,18193,15746,13.5,2447,2447,15.540454718658708,12
2024-01-20 22:30:00+00:00,2024-01-21 13:00:00+00:00,18590,14874,14.5,3716,3716,24.983192147371252,13
2024-01-20 22:30:00+00:00,2024-01-21 14:00:00+00:00,18381,14866,15.5,3515,3515,23.64455805193058,14
2024-01-20 22:30:00+00:00,2024-01-21 15:00:00+00:00,17429,14802,16.5,2627,2627,17.747601675449264,15
2024-01-20 22:30:00+00:00,2024-01-21 16:00:00+00:00,17220,14731,17.5,2489,2489,16.896341049487475,16
2024-01-20 22:30:00+00:00,2024-01-21 17:00:00+00:00,17241,14630,18.5,2611,2611,17.846889952153113,17
2024-01-20 22:30:00+00:00,2024-01-21 18:00:00+00:00,17270,13740,19.5,3530,3530,25.691411935953422,18
2024-01-20 22:30:00+00:00,2024-01-21 19:00:00+00:00,16941,12901,20.5,4040,4040,31.315401906828928,19
2024-01-20 22:30:00+00:00,2024-01-21 20:00:00+00:00,15905,11299,21.5,4606,4606,40.764669439773435,20
2024-01-20 22:30:00+00:00,2024-01-21 21:00:00+00:00,14642,9112,22.5,5530,5530,60.68920105355575,21
2024-01-20 22:30:00+00:00,2024-01-21 22:00:00+00:00,14796,8108,23.5,6688,6688,82.48643315244203,22
2024-01-20 22:30:00+00:00,2024-01-21 23:00:00+00:00,15245,8493,24.5,6752,6752,79.50076533615919,23
2024-01-20 22:30:00+00:00,2024-01-22 00:00:00+00:00,13284,8662,25.5,4622,4622,53.35950126991457,0
2024-01-20 22:30:00+00:00,2024-01-22 01:00:00+00:00,16563,8121,26.5,8442,8442,103.95271518285925,1
2024-01-20 22:30:00+00:00,2024-01-22 02:00:00+00:00,18584,8638,27.5,9946,9946,115.14239407270202,2
2024-01-20 22:30:00+00:00,2024-01-22 03:00:00+00:00,18945,10235,28.5,8710,8710,85.10014655593552,3
2024-01-20 22:30:00+00:00,2024-01-22 04:00:00+00:00,19094,11196,29.5,7898,7898,70.54305108967488,4
2024-01-20 22:30:00+00:00,2024-01-22 05:00:00+00:00,19303,11531,30.5,7772,7772,67.4009192611222,5
2024-01-20 22:30:00+00:00,2024-01-22 06:00:00+00:00,19605,12139,31.5,7466,7466,61.504242524095886,6
2024-01-20 22:30:00+00:00,2024-01-22 07:00:00+00:00,19659,13423,32.5,6236,6236,46.45757282276689,7
2024-01-20 22:30:00+00:00,2024-01-22 08:00:00+00:00,19748,14698,33.5,5050,5050,34.35841611103552,8
2024-01-20 22:30:00+00:00,2024-01-22 09:00:00+00:00,19773,14969,34.5,4804,4804,32.09299218384661,9
2024-01-20 22:30:00+00:00,2024-01-22 10:00:00+00:00,19017,15231,35.5,3786,3786,24.857199133346462,10
2024-01-20 22:30:00+00:00,2024-01-22 11:00:00+00:00,19008,15408,36.5,3600,3600,23.364485981308412,11
2024-01-20 22:30:00+00:00,2024-01-22 12:00:00+00:00,19102,15341,37.5,3761,3761,24.51600286813115,12
2024-01-20 22:30:00+00:00,2024-01-22 13:00:00+00:00,19248,15638,38.5,3610,3610,23.084793451848064,13
2024-01-20 22:30:00+00:00,2024-01-22 14:00:00+00:00,19218,16018,39.5,3200,3200,19.977525284055435,14
2024-01-20 22:30:00+00:00,2024-01-22 15:00:00+00:00,19182,15682,40.5,3500,3500,22.318581813544192,15
2024-01-20 22:30:00+00:00,2024-01-22 16:00:00+00:00,19176,15877,41.5,3299,3299,20.778484600365307,16
2024-01-20 22:30:00+00:00,2024-01-22 17:00:00+00:00,19060,15743,42.5,3317,3317,21.06968176332338,17
2024-01-20 22:30:00+00:00,2024-01-22 18:00:00+00:00,19046,15855,43.5,3191,3191,20.12614317250079,18
2024-01-20 22:30:00+00:00,2024-01-22 19:00:00+00:00,19134,15798,44.5,3336,3336,21.116597037599696,19
2024-01-20 22:30:00+00:00,2024-01-22 20:00:00+00:00,19158,15742,45.5,3416,3416,21.699911065938256,20
2024-01-20 22:30:00+00:00,2024-01-22 21:00:00+00:00,19193,15692,46.5,3501,3501,22.310731582972217,21
2024-01-20 18:30:00+00:00,2024-01-20 23:00:00+00:00,19351,16072,4.5,3279,3279,20.4019412643106,23
2024-01-20 18:30:00+00:00,2024-01-21 00:00:00+00:00,18997,15884,5.5,3113,3113,19.598337950138504,0
2024-01-20 18:30:00+00:00,2024-01-21 01:00:00+00:00,18306,15248,6.5,3058,3058,20.055089192025182,1
2024-01-20 18:30:00+00:00,2024-01-21 02:00:00+00:00,17599,14809,7.5,2790,2790,18.83989465865352,2
2024-01-20 18:30:00+00:00,2024-01-21 03:00:00+00:00,16974,14474,8.5,2500,2500,17.272350421445353,3
2024-01-20 18:30:00+00:00,2024-01-21 04:00:00+00:00,16732,13775,9.5,2957,2957,21.466424682395644,4
2024-01-20 18:30:00+00:00,2024-01-21 05:00:00+00:00,16738,14540,10.5,2198,2198,15.116918844566712,5
2024-01-20 18:30:00+00:00,2024-01-21 06:00:00+00:00,16863,13505,11.5,3358,3358,24.864864864864867,6
2024-01-20 18:30:00+00:00,2024-01-21 07:00:00+00:00,16964,14359,12.5,2605,2605,18.14193188940734,7
2024-01-20 18:30:00+00:00,2024-01-21 08:00:00+00:00,17093,14072,13.5,3021,3021,21.4681637293917,8
2024-01-20 18:30:00+00:00,2024-01-21 09:00:00+00:00,17327,14474,14.5,2853,2853,19.711206300953435,9
2024-01-20 18:30:00+00:00,2024-01-21 10:00:00+00:00,17583,15221,15.5,2362,2362,15.518034294724394,10
2024-01-20 18:30:00+00:00,2024-01-21 11:00:00+00:00,17872,15127,16.5,2745,2745,18.146360811793482,11
2024-01-20 18:30:00+00:00,2024-01-21 12:00:00+00:00,18193,15746,17.5,2447,2447,15.540454718658708,12
2024-01-20 18:30:00+00:00,2024-01-21 13:00:00+00:00,18590,14874,18.5,3716,3716,24.983192147371252,13
2024-01-20 18:30:00+00:00,2024-01-21 14:00:00+00:00,18382,14866,19.5,3516,3516,23.651284810978073,14
2024-01-20 18:30:00+00:00,2024-01-21 15:00:00+00:00,17429,14802,20.5,2627,2627,17.747601675449264,15
2024-01-20 18:30:00+00:00,2024-01-21 16:00:00+00:00,17220,14731,21.5,2489,2489,16.896341049487475,16
2024-01-20 18:30:00+00:00,2024-01-21 17:00:00+00:00,17241,14630,22.5,2611,2611,17.846889952153113,17
2024-01-20 18:30:00+00:00,2024-01-21 18:00:00+00:00,17270,13740,23.5,3530,3530,25.691411935953422,18
2024-01-20 18:30:00+00:00,2024-01-21 19:00:00+00:00,16941,12901,24.5,4040,4040,31.315401906828928,19
2024-01-20 18:30:00+00:00,2024-01-21 20:00:00+00:00,15905,11299,25.5,4606,4606,40.764669439773435,20
2024-01-20 18:30:00+00:00,2024-01-21 21:00:00+00:00,14642,9112,26.5,5530,5530,60.68920105355575,21
2024-01-20 18:30:00+00:00,2024-01-21 22:00:00+00:00,14796,8108,27.5,6688,6688,82.48643315244203,22
2024-01-20 18:30:00+00:00,2024-01-21 23:00:00+00:00,15245,8493,28.5,6752,6752,79.50076533615919,23
2024-01-20 18:30:00+00:00,2024-01-22 00:00:00+00:00,13285,8662,29.5,4623,4623,53.371045947818054,0
2024-01-20 18:30:00+00:00,2024-01-22 01:00:00+00:00,16563,8121,30.5,8442,8442,103.95271518285925,1
2024-01-20 18:30:00+00:00,2024-01-22 02:00:00+00:00,18584,8638,31.5,9946,9946,115.14239407270202,2
2024-01-20 18:30:00+00:00,2024-01-22 03:00:00+00:00,18944,10235,32.5,8709,8709,85.0903761602345,3
2024-01-20 18:30:00+00:00,2024-01-22 04:00:00+00:00,19095,11196,33.5,7899,7899,70.55198285101822,4
2024-01-20 18:30:00+00:00,2024-01-22 05:00:00+00:00,19304,11531,34.5,7773,7773,67.40959153585986,5
2024-01-20 18:30:00+00:00,2024-01-22 06:00:00+00:00,19606,12139,35.5,7467,7467,61.51248043496169,6
2024-01-20 18:30:00+00:00,2024-01-22 07:00:00+00:00,19660,13423,36.5,6237,6237,46.46502272219325,7
2024-01-20 18:30:00+00:00,2024-01-22 08:00:00+00:00,19749,14698,37.5,5051,5051,34.36521975779018,8
2024-01-20 18:30:00+00:00,2024-01-22 09:00:00+00:00,19775,14969,38.5,4806,4806,32.10635312980159,9
2024-01-20 18:30:00+00:00,2024-01-22 10:00:00+00:00,19018,15231,39.5,3787,3787,24.863764690433985,10
2024-01-20 18:30:00+00:00,2024-01-22 11:00:00+00:00,19009,15408,40.5,3601,3601,23.37097611630322,11
2024-01-20 18:30:00+00:00,2024-01-22 12:00:00+00:00,19102,15341,41.5,3761,3761,24.51600286813115,12
2024-01-20 18:30:00+00:00,2024-01-22 13:00:00+00:00,19248,15638,42.5,3610,3610,23.084793451848064,13
2024-01-20 18:30:00+00:00,2024-01-22 14:00:00+00:00,19218,16018,43.5,3200,3200,19.977525284055435,14
2024-01-20 18:30:00+00:00,2024-01-22 15:00:00+00:00,19183,15682,44.5,3501,3501,22.324958551205203,15
2024-01-20 18:30:00+00:00,2024-01-22 16:00:00+00:00,19177,15877,45.5,3300,3300,20.784783019462118,16
2024-01-20 18:30:00+00:00,2024-01-22 17:00:00+00:00,19060,15743,46.5,3317,3317,21.06968176332338,17
2024-01-20 18:30:00+00:00,2024-01-22 18:00:00+00:00,19046,15855,47.5,3191,3191,20.12614317250079,18
2024-01-20 15:30:00+00:00,2024-01-20 21:00:00+00:00,19508,16434,5.5,3074,3074,18.705123524400634,21
2024-01-20 15:30:00+00:00,2024-01-20 22:00:00+00:00,19488,16118,6.5,3370,3370,20.908301278074205,22
2024-01-20 15:30:00+00:00,2024-01-20 23:00:00+00:00,19320,16072,7.5,3248,3248,20.209059233449477,23
2024-01-20 15:30:00+00:00,2024-01-21 00:00:00+00:00,18988,15884,8.5,3104,3104,19.54167715940569,0
2024-01-20 15:30:00+00:00,2024-01-21 01:00:00+00:00,18397,15248,9.5,3149,3149,20.65188877229801,1
2024-01-20 15:30:00+00:00,2024-01-21 02:00:00+00:00,17701,14809,10.5,2892,2892,19.5286650010129,2
2024-01-20 15:30:00+00:00,2024-01-21 03:00:00+00:00,17104,14474,11.5,2630,2630,18.17051264336051,3
2024-01-20 15:30:00+00:00,2024-01-21 04:00:00+00:00,16908,13775,12.5,3133,3133,22.74410163339383,4
2024-01-20 15:30:00+00:00,2024-01-21 05:00:00+00:00,16913,14540,13.5,2373,2373,16.320495185694636,5
2024-01-20 15:30:00+00:00,2024-01-21 06:00:00+00:00,17044,13505,14.5,3539,3539,26.20510921880785,6
2024-01-20 15:30:00+00:00,2024-01-21 07:00:00+00:00,17199,14359,15.5,2840,2840,19.778536109756946,7
2024-01-20 15:30:00+00:00,2024-01-21 08:00:00+00:00,17273,14072,16.5,3201,3201,22.747299602046617,8
2024-01-20 15:30:00+00:00,2024-01-21 09:00:00+00:00,17403,14474,17.5,2929,2929,20.236285753765372,9
2024-01-20 15:30:00+00:00,2024-01-21 10:00:00+00:00,17588,15221,18.5,2367,2367,15.550883647592142,10
2024-01-20 15:30:00+00:00,2024-01-21 11:00:00+00:00,17788,15127,19.5,2661,2661,17.591062338864283,11
2024-01-20 15:30:00+00:00,2024-01-21 12:00:00+00:00,18060,15746,20.5,2314,2314,14.695795757652737,12
2024-01-20 15:30:00+00:00,2024-01-21 13:00:00+00:00,18464,14874,21.5,3590,3590,24.136076374882347,13
2024-01-20 15:30:00+00:00,2024-01-21 14:00:00+00:00,18231,14866,22.5,3365,3365,22.635544194806943,14
2024-01-20 15:30:00+00:00,2024-01-21 15:00:00+00:00,18315,14802,23.5,3513,3513,23.733279286582896,15
2024-01-20 15:30:00+00:00,2024-01-21 16:00:00+00:00,18062,14731,24.5,3331,3331,22.612178399294006,16
2024-01-20 15:30:00+00:00,2024-01-21 17:00:00+00:00,17681,14630,25.5,3051,3051,20.85440874914559,17
2024-01-20 15:30:00+00:00,2024-01-21 18:00:00+00:00,17487,13740,26.5,3747,3747,27.270742358078603,18
2024-01-20 15:30:00+00:00,2024-01-21 19:00:00+00:00,17488,12901,27.5,4587,4587,35.55538330361988,19
2024-01-20 15:30:00+00:00,2024-01-21 20:00:00+00:00,17300,11299,28.5,6001,6001,53.11089476944863,20
2024-01-20 15:30:00+00:00,2024-01-21 21:00:00+00:00,16143,9112,29.5,7031,7031,77.16198419666374,21
2024-01-20 15:30:00+00:00,2024-01-21 22:00:00+00:00,14951,8108,30.5,6843,6843,84.39812530833744,22
2024-01-20 15:30:00+00:00,2024-01-21 23:00:00+00:00,15915,8493,31.5,7422,7422,87.38961497703993,23
2024-01-20 15:30:00+00:00,2024-01-22 00:00:00+00:00,13916,8662,32.5,5254,5254,60.65573770491803,0
2024-01-20 15:30:00+00:00,2024-01-22 01:00:00+00:00,17126,8121,33.5,9005,9005,110.88535894594263,1
2024-01-20 15:30:00+00:00,2024-01-22 02:00:00+00:00,18761,8638,34.5,10123,10123,117.19147950914564,2
2024-01-20 15:30:00+00:00,2024-01-22 03:00:00+00:00,18690,10235,35.5,8455,8455,82.6086956521739,3
2024-01-20 15:30:00+00:00,2024-01-22 04:00:00+00:00,18576,11196,36.5,7380,7380,65.91639871382637,4
2024-01-20 15:30:00+00:00,2024-01-22 05:00:00+00:00,18594,11531,37.5,7063,7063,61.25227647211864,5
2024-01-20 15:30:00+00:00,2024-01-22 06:00:00+00:00,18478,12139,38.5,6339,6339,52.220116978334296,6
2024-01-20 15:30:00+00:00,2024-01-22 07:00:00+00:00,18850,13423,39.5,5427,5427,40.430604186843475,7
2024-01-20 15:30:00+00:00,2024-01-22 08:00:00+00:00,18789,14698,40.5,4091,4091,27.833718873316098,8
2024-01-20 15:30:00+00:00,2024-01-22 09:00:00+00:00,19015,14969,41.5,4046,4046,27.029193666911617,9
2024-01-20 15:30:00+00:00,2024-01-22 10:00:00+00:00,19004,15231,42.5,3773,3773,24.771846891208718,10
2024-01-20 15:30:00+00:00,2024-01-22 11:00:00+00:00,19096,15408,43.5,3688,3688,23.935617860851504,11
2024-01-20 15:30:00+00:00,2024-01-22 12:00:00+00:00,19076,15341,44.5,3735,3735,24.34652239097842,12
2024-01-20 15:30:00+00:00,2024-01-22 13:00:00+00:00,19215,15638,45.5,3577,3577,22.87376902417189,13
2024-01-20 15:30:00+00:00,2024-01-22 14:00:00+00:00,19176,16018,46.5,3158,3158,19.71532026470221,14
2024-01-20 15:30:00+00:00,2024-01-22 15:00:00+00:00,19130,15682,47.5,3448,3448,21.986991455171534,15
2024-01-20 11:30:00+00:00,2024-01-20 21:00:00+00:00,19490,16434,9.5,3056,3056,18.595594499208957,21
2024-01-20 11:30:00+00:00,2024-01-20 22:00:00+00:00,19479,16118,10.5,3361,3361,20.85246308474997,22
2024-01-20 11:30:00+00:00,2024-01-20 23:00:00+00:00,19320,16072,11.5,3248,3248,20.209059233449477,23
2024-01-20 11:30:00+00:00,2024-01-21 00:00:00+00:00,19024,15884,12.5,3140,3140,19.768320322336944,0
2024-01-20 11:30:00+00:00,2024-01-21 01:00:00+00:00,18536,15248,13.5,3288,3288,21.56348373557188,1
2024-01-20 11:30:00+00:00,2024-01-21 02:00:00+00:00,17883,14809,14.5,3074,3074,20.757647376595315,2
2024-01-20 11:30:00+00:00,2024-01-21 03:00:00+00:00,17261,14474,15.5,2787,2787,19.255216249827274,3
2024-01-20 11:30:00+00:00,2024-01-21 04:00:00+00:00,16973,13775,16.5,3198,3198,23.21597096188748,4
2024-01-20 11:30:00+00:00,2024-01-21 05:00:00+00:00,16958,14540,17.5,2418,2418,16.629986244841817,5
2024-01-20 11:30:00+00:00,2024-01-21 06:00:00+00:00,17071,13505,18.5,3566,3566,26.40503517215846,6
2024-01-20 11:30:00+00:00,2024-01-21 07:00:00+00:00,17202,14359,19.5,2843,2843,19.799428929591198,7
2024-01-20 11:30:00+00:00,2024-01-21 08:00:00+00:00,17236,14072,20.5,3164,3164,22.484366117111996,8
2024-01-20 11:30:00+00:00,2024-01-21 09:00:00+00:00,17241,14474,21.5,2767,2767,19.117037446455715,9
2024-01-20 11:30:00+00:00,2024-01-21 10:00:00+00:00,17323,15221,22.5,2102,2102,13.809867945601473,10
2024-01-20 11:30:00+00:00,2024-01-21 11:00:00+00:00,17540,15127,23.5,2413,2413,15.951609704501884,11
2024-01-20 11:30:00+00:00,2024-01-21 12:00:00+00:00,17779,15746,24.5,2033,2033,12.911215546805538,12
2024-01-20 11:30:00+00:00,2024-01-21 13:00:00+00:00,18253,14874,25.5,3379,3379,22.717493613016,13
2024-01-20 11:30:00+00:00,2024-01-21 14:00:00+00:00,18683,14866,26.5,3817,3817,25.67603928427284,14
2024-01-20 11:30:00+00:00,2024-01-21 15:00:00+00:00,19056,14802,27.5,4254,4254,28.739359546007297,15
2024-01-20 11:30:00+00:00,2024-01-21 16:00:00+00:00,18746,14731,28.5,4015,4015,27.255447695336365,16
2024-01-20 11:30:00+00:00,2024-01-21 17:00:00+00:00,18169,14630,29.5,3539,3539,24.19002050580998,17
2024-01-20 11:30:00+00:00,2024-01-21 18:00:00+00:00,17497,13740,30.5,3757,3757,27.34352256186317,18
2024-01-20 11:30:00+00:00,2024-01-21 19:00:00+00:00,17448,12901,31.5,4547,4547,35.245329819393845,19
2024-01-20 11:30:00+00:00,2024-01-21 20:00:00+00:00,17346,11299,32.5,6047,6047,53.518010443402076,20
2024-01-20 11:30:00+00:00,2024-01-21 21:00:00+00:00,16207,9112,33.5,7095,7095,77.86435469710273,21
2024-01-20 11:30:00+00:00,2024-01-21 22:00:00+00:00,14806,8108,34.5,6698,6698,82.60976813024173,22
2024-01-20 11:30:00+00:00,2024-01-21 23:00:00+00:00,14593,8493,35.5,6100,6100,71.82385493936184,23
2024-01-20 11:30:00+00:00,2024-01-22 00:00:00+00:00,14999,8662,36.5,6337,6337,73.1586238743939,0
2024-01-20 11:30:00+00:00,2024-01-22 01:00:00+00:00,16382,8121,37.5,8261,8261,101.72392562492303,1
2024-01-20 11:30:00+00:00,2024-01-22 02:00:00+00:00,16911,8638,38.5,8273,8273,95.77448483445242,2
2024-01-20 11:30:00+00:00,2024-01-22 03:00:00+00:00,18141,10235,39.5,7906,7906,77.2447484123107,3
2024-01-20 11:30:00+00:00,2024-01-22 04:00:00+00:00,18588,11196,40.5,7392,7392,66.02357984994642,4
2024-01-20 11:30:00+00:00,2024-01-22 05:00:00+00:00,18720,11531,41.5,7189,7189,62.344983089064264,5
2024-01-20 11:30:00+00:00,2024-01-22 06:00:00+00:00,18702,12139,42.5,6563,6563,54.06540901227449,6
2024-01-20 11:30:00+00:00,2024-01-22 07:00:00+00:00,18819,13423,43.5,5396,5396,40.199657304626385,7
2024-01-20 11:30:00+00:00,2024-01-22 08:00:00+00:00,19071,14698,44.5,4373,4373,29.752347258130357,8
2024-01-20 11:30:00+00:00,2024-01-22 09:00:00+00:00,19142,14969,45.5,4173,4173,27.877613735052442,9
2024-01-20 11:30:00+00:00,2024-01-22 10:00:00+00:00,19298,15231,46.5,4067,4067,26.702120674939266,10
2024-01-20 11:30:00+00:00,2024-01-22 11:00:00+00:00,19278,15408,47.5,3870,3870,25.116822429906545,11
2024-01-20 09:30:00+00:00,2024-01-20 21:00:00+00:00,19492,16434,11.5,3058,3058,18.60776439089692,21
2024-01-20 09:30:00+00:00,2024-01-20 22:00:00+00:00,19479,16118,12.5,3361,3361,20.85246308474997,22
2024-01-20 09:30:00+00:00,2024-01-20 23:00:00+00:00,19319,16072,13.5,3247,3247,20.20283723245396,23
2024-01-20 09:30:00+00:00,2024-01-21 00:00:00+00:00,19024,15884,14.5,3140,3140,19.768320322336944,0
2024-01-20 09:30:00+00:00,2024-01-21 01:00:00+00:00,18537,15248,15.5,3289,3289,21.570041972717732,1
2024-01-20 09:30:00+00:00,2024-01-21 02:00:00+00:00,17884,14809,16.5,3075,3075,20.764400027010602,2
2024-01-20 09:30:00+00:00,2024-01-21 03:00:00+00:00,17266,14474,17.5,2792,2792,19.289760950670168,3
2024-01-20 09:30:00+00:00,2024-01-21 04:00:00+00:00,16978,13775,18.5,3203,3203,23.252268602540834,4
2024-01-20 09:30:00+00:00,2024-01-21 05:00:00+00:00,16960,14540,19.5,2420,2420,16.643741403026134,5
2024-01-20 09:30:00+00:00,2024-01-21 06:00:00+00:00,17075,13505,20.5,3570,3570,26.43465383191411,6
2024-01-20 09:30:00+00:00,2024-01-21 07:00:00+00:00,17201,14359,21.5,2842,2842,19.792464656313115,7
2024-01-20 09:30:00+00:00,2024-01-21 08:00:00+00:00,17232,14072,22.5,3160,3160,22.45594087549744,8
2024-01-20 09:30:00+00:00,2024-01-21 09:00:00+00:00,17237,14474,23.5,2763,2763,19.0894016857814,9
2024-01-20 09:30:00+00:00,2024-01-21 10:00:00+00:00,17316,15221,24.5,2095,2095,13.763878851586625,10
2024-01-20 09:30:00+00:00,2024-01-21 11:00:00+00:00,17532,15127,25.5,2405,2405,15.898724135651484,11
2024-01-20 09:30:00+00:00,2024-01-21 12:00:00+00:00,17776,15746,26.5,2030,2030,12.892163089038485,12
2024-01-20 09:30:00+00:00,2024-01-21 13:00:00+00:00,18247,14874,27.5,3373,3373,22.677154766707005,13
2024-01-20 09:30:00+00:00,2024-01-21 14:00:00+00:00,18677,14866,28.5,3811,3811,25.635678729987895,14
2024-01-20 09:30:00+00:00,2024-01-21 15:00:00+00:00,19051,14802,29.5,4249,4249,28.705580326982837,15
2024-01-20 09:30:00+00:00,2024-01-21 16:00:00+00:00,18742,14731,30.5,4011,4011,27.228294073722083,16
2024-01-20 09:30:00+00:00,2024-01-21 17:00:00+00:00,18167,14630,31.5,3537,3537,24.17634996582365,17
2024-01-20 09:30:00+00:00,2024-01-21 18:00:00+00:00,17495,13740,32.5,3755,3755,27.328966521106256,18
2024-01-20 09:30:00+00:00,2024-01-21 19:00:00+00:00,17447,12901,33.5,4546,4546,35.23757848228819,19
2024-01-20 09:30:00+00:00,2024-01-21 20:00:00+00:00,17345,11299,34.5,6046,6046,53.509160102663955,20
2024-01-20 09:30:00+00:00,2024-01-21 21:00:00+00:00,16207,9112,35.5,7095,7095,77.86435469710273,21
2024-01-20 09:30:00+00:00,2024-01-21 22:00:00+00:00,14805,8108,36.5,6697,6697,82.59743463246177,22
2024-01-20 09:30:00+00:00,2024-01-21 23:00:00+00:00,14591,8493,37.5,6098,6098,71.80030613446368,23
2024-01-20 09:30:00+00:00,2024-01-22 00:00:00+00:00,14999,8662,38.5,6337,6337,73.1586238743939,0
2024-01-20 09:30:00+00:00,2024-01-22 01:00:00+00:00,16381,8121,39.5,8260,8260,101.7116118704593,1
2024-01-20 09:30:00+00:00,2024-01-22 02:00:00+00:00,16910,8638,40.5,8272,8272,95.7629080805742,2
2024-01-20 09:30:00+00:00,2024-01-22 03:00:00+00:00,18140,10235,41.5,7905,7905,77.23497801660967,3
2024-01-20 09:30:00+00:00,2024-01-22 04:00:00+00:00,18587,11196,42.5,7391,7391,66.01464808860307,4
2024-01-20 09:30:00+00:00,2024-01-22 05:00:00+00:00,18719,11531,43.5,7188,7188,62.3363108143266,5
2024-01-20 09:30:00+00:00,2024-01-22 06:00:00+00:00,18702,12139,44.5,6563,6563,54.06540901227449,6
2024-01-20 09:30:00+00:00,2024-01-22 07:00:00+00:00,18819,13423,45.5,5396,5396,40.199657304626385,7
2024-01-20 09:30:00+00:00,2024-01-22 08:00:00+00:00,19072,14698,46.5,4374,4374,29.75915090488502,8
2024-01-20 09:30:00+00:00,2024-01-22 09:00:00+00:00,19143,14969,47.5,4174,4174,27.88429420802993,9
2024-01-20 07:30:00+00:00,2024-01-20 21:00:00+00:00,19492,16434,13.5,3058,3058,18.60776439089692,21
2024-01-20 07:30:00+00:00,2024-01-20 22:00:00+00:00,19479,16118,14.5,3361,3361,20.85246308474997,22
2024-01-20 07:30:00+00:00,2024-01-20 23:00:00+00:00,19319,16072,15.5,3247,3247,20.20283723245396,23
2024-01-20 07:30:00+00:00,2024-01-21 00:00:00+00:00,19024,15884,16.5,3140,3140,19.768320322336944,0
2024-01-20 07:30:00+00:00,2024-01-21 01:00:00+00:00,18538,15248,17.5,3290,3290,21.57660020986359,1
2024-01-20 07:30:00+00:00,2024-01-21 02:00:00+00:00,17885,14809,18.5,3076,3076,20.77115267742589,2
2024-01-20 07:30:00+00:00,2024-01-21 03:00:00+00:00,17267,14474,19.5,2793,2793,19.296669890838743,3
2024-01-20 07:30:00+00:00,2024-01-21 04:00:00+00:00,16978,13775,20.5,3203,3203,23.252268602540834,4
2024-01-20 07:30:00+00:00,2024-01-21 05:00:00+00:00,16960,14540,21.5,2420,2420,16.643741403026134,5
2024-01-20 07:30:00+00:00,2024-01-21 06:00:00+00:00,17074,13505,22.5,3569,3569,26.42724916697519,6
2024-01-20 07:30:00+00:00,2024-01-21 07:00:00+00:00,17200,14359,23.5,2841,2841,19.78550038303503,7
2024-01-20 07:30:00+00:00,2024-01-21 08:00:00+00:00,17231,14072,24.5,3159,3159,22.448834565093804,8
2024-01-20 07:30:00+00:00,2024-01-21 09:00:00+00:00,17237,14474,25.5,2763,2763,19.0894016857814,9
2024-01-20 07:30:00+00:00,2024-01-21 10:00:00+00:00,17316,15221,26.5,2095,2095,13.763878851586625,10
2024-01-20 07:30:00+00:00,2024-01-21 11:00:00+00:00,17532,15127,27.5,2405,2405,15.898724135651484,11
2024-01-20 07:30:00+00:00,2024-01-21 12:00:00+00:00,17775,15746,28.5,2029,2029,12.8858122697828,12
2024-01-20 07:30:00+00:00,2024-01-21 13:00:00+00:00,18246,14874,29.5,3372,3372,22.670431625655507,13
2024-01-20 07:30:00+00:00,2024-01-21 14:00:00+00:00,18676,14866,30.5,3810,3810,25.6289519709404,14
2024-01-20 07:30:00+00:00,2024-01-21 15:00:00+00:00,19050,14802,31.5,4248,4248,28.698824483177948,15
2024-01-20 07:30:00+00:00,2024-01-21 16:00:00+00:00,18741,14731,32.5,4010,4010,27.221505668318514,16
2024-01-20 07:30:00+00:00,2024-01-21 17:00:00+00:00,18167,14630,33.5,3537,3537,24.17634996582365,17
2024-01-20 07:30:00+00:00,2024-01-21 18:00:00+00:00,17495,13740,34.5,3755,3755,27.328966521106256,18
2024-01-20 07:30:00+00:00,2024-01-21 19:00:00+00:00,17447,12901,35.5,4546,4546,35.23757848228819,19
2024-01-20 07:30:00+00:00,2024-01-21 20:00:00+00:00,17345,11299,36.5,6046,6046,53.509160102663955,20
2024-01-20 07:30:00+00:00,2024-01-21 21:00:00+00:00,16207,9112,37.5,7095,7095,77.86435469710273,21
2024-01-20 07:30:00+00:00,2024-01-21 22:00:00+00:00,14805,8108,38.5,6697,6697,82.59743463246177,22
2024-01-20 07:30:00+00:00,2024-01-21 23:00:00+00:00,14591,8493,39.5,6098,6098,71.80030613446368,23
2024-01-20 07:30:00+00:00,2024-01-22 00:00:00+00:00,14999,8662,40.5,6337,6337,73.1586238743939,0
2024-01-20 07:30:00+00:00,2024-01-22 01:00:00+00:00,16381,8121,41.5,8260,8260,101.7116118704593,1
2024-01-20 07:30:00+00:00,2024-01-22 02:00:00+00:00,16910,8638,42.5,8272,8272,95.7629080805742,2
2024-01-20 07:30:00+00:00,2024-01-22 03:00:00+00:00,18140,10235,43.5,7905,7905,77.23497801660967,3
2024-01-20 07:30:00+00:00,2024-01-22 04:00:00+00:00,18587,11196,44.5,7391,7391,66.01464808860307,4
2024-01-20 07:30:00+00:00,2024-01-22 05:00:00+00:00,18720,11531,45.5,7189,7189,62.344983089064264,5
2024-01-20 07:30:00+00:00,2024-01-22 06:00:00+00:00,18703,12139,46.5,6564,6564,54.073646923140295,6
2024-01-20 07:30:00+00:00,2024-01-22 07:00:00+00:00,18820,13423,47.5,5397,5397,40.20710720405275,7
2024-01-20 04:30:00+00:00,2024-01-20 21:00:00+00:00,19540,16434,16.5,3106,3106,18.899841791408058,21
2024-01-20 04:30:00+00:00,2024-01-20 22:00:00+00:00,19511,16118,17.5,3393,3393,21.050998883236133,22
2024-01-20 04:30:00+00:00,2024-01-20 23:00:00+00:00,19349,16072,18.5,3277,3277,20.389497262319562,23
2024-01-20 04:30:00+00:00,2024-01-21 00:00:00+00:00,19045,15884,19.5,3161,3161,19.900528834046842,0
2024-01-20 04:30:00+00:00,2024-01-21 01:00:00+00:00,18520,15248,20.5,3272,3272,21.458551941238195,1
2024-01-20 04:30:00+00:00,2024-01-21 02:00:00+00:00,17885,14809,21.5,3076,3076,20.77115267742589,2
2024-01-20 04:30:00+00:00,2024-01-21 03:00:00+00:00,17263,14474,22.5,2789,2789,19.269034130164435,3
2024-01-20 04:30:00+00:00,2024-01-21 04:00:00+00:00,17050,13775,23.5,3275,3275,23.77495462794918,4
2024-01-20 04:30:00+00:00,2024-01-21 05:00:00+00:00,17069,14540,24.5,2529,2529,17.393397524071528,5
2024-01-20 04:30:00+00:00,2024-01-21 06:00:00+00:00,17162,13505,25.5,3657,3657,27.07885968159941,6
2024-01-20 04:30:00+00:00,2024-01-21 07:00:00+00:00,17222,14359,26.5,2863,2863,19.938714395152864,7
2024-01-20 04:30:00+00:00,2024-01-21 08:00:00+00:00,17173,14072,27.5,3101,3101,22.036668561682774,8
2024-01-20 04:30:00+00:00,2024-01-21 09:00:00+00:00,17170,14474,28.5,2696,2696,18.626502694486664,9
2024-01-20 04:30:00+00:00,2024-01-21 10:00:00+00:00,17290,15221,29.5,2069,2069,13.593062216674332,10
2024-01-20 04:30:00+00:00,2024-01-21 11:00:00+00:00,17509,15127,30.5,2382,2382,15.746678125206584,11
2024-01-20 04:30:00+00:00,2024-01-21 12:00:00+00:00,17743,15746,31.5,1997,1997,12.682586053600915,12
2024-01-20 04:30:00+00:00,2024-01-21 13:00:00+00:00,18243,14874,32.5,3369,3369,22.650262202501008,13
2024-01-20 04:30:00+00:00,2024-01-21 14:00:00+00:00,18664,14866,33.5,3798,3798,25.54823086237051,14
2024-01-20 04:30:00+00:00,2024-01-21 15:00:00+00:00,19062,14802,34.5,4260,4260,28.779894608836642,15
2024-01-20 04:30:00+00:00,2024-01-21 16:00:00+00:00,18688,14731,35.5,3957,3957,26.861720181929265,16
2024-01-20 04:30:00+00:00,2024-01-21 17:00:00+00:00,17818,14630,36.5,3188,3188,21.79084073820916,17
2024-01-20 04:30:00+00:00,2024-01-21 18:00:00+00:00,17561,13740,37.5,3821,3821,27.80931586608443,18
2024-01-20 04:30:00+00:00,2024-01-21 19:00:00+00:00,17031,12901,38.5,4130,4130,32.01302224633749,19
2024-01-20 04:30:00+00:00,2024-01-21 20:00:00+00:00,16335,11299,39.5,5036,5036,44.570315957164354,20
2024-01-20 04:30:00+00:00,2024-01-21 21:00:00+00:00,15196,9112,40.5,6084,6084,66.76909569798069,21
2024-01-20 04:30:00+00:00,2024-01-21 22:00:00+00:00,15002,8108,41.5,6894,6894,85.02713369511594,22
2024-01-20 04:30:00+00:00,2024-01-21 23:00:00+00:00,15227,8493,42.5,6734,6734,79.28882609207582,23
2024-01-20 04:30:00+00:00,2024-01-22 00:00:00+00:00,15574,8662,43.5,6912,6912,79.79681366889864,0
2024-01-20 04:30:00+00:00,2024-01-22 01:00:00+00:00,15868,8121,44.5,7747,7747,95.39465583056274,1
2024-01-20 04:30:00+00:00,2024-01-22 02:00:00+00:00,17094,8638,45.5,8456,8456,97.89303079416531,2
2024-01-20 04:30:00+00:00,2024-01-22 03:00:00+00:00,18071,10235,46.5,7836,7836,76.56082071323888,3
2024-01-20 04:30:00+00:00,2024-01-22 04:00:00+00:00,18569,11196,47.5,7373,7373,65.853876384423,4
2024-01-20 02:30:00+00:00,2024-01-20 21:00:00+00:00,19542,16434,18.5,3108,3108,18.91201168309602,21
2024-01-20 02:30:00+00:00,2024-01-20 22:00:00+00:00,19512,16118,19.5,3394,3394,21.057203126938827,22
2024-01-20 02:30:00+00:00,2024-01-20 23:00:00+00:00,19350,16072,20.5,3278,3278,20.395719263315083,23
2024-01-20 02:30:00+00:00,2024-01-21 00:00:00+00:00,19046,15884,21.5,3162,3162,19.906824477461598,0
2024-01-20 02:30:00+00:00,2024-01-21 01:00:00+00:00,18520,15248,22.5,3272,3272,21.458551941238195,1
2024-01-20 02:30:00+00:00,2024-01-21 02:00:00+00:00,17885,14809,23.5,3076,3076,20.77115267742589,2
2024-01-20 02:30:00+00:00,2024-01-21 03:00:00+00:00,17264,14474,24.5,2790,2790,19.27594307033301,3
2024-01-20 02:30:00+00:00,2024-01-21 04:00:00+00:00,17050,13775,25.5,3275,3275,23.77495462794918,4
2024-01-20 02:30:00+00:00,2024-01-21 05:00:00+00:00,17069,14540,26.5,2529,2529,17.393397524071528,5
2024-01-20 02:30:00+00:00,2024-01-21 06:00:00+00:00,17160,13505,27.5,3655,3655,27.064050351721587,6
2024-01-20 02:30:00+00:00,2024-01-21 07:00:00+00:00,17222,14359,28.5,2863,2863,19.938714395152864,7
2024-01-20 02:30:00+00:00,2024-01-21 08:00:00+00:00,17174,14072,29.5,3102,3102,22.043774872086413,8
2024-01-20 02:30:00+00:00,2024-01-21 09:00:00+00:00,17165,14474,30.5,2691,2691,18.591957993643778,9
2024-01-20 02:30:00+00:00,2024-01-21 10:00:00+00:00,17290,15221,31.5,2069,2069,13.593062216674332,10
2024-01-20 02:30:00+00:00,2024-01-21 11:00:00+00:00,17508,15127,32.5,2381,2381,15.740067429100286,11
2024-01-20 02:30:00+00:00,2024-01-21 12:00:00+00:00,17741,15746,33.5,1995,1995,12.669884415089546,12
2024-01-20 02:30:00+00:00,2024-01-21 13:00:00+00:00,18242,14874,34.5,3368,3368,22.64353906144951,13
2024-01-20 02:30:00+00:00,2024-01-21 14:00:00+00:00,18662,14866,35.5,3796,3796,25.53477734427553,14
2024-01-20 02:30:00+00:00,2024-01-21 15:00:00+00:00,19058,14802,36.5,4256,4256,28.75287123361708,15
2024-01-20 02:30:00+00:00,2024-01-21 16:00:00+00:00,18686,14731,37.5,3955,3955,26.848143371122124,16
2024-01-20 02:30:00+00:00,2024-01-21 17:00:00+00:00,17816,14630,38.5,3186,3186,21.77717019822283,17
2024-01-20 02:30:00+00:00,2024-01-21 18:00:00+00:00,17560,13740,39.5,3820,3820,27.802037845705968,18
2024-01-20 02:30:00+00:00,2024-01-21 19:00:00+00:00,17030,12901,40.5,4129,4129,32.00527090923184,19
2024-01-20 02:30:00+00:00,2024-01-21 20:00:00+00:00,16334,11299,41.5,5035,5035,44.56146561642623,20
2024-01-20 02:30:00+00:00,2024-01-21 21:00:00+00:00,15195,9112,42.5,6083,6083,66.75812115891132,21
2024-01-20 02:30:00+00:00,2024-01-21 22:00:00+00:00,15002,8108,43.5,6894,6894,85.02713369511594,22
2024-01-20 02:30:00+00:00,2024-01-21 23:00:00+00:00,15226,8493,44.5,6733,6733,79.27705168962676,23
2024-01-20 02:30:00+00:00,2024-01-22 00:00:00+00:00,15574,8662,45.5,6912,6912,79.79681366889864,0
2024-01-20 02:30:00+00:00,2024-01-22 01:00:00+00:00,15868,8121,46.5,7747,7747,95.39465583056274,1
2024-01-20 02:30:00+00:00,2024-01-22 02:00:00+00:00,17094,8638,47.5,8456,8456,97.89303079416531,2
2024-01-19 22:30:00+00:00,2024-01-20 03:00:00+00:00,17693,14459,4.5,3234,3234,22.36669202572792,3
2024-01-19 22:30:00+00:00,2024-01-20 04:00:00+00:00,18043,14938,5.5,3105,3105,20.785915115812024,4
2024-01-19 22:30:00+00:00,2024-01-20 05:00:00+00:00,18251,15267,6.5,2984,2984,19.54542477238488,5
2024-01-19 22:30:00+00:00,2024-01-20 06:00:00+00:00,18296,14918,7.5,3378,3378,22.64378603029897,6
2024-01-19 22:30:00+00:00,2024-01-20 07:00:00+00:00,18271,14954,8.5,3317,3317,22.181356158887255,7
2024-01-19 22:30:00+00:00,2024-01-20 08:00:00+00:00,18240,15281,9.5,2959,2959,19.363915974085465,8
2024-01-19 22:30:00+00:00,2024-01-20 09:00:00+00:00,18238,15269,10.5,2969,2969,19.444626367149127,9
2024-01-19 22:30:00+00:00,2024-01-20 10:00:00+00:00,18283,15432,11.5,2851,2851,18.47459823742872,10
2024-01-19 22:30:00+00:00,2024-01-20 11:00:00+00:00,18264,15970,12.5,2294,2294,14.364433312460864,11
2024-01-19 22:30:00+00:00,2024-01-20 12:00:00+00:00,18281,16185,13.5,2096,2096,12.950262588816805,12
2024-01-19 22:30:00+00:00,2024-01-20 13:00:00+00:00,18342,16129,14.5,2213,2213,13.720627441254882,13
2024-01-19 22:30:00+00:00,2024-01-20 14:00:00+00:00,18454,16279,15.5,2175,2175,13.360771546163768,14
2024-01-19 22:30:00+00:00,2024-01-20 15:00:00+00:00,18685,16261,16.5,2424,2424,14.906832298136646,15
2024-01-19 22:30:00+00:00,2024-01-20 16:00:00+00:00,18950,16240,17.5,2710,2710,16.6871921182266,16
2024-01-19 22:30:00+00:00,2024-01-20 17:00:00+00:00,19171,16246,18.5,2925,2925,18.00443186015019,17
2024-01-19 22:30:00+00:00,2024-01-20 18:00:00+00:00,19341,16073,19.5,3268,3268,20.332234181546692,18
2024-01-19 22:30:00+00:00,2024-01-20 19:00:00+00:00,19508,15985,20.5,3523,3523,22.039411948701908,19
2024-01-19 22:30:00+00:00,2024-01-20 20:00:00+00:00,19602,16260,21.5,3342,3342,20.55350553505535,20
2024-01-19 22:30:00+00:00,2024-01-20 21:00:00+00:00,19599,16434,22.5,3165,3165,19.258853596202993,21
2024-01-19 22:30:00+00:00,2024-01-20 22:00:00+00:00,19525,16118,23.5,3407,3407,21.13785829507383,22
2024-01-19 22:30:00+00:00,2024-01-20 23:00:00+00:00,19308,16072,24.5,3236,3236,20.134395221503233,23
2024-01-19 22:30:00+00:00,2024-01-21 00:00:00+00:00,18930,15884,25.5,3046,3046,19.176529841349783,0
2024-01-19 22:30:00+00:00,2024-01-21 01:00:00+00:00,18357,15248,26.5,3109,3109,20.3895592864638,1
2024-01-19 22:30:00+00:00,2024-01-21 02:00:00+00:00,17803,14809,27.5,2994,2994,20.217435343372273,2
2024-01-19 22:30:00+00:00,2024-01-21 03:00:00+00:00,17229,14474,28.5,2755,2755,19.034130164432774,3
2024-01-19 22:30:00+00:00,2024-01-21 04:00:00+00:00,17087,13775,29.5,3312,3312,24.04355716878403,4
2024-01-19 22:30:00+00:00,2024-01-21 05:00:00+00:00,17060,14540,30.5,2520,2520,17.33149931224209,5
2024-01-19 22:30:00+00:00,2024-01-21 06:00:00+00:00,17067,13505,31.5,3562,3562,26.375416512402815,6
2024-01-19 22:30:00+00:00,2024-01-21 07:00:00+00:00,17125,14359,32.5,2766,2766,19.263179887178772,7
2024-01-19 22:30:00+00:00,2024-01-21 08:00:00+00:00,17185,14072,33.5,3113,3113,22.121944286526436,8
2024-01-19 22:30:00+00:00,2024-01-21 09:00:00+00:00,17278,14474,34.5,2804,2804,19.372668232693105,9
2024-01-19 22:30:00+00:00,2024-01-21 10:00:00+00:00,17492,15221,35.5,2271,2271,14.92017607253137,10
2024-01-19 22:30:00+00:00,2024-01-21 11:00:00+00:00,17717,15127,36.5,2590,2590,17.121702915316984,11
2024-01-19 22:30:00+00:00,2024-01-21 12:00:00+00:00,17888,15746,37.5,2142,2142,13.603454845675092,12
2024-01-19 22:30:00+00:00,2024-01-21 13:00:00+00:00,18342,14874,38.5,3468,3468,23.315853166599435,13
2024-01-19 22:30:00+00:00,2024-01-21 14:00:00+00:00,18563,14866,39.5,3697,3697,24.86882819857393,14
2024-01-19 22:30:00+00:00,2024-01-21 15:00:00+00:00,18592,14802,40.5,3790,3790,25.604648020537763,15
2024-01-19 22:30:00+00:00,2024-01-21 16:00:00+00:00,18837,14731,41.5,4106,4106,27.8731925870613,16
2024-01-19 22:30:00+00:00,2024-01-21 17:00:00+00:00,18737,14630,42.5,4107,4107,28.07245386192755,17
2024-01-19 22:30:00+00:00,2024-01-21 18:00:00+00:00,17996,13740,43.5,4256,4256,30.975254730713246,18
2024-01-19 22:30:00+00:00,2024-01-21 19:00:00+00:00,17604,12901,44.5,4703,4703,36.45453840787536,19
2024-01-19 22:30:00+00:00,2024-01-21 20:00:00+00:00,17113,11299,45.5,5814,5814,51.455881051420484,20
2024-01-19 22:30:00+00:00,2024-01-21 21:00:00+00:00,15763,9112,46.5,6651,6651,72.99165935030729,21
2024-01-19 18:30:00+00:00,2024-01-19 23:00:00+00:00,16409,14025,4.5,2384,2384,16.998217468805706,23
2024-01-19 18:30:00+00:00,2024-01-20 00:00:00+00:00,16746,13736,5.5,3010,3010,21.91322073383809,0
2024-01-19 18:30:00+00:00,2024-01-20 01:00:00+00:00,17061,13650,6.5,3411,3411,24.98901098901099,1
2024-01-19 18:30:00+00:00,2024-01-20 02:00:00+00:00,17363,14124,7.5,3239,3239,22.93259699801756,2
2024-01-19 18:30:00+00:00,2024-01-20 03:00:00+00:00,17690,14459,8.5,3231,3231,22.345943702884018,3
2024-01-19 18:30:00+00:00,2024-01-20 04:00:00+00:00,18048,14938,9.5,3110,3110,20.819386798768242,4
2024-01-19 18:30:00+00:00,2024-01-20 05:00:00+00:00,18254,15267,10.5,2987,2987,19.56507499836248,5
2024-01-19 18:30:00+00:00,2024-01-20 06:00:00+00:00,18296,14918,11.5,3378,3378,22.64378603029897,6
2024-01-19 18:30:00+00:00,2024-01-20 07:00:00+00:00,18271,14954,12.5,3317,3317,22.181356158887255,7
2024-01-19 18:30:00+00:00,2024-01-20 08:00:00+00:00,18240,15281,13.5,2959,2959,19.363915974085465,8
2024-01-19 18:30:00+00:00,2024-01-20 09:00:00+00:00,18240,15269,14.5,2971,2971,19.457724801886176,9
2024-01-19 18:30:00+00:00,2024-01-20 10:00:00+00:00,18284,15432,15.5,2852,2852,18.481078278900984,10
2024-01-19 18:30:00+00:00,2024-01-20 11:00:00+00:00,18265,15970,16.5,2295,2295,14.370695053224797,11
2024-01-19 18:30:00+00:00,2024-01-20 12:00:00+00:00,18283,16185,17.5,2098,2098,12.962619709607662,12
2024-01-19 18:30:00+00:00,2024-01-20 13:00:00+00:00,18344,16129,18.5,2215,2215,13.733027466054931,13
2024-01-19 18:30:00+00:00,2024-01-20 14:00:00+00:00,18457,16279,19.5,2178,2178,13.379200196572272,14
2024-01-19 18:30:00+00:00,2024-01-20 15:00:00+00:00,18688,16261,20.5,2427,2427,14.925281348010577,15
2024-01-19 18:30:00+00:00,2024-01-20 16:00:00+00:00,18952,16240,21.5,2712,2712,16.699507389162562,16
2024-01-19 18:30:00+00:00,2024-01-20 17:00:00+00:00,19174,16246,22.5,2928,2928,18.02289794410932,17
2024-01-19 18:30:00+00:00,2024-01-20 18:00:00+00:00,19343,16073,23.5,3270,3270,20.344677409319978,18
2024-01-19 18:30:00+00:00,2024-01-20 19:00:00+00:00,19509,15985,24.5,3524,3524,22.045667813575225,19
2024-01-19 18:30:00+00:00,2024-01-20 20:00:00+00:00,19603,16260,25.5,3343,3343,20.559655596555963,20
2024-01-19 18:30:00+00:00,2024-01-20 21:00:00+00:00,19600,16434,26.5,3166,3166,19.264938542046973,21
2024-01-19 18:30:00+00:00,2024-01-20 22:00:00+00:00,19526,16118,27.5,3408,3408,21.144062538776524,22
2024-01-19 18:30:00+00:00,2024-01-20 23:00:00+00:00,19309,16072,28.5,3237,3237,20.140617222498754,23
2024-01-19 18:30:00+00:00,2024-01-21 00:00:00+00:00,18930,15884,29.5,3046,3046,19.176529841349783,0
2024-01-19 18:30:00+00:00,2024-01-21 01:00:00+00:00,18357,15248,30.5,3109,3109,20.3895592864638,1
2024-01-19 18:30:00+00:00,2024-01-21 02:00:00+00:00,17803,14809,31.5,2994,2994,20.217435343372273,2
2024-01-19 18:30:00+00:00,2024-01-21 03:00:00+00:00,17229,14474,32.5,2755,2755,19.034130164432774,3
2024-01-19 18:30:00+00:00,2024-01-21 04:00:00+00:00,17086,13775,33.5,3311,3311,24.036297640653356,4
2024-01-19 18:30:00+00:00,2024-01-21 05:00:00+00:00,17060,14540,34.5,2520,2520,17.33149931224209,5
2024-01-19 18:30:00+00:00,2024-01-21 06:00:00+00:00,17067,13505,35.5,3562,3562,26.375416512402815,6
2024-01-19 18:30:00+00:00,2024-01-21 07:00:00+00:00,17124,14359,36.5,2765,2765,19.25621561390069,7
2024-01-19 18:30:00+00:00,2024-01-21 08:00:00+00:00,17185,14072,37.5,3113,3113,22.121944286526436,8
2024-01-19 18:30:00+00:00,2024-01-21 09:00:00+00:00,17280,14474,38.5,2806,2806,19.38648611303026,9
2024-01-19 18:30:00+00:00,2024-01-21 10:00:00+00:00,17493,15221,39.5,2272,2272,14.92674594310492,10
2024-01-19 18:30:00+00:00,2024-01-21 11:00:00+00:00,17718,15127,40.5,2591,2591,17.12831361142328,11
2024-01-19 18:30:00+00:00,2024-01-21 12:00:00+00:00,17888,15746,41.5,2142,2142,13.603454845675092,12
2024-01-19 18:30:00+00:00,2024-01-21 13:00:00+00:00,18341,14874,42.5,3467,3467,23.309130025547937,13
2024-01-19 18:30:00+00:00,2024-01-21 14:00:00+00:00,18563,14866,43.5,3697,3697,24.86882819857393,14
2024-01-19 18:30:00+00:00,2024-01-21 15:00:00+00:00,18591,14802,44.5,3789,3789,25.597892176732874,15
2024-01-19 18:30:00+00:00,2024-01-21 16:00:00+00:00,18836,14731,45.5,4105,4105,27.866404181657728,16
2024-01-19 18:30:00+00:00,2024-01-21 17:00:00+00:00,18736,14630,46.5,4106,4106,28.06561859193438,17
2024-01-19 18:30:00+00:00,2024-01-21 18:00:00+00:00,17995,13740,47.5,4255,4255,30.96797671033479,18
2024-01-19 15:30:00+00:00,2024-01-19 21:00:00+00:00,14993,13992,5.5,1001,1001,7.154088050314465,21
2024-01-19 15:30:00+00:00,2024-01-19 22:00:00+00:00,15460,13956,6.5,1504,1504,10.776726855832615,22
2024-01-19 15:30:00+00:00,2024-01-19 23:00:00+00:00,16013,14025,7.5,1988,1988,14.174688057041,23
2024-01-19 15:30:00+00:00,2024-01-20 00:00:00+00:00,16358,13736,8.5,2622,2622,19.088526499708795,0
2024-01-19 15:30:00+00:00,2024-01-20 01:00:00+00:00,16670,13650,9.5,3020,3020,22.124542124542124,1
2024-01-19 15:30:00+00:00,2024-01-20 02:00:00+00:00,17054,14124,10.5,2930,2930,20.744831492495045,2
2024-01-19 15:30:00+00:00,2024-01-20 03:00:00+00:00,17428,14459,11.5,2969,2969,20.53392350784978,3
2024-01-19 15:30:00+00:00,2024-01-20 04:00:00+00:00,17712,14938,12.5,2774,2774,18.570089704110323,4
2024-01-19 15:30:00+00:00,2024-01-20 05:00:00+00:00,17964,15267,13.5,2697,2697,17.665553153861268,5
2024-01-19 15:30:00+00:00,2024-01-20 06:00:00+00:00,18097,14918,14.5,3179,3179,21.309827054564956,6
2024-01-19 15:30:00+00:00,2024-01-20 07:00:00+00:00,18167,14954,15.5,3213,3213,21.485890062859436,7
2024-01-19 15:30:00+00:00,2024-01-20 08:00:00+00:00,18178,15281,16.5,2897,2897,18.958183364963027,8
2024-01-19 15:30:00+00:00,2024-01-20 09:00:00+00:00,18197,15269,17.5,2928,2928,19.17610845503962,9
2024-01-19 15:30:00+00:00,2024-01-20 10:00:00+00:00,18269,15432,18.5,2837,2837,18.383877656817006,10
2024-01-19 15:30:00+00:00,2024-01-20 11:00:00+00:00,18276,15970,19.5,2306,2306,14.439574201628053,11
2024-01-19 15:30:00+00:00,2024-01-20 12:00:00+00:00,18334,16185,20.5,2149,2149,13.277726289774483,12
2024-01-19 15:30:00+00:00,2024-01-20 13:00:00+00:00,18426,16129,21.5,2297,2297,14.241428482856966,13
2024-01-19 15:30:00+00:00,2024-01-20 14:00:00+00:00,18517,16279,22.5,2238,2238,13.747773204742305,14
2024-01-19 15:30:00+00:00,2024-01-20 15:00:00+00:00,18791,16261,23.5,2530,2530,15.558698727015557,15
2024-01-19 15:30:00+00:00,2024-01-20 16:00:00+00:00,19037,16240,24.5,2797,2797,17.22290640394089,16
2024-01-19 15:30:00+00:00,2024-01-20 17:00:00+00:00,19203,16246,25.5,2957,2957,18.201403422380892,17
2024-01-19 15:30:00+00:00,2024-01-20 18:00:00+00:00,19348,16073,26.5,3275,3275,20.37578547875319,18
2024-01-19 15:30:00+00:00,2024-01-20 19:00:00+00:00,19498,15985,27.5,3513,3513,21.97685329996872,19
2024-01-19 15:30:00+00:00,2024-01-20 20:00:00+00:00,19567,16260,28.5,3307,3307,20.338253382533825,20
2024-01-19 15:30:00+00:00,2024-01-20 21:00:00+00:00,19549,16434,29.5,3115,3115,18.954606304003892,21
2024-01-19 15:30:00+00:00,2024-01-20 22:00:00+00:00,19386,16118,30.5,3268,3268,20.27546842039955,22
2024-01-19 15:30:00+00:00,2024-01-20 23:00:00+00:00,19322,16072,31.5,3250,3250,20.22150323544052,23
2024-01-19 15:30:00+00:00,2024-01-21 00:00:00+00:00,19008,15884,32.5,3124,3124,19.667590027700832,0
2024-01-19 15:30:00+00:00,2024-01-21 01:00:00+00:00,18588,15248,33.5,3340,3340,21.904512067156347,1
2024-01-19 15:30:00+00:00,2024-01-21 02:00:00+00:00,18169,14809,34.5,3360,3360,22.68890539536768,2
2024-01-19 15:30:00+00:00,2024-01-21 03:00:00+00:00,17692,14474,35.5,3218,3218,22.232969462484455,3
2024-01-19 15:30:00+00:00,2024-01-21 04:00:00+00:00,17224,13775,36.5,3449,3449,25.038112522686024,4
2024-01-19 15:30:00+00:00,2024-01-21 05:00:00+00:00,17174,14540,37.5,2634,2634,18.11554332874828,5
2024-01-19 15:30:00+00:00,2024-01-21 06:00:00+00:00,17104,13505,38.5,3599,3599,26.64938911514254,6
2024-01-19 15:30:00+00:00,2024-01-21 07:00:00+00:00,17254,14359,39.5,2895,2895,20.161571140051535,7
2024-01-19 15:30:00+00:00,2024-01-21 08:00:00+00:00,17381,14072,40.5,3309,3309,23.514781125639566,8
2024-01-19 15:30:00+00:00,2024-01-21 09:00:00+00:00,17483,14474,41.5,3009,3009,20.78900096725162,9
2024-01-19 15:30:00+00:00,2024-01-21 10:00:00+00:00,17965,15221,42.5,2744,2744,18.027724853820377,10
2024-01-19 15:30:00+00:00,2024-01-21 11:00:00+00:00,18320,15127,43.5,3193,3193,21.10795266741588,11
2024-01-19 15:30:00+00:00,2024-01-21 12:00:00+00:00,18471,15746,44.5,2725,2725,17.305982471738854,12
2024-01-19 15:30:00+00:00,2024-01-21 13:00:00+00:00,18678,14874,45.5,3804,3804,25.574828559903185,13
2024-01-19 15:30:00+00:00,2024-01-21 14:00:00+00:00,18658,14866,46.5,3792,3792,25.50787030808556,14
2024-01-19 15:30:00+00:00,2024-01-21 15:00:00+00:00,18762,14802,47.5,3960,3960,26.753141467369275,15
2024-01-19 11:30:00+00:00,2024-01-19 21:00:00+00:00,14501,13992,9.5,509,509,3.6377930245854775,21
2024-01-19 11:30:00+00:00,2024-01-19 22:00:00+00:00,14928,13956,10.5,972,972,6.964746345657781,22
2024-01-19 11:30:00+00:00,2024-01-19 23:00:00+00:00,15469,14025,11.5,1444,1444,10.29590017825312,23
2024-01-19 11:30:00+00:00,2024-01-20 00:00:00+00:00,15926,13736,12.5,2190,2190,15.943506115317414,0
2024-01-19 11:30:00+00:00,2024-01-20 01:00:00+00:00,16280,13650,13.5,2630,2630,19.26739926739927,1
2024-01-19 11:30:00+00:00,2024-01-20 02:00:00+00:00,16640,14124,14.5,2516,2516,17.8136505239309,2
2024-01-19 11:30:00+00:00,2024-01-20 03:00:00+00:00,17058,14459,15.5,2599,2599,17.974963690435022,3
2024-01-19 11:30:00+00:00,2024-01-20 04:00:00+00:00,17340,14938,16.5,2402,2402,16.079796492167624,4
2024-01-19 11:30:00+00:00,2024-01-20 05:00:00+00:00,17611,15267,17.5,2344,2344,15.353376563830484,5
2024-01-19 11:30:00+00:00,2024-01-20 06:00:00+00:00,17827,14918,18.5,2909,2909,19.49993296688564,6
2024-01-19 11:30:00+00:00,2024-01-20 07:00:00+00:00,18003,14954,19.5,3049,3049,20.389193526815568,7
2024-01-19 11:30:00+00:00,2024-01-20 08:00:00+00:00,18121,15281,20.5,2840,2840,18.585171127544008,8
2024-01-19 11:30:00+00:00,2024-01-20 09:00:00+00:00,18219,15269,21.5,2950,2950,19.32019123714716,9
2024-01-19 11:30:00+00:00,2024-01-20 10:00:00+00:00,18350,15432,22.5,2918,2918,18.908761016070503,10
2024-01-19 11:30:00+00:00,2024-01-20 11:00:00+00:00,18437,15970,23.5,2467,2467,15.447714464621164,11
2024-01-19 11:30:00+00:00,2024-01-20 12:00:00+00:00,18532,16185,24.5,2347,2347,14.5010812480692,12
2024-01-19 11:30:00+00:00,2024-01-20 13:00:00+00:00,18613,16129,25.5,2484,2484,15.400830801661602,13
2024-01-19 11:30:00+00:00,2024-01-20 14:00:00+00:00,18667,16279,26.5,2388,2388,14.669205725167394,14
2024-01-19 11:30:00+00:00,2024-01-20 15:00:00+00:00,18772,16261,27.5,2511,2511,15.44185474448066,15
2024-01-19 11:30:00+00:00,2024-01-20 16:00:00+00:00,19004,16240,28.5,2764,2764,17.019704433497537,16
2024-01-19 11:30:00+00:00,2024-01-20 17:00:00+00:00,19151,16246,29.5,2905,2905,17.881324633756,17
2024-01-19 11:30:00+00:00,2024-01-20 18:00:00+00:00,19331,16073,30.5,3258,3258,20.27001804268027,18
2024-01-19 11:30:00+00:00,2024-01-20 19:00:00+00:00,19396,15985,31.5,3411,3411,21.33875508289021,19
2024-01-19 11:30:00+00:00,2024-01-20 20:00:00+00:00,19323,16260,32.5,3063,3063,18.837638376383765,20
2024-01-19 11:30:00+00:00,2024-01-20 21:00:00+00:00,19394,16434,33.5,2960,2960,18.011439698186685,21
2024-01-19 11:30:00+00:00,2024-01-20 22:00:00+00:00,18982,16118,34.5,2864,2864,17.768953964511727,22
2024-01-19 11:30:00+00:00,2024-01-20 23:00:00+00:00,19047,16072,35.5,2975,2975,18.510452961672474,23
2024-01-19 11:30:00+00:00,2024-01-21 00:00:00+00:00,18782,15884,36.5,2898,2898,18.24477461596575,0
2024-01-19 11:30:00+00:00,2024-01-21 01:00:00+00:00,18618,15248,37.5,3370,3370,22.101259181532004,1
2024-01-19 11:30:00+00:00,2024-01-21 02:00:00+00:00,18246,14809,38.5,3437,3437,23.20885947734486,2
2024-01-19 11:30:00+00:00,2024-01-21 03:00:00+00:00,17680,14474,39.5,3206,3206,22.150062180461518,3
2024-01-19 11:30:00+00:00,2024-01-21 04:00:00+00:00,17606,13775,40.5,3831,3831,27.811252268602544,4
2024-01-19 11:30:00+00:00,2024-01-21 05:00:00+00:00,17515,14540,41.5,2975,2975,20.460797799174692,5
2024-01-19 11:30:00+00:00,2024-01-21 06:00:00+00:00,17403,13505,42.5,3898,3898,28.863383931877085,6
2024-01-19 11:30:00+00:00,2024-01-21 07:00:00+00:00,17539,14359,43.5,3180,3180,22.146389024305314,7
2024-01-19 11:30:00+00:00,2024-01-21 08:00:00+00:00,17649,14072,44.5,3577,3577,25.419272313814666,8
2024-01-19 11:30:00+00:00,2024-01-21 09:00:00+00:00,17731,14474,45.5,3257,3257,22.502418129059002,9
2024-01-19 11:30:00+00:00,2024-01-21 10:00:00+00:00,18257,15221,46.5,3036,3036,19.94612706129689,10
2024-01-19 11:30:00+00:00,2024-01-21 11:00:00+00:00,18587,15127,47.5,3460,3460,22.873008527797978,11
2024-01-19 09:30:00+00:00,2024-01-19 21:00:00+00:00,14495,13992,11.5,503,503,3.594911377930246,21
2024-01-19 09:30:00+00:00,2024-01-19 22:00:00+00:00,14924,13956,12.5,968,968,6.936084838062483,22
2024-01-19 09:30:00+00:00,2024-01-19 23:00:00+00:00,15462,14025,13.5,1437,1437,10.245989304812834,23
2024-01-19 09:30:00+00:00,2024-01-20 00:00:00+00:00,15915,13736,14.5,2179,2179,15.863424577751891,0
2024-01-19 09:30:00+00:00,2024-01-20 01:00:00+00:00,16262,13650,15.5,2612,2612,19.135531135531135,1
2024-01-19 09:30:00+00:00,2024-01-20 02:00:00+00:00,16616,14124,16.5,2492,2492,17.643726989521383,2
2024-01-19 09:30:00+00:00,2024-01-20 03:00:00+00:00,17037,14459,17.5,2578,2578,17.8297254305277,3
2024-01-19 09:30:00+00:00,2024-01-20 04:00:00+00:00,17326,14938,18.5,2388,2388,15.986075779890212,4
2024-01-19 09:30:00+00:00,2024-01-20 05:00:00+00:00,17603,15267,19.5,2336,2336,15.300975961223553,5
2024-01-19 09:30:00+00:00,2024-01-20 06:00:00+00:00,17834,14918,20.5,2916,2916,19.546856146936587,6
2024-01-19 09:30:00+00:00,2024-01-20 07:00:00+00:00,17993,14954,21.5,3039,3039,20.322321786812893,7
2024-01-19 09:30:00+00:00,2024-01-20 08:00:00+00:00,18107,15281,22.5,2826,2826,18.493554086774424,8
2024-01-19 09:30:00+00:00,2024-01-20 09:00:00+00:00,18225,15269,23.5,2956,2956,19.359486541358308,9
2024-01-19 09:30:00+00:00,2024-01-20 10:00:00+00:00,18344,15432,24.5,2912,2912,18.86988076723691,10
2024-01-19 09:30:00+00:00,2024-01-20 11:00:00+00:00,18433,15970,25.5,2463,2463,15.422667501565435,11
2024-01-19 09:30:00+00:00,2024-01-20 12:00:00+00:00,18532,16185,26.5,2347,2347,14.5010812480692,12
2024-01-19 09:30:00+00:00,2024-01-20 13:00:00+00:00,18614,16129,27.5,2485,2485,15.407030814061628,13
2024-01-19 09:30:00+00:00,2024-01-20 14:00:00+00:00,18665,16279,28.5,2386,2386,14.656919958228393,14
2024-01-19 09:30:00+00:00,2024-01-20 15:00:00+00:00,18777,16261,29.5,2516,2516,15.472603160937211,15
2024-01-19 09:30:00+00:00,2024-01-20 16:00:00+00:00,19008,16240,30.5,2768,2768,17.04433497536946,16
2024-01-19 09:30:00+00:00,2024-01-20 17:00:00+00:00,19157,16246,31.5,2911,2911,17.91825680167426,17
2024-01-19 09:30:00+00:00,2024-01-20 18:00:00+00:00,19343,16073,32.5,3270,3270,20.344677409319978,18
2024-01-19 09:30:00+00:00,2024-01-20 19:00:00+00:00,19396,15985,33.5,3411,3411,21.33875508289021,19
2024-01-19 09:30:00+00:00,2024-01-20 20:00:00+00:00,19320,16260,34.5,3060,3060,18.81918819188192,20
2024-01-19 09:30:00+00:00,2024-01-20 21:00:00+00:00,19395,16434,35.5,2961,2961,18.01752464403067,21
2024-01-19 09:30:00+00:00,2024-01-20 22:00:00+00:00,18986,16118,36.5,2868,2868,17.793770939322496,22
2024-01-19 09:30:00+00:00,2024-01-20 23:00:00+00:00,19050,16072,37.5,2978,2978,18.529118964659034,23
2024-01-19 09:30:00+00:00,2024-01-21 00:00:00+00:00,18783,15884,38.5,2899,2899,18.25107025938051,0
2024-01-19 09:30:00+00:00,2024-01-21 01:00:00+00:00,18619,15248,39.5,3371,3371,22.107817418677858,1
2024-01-19 09:30:00+00:00,2024-01-21 02:00:00+00:00,18249,14809,40.5,3440,3440,23.229117428590722,2
2024-01-19 09:30:00+00:00,2024-01-21 03:00:00+00:00,17685,14474,41.5,3211,3211,22.184606881304408,3
2024-01-19 09:30:00+00:00,2024-01-21 04:00:00+00:00,17609,13775,42.5,3834,3834,27.833030852994554,4
2024-01-19 09:30:00+00:00,2024-01-21 05:00:00+00:00,17517,14540,43.5,2977,2977,20.47455295735901,5
2024-01-19 09:30:00+00:00,2024-01-21 06:00:00+00:00,17403,13505,44.5,3898,3898,28.863383931877085,6
2024-01-19 09:30:00+00:00,2024-01-21 07:00:00+00:00,17540,14359,45.5,3181,3181,22.153353297583397,7
2024-01-19 09:30:00+00:00,2024-01-21 08:00:00+00:00,17650,14072,46.5,3578,3578,25.426378624218305,8
2024-01-19 09:30:00+00:00,2024-01-21 09:00:00+00:00,17731,14474,47.5,3257,3257,22.502418129059002,9
2024-01-19 07:30:00+00:00,2024-01-19 21:00:00+00:00,14495,13992,13.5,503,503,3.594911377930246,21
2024-01-19 07:30:00+00:00,2024-01-19 22:00:00+00:00,14923,13956,14.5,967,967,6.928919461163657,22
2024-01-19 07:30:00+00:00,2024-01-19 23:00:00+00:00,15462,14025,15.5,1437,1437,10.245989304812834,23
2024-01-19 07:30:00+00:00,2024-01-20 00:00:00+00:00,15916,13736,16.5,2180,2180,15.870704717530575,0
2024-01-19 07:30:00+00:00,2024-01-20 01:00:00+00:00,16262,13650,17.5,2612,2612,19.135531135531135,1
2024-01-19 07:30:00+00:00,2024-01-20 02:00:00+00:00,16614,14124,18.5,2490,2490,17.629566694987258,2
2024-01-19 07:30:00+00:00,2024-01-20 03:00:00+00:00,17033,14459,19.5,2574,2574,17.802061000069163,3
2024-01-19 07:30:00+00:00,2024-01-20 04:00:00+00:00,17322,14938,20.5,2384,2384,15.959298433525237,4
2024-01-19 07:30:00+00:00,2024-01-20 05:00:00+00:00,17601,15267,21.5,2334,2334,15.28787581057182,5
2024-01-19 07:30:00+00:00,2024-01-20 06:00:00+00:00,17832,14918,22.5,2914,2914,19.53344952406489,6
2024-01-19 07:30:00+00:00,2024-01-20 07:00:00+00:00,17990,14954,23.5,3036,3036,20.30226026481209,7
2024-01-19 07:30:00+00:00,2024-01-20 08:00:00+00:00,18103,15281,24.5,2822,2822,18.46737778941169,8
2024-01-19 07:30:00+00:00,2024-01-20 09:00:00+00:00,18223,15269,25.5,2954,2954,19.34638810662126,9
2024-01-19 07:30:00+00:00,2024-01-20 10:00:00+00:00,18344,15432,26.5,2912,2912,18.86988076723691,10
2024-01-19 07:30:00+00:00,2024-01-20 11:00:00+00:00,18434,15970,27.5,2464,2464,15.428929242329367,11
2024-01-19 07:30:00+00:00,2024-01-20 12:00:00+00:00,18532,16185,28.5,2347,2347,14.5010812480692,12
2024-01-19 07:30:00+00:00,2024-01-20 13:00:00+00:00,18615,16129,29.5,2486,2486,15.413230826461652,13
2024-01-19 07:30:00+00:00,2024-01-20 14:00:00+00:00,18666,16279,30.5,2387,2387,14.663062841697894,14
2024-01-19 07:30:00+00:00,2024-01-20 15:00:00+00:00,18778,16261,31.5,2517,2517,15.478752844228522,15
2024-01-19 07:30:00+00:00,2024-01-20 16:00:00+00:00,19009,16240,32.5,2769,2769,17.050492610837438,16
2024-01-19 07:30:00+00:00,2024-01-20 17:00:00+00:00,19157,16246,33.5,2911,2911,17.91825680167426,17
2024-01-19 07:30:00+00:00,2024-01-20 18:00:00+00:00,19345,16073,34.5,3272,3272,20.357120637093264,18
2024-01-19 07:30:00+00:00,2024-01-20 19:00:00+00:00,19397,15985,35.5,3412,3412,21.34501094776353,19
2024-01-19 07:30:00+00:00,2024-01-20 20:00:00+00:00,19321,16260,36.5,3061,3061,18.825338253382533,20
2024-01-19 07:30:00+00:00,2024-01-20 21:00:00+00:00,19395,16434,37.5,2961,2961,18.01752464403067,21
2024-01-19 07:30:00+00:00,2024-01-20 22:00:00+00:00,18987,16118,38.5,2869,2869,17.79997518302519,22
2024-01-19 07:30:00+00:00,2024-01-20 23:00:00+00:00,19050,16072,39.5,2978,2978,18.529118964659034,23
2024-01-19 07:30:00+00:00,2024-01-21 00:00:00+00:00,18783,15884,40.5,2899,2899,18.25107025938051,0
2024-01-19 07:30:00+00:00,2024-01-21 01:00:00+00:00,18619,15248,41.5,3371,3371,22.107817418677858,1
2024-01-19 07:30:00+00:00,2024-01-21 02:00:00+00:00,18249,14809,42.5,3440,3440,23.229117428590722,2
2024-01-19 07:30:00+00:00,2024-01-21 03:00:00+00:00,17685,14474,43.5,3211,3211,22.184606881304408,3
2024-01-19 07:30:00+00:00,2024-01-21 04:00:00+00:00,17609,13775,44.5,3834,3834,27.833030852994554,4
2024-01-19 07:30:00+00:00,2024-01-21 05:00:00+00:00,17517,14540,45.5,2977,2977,20.47455295735901,5
2024-01-19 07:30:00+00:00,2024-01-21 06:00:00+00:00,17403,13505,46.5,3898,3898,28.863383931877085,6
2024-01-19 07:30:00+00:00,2024-01-21 07:00:00+00:00,17540,14359,47.5,3181,3181,22.153353297583397,7
2024-01-19 04:30:00+00:00,2024-01-19 21:00:00+00:00,14198,13992,16.5,206,206,1.4722698684962836,21
2024-01-19 04:30:00+00:00,2024-01-19 22:00:00+00:00,14699,13956,17.5,743,743,5.323875035826885,22
2024-01-19 04:30:00+00:00,2024-01-19 23:00:00+00:00,15240,14025,18.5,1215,1215,8.663101604278074,23
2024-01-19 04:30:00+00:00,2024-01-20 00:00:00+00:00,15773,13736,19.5,2037,2037,14.829644729178801,0
2024-01-19 04:30:00+00:00,2024-01-20 01:00:00+00:00,16196,13650,20.5,2546,2546,18.65201465201465,1
2024-01-19 04:30:00+00:00,2024-01-20 02:00:00+00:00,16592,14124,21.5,2468,2468,17.473803455111867,2
2024-01-19 04:30:00+00:00,2024-01-20 03:00:00+00:00,16996,14459,22.5,2537,2537,17.546165018327684,3
2024-01-19 04:30:00+00:00,2024-01-20 04:00:00+00:00,17298,14938,23.5,2360,2360,15.798634355335386,4
2024-01-19 04:30:00+00:00,2024-01-20 05:00:00+00:00,17569,15267,24.5,2302,2302,15.078273400144102,5
2024-01-19 04:30:00+00:00,2024-01-20 06:00:00+00:00,17870,14918,25.5,2952,2952,19.78817535862716,6
2024-01-19 04:30:00+00:00,2024-01-20 07:00:00+00:00,18057,14954,26.5,3103,3103,20.75030092283001,7
2024-01-19 04:30:00+00:00,2024-01-20 08:00:00+00:00,18259,15281,27.5,2978,2978,19.488253386558473,8
2024-01-19 04:30:00+00:00,2024-01-20 09:00:00+00:00,18460,15269,28.5,3191,3191,20.898552622961557,9
2024-01-19 04:30:00+00:00,2024-01-20 10:00:00+00:00,18583,15432,29.5,3151,3151,20.418610679108344,10
2024-01-19 04:30:00+00:00,2024-01-20 11:00:00+00:00,18677,15970,30.5,2707,2707,16.950532247964933,11
2024-01-19 04:30:00+00:00,2024-01-20 12:00:00+00:00,18772,16185,31.5,2587,2587,15.98393574297189,12
2024-01-19 04:30:00+00:00,2024-01-20 13:00:00+00:00,18835,16129,32.5,2706,2706,16.77723355446711,13
2024-01-19 04:30:00+00:00,2024-01-20 14:00:00+00:00,18849,16279,33.5,2570,2570,15.7872105166165,14
2024-01-19 04:30:00+00:00,2024-01-20 15:00:00+00:00,18872,16261,34.5,2611,2611,16.05682307361171,15
2024-01-19 04:30:00+00:00,2024-01-20 16:00:00+00:00,18571,16240,35.5,2331,2331,14.353448275862068,16
2024-01-19 04:30:00+00:00,2024-01-20 17:00:00+00:00,18566,16246,36.5,2320,2320,14.280438261725964,17
2024-01-19 04:30:00+00:00,2024-01-20 18:00:00+00:00,18696,16073,37.5,2623,2623,16.319293224662477,18
2024-01-19 04:30:00+00:00,2024-01-20 19:00:00+00:00,18595,15985,38.5,2610,2610,16.327807319361902,19
2024-01-19 04:30:00+00:00,2024-01-20 20:00:00+00:00,18671,16260,39.5,2411,2411,14.82779827798278,20
2024-01-19 04:30:00+00:00,2024-01-20 21:00:00+00:00,18759,16434,40.5,2325,2325,14.147499087258122,21
2024-01-19 04:30:00+00:00,2024-01-20 22:00:00+00:00,18917,16118,41.5,2799,2799,17.3656781238367,22
2024-01-19 04:30:00+00:00,2024-01-20 23:00:00+00:00,18890,16072,42.5,2818,2818,17.533598805375807,23
2024-01-19 04:30:00+00:00,2024-01-21 00:00:00+00:00,18932,15884,43.5,3048,3048,19.189121128179302,0
2024-01-19 04:30:00+00:00,2024-01-21 01:00:00+00:00,18790,15248,44.5,3542,3542,23.2292759706191,1
2024-01-19 04:30:00+00:00,2024-01-21 02:00:00+00:00,18406,14809,45.5,3597,3597,24.289283543790937,2
2024-01-19 04:30:00+00:00,2024-01-21 03:00:00+00:00,17920,14474,46.5,3446,3446,23.80820782092027,3
2024-01-19 04:30:00+00:00,2024-01-21 04:00:00+00:00,17812,13775,47.5,4037,4037,29.306715063520873,4
2024-01-19 02:30:00+00:00,2024-01-19 21:00:00+00:00,14192,13992,18.5,200,200,1.429388221841052,21
2024-01-19 02:30:00+00:00,2024-01-19 22:00:00+00:00,14694,13956,19.5,738,738,5.28804815133276,22
2024-01-19 02:30:00+00:00,2024-01-19 23:00:00+00:00,15233,14025,20.5,1208,1208,8.61319073083779,23
2024-01-19 02:30:00+00:00,2024-01-20 00:00:00+00:00,15764,13736,21.5,2028,2028,14.764123471170645,0
2024-01-19 02:30:00+00:00,2024-01-20 01:00:00+00:00,16196,13650,22.5,2546,2546,18.65201465201465,1
2024-01-19 02:30:00+00:00,2024-01-20 02:00:00+00:00,16590,14124,23.5,2466,2466,17.45964316057774,2
2024-01-19 02:30:00+00:00,2024-01-20 03:00:00+00:00,16989,14459,24.5,2530,2530,17.497752265025245,3
2024-01-19 02:30:00+00:00,2024-01-20 04:00:00+00:00,17295,14938,25.5,2357,2357,15.778551345561656,4
2024-01-19 02:30:00+00:00,2024-01-20 05:00:00+00:00,17566,15267,26.5,2299,2299,15.058623174166502,5
2024-01-19 02:30:00+00:00,2024-01-20 06:00:00+00:00,17869,14918,27.5,2951,2951,19.78147204719131,6
2024-01-19 02:30:00+00:00,2024-01-20 07:00:00+00:00,18058,14954,28.5,3104,3104,20.756988096830277,7
2024-01-19 02:30:00+00:00,2024-01-20 08:00:00+00:00,18261,15281,29.5,2980,2980,19.501341535239842,8
2024-01-19 02:30:00+00:00,2024-01-20 09:00:00+00:00,18459,15269,30.5,3190,3190,20.892003405593034,9
2024-01-19 02:30:00+00:00,2024-01-20 10:00:00+00:00,18584,15432,31.5,3152,3152,20.42509072058061,10
2024-01-19 02:30:00+00:00,2024-01-20 11:00:00+00:00,18678,15970,32.5,2708,2708,16.956793988728865,11
2024-01-19 02:30:00+00:00,2024-01-20 12:00:00+00:00,18776,16185,33.5,2591,2591,16.0086499845536,12
2024-01-19 02:30:00+00:00,2024-01-20 13:00:00+00:00,18835,16129,34.5,2706,2706,16.77723355446711,13
2024-01-19 02:30:00+00:00,2024-01-20 14:00:00+00:00,18849,16279,35.5,2570,2570,15.7872105166165,14
2024-01-19 02:30:00+00:00,2024-01-20 15:00:00+00:00,18878,16261,36.5,2617,2617,16.093721173359572,15
2024-01-19 02:30:00+00:00,2024-01-20 16:00:00+00:00,18578,16240,37.5,2338,2338,14.396551724137932,16
2024-01-19 02:30:00+00:00,2024-01-20 17:00:00+00:00,18572,16246,38.5,2326,2326,14.31737042964422,17
2024-01-19 02:30:00+00:00,2024-01-20 18:00:00+00:00,18700,16073,39.5,2627,2627,16.344179680209045,18
2024-01-19 02:30:00+00:00,2024-01-20 19:00:00+00:00,18598,15985,40.5,2613,2613,16.346574913981858,19
2024-01-19 02:30:00+00:00,2024-01-20 20:00:00+00:00,18673,16260,41.5,2413,2413,14.840098400984008,20
2024-01-19 02:30:00+00:00,2024-01-20 21:00:00+00:00,18760,16434,42.5,2326,2326,14.153584033102106,21
2024-01-19 02:30:00+00:00,2024-01-20 22:00:00+00:00,18918,16118,43.5,2800,2800,17.371882367539396,22
2024-01-19 02:30:00+00:00,2024-01-20 23:00:00+00:00,18892,16072,44.5,2820,2820,17.54604280736685,23
2024-01-19 02:30:00+00:00,2024-01-21 00:00:00+00:00,18933,15884,45.5,3049,3049,19.195416771594058,0
2024-01-19 02:30:00+00:00,2024-01-21 01:00:00+00:00,18791,15248,46.5,3543,3543,23.235834207764952,1
2024-01-19 02:30:00+00:00,2024-01-21 02:00:00+00:00,18407,14809,47.5,3598,3598,24.296036194206224,2
2024-01-18 22:30:00+00:00,2024-01-19 03:00:00+00:00,12507,11687,4.5,820,820,7.016342945152735,3
2024-01-18 22:30:00+00:00,2024-01-19 04:00:00+00:00,12790,11337,5.5,1453,1453,12.81644173943724,4
2024-01-18 22:30:00+00:00,2024-01-19 05:00:00+00:00,13026,11423,6.5,1603,1603,14.033091131926815,5
2024-01-18 22:30:00+00:00,2024-01-19 06:00:00+00:00,13208,11717,7.5,1491,1491,12.725100281642057,6
2024-01-18 22:30:00+00:00,2024-01-19 07:00:00+00:00,13365,11668,8.5,1697,1697,14.544052108330478,7
2024-01-18 22:30:00+00:00,2024-01-19 08:00:00+00:00,13655,12606,9.5,1049,1049,8.321434237664604,8
2024-01-18 22:30:00+00:00,2024-01-19 09:00:00+00:00,13950,12592,10.5,1358,1358,10.784625158831004,9
2024-01-18 22:30:00+00:00,2024-01-19 10:00:00+00:00,14073,12700,11.5,1373,1373,10.811023622047244,10
2024-01-18 22:30:00+00:00,2024-01-19 11:00:00+00:00,14155,13342,12.5,813,813,6.093539199520312,11
2024-01-18 22:30:00+00:00,2024-01-19 12:00:00+00:00,14285,13807,13.5,478,478,3.4620120228869413,12
2024-01-18 22:30:00+00:00,2024-01-19 13:00:00+00:00,14224,11807,14.5,2417,2417,20.470907089014993,13
2024-01-18 22:30:00+00:00,2024-01-19 14:00:00+00:00,14102,14160,15.5,-58,58,0.4096045197740113,14
2024-01-18 22:30:00+00:00,2024-01-19 15:00:00+00:00,13848,13844,16.5,4,4,0.028893383415197923,15
2024-01-18 22:30:00+00:00,2024-01-19 16:00:00+00:00,13437,13906,17.5,-469,469,3.3726449014813746,16
2024-01-18 22:30:00+00:00,2024-01-19 17:00:00+00:00,13283,13613,18.5,-330,330,2.424153382795857,17
2024-01-18 22:30:00+00:00,2024-01-19 18:00:00+00:00,13337,14025,19.5,-688,688,4.905525846702317,18
2024-01-18 22:30:00+00:00,2024-01-19 19:00:00+00:00,13468,14208,20.5,-740,740,5.208333333333334,19
2024-01-18 22:30:00+00:00,2024-01-19 20:00:00+00:00,13678,14634,21.5,-956,956,6.532731993986607,20
2024-01-18 22:30:00+00:00,2024-01-19 21:00:00+00:00,13906,13992,22.5,-86,86,0.6146369353916523,21
2024-01-18 22:30:00+00:00,2024-01-19 22:00:00+00:00,14312,13956,23.5,356,356,2.5508741759816567,22
2024-01-18 22:30:00+00:00,2024-01-19 23:00:00+00:00,14862,14025,24.5,837,837,5.967914438502674,23
2024-01-18 22:30:00+00:00,2024-01-20 00:00:00+00:00,15429,13736,25.5,1693,1693,12.325276645311591,0
2024-01-18 22:30:00+00:00,2024-01-20 01:00:00+00:00,15948,13650,26.5,2298,2298,16.835164835164836,1
2024-01-18 22:30:00+00:00,2024-01-20 02:00:00+00:00,16408,14124,27.5,2284,2284,16.171056357972247,2
2024-01-18 22:30:00+00:00,2024-01-20 03:00:00+00:00,16848,14459,28.5,2389,2389,16.522581091361783,3
2024-01-18 22:30:00+00:00,2024-01-20 04:00:00+00:00,17280,14938,29.5,2342,2342,15.678136296693,4
2024-01-18 22:30:00+00:00,2024-01-20 05:00:00+00:00,17543,15267,30.5,2276,2276,14.907971441671581,5
2024-01-18 22:30:00+00:00,2024-01-20 06:00:00+00:00,17864,14918,31.5,2946,2946,19.747955490012064,6
2024-01-18 22:30:00+00:00,2024-01-20 07:00:00+00:00,18098,14954,32.5,3144,3144,21.02447505684098,7
2024-01-18 22:30:00+00:00,2024-01-20 08:00:00+00:00,18335,15281,33.5,3054,3054,19.985603036450495,8
2024-01-18 22:30:00+00:00,2024-01-20 09:00:00+00:00,18568,15269,34.5,3299,3299,21.605868098762198,9
2024-01-18 22:30:00+00:00,2024-01-20 10:00:00+00:00,18309,15432,35.5,2877,2877,18.64307931570762,10
2024-01-18 22:30:00+00:00,2024-01-20 11:00:00+00:00,18406,15970,36.5,2436,2436,15.25360050093926,11
2024-01-18 22:30:00+00:00,2024-01-20 12:00:00+00:00,18471,16185,37.5,2286,2286,14.124189063948101,12
2024-01-18 22:30:00+00:00,2024-01-20 13:00:00+00:00,18485,16129,38.5,2356,2356,14.607229214458428,13
2024-01-18 22:30:00+00:00,2024-01-20 14:00:00+00:00,18496,16279,39.5,2217,2217,13.618772651882793,14
2024-01-18 22:30:00+00:00,2024-01-20 15:00:00+00:00,18503,16261,40.5,2242,2242,13.787589939118137,15
2024-01-18 22:30:00+00:00,2024-01-20 16:00:00+00:00,18627,16240,41.5,2387,2387,14.698275862068966,16
2024-01-18 22:30:00+00:00,2024-01-20 17:00:00+00:00,18705,16246,42.5,2459,2459,15.136033485165578,17
2024-01-18 22:30:00+00:00,2024-01-20 18:00:00+00:00,18766,16073,43.5,2693,2693,16.754806196727433,18
2024-01-18 22:30:00+00:00,2024-01-20 19:00:00+00:00,18851,15985,44.5,2866,2866,17.9293087269315,19
2024-01-18 22:30:00+00:00,2024-01-20 20:00:00+00:00,18926,16260,45.5,2666,2666,16.396063960639605,20
2024-01-18 22:30:00+00:00,2024-01-20 21:00:00+00:00,18964,16434,46.5,2530,2530,15.39491298527443,21
2024-01-18 18:30:00+00:00,2024-01-18 23:00:00+00:00,11190,11716,4.5,-526,526,4.489586889723455,23
2024-01-18 18:30:00+00:00,2024-01-19 00:00:00+00:00,11629,11417,5.5,212,212,1.856880091092231,0
2024-01-18 18:30:00+00:00,2024-01-19 01:00:00+00:00,11977,11590,6.5,387,387,3.339085418464193,1
2024-01-18 18:30:00+00:00,2024-01-19 02:00:00+00:00,12317,11509,7.5,808,808,7.020592579720219,2
2024-01-18 18:30:00+00:00,2024-01-19 03:00:00+00:00,12506,11687,8.5,819,819,7.007786429365963,3
2024-01-18 18:30:00+00:00,2024-01-19 04:00:00+00:00,12789,11337,9.5,1452,1452,12.807621063773485,4
2024-01-18 18:30:00+00:00,2024-01-19 05:00:00+00:00,13026,11423,10.5,1603,1603,14.033091131926815,5
2024-01-18 18:30:00+00:00,2024-01-19 06:00:00+00:00,13209,11717,11.5,1492,1492,12.733634889476827,6
2024-01-18 18:30:00+00:00,2024-01-19 07:00:00+00:00,13365,11668,12.5,1697,1697,14.544052108330478,7
2024-01-18 18:30:00+00:00,2024-01-19 08:00:00+00:00,13655,12606,13.5,1049,1049,8.321434237664604,8
2024-01-18 18:30:00+00:00,2024-01-19 09:00:00+00:00,13950,12592,14.5,1358,1358,10.784625158831004,9
2024-01-18 18:30:00+00:00,2024-01-19 10:00:00+00:00,14073,12700,15.5,1373,1373,10.811023622047244,10
2024-01-18 18:30:00+00:00,2024-01-19 11:00:00+00:00,14155,13342,16.5,813,813,6.093539199520312,11
2024-01-18 18:30:00+00:00,2024-01-19 12:00:00+00:00,14286,13807,17.5,479,479,3.469254725863692,12
2024-01-18 18:30:00+00:00,2024-01-19 13:00:00+00:00,14224,11807,18.5,2417,2417,20.470907089014993,13
2024-01-18 18:30:00+00:00,2024-01-19 14:00:00+00:00,14099,14160,19.5,-61,61,0.4307909604519774,14
2024-01-18 18:30:00+00:00,2024-01-19 15:00:00+00:00,13846,13844,20.5,2,2,0.014446691707598961,15
2024-01-18 18:30:00+00:00,2024-01-19 16:00:00+00:00,13435,13906,21.5,-471,471,3.3870271825111464,16
2024-01-18 18:30:00+00:00,2024-01-19 17:00:00+00:00,13281,13613,22.5,-332,332,2.438845221479468,17
2024-01-18 18:30:00+00:00,2024-01-19 18:00:00+00:00,13334,14025,23.5,-691,691,4.926916221033868,18
2024-01-18 18:30:00+00:00,2024-01-19 19:00:00+00:00,13464,14208,24.5,-744,744,5.236486486486487,19
2024-01-18 18:30:00+00:00,2024-01-19 20:00:00+00:00,13676,14634,25.5,-958,958,6.546398797321307,20
2024-01-18 18:30:00+00:00,2024-01-19 21:00:00+00:00,13905,13992,26.5,-87,87,0.6217838765008576,21
2024-01-18 18:30:00+00:00,2024-01-19 22:00:00+00:00,14313,13956,27.5,357,357,2.5580395528804813,22
2024-01-18 18:30:00+00:00,2024-01-19 23:00:00+00:00,14865,14025,28.5,840,840,5.989304812834225,23
2024-01-18 18:30:00+00:00,2024-01-20 00:00:00+00:00,15431,13736,29.5,1695,1695,12.339836924868958,0
2024-01-18 18:30:00+00:00,2024-01-20 01:00:00+00:00,15946,13650,30.5,2296,2296,16.82051282051282,1
2024-01-18 18:30:00+00:00,2024-01-20 02:00:00+00:00,16407,14124,31.5,2283,2283,16.163976210705183,2
2024-01-18 18:30:00+00:00,2024-01-20 03:00:00+00:00,16842,14459,32.5,2383,2383,16.481084445673975,3
2024-01-18 18:30:00+00:00,2024-01-20 04:00:00+00:00,17272,14938,33.5,2334,2334,15.624581603963048,4
2024-01-18 18:30:00+00:00,2024-01-20 05:00:00+00:00,17541,15267,34.5,2274,2274,14.894871291019845,5
2024-01-18 18:30:00+00:00,2024-01-20 06:00:00+00:00,17869,14918,35.5,2951,2951,19.78147204719131,6
2024-01-18 18:30:00+00:00,2024-01-20 07:00:00+00:00,18101,14954,36.5,3147,3147,21.044536578841782,7
2024-01-18 18:30:00+00:00,2024-01-20 08:00:00+00:00,18336,15281,37.5,3055,3055,19.992147110791176,8
2024-01-18 18:30:00+00:00,2024-01-20 09:00:00+00:00,18572,15269,38.5,3303,3303,21.632064968236296,9
2024-01-18 18:30:00+00:00,2024-01-20 10:00:00+00:00,18312,15432,39.5,2880,2880,18.662519440124417,10
2024-01-18 18:30:00+00:00,2024-01-20 11:00:00+00:00,18408,15970,40.5,2438,2438,15.266123982467125,11
2024-01-18 18:30:00+00:00,2024-01-20 12:00:00+00:00,18472,16185,41.5,2287,2287,14.13036762434353,12
2024-01-18 18:30:00+00:00,2024-01-20 13:00:00+00:00,18486,16129,42.5,2357,2357,14.613429226858454,13
2024-01-18 18:30:00+00:00,2024-01-20 14:00:00+00:00,18498,16279,43.5,2219,2219,13.631058418821794,14
2024-01-18 18:30:00+00:00,2024-01-20 15:00:00+00:00,18505,16261,44.5,2244,2244,13.799889305700757,15
2024-01-18 18:30:00+00:00,2024-01-20 16:00:00+00:00,18629,16240,45.5,2389,2389,14.710591133004927,16
2024-01-18 18:30:00+00:00,2024-01-20 17:00:00+00:00,18706,16246,46.5,2460,2460,15.142188846485288,17
2024-01-18 18:30:00+00:00,2024-01-20 18:00:00+00:00,18767,16073,47.5,2694,2694,16.761027810614074,18
2024-01-18 15:30:00+00:00,2024-01-18 21:00:00+00:00,11636,11629,5.5,7,7,0.0601943417318772,21
2024-01-18 15:30:00+00:00,2024-01-18 22:00:00+00:00,11674,11561,6.5,113,113,0.9774240982613961,22
2024-01-18 15:30:00+00:00,2024-01-18 23:00:00+00:00,11966,11716,7.5,250,250,2.1338340730624785,23
2024-01-18 15:30:00+00:00,2024-01-19 00:00:00+00:00,12213,11417,8.5,796,796,6.972059209950074,0
2024-01-18 15:30:00+00:00,2024-01-19 01:00:00+00:00,12666,11590,9.5,1076,1076,9.283865401207937,1
2024-01-18 15:30:00+00:00,2024-01-19 02:00:00+00:00,12968,11509,10.5,1459,1459,12.677035363628464,2
2024-01-18 15:30:00+00:00,2024-01-19 03:00:00+00:00,13121,11687,11.5,1434,1434,12.270043638230513,3
2024-01-18 15:30:00+00:00,2024-01-19 04:00:00+00:00,13401,11337,12.5,2064,2064,18.205874569992062,4
2024-01-18 15:30:00+00:00,2024-01-19 05:00:00+00:00,13745,11423,13.5,2322,2322,20.32740961218594,5
2024-01-18 15:30:00+00:00,2024-01-19 06:00:00+00:00,13882,11717,14.5,2165,2165,18.47742596227703,6
2024-01-18 15:30:00+00:00,2024-01-19 07:00:00+00:00,14037,11668,15.5,2369,2369,20.303393897840248,7
2024-01-18 15:30:00+00:00,2024-01-19 08:00:00+00:00,14242,12606,16.5,1636,1636,12.977947009360621,8
2024-01-18 15:30:00+00:00,2024-01-19 09:00:00+00:00,14357,12592,17.5,1765,1765,14.016836086404066,9
2024-01-18 15:30:00+00:00,2024-01-19 10:00:00+00:00,14361,12700,18.5,1661,1661,13.078740157480315,10
2024-01-18 15:30:00+00:00,2024-01-19 11:00:00+00:00,14322,13342,19.5,980,980,7.345225603357817,11
2024-01-18 15:30:00+00:00,2024-01-19 12:00:00+00:00,14460,13807,20.5,653,653,4.729485043818353,12
2024-01-18 15:30:00+00:00,2024-01-19 13:00:00+00:00,14398,11807,21.5,2591,2591,21.944609130177014,13
2024-01-18 15:30:00+00:00,2024-01-19 14:00:00+00:00,14163,14160,22.5,3,3,0.0211864406779661,14
2024-01-18 15:30:00+00:00,2024-01-19 15:00:00+00:00,13933,13844,23.5,89,89,0.6428777809881537,15
2024-01-18 15:30:00+00:00,2024-01-19 16:00:00+00:00,13622,13906,24.5,-284,284,2.0422839062275275,16
2024-01-18 15:30:00+00:00,2024-01-19 17:00:00+00:00,13421,13613,25.5,-192,192,1.4104165136266804,17
2024-01-18 15:30:00+00:00,2024-01-19 18:00:00+00:00,13426,14025,26.5,-599,599,4.270944741532976,18
2024-01-18 15:30:00+00:00,2024-01-19 19:00:00+00:00,13506,14208,27.5,-702,702,4.940878378378379,19
2024-01-18 15:30:00+00:00,2024-01-19 20:00:00+00:00,13683,14634,28.5,-951,951,6.498564985649856,20
2024-01-18 15:30:00+00:00,2024-01-19 21:00:00+00:00,13944,13992,29.5,-48,48,0.34305317324185247,21
2024-01-18 15:30:00+00:00,2024-01-19 22:00:00+00:00,14350,13956,30.5,394,394,2.823158498137002,22
2024-01-18 15:30:00+00:00,2024-01-19 23:00:00+00:00,14849,14025,31.5,824,824,5.875222816399287,23
2024-01-18 15:30:00+00:00,2024-01-20 00:00:00+00:00,15324,13736,32.5,1588,1588,11.560861968549796,0
2024-01-18 15:30:00+00:00,2024-01-20 01:00:00+00:00,15890,13650,33.5,2240,2240,16.41025641025641,1
2024-01-18 15:30:00+00:00,2024-01-20 02:00:00+00:00,16359,14124,34.5,2235,2235,15.82412914188615,2
2024-01-18 15:30:00+00:00,2024-01-20 03:00:00+00:00,16901,14459,35.5,2442,2442,16.889134794937412,3
2024-01-18 15:30:00+00:00,2024-01-20 04:00:00+00:00,17057,14938,36.5,2119,2119,14.185299236845628,4
2024-01-18 15:30:00+00:00,2024-01-20 05:00:00+00:00,17449,15267,37.5,2182,2182,14.292264361040152,5
2024-01-18 15:30:00+00:00,2024-01-20 06:00:00+00:00,17625,14918,38.5,2707,2707,18.14586405684408,6
2024-01-18 15:30:00+00:00,2024-01-20 07:00:00+00:00,17860,14954,39.5,2906,2906,19.43292764477732,7
2024-01-18 15:30:00+00:00,2024-01-20 08:00:00+00:00,18082,15281,40.5,2801,2801,18.329952228257312,8
2024-01-18 15:30:00+00:00,2024-01-20 09:00:00+00:00,18231,15269,41.5,2962,2962,19.398781845569456,9
2024-01-18 15:30:00+00:00,2024-01-20 10:00:00+00:00,18367,15432,42.5,2935,2935,19.018921721099016,10
2024-01-18 15:30:00+00:00,2024-01-20 11:00:00+00:00,18475,15970,43.5,2505,2505,15.685660613650596,11
2024-01-18 15:30:00+00:00,2024-01-20 12:00:00+00:00,18560,16185,44.5,2375,2375,14.674080939141179,12
2024-01-18 15:30:00+00:00,2024-01-20 13:00:00+00:00,18526,16129,45.5,2397,2397,14.861429722859446,13
2024-01-18 15:30:00+00:00,2024-01-20 14:00:00+00:00,18489,16279,46.5,2210,2210,13.57577246759629,14
2024-01-18 15:30:00+00:00,2024-01-20 15:00:00+00:00,18449,16261,47.5,2188,2188,13.455507041387369,15
2024-01-18 11:30:00+00:00,2024-01-18 21:00:00+00:00,11962,11629,9.5,333,333,2.8635308281021583,21
2024-01-18 11:30:00+00:00,2024-01-18 22:00:00+00:00,12065,11561,10.5,504,504,4.359484473661448,22
2024-01-18 11:30:00+00:00,2024-01-18 23:00:00+00:00,12283,11716,11.5,567,567,4.839535677705702,23
2024-01-18 11:30:00+00:00,2024-01-19 00:00:00+00:00,12386,11417,12.5,969,969,8.48734343522817,0
2024-01-18 11:30:00+00:00,2024-01-19 01:00:00+00:00,12852,11590,13.5,1262,1262,10.88869715271786,1
2024-01-18 11:30:00+00:00,2024-01-19 02:00:00+00:00,13033,11509,14.5,1524,1524,13.241810756799028,2
2024-01-18 11:30:00+00:00,2024-01-19 03:00:00+00:00,13207,11687,15.5,1520,1520,13.005903995892872,3
2024-01-18 11:30:00+00:00,2024-01-19 04:00:00+00:00,13458,11337,16.5,2121,2121,18.708653082826142,4
2024-01-18 11:30:00+00:00,2024-01-19 05:00:00+00:00,13819,11423,17.5,2396,2396,20.975225422393418,5
2024-01-18 11:30:00+00:00,2024-01-19 06:00:00+00:00,13960,11717,18.5,2243,2243,19.14312537338909,6
2024-01-18 11:30:00+00:00,2024-01-19 07:00:00+00:00,14177,11668,19.5,2509,2509,21.503256770654783,7
2024-01-18 11:30:00+00:00,2024-01-19 08:00:00+00:00,14328,12606,20.5,1722,1722,13.660161827701096,8
2024-01-18 11:30:00+00:00,2024-01-19 09:00:00+00:00,14409,12592,21.5,1817,1817,14.429796696315119,9
2024-01-18 11:30:00+00:00,2024-01-19 10:00:00+00:00,14437,12700,22.5,1737,1737,13.67716535433071,10
2024-01-18 11:30:00+00:00,2024-01-19 11:00:00+00:00,14345,13342,23.5,1003,1003,7.517613551191725,11
2024-01-18 11:30:00+00:00,2024-01-19 12:00:00+00:00,14411,13807,24.5,604,604,4.374592597957558,12
2024-01-18 11:30:00+00:00,2024-01-19 13:00:00+00:00,14463,11807,25.5,2656,2656,22.495130007622596,13
2024-01-18 11:30:00+00:00,2024-01-19 14:00:00+00:00,14185,14160,26.5,25,25,0.1765536723163842,14
2024-01-18 11:30:00+00:00,2024-01-19 15:00:00+00:00,13846,13844,27.5,2,2,0.014446691707598961,15
2024-01-18 11:30:00+00:00,2024-01-19 16:00:00+00:00,13754,13906,28.5,-152,152,1.0930533582626205,16
2024-01-18 11:30:00+00:00,2024-01-19 17:00:00+00:00,13559,13613,29.5,-54,54,0.3966796444575039,17
2024-01-18 11:30:00+00:00,2024-01-19 18:00:00+00:00,13454,14025,30.5,-571,571,4.071301247771836,18
2024-01-18 11:30:00+00:00,2024-01-19 19:00:00+00:00,13554,14208,31.5,-654,654,4.60304054054054,19
2024-01-18 11:30:00+00:00,2024-01-19 20:00:00+00:00,13810,14634,32.5,-824,824,5.630722973896406,20
2024-01-18 11:30:00+00:00,2024-01-19 21:00:00+00:00,14035,13992,33.5,43,43,0.30731846769582616,21
2024-01-18 11:30:00+00:00,2024-01-19 22:00:00+00:00,14502,13956,34.5,546,546,3.9122957867583836,22
2024-01-18 11:30:00+00:00,2024-01-19 23:00:00+00:00,14958,14025,35.5,933,933,6.652406417112299,23
2024-01-18 11:30:00+00:00,2024-01-20 00:00:00+00:00,15398,13736,36.5,1662,1662,12.099592312172394,0
2024-01-18 11:30:00+00:00,2024-01-20 01:00:00+00:00,15859,13650,37.5,2209,2209,16.183150183150182,1
2024-01-18 11:30:00+00:00,2024-01-20 02:00:00+00:00,16279,14124,38.5,2155,2155,15.257717360521097,2
2024-01-18 11:30:00+00:00,2024-01-20 03:00:00+00:00,16699,14459,39.5,2240,2240,15.492081056781243,3
2024-01-18 11:30:00+00:00,2024-01-20 04:00:00+00:00,17114,14938,40.5,2176,2176,14.566876422546526,4
2024-01-18 11:30:00+00:00,2024-01-20 05:00:00+00:00,17456,15267,41.5,2189,2189,14.338114888321215,5
2024-01-18 11:30:00+00:00,2024-01-20 06:00:00+00:00,17752,14918,42.5,2834,2834,18.997184609196943,6
2024-01-18 11:30:00+00:00,2024-01-20 07:00:00+00:00,17837,14954,43.5,2883,2883,19.279122642771167,7
2024-01-18 11:30:00+00:00,2024-01-20 08:00:00+00:00,18016,15281,44.5,2735,2735,17.898043321772136,8
2024-01-18 11:30:00+00:00,2024-01-20 09:00:00+00:00,18157,15269,45.5,2888,2888,18.914139760298646,9
2024-01-18 11:30:00+00:00,2024-01-20 10:00:00+00:00,18303,15432,46.5,2871,2871,18.604199066874028,10
2024-01-18 11:30:00+00:00,2024-01-20 11:00:00+00:00,18424,15970,47.5,2454,2454,15.366311834690045,11
2024-01-18 09:30:00+00:00,2024-01-18 21:00:00+00:00,11960,11629,11.5,331,331,2.8463324447501934,21
2024-01-18 09:30:00+00:00,2024-01-18 22:00:00+00:00,12063,11561,12.5,502,502,4.3421849320993,22
2024-01-18 09:30:00+00:00,2024-01-18 23:00:00+00:00,12279,11716,13.5,563,563,4.805394332536702,23
2024-01-18 09:30:00+00:00,2024-01-19 00:00:00+00:00,12381,11417,14.5,964,964,8.443549093457126,0
2024-01-18 09:30:00+00:00,2024-01-19 01:00:00+00:00,12849,11590,15.5,1259,1259,10.86281276962899,1
2024-01-18 09:30:00+00:00,2024-01-19 02:00:00+00:00,13034,11509,16.5,1525,1525,13.25049960900165,2
2024-01-18 09:30:00+00:00,2024-01-19 03:00:00+00:00,13210,11687,17.5,1523,1523,13.031573543253186,3
2024-01-18 09:30:00+00:00,2024-01-19 04:00:00+00:00,13459,11337,18.5,2122,2122,18.7174737584899,4
2024-01-18 09:30:00+00:00,2024-01-19 05:00:00+00:00,13820,11423,19.5,2397,2397,20.983979690098923,5
2024-01-18 09:30:00+00:00,2024-01-19 06:00:00+00:00,13960,11717,20.5,2243,2243,19.14312537338909,6
2024-01-18 09:30:00+00:00,2024-01-19 07:00:00+00:00,14176,11668,21.5,2508,2508,21.49468632156325,7
2024-01-18 09:30:00+00:00,2024-01-19 08:00:00+00:00,14328,12606,22.5,1722,1722,13.660161827701096,8
2024-01-18 09:30:00+00:00,2024-01-19 09:00:00+00:00,14411,12592,23.5,1819,1819,14.445679796696314,9
2024-01-18 09:30:00+00:00,2024-01-19 10:00:00+00:00,14437,12700,24.5,1737,1737,13.67716535433071,10
2024-01-18 09:30:00+00:00,2024-01-19 11:00:00+00:00,14345,13342,25.5,1003,1003,7.517613551191725,11
2024-01-18 09:30:00+00:00,2024-01-19 12:00:00+00:00,14416,13807,26.5,609,609,4.410806112841312,12
2024-01-18 09:30:00+00:00,2024-01-19 13:00:00+00:00,14465,11807,27.5,2658,2658,22.512069111544,13
2024-01-18 09:30:00+00:00,2024-01-19 14:00:00+00:00,14185,14160,28.5,25,25,0.1765536723163842,14
2024-01-18 09:30:00+00:00,2024-01-19 15:00:00+00:00,13851,13844,29.5,7,7,0.050563420976596364,15
2024-01-18 09:30:00+00:00,2024-01-19 16:00:00+00:00,13754,13906,30.5,-152,152,1.0930533582626205,16
2024-01-18 09:30:00+00:00,2024-01-19 17:00:00+00:00,13559,13613,31.5,-54,54,0.3966796444575039,17
2024-01-18 09:30:00+00:00,2024-01-19 18:00:00+00:00,13460,14025,32.5,-565,565,4.028520499108734,18
2024-01-18 09:30:00+00:00,2024-01-19 19:00:00+00:00,13554,14208,33.5,-654,654,4.60304054054054,19
2024-01-18 09:30:00+00:00,2024-01-19 20:00:00+00:00,13804,14634,34.5,-830,830,5.671723383900506,20
2024-01-18 09:30:00+00:00,2024-01-19 21:00:00+00:00,14036,13992,35.5,44,44,0.3144654088050315,21
2024-01-18 09:30:00+00:00,2024-01-19 22:00:00+00:00,14522,13956,36.5,566,566,4.055603324734881,22
2024-01-18 09:30:00+00:00,2024-01-19 23:00:00+00:00,14992,14025,37.5,967,967,6.8948306595365425,23
2024-01-18 09:30:00+00:00,2024-01-20 00:00:00+00:00,15439,13736,38.5,1703,1703,12.398078043098428,0
2024-01-18 09:30:00+00:00,2024-01-20 01:00:00+00:00,15959,13650,39.5,2309,2309,16.915750915750916,1
2024-01-18 09:30:00+00:00,2024-01-20 02:00:00+00:00,16399,14124,40.5,2275,2275,16.107335032568677,2
2024-01-18 09:30:00+00:00,2024-01-20 03:00:00+00:00,16793,14459,41.5,2334,2334,16.142195172556885,3
2024-01-18 09:30:00+00:00,2024-01-20 04:00:00+00:00,17173,14938,42.5,2235,2235,14.96184228142991,4
2024-01-18 09:30:00+00:00,2024-01-20 05:00:00+00:00,17482,15267,43.5,2215,2215,14.508416846793736,5
2024-01-18 09:30:00+00:00,2024-01-20 06:00:00+00:00,17755,14918,44.5,2837,2837,19.01729454350449,6
2024-01-18 09:30:00+00:00,2024-01-20 07:00:00+00:00,17837,14954,45.5,2883,2883,19.279122642771167,7
2024-01-18 09:30:00+00:00,2024-01-20 08:00:00+00:00,18015,15281,46.5,2734,2734,17.89149924743145,8
2024-01-18 09:30:00+00:00,2024-01-20 09:00:00+00:00,18155,15269,47.5,2886,2886,18.901041325561597,9
2024-01-18 07:30:00+00:00,2024-01-18 21:00:00+00:00,11960,11629,13.5,331,331,2.8463324447501934,21
2024-01-18 07:30:00+00:00,2024-01-18 22:00:00+00:00,12063,11561,14.5,502,502,4.3421849320993,22
2024-01-18 07:30:00+00:00,2024-01-18 23:00:00+00:00,12280,11716,15.5,564,564,4.813929668828952,23
2024-01-18 07:30:00+00:00,2024-01-19 00:00:00+00:00,12382,11417,16.5,965,965,8.452307961811334,0
2024-01-18 07:30:00+00:00,2024-01-19 01:00:00+00:00,12849,11590,17.5,1259,1259,10.86281276962899,1
2024-01-18 07:30:00+00:00,2024-01-19 02:00:00+00:00,13034,11509,18.5,1525,1525,13.25049960900165,2
2024-01-18 07:30:00+00:00,2024-01-19 03:00:00+00:00,13210,11687,19.5,1523,1523,13.031573543253186,3
2024-01-18 07:30:00+00:00,2024-01-19 04:00:00+00:00,13459,11337,20.5,2122,2122,18.7174737584899,4
2024-01-18 07:30:00+00:00,2024-01-19 05:00:00+00:00,13820,11423,21.5,2397,2397,20.983979690098923,5
2024-01-18 07:30:00+00:00,2024-01-19 06:00:00+00:00,13961,11717,22.5,2244,2244,19.15165998122386,6
2024-01-18 07:30:00+00:00,2024-01-19 07:00:00+00:00,14176,11668,23.5,2508,2508,21.49468632156325,7
2024-01-18 07:30:00+00:00,2024-01-19 08:00:00+00:00,14328,12606,24.5,1722,1722,13.660161827701096,8
2024-01-18 07:30:00+00:00,2024-01-19 09:00:00+00:00,14411,12592,25.5,1819,1819,14.445679796696314,9
2024-01-18 07:30:00+00:00,2024-01-19 10:00:00+00:00,14436,12700,26.5,1736,1736,13.669291338582676,10
2024-01-18 07:30:00+00:00,2024-01-19 11:00:00+00:00,14344,13342,27.5,1002,1002,7.510118423025033,11
2024-01-18 07:30:00+00:00,2024-01-19 12:00:00+00:00,14415,13807,28.5,608,608,4.403563409864562,12
2024-01-18 07:30:00+00:00,2024-01-19 13:00:00+00:00,14464,11807,29.5,2657,2657,22.5035995595833,13
2024-01-18 07:30:00+00:00,2024-01-19 14:00:00+00:00,14184,14160,30.5,24,24,0.1694915254237288,14
2024-01-18 07:30:00+00:00,2024-01-19 15:00:00+00:00,13850,13844,31.5,6,6,0.04334007512279688,15
2024-01-18 07:30:00+00:00,2024-01-19 16:00:00+00:00,13753,13906,32.5,-153,153,1.1002444987775062,16
2024-01-18 07:30:00+00:00,2024-01-19 17:00:00+00:00,13558,13613,33.5,-55,55,0.40402556379930943,17
2024-01-18 07:30:00+00:00,2024-01-19 18:00:00+00:00,13460,14025,34.5,-565,565,4.028520499108734,18
2024-01-18 07:30:00+00:00,2024-01-19 19:00:00+00:00,13553,14208,35.5,-655,655,4.610078828828828,19
2024-01-18 07:30:00+00:00,2024-01-19 20:00:00+00:00,13804,14634,36.5,-830,830,5.671723383900506,20
2024-01-18 07:30:00+00:00,2024-01-19 21:00:00+00:00,14037,13992,37.5,45,45,0.3216123499142367,21
2024-01-18 07:30:00+00:00,2024-01-19 22:00:00+00:00,14524,13956,38.5,568,568,4.069934078532531,22
2024-01-18 07:30:00+00:00,2024-01-19 23:00:00+00:00,14995,14025,39.5,970,970,6.916221033868093,23
2024-01-18 07:30:00+00:00,2024-01-20 00:00:00+00:00,15444,13736,40.5,1708,1708,12.434478741991846,0
2024-01-18 07:30:00+00:00,2024-01-20 01:00:00+00:00,15964,13650,41.5,2314,2314,16.952380952380953,1
2024-01-18 07:30:00+00:00,2024-01-20 02:00:00+00:00,16406,14124,42.5,2282,2282,16.15689606343812,2
2024-01-18 07:30:00+00:00,2024-01-20 03:00:00+00:00,16801,14459,43.5,2342,2342,16.19752403347396,3
2024-01-18 07:30:00+00:00,2024-01-20 04:00:00+00:00,17180,14938,44.5,2242,2242,15.008702637568616,4
2024-01-18 07:30:00+00:00,2024-01-20 05:00:00+00:00,17488,15267,45.5,2221,2221,14.547717298748935,5
2024-01-18 07:30:00+00:00,2024-01-20 06:00:00+00:00,17760,14918,46.5,2842,2842,19.050811100683738,6
2024-01-18 07:30:00+00:00,2024-01-20 07:00:00+00:00,17840,14954,47.5,2886,2886,19.29918416477197,7
2024-01-18 04:30:00+00:00,2024-01-18 21:00:00+00:00,12313,11629,16.5,684,684,5.8818471063720015,21
2024-01-18 04:30:00+00:00,2024-01-18 22:00:00+00:00,12284,11561,17.5,723,723,6.25378427471672,22
2024-01-18 04:30:00+00:00,2024-01-18 23:00:00+00:00,12528,11716,18.5,812,812,6.9306930693069315,23
2024-01-18 04:30:00+00:00,2024-01-19 00:00:00+00:00,12629,11417,19.5,1212,1212,10.615748445300866,0
2024-01-18 04:30:00+00:00,2024-01-19 01:00:00+00:00,13002,11590,20.5,1412,1412,12.182916307161346,1
2024-01-18 04:30:00+00:00,2024-01-19 02:00:00+00:00,13085,11509,21.5,1576,1576,13.693631071335478,2
2024-01-18 04:30:00+00:00,2024-01-19 03:00:00+00:00,13271,11687,22.5,1584,1584,13.553521006246255,3
2024-01-18 04:30:00+00:00,2024-01-19 04:00:00+00:00,13578,11337,23.5,2241,2241,19.767134162476847,4
2024-01-18 04:30:00+00:00,2024-01-19 05:00:00+00:00,13877,11423,24.5,2454,2454,21.48297294931279,5
2024-01-18 04:30:00+00:00,2024-01-19 06:00:00+00:00,14060,11717,25.5,2343,2343,19.99658615686609,6
2024-01-18 04:30:00+00:00,2024-01-19 07:00:00+00:00,14218,11668,26.5,2550,2550,21.854645183407612,7
2024-01-18 04:30:00+00:00,2024-01-19 08:00:00+00:00,14380,12606,27.5,1774,1774,14.072663810883707,8
2024-01-18 04:30:00+00:00,2024-01-19 09:00:00+00:00,14441,12592,28.5,1849,1849,14.683926302414232,9
2024-01-18 04:30:00+00:00,2024-01-19 10:00:00+00:00,14609,12700,29.5,1909,1909,15.031496062992126,10
2024-01-18 04:30:00+00:00,2024-01-19 11:00:00+00:00,14542,13342,30.5,1200,1200,8.99415380002998,11
2024-01-18 04:30:00+00:00,2024-01-19 12:00:00+00:00,14540,13807,31.5,733,733,5.308901281958427,12
2024-01-18 04:30:00+00:00,2024-01-19 13:00:00+00:00,14614,11807,32.5,2807,2807,23.77403235368849,13
2024-01-18 04:30:00+00:00,2024-01-19 14:00:00+00:00,14374,14160,33.5,214,214,1.5112994350282487,14
2024-01-18 04:30:00+00:00,2024-01-19 15:00:00+00:00,13961,13844,34.5,117,117,0.8451314648945392,15
2024-01-18 04:30:00+00:00,2024-01-19 16:00:00+00:00,14188,13906,35.5,282,282,2.0279016251977566,16
2024-01-18 04:30:00+00:00,2024-01-19 17:00:00+00:00,13933,13613,36.5,320,320,2.350694189377801,17
2024-01-18 04:30:00+00:00,2024-01-19 18:00:00+00:00,13683,14025,37.5,-342,342,2.4385026737967914,18
2024-01-18 04:30:00+00:00,2024-01-19 19:00:00+00:00,13895,14208,38.5,-313,313,2.2029842342342345,19
2024-01-18 04:30:00+00:00,2024-01-19 20:00:00+00:00,14103,14634,39.5,-531,531,3.6285362853628538,20
2024-01-18 04:30:00+00:00,2024-01-19 21:00:00+00:00,14303,13992,40.5,311,311,2.2226986849628356,21
2024-01-18 04:30:00+00:00,2024-01-19 22:00:00+00:00,14800,13956,41.5,844,844,6.047578102608197,22
2024-01-18 04:30:00+00:00,2024-01-19 23:00:00+00:00,15287,14025,42.5,1262,1262,8.998217468805704,23
2024-01-18 04:30:00+00:00,2024-01-20 00:00:00+00:00,15736,13736,43.5,2000,2000,14.560279557367501,0
2024-01-18 04:30:00+00:00,2024-01-20 01:00:00+00:00,16194,13650,44.5,2544,2544,18.637362637362635,1
2024-01-18 04:30:00+00:00,2024-01-20 02:00:00+00:00,16637,14124,45.5,2513,2513,17.79241008212971,2
2024-01-18 04:30:00+00:00,2024-01-20 03:00:00+00:00,16965,14459,46.5,2506,2506,17.331765682274018,3
2024-01-18 04:30:00+00:00,2024-01-20 04:00:00+00:00,17246,14938,47.5,2308,2308,15.45052885259071,4
2024-01-18 02:30:00+00:00,2024-01-18 21:00:00+00:00,12315,11629,18.5,686,686,5.899045489723966,21
2024-01-18 02:30:00+00:00,2024-01-18 22:00:00+00:00,12284,11561,19.5,723,723,6.25378427471672,22
2024-01-18 02:30:00+00:00,2024-01-18 23:00:00+00:00,12527,11716,20.5,811,811,6.92215773301468,23
2024-01-18 02:30:00+00:00,2024-01-19 00:00:00+00:00,12629,11417,21.5,1212,1212,10.615748445300866,0
2024-01-18 02:30:00+00:00,2024-01-19 01:00:00+00:00,13003,11590,22.5,1413,1413,12.191544434857637,1
2024-01-18 02:30:00+00:00,2024-01-19 02:00:00+00:00,13085,11509,23.5,1576,1576,13.693631071335478,2
2024-01-18 02:30:00+00:00,2024-01-19 03:00:00+00:00,13268,11687,24.5,1581,1581,13.527851458885943,3
2024-01-18 02:30:00+00:00,2024-01-19 04:00:00+00:00,13577,11337,25.5,2240,2240,19.75831348681309,4
2024-01-18 02:30:00+00:00,2024-01-19 05:00:00+00:00,13877,11423,26.5,2454,2454,21.48297294931279,5
2024-01-18 02:30:00+00:00,2024-01-19 06:00:00+00:00,14055,11717,27.5,2338,2338,19.95391311769224,6
2024-01-18 02:30:00+00:00,2024-01-19 07:00:00+00:00,14218,11668,28.5,2550,2550,21.854645183407612,7
2024-01-18 02:30:00+00:00,2024-01-19 08:00:00+00:00,14380,12606,29.5,1774,1774,14.072663810883707,8
2024-01-18 02:30:00+00:00,2024-01-19 09:00:00+00:00,14435,12592,30.5,1843,1843,14.636277001270647,9
2024-01-18 02:30:00+00:00,2024-01-19 10:00:00+00:00,14610,12700,31.5,1910,1910,15.039370078740157,10
2024-01-18 02:30:00+00:00,2024-01-19 11:00:00+00:00,14542,13342,32.5,1200,1200,8.99415380002998,11
2024-01-18 02:30:00+00:00,2024-01-19 12:00:00+00:00,14535,13807,33.5,728,728,5.272687767074672,12
2024-01-18 02:30:00+00:00,2024-01-19 13:00:00+00:00,14614,11807,34.5,2807,2807,23.77403235368849,13
2024-01-18 02:30:00+00:00,2024-01-19 14:00:00+00:00,14374,14160,35.5,214,214,1.5112994350282487,14
2024-01-18 02:30:00+00:00,2024-01-19 15:00:00+00:00,13954,13844,36.5,110,110,0.7945680439179428,15
2024-01-18 02:30:00+00:00,2024-01-19 16:00:00+00:00,14184,13906,37.5,278,278,1.999137063138214,16
2024-01-18 02:30:00+00:00,2024-01-19 17:00:00+00:00,13934,13613,38.5,321,321,2.3580401087196066,17
2024-01-18 02:30:00+00:00,2024-01-19 18:00:00+00:00,13691,14025,39.5,-334,334,2.3814616755793225,18
2024-01-18 02:30:00+00:00,2024-01-19 19:00:00+00:00,13906,14208,40.5,-302,302,2.1255630630630633,19
2024-01-18 02:30:00+00:00,2024-01-19 20:00:00+00:00,14116,14634,41.5,-518,518,3.5397020636873036,20
2024-01-18 02:30:00+00:00,2024-01-19 21:00:00+00:00,14319,13992,42.5,327,327,2.33704974271012,21
2024-01-18 02:30:00+00:00,2024-01-19 22:00:00+00:00,14817,13956,43.5,861,861,6.16938950988822,22
2024-01-18 02:30:00+00:00,2024-01-19 23:00:00+00:00,15305,14025,44.5,1280,1280,9.12655971479501,23
2024-01-18 02:30:00+00:00,2024-01-20 00:00:00+00:00,15755,13736,45.5,2019,2019,14.698602213162493,0
2024-01-18 02:30:00+00:00,2024-01-20 01:00:00+00:00,16215,13650,46.5,2565,2565,18.791208791208792,1
2024-01-18 02:30:00+00:00,2024-01-20 02:00:00+00:00,16660,14124,47.5,2536,2536,17.95525346927216,2
2024-01-17 22:30:00+00:00,2024-01-18 03:00:00+00:00,8416,7493,4.5,923,923,12.318163619378087,3
2024-01-17 22:30:00+00:00,2024-01-18 04:00:00+00:00,8426,6878,5.5,1548,1548,22.506542599592905,4
2024-01-17 22:30:00+00:00,2024-01-18 05:00:00+00:00,8822,6362,6.5,2460,2460,38.66708582206853,5
2024-01-17 22:30:00+00:00,2024-01-18 06:00:00+00:00,8806,6990,7.5,1816,1816,25.97997138769671,6
2024-01-17 22:30:00+00:00,2024-01-18 07:00:00+00:00,8845,6833,8.5,2012,2012,29.445338797014486,7
2024-01-17 22:30:00+00:00,2024-01-18 08:00:00+00:00,8935,6392,9.5,2543,2543,39.784105131414265,8
2024-01-17 22:30:00+00:00,2024-01-18 09:00:00+00:00,9210,5659,10.5,3551,3551,62.74960240325146,9
2024-01-17 22:30:00+00:00,2024-01-18 10:00:00+00:00,9564,6206,11.5,3358,3358,54.10892684498872,10
2024-01-17 22:30:00+00:00,2024-01-18 11:00:00+00:00,9191,6688,12.5,2503,2503,37.42523923444976,11
2024-01-17 22:30:00+00:00,2024-01-18 12:00:00+00:00,9742,7551,13.5,2191,2191,29.016024367633424,12
2024-01-17 22:30:00+00:00,2024-01-18 13:00:00+00:00,10488,7082,14.5,3406,3406,48.093758825190626,13
2024-01-17 22:30:00+00:00,2024-01-18 14:00:00+00:00,11106,8365,15.5,2741,2741,32.767483562462644,14
2024-01-17 22:30:00+00:00,2024-01-18 15:00:00+00:00,11213,9515,16.5,1698,1698,17.845507094062008,15
2024-01-17 22:30:00+00:00,2024-01-18 16:00:00+00:00,11743,10356,17.5,1387,1387,13.39320200849749,16
2024-01-17 22:30:00+00:00,2024-01-18 17:00:00+00:00,12395,11322,18.5,1073,1073,9.477124183006536,17
2024-01-17 22:30:00+00:00,2024-01-18 18:00:00+00:00,12552,12362,19.5,190,190,1.5369681281346061,18
2024-01-17 22:30:00+00:00,2024-01-18 19:00:00+00:00,12505,11678,20.5,827,827,7.0816920705600275,19
2024-01-17 22:30:00+00:00,2024-01-18 20:00:00+00:00,12211,11339,21.5,872,872,7.690272510803421,20
2024-01-17 22:30:00+00:00,2024-01-18 21:00:00+00:00,12118,11629,22.5,489,489,4.205004729555422,21
2024-01-17 22:30:00+00:00,2024-01-18 22:00:00+00:00,12116,11561,23.5,555,555,4.800622783496237,22
2024-01-17 22:30:00+00:00,2024-01-18 23:00:00+00:00,12381,11716,24.5,665,665,5.675998634346193,23
2024-01-17 22:30:00+00:00,2024-01-19 00:00:00+00:00,12466,11417,25.5,1049,1049,9.18805290356486,0
2024-01-17 22:30:00+00:00,2024-01-19 01:00:00+00:00,12742,11590,26.5,1152,1152,9.93960310612597,1
2024-01-17 22:30:00+00:00,2024-01-19 02:00:00+00:00,12932,11509,27.5,1423,1423,12.364236684334,2
2024-01-17 22:30:00+00:00,2024-01-19 03:00:00+00:00,13116,11687,28.5,1429,1429,12.227261059296653,3
2024-01-17 22:30:00+00:00,2024-01-19 04:00:00+00:00,13536,11337,29.5,2199,2199,19.3966657845991,4
2024-01-17 22:30:00+00:00,2024-01-19 05:00:00+00:00,13792,11423,30.5,2369,2369,20.738860194344745,5
2024-01-17 22:30:00+00:00,2024-01-19 06:00:00+00:00,13940,11717,31.5,2223,2223,18.972433216693695,6
2024-01-17 22:30:00+00:00,2024-01-19 07:00:00+00:00,14069,11668,32.5,2401,2401,20.577648268769284,7
2024-01-17 22:30:00+00:00,2024-01-19 08:00:00+00:00,14253,12606,33.5,1647,1647,13.065207044264634,8
2024-01-17 22:30:00+00:00,2024-01-19 09:00:00+00:00,14282,12592,34.5,1690,1690,13.421219822109276,9
2024-01-17 22:30:00+00:00,2024-01-19 10:00:00+00:00,14624,12700,35.5,1924,1924,15.149606299212598,10
2024-01-17 22:30:00+00:00,2024-01-19 11:00:00+00:00,14634,13342,36.5,1292,1292,9.683705591365612,11
2024-01-17 22:30:00+00:00,2024-01-19 12:00:00+00:00,14592,13807,37.5,785,785,5.685521836749475,12
2024-01-17 22:30:00+00:00,2024-01-19 13:00:00+00:00,14461,11807,38.5,2654,2654,22.478190903701194,13
2024-01-17 22:30:00+00:00,2024-01-19 14:00:00+00:00,14299,14160,39.5,139,139,0.9816384180790961,14
2024-01-17 22:30:00+00:00,2024-01-19 15:00:00+00:00,14112,13844,40.5,268,268,1.9358566888182605,15
2024-01-17 22:30:00+00:00,2024-01-19 16:00:00+00:00,13884,13906,41.5,-22,22,0.15820509132748456,16
2024-01-17 22:30:00+00:00,2024-01-19 17:00:00+00:00,13637,13613,42.5,24,24,0.17630206420333505,17
2024-01-17 22:30:00+00:00,2024-01-19 18:00:00+00:00,13381,14025,43.5,-644,644,4.591800356506239,18
2024-01-17 22:30:00+00:00,2024-01-19 19:00:00+00:00,13588,14208,44.5,-620,620,4.363738738738738,19
2024-01-17 22:30:00+00:00,2024-01-19 20:00:00+00:00,13789,14634,45.5,-845,845,5.774224408910756,20
2024-01-17 22:30:00+00:00,2024-01-19 21:00:00+00:00,13982,13992,46.5,-10,10,0.0714694110920526,21
2024-01-17 18:30:00+00:00,2024-01-17 23:00:00+00:00,7486,6841,4.5,645,645,9.428446133606199,23
2024-01-17 18:30:00+00:00,2024-01-18 00:00:00+00:00,7966,6431,5.5,1535,1535,23.868760690405846,0
2024-01-17 18:30:00+00:00,2024-01-18 01:00:00+00:00,7821,7447,6.5,374,374,5.022156573116692,1
2024-01-17 18:30:00+00:00,2024-01-18 02:00:00+00:00,8412,8596,7.5,-184,184,2.1405304792926945,2
2024-01-17 18:30:00+00:00,2024-01-18 03:00:00+00:00,8418,7493,8.5,925,925,12.344855198184973,3
2024-01-17 18:30:00+00:00,2024-01-18 04:00:00+00:00,8429,6878,9.5,1551,1551,22.55015993021227,4
2024-01-17 18:30:00+00:00,2024-01-18 05:00:00+00:00,8828,6362,10.5,2466,2466,38.76139578748821,5
2024-01-17 18:30:00+00:00,2024-01-18 06:00:00+00:00,8807,6990,11.5,1817,1817,25.994277539341915,6
2024-01-17 18:30:00+00:00,2024-01-18 07:00:00+00:00,8847,6833,12.5,2014,2014,29.474608517488658,7
2024-01-17 18:30:00+00:00,2024-01-18 08:00:00+00:00,8935,6392,13.5,2543,2543,39.784105131414265,8
2024-01-17 18:30:00+00:00,2024-01-18 09:00:00+00:00,9210,5659,14.5,3551,3551,62.74960240325146,9
2024-01-17 18:30:00+00:00,2024-01-18 10:00:00+00:00,9565,6206,15.5,3359,3359,54.12504028359651,10
2024-01-17 18:30:00+00:00,2024-01-18 11:00:00+00:00,9194,6688,16.5,2506,2506,37.4700956937799,11
2024-01-17 18:30:00+00:00,2024-01-18 12:00:00+00:00,9744,7551,17.5,2193,2193,29.042510925705205,12
2024-01-17 18:30:00+00:00,2024-01-18 13:00:00+00:00,10490,7082,18.5,3408,3408,48.1219994351878,13
2024-01-17 18:30:00+00:00,2024-01-18 14:00:00+00:00,11105,8365,19.5,2740,2740,32.75552898983861,14
2024-01-17 18:30:00+00:00,2024-01-18 15:00:00+00:00,11210,9515,20.5,1695,1695,17.813977929584865,15
2024-01-17 18:30:00+00:00,2024-01-18 16:00:00+00:00,11741,10356,21.5,1385,1385,13.373889532638083,16
2024-01-17 18:30:00+00:00,2024-01-18 17:00:00+00:00,12397,11322,22.5,1075,1075,9.494788906553612,17
2024-01-17 18:30:00+00:00,2024-01-18 18:00:00+00:00,12557,12362,23.5,195,195,1.577414657822359,18
2024-01-17 18:30:00+00:00,2024-01-18 19:00:00+00:00,12508,11678,24.5,830,830,7.107381400924815,19
2024-01-17 18:30:00+00:00,2024-01-18 20:00:00+00:00,12214,11339,25.5,875,875,7.716729870358938,20
2024-01-17 18:30:00+00:00,2024-01-18 21:00:00+00:00,12120,11629,26.5,491,491,4.222203112907387,21
2024-01-17 18:30:00+00:00,2024-01-18 22:00:00+00:00,12118,11561,27.5,557,557,4.817922325058386,22
2024-01-17 18:30:00+00:00,2024-01-18 23:00:00+00:00,12383,11716,28.5,667,667,5.693069306930694,23
2024-01-17 18:30:00+00:00,2024-01-19 00:00:00+00:00,12468,11417,29.5,1051,1051,9.205570640273276,0
2024-01-17 18:30:00+00:00,2024-01-19 01:00:00+00:00,12743,11590,30.5,1153,1153,9.948231233822261,1
2024-01-17 18:30:00+00:00,2024-01-19 02:00:00+00:00,12932,11509,31.5,1423,1423,12.364236684334,2
2024-01-17 18:30:00+00:00,2024-01-19 03:00:00+00:00,13117,11687,32.5,1430,1430,12.235817575083425,3
2024-01-17 18:30:00+00:00,2024-01-19 04:00:00+00:00,13536,11337,33.5,2199,2199,19.3966657845991,4
2024-01-17 18:30:00+00:00,2024-01-19 05:00:00+00:00,13792,11423,34.5,2369,2369,20.738860194344745,5
2024-01-17 18:30:00+00:00,2024-01-19 06:00:00+00:00,13941,11717,35.5,2224,2224,18.980967824528463,6
2024-01-17 18:30:00+00:00,2024-01-19 07:00:00+00:00,14068,11668,36.5,2400,2400,20.56907781967775,7
2024-01-17 18:30:00+00:00,2024-01-19 08:00:00+00:00,14252,12606,37.5,1646,1646,13.057274313818818,8
2024-01-17 18:30:00+00:00,2024-01-19 09:00:00+00:00,14282,12592,38.5,1690,1690,13.421219822109276,9
2024-01-17 18:30:00+00:00,2024-01-19 10:00:00+00:00,14625,12700,39.5,1925,1925,15.157480314960631,10
2024-01-17 18:30:00+00:00,2024-01-19 11:00:00+00:00,14635,13342,40.5,1293,1293,9.691200719532304,11
2024-01-17 18:30:00+00:00,2024-01-19 12:00:00+00:00,14594,13807,41.5,787,787,5.700007242702976,12
2024-01-17 18:30:00+00:00,2024-01-19 13:00:00+00:00,14463,11807,42.5,2656,2656,22.495130007622596,13
2024-01-17 18:30:00+00:00,2024-01-19 14:00:00+00:00,14301,14160,43.5,141,141,0.9957627118644067,14
2024-01-17 18:30:00+00:00,2024-01-19 15:00:00+00:00,14113,13844,44.5,269,269,1.9430800346720603,15
2024-01-17 18:30:00+00:00,2024-01-19 16:00:00+00:00,13886,13906,45.5,-20,20,0.1438228102977132,16
2024-01-17 18:30:00+00:00,2024-01-19 17:00:00+00:00,13640,13613,46.5,27,27,0.19833982222875196,17
2024-01-17 18:30:00+00:00,2024-01-19 18:00:00+00:00,13385,14025,47.5,-640,640,4.563279857397505,18
2024-01-17 15:30:00+00:00,2024-01-17 21:00:00+00:00,7649,7426,5.5,223,223,3.002962563964449,21
2024-01-17 15:30:00+00:00,2024-01-17 22:00:00+00:00,8188,6788,6.5,1400,1400,20.624631703005303,22
2024-01-17 15:30:00+00:00,2024-01-17 23:00:00+00:00,7862,6841,7.5,1021,1021,14.924718608390586,23
2024-01-17 15:30:00+00:00,2024-01-18 00:00:00+00:00,8075,6431,8.5,1644,1644,25.563675944643133,0
2024-01-17 15:30:00+00:00,2024-01-18 01:00:00+00:00,8144,7447,9.5,697,697,9.359473613535652,1
2024-01-17 15:30:00+00:00,2024-01-18 02:00:00+00:00,8444,8596,10.5,-152,152,1.7682643089809214,2
2024-01-17 15:30:00+00:00,2024-01-18 03:00:00+00:00,8380,7493,11.5,887,887,11.83771520085413,3
2024-01-17 15:30:00+00:00,2024-01-18 04:00:00+00:00,8589,6878,12.5,1711,1711,24.87641756324513,4
2024-01-17 15:30:00+00:00,2024-01-18 05:00:00+00:00,8780,6362,13.5,2418,2418,38.00691606413078,5
2024-01-17 15:30:00+00:00,2024-01-18 06:00:00+00:00,8770,6990,14.5,1780,1780,25.464949928469245,6
2024-01-17 15:30:00+00:00,2024-01-18 07:00:00+00:00,8717,6833,15.5,1884,1884,27.57207668666764,7
2024-01-17 15:30:00+00:00,2024-01-18 08:00:00+00:00,8716,6392,16.5,2324,2324,36.35794743429287,8
2024-01-17 15:30:00+00:00,2024-01-18 09:00:00+00:00,8622,5659,17.5,2963,2963,52.35907404135006,9
2024-01-17 15:30:00+00:00,2024-01-18 10:00:00+00:00,8864,6206,18.5,2658,2658,42.82951981952949,10
2024-01-17 15:30:00+00:00,2024-01-18 11:00:00+00:00,8671,6688,19.5,1983,1983,29.65011961722488,11
2024-01-17 15:30:00+00:00,2024-01-18 12:00:00+00:00,9332,7551,20.5,1781,1781,23.58627996291882,12
2024-01-17 15:30:00+00:00,2024-01-18 13:00:00+00:00,10255,7082,21.5,3173,3173,44.80372776051963,13
2024-01-17 15:30:00+00:00,2024-01-18 14:00:00+00:00,10623,8365,22.5,2258,2258,26.993424985056784,14
2024-01-17 15:30:00+00:00,2024-01-18 15:00:00+00:00,11230,9515,23.5,1715,1715,18.024172359432473,15
2024-01-17 15:30:00+00:00,2024-01-18 16:00:00+00:00,11544,10356,24.5,1188,1188,11.471610660486673,16
2024-01-17 15:30:00+00:00,2024-01-18 17:00:00+00:00,12279,11322,25.5,957,957,8.452570217276099,17
2024-01-17 15:30:00+00:00,2024-01-18 18:00:00+00:00,12413,12362,26.5,51,51,0.41255460281507844,18
2024-01-17 15:30:00+00:00,2024-01-18 19:00:00+00:00,12313,11678,27.5,635,635,5.437574927213564,19
2024-01-17 15:30:00+00:00,2024-01-18 20:00:00+00:00,11871,11339,28.5,532,532,4.691771761178234,20
2024-01-17 15:30:00+00:00,2024-01-18 21:00:00+00:00,11852,11629,29.5,223,223,1.917619743744088,21
2024-01-17 15:30:00+00:00,2024-01-18 22:00:00+00:00,11941,11561,30.5,380,380,3.286912896808235,22
2024-01-17 15:30:00+00:00,2024-01-18 23:00:00+00:00,12136,11716,31.5,420,420,3.584841242744964,23
2024-01-17 15:30:00+00:00,2024-01-19 00:00:00+00:00,12258,11417,32.5,841,841,7.366208285889463,0
2024-01-17 15:30:00+00:00,2024-01-19 01:00:00+00:00,12489,11590,33.5,899,899,7.756686798964625,1
2024-01-17 15:30:00+00:00,2024-01-19 02:00:00+00:00,12790,11509,34.5,1281,1281,11.130419671561388,2
2024-01-17 15:30:00+00:00,2024-01-19 03:00:00+00:00,13023,11687,35.5,1336,1336,11.431505091126894,3
2024-01-17 15:30:00+00:00,2024-01-19 04:00:00+00:00,13252,11337,36.5,1915,1915,16.89159389609244,4
2024-01-17 15:30:00+00:00,2024-01-19 05:00:00+00:00,13547,11423,37.5,2124,2124,18.594064606495667,5
2024-01-17 15:30:00+00:00,2024-01-19 06:00:00+00:00,13804,11717,38.5,2087,2087,17.811726551164973,6
2024-01-17 15:30:00+00:00,2024-01-19 07:00:00+00:00,13976,11668,39.5,2308,2308,19.78059650325677,7
2024-01-17 15:30:00+00:00,2024-01-19 08:00:00+00:00,14113,12606,40.5,1507,1507,11.954624781849912,8
2024-01-17 15:30:00+00:00,2024-01-19 09:00:00+00:00,14213,12592,41.5,1621,1621,12.873252858958068,9
2024-01-17 15:30:00+00:00,2024-01-19 10:00:00+00:00,14293,12700,42.5,1593,1593,12.543307086614172,10
2024-01-17 15:30:00+00:00,2024-01-19 11:00:00+00:00,14338,13342,43.5,996,996,7.465147654024884,11
2024-01-17 15:30:00+00:00,2024-01-19 12:00:00+00:00,14346,13807,44.5,539,539,3.903816904468748,12
2024-01-17 15:30:00+00:00,2024-01-19 13:00:00+00:00,14276,11807,45.5,2469,2469,20.91132379097146,13
2024-01-17 15:30:00+00:00,2024-01-19 14:00:00+00:00,14186,14160,46.5,26,26,0.18361581920903955,14
2024-01-17 15:30:00+00:00,2024-01-19 15:00:00+00:00,14077,13844,47.5,233,233,1.6830395839352787,15
2024-01-17 11:30:00+00:00,2024-01-17 21:00:00+00:00,7457,7426,9.5,31,31,0.4174521949905737,21
2024-01-17 11:30:00+00:00,2024-01-17 22:00:00+00:00,7825,6788,10.5,1037,1037,15.276959340011786,22
2024-01-17 11:30:00+00:00,2024-01-17 23:00:00+00:00,7733,6841,11.5,892,892,13.039029381669346,23
2024-01-17 11:30:00+00:00,2024-01-18 00:00:00+00:00,7856,6431,12.5,1425,1425,22.158295754937026,0
2024-01-17 11:30:00+00:00,2024-01-18 01:00:00+00:00,7786,7447,13.5,339,339,4.552168658520209,1
2024-01-17 11:30:00+00:00,2024-01-18 02:00:00+00:00,8278,8596,14.5,-318,318,3.6993950674732434,2
2024-01-17 11:30:00+00:00,2024-01-18 03:00:00+00:00,7910,7493,15.5,417,417,5.56519418123582,3
2024-01-17 11:30:00+00:00,2024-01-18 04:00:00+00:00,8061,6878,16.5,1183,1183,17.199767374236696,4
2024-01-17 11:30:00+00:00,2024-01-18 05:00:00+00:00,8215,6362,17.5,1853,1853,29.126060987110968,5
2024-01-17 11:30:00+00:00,2024-01-18 06:00:00+00:00,8494,6990,18.5,1504,1504,21.51645207439199,6
2024-01-17 11:30:00+00:00,2024-01-18 07:00:00+00:00,8250,6833,19.5,1417,1417,20.73759695594907,7
2024-01-17 11:30:00+00:00,2024-01-18 08:00:00+00:00,8268,6392,20.5,1876,1876,29.34918648310388,8
2024-01-17 11:30:00+00:00,2024-01-18 09:00:00+00:00,8029,5659,21.5,2370,2370,41.880190846439305,9
2024-01-17 11:30:00+00:00,2024-01-18 10:00:00+00:00,8276,6206,22.5,2070,2070,33.35481791814373,10
2024-01-17 11:30:00+00:00,2024-01-18 11:00:00+00:00,8105,6688,23.5,1417,1417,21.187200956937797,11
2024-01-17 11:30:00+00:00,2024-01-18 12:00:00+00:00,8595,7551,24.5,1044,1044,13.825983313468415,12
2024-01-17 11:30:00+00:00,2024-01-18 13:00:00+00:00,9422,7082,25.5,2340,2340,33.04151369669585,13
2024-01-17 11:30:00+00:00,2024-01-18 14:00:00+00:00,9962,8365,26.5,1597,1597,19.09145248057382,14
2024-01-17 11:30:00+00:00,2024-01-18 15:00:00+00:00,10460,9515,27.5,945,945,9.931686810299526,15
2024-01-17 11:30:00+00:00,2024-01-18 16:00:00+00:00,11201,10356,28.5,845,845,8.159521050598686,16
2024-01-17 11:30:00+00:00,2024-01-18 17:00:00+00:00,11708,11322,29.5,386,386,3.409291644585762,17
2024-01-17 11:30:00+00:00,2024-01-18 18:00:00+00:00,12087,12362,30.5,-275,275,2.2245591328264034,18
2024-01-17 11:30:00+00:00,2024-01-18 19:00:00+00:00,11738,11678,31.5,60,60,0.5137866072957699,19
2024-01-17 11:30:00+00:00,2024-01-18 20:00:00+00:00,11549,11339,32.5,210,210,1.8520151688861453,20
2024-01-17 11:30:00+00:00,2024-01-18 21:00:00+00:00,11566,11629,33.5,-63,63,0.5417490755868949,21
2024-01-17 11:30:00+00:00,2024-01-18 22:00:00+00:00,11897,11561,34.5,336,336,2.9063229824409653,22
2024-01-17 11:30:00+00:00,2024-01-18 23:00:00+00:00,11873,11716,35.5,157,157,1.3400477978832366,23
2024-01-17 11:30:00+00:00,2024-01-19 00:00:00+00:00,11851,11417,36.5,434,434,3.801348865726548,0
2024-01-17 11:30:00+00:00,2024-01-19 01:00:00+00:00,12082,11590,37.5,492,492,4.245038826574634,1
2024-01-17 11:30:00+00:00,2024-01-19 02:00:00+00:00,12329,11509,38.5,820,820,7.124858806151707,2
2024-01-17 11:30:00+00:00,2024-01-19 03:00:00+00:00,12577,11687,39.5,890,890,7.615299050226748,3
2024-01-17 11:30:00+00:00,2024-01-19 04:00:00+00:00,12856,11337,40.5,1519,1519,13.398606333245128,4
2024-01-17 11:30:00+00:00,2024-01-19 05:00:00+00:00,13130,11423,41.5,1707,1707,14.943534973299483,5
2024-01-17 11:30:00+00:00,2024-01-19 06:00:00+00:00,13377,11717,42.5,1660,1660,14.167449005718188,6
2024-01-17 11:30:00+00:00,2024-01-19 07:00:00+00:00,13581,11668,43.5,1913,1913,16.395269112101474,7
2024-01-17 11:30:00+00:00,2024-01-19 08:00:00+00:00,13752,12606,44.5,1146,1146,9.090909090909092,8
2024-01-17 11:30:00+00:00,2024-01-19 09:00:00+00:00,13888,12592,45.5,1296,1296,10.292249047013977,9
2024-01-17 11:30:00+00:00,2024-01-19 10:00:00+00:00,14039,12700,46.5,1339,1339,10.543307086614174,10
2024-01-17 11:30:00+00:00,2024-01-19 11:00:00+00:00,14155,13342,47.5,813,813,6.093539199520312,11
2024-01-17 09:30:00+00:00,2024-01-17 21:00:00+00:00,7424,7426,11.5,-2,2,0.026932399676811204,21
2024-01-17 09:30:00+00:00,2024-01-17 22:00:00+00:00,7794,6788,12.5,1006,1006,14.820271066588099,22
2024-01-17 09:30:00+00:00,2024-01-17 23:00:00+00:00,7704,6841,13.5,863,863,12.615114749305656,23
2024-01-17 09:30:00+00:00,2024-01-18 00:00:00+00:00,7829,6431,14.5,1398,1398,21.738454361685587,0
2024-01-17 09:30:00+00:00,2024-01-18 01:00:00+00:00,7759,7447,15.5,312,312,4.189606552974352,1
2024-01-17 09:30:00+00:00,2024-01-18 02:00:00+00:00,8262,8596,16.5,-334,334,3.88552815262913,2
2024-01-17 09:30:00+00:00,2024-01-18 03:00:00+00:00,7900,7493,17.5,407,407,5.431736287201388,3
2024-01-17 09:30:00+00:00,2024-01-18 04:00:00+00:00,8055,6878,18.5,1177,1177,17.112532712997965,4
2024-01-17 09:30:00+00:00,2024-01-18 05:00:00+00:00,8205,6362,19.5,1843,1843,28.968877711411505,5
2024-01-17 09:30:00+00:00,2024-01-18 06:00:00+00:00,8491,6990,20.5,1501,1501,21.47353361945637,6
2024-01-17 09:30:00+00:00,2024-01-18 07:00:00+00:00,8239,6833,21.5,1406,1406,20.57661349334114,7
2024-01-17 09:30:00+00:00,2024-01-18 08:00:00+00:00,8256,6392,22.5,1864,1864,29.161451814768462,8
2024-01-17 09:30:00+00:00,2024-01-18 09:00:00+00:00,8026,5659,23.5,2367,2367,41.82717794663368,9
2024-01-17 09:30:00+00:00,2024-01-18 10:00:00+00:00,8264,6206,24.5,2058,2058,33.16145665485015,10
2024-01-17 09:30:00+00:00,2024-01-18 11:00:00+00:00,8086,6688,25.5,1398,1398,20.90311004784689,11
2024-01-17 09:30:00+00:00,2024-01-18 12:00:00+00:00,8588,7551,26.5,1037,1037,13.73328036021719,12
2024-01-17 09:30:00+00:00,2024-01-18 13:00:00+00:00,9411,7082,27.5,2329,2329,32.88619034171138,13
2024-01-17 09:30:00+00:00,2024-01-18 14:00:00+00:00,9945,8365,28.5,1580,1580,18.88822474596533,14
2024-01-17 09:30:00+00:00,2024-01-18 15:00:00+00:00,10447,9515,29.5,932,932,9.79506043089858,15
2024-01-17 09:30:00+00:00,2024-01-18 16:00:00+00:00,11193,10356,30.5,837,837,8.082271147161066,16
2024-01-17 09:30:00+00:00,2024-01-18 17:00:00+00:00,11694,11322,31.5,372,372,3.2856385797562266,17
2024-01-17 09:30:00+00:00,2024-01-18 18:00:00+00:00,12078,12362,32.5,-284,284,2.2973628862643585,18
2024-01-17 09:30:00+00:00,2024-01-18 19:00:00+00:00,11729,11678,33.5,51,51,0.4367186162014043,19
2024-01-17 09:30:00+00:00,2024-01-18 20:00:00+00:00,11538,11339,34.5,199,199,1.7550048505159184,20
2024-01-17 09:30:00+00:00,2024-01-18 21:00:00+00:00,11563,11629,35.5,-66,66,0.5675466506148422,21
2024-01-17 09:30:00+00:00,2024-01-18 22:00:00+00:00,11912,11561,36.5,351,351,3.0360695441570797,22
2024-01-17 09:30:00+00:00,2024-01-18 23:00:00+00:00,11895,11716,37.5,179,179,1.5278251963127347,23
2024-01-17 09:30:00+00:00,2024-01-19 00:00:00+00:00,11874,11417,38.5,457,457,4.002802837873347,0
2024-01-17 09:30:00+00:00,2024-01-19 01:00:00+00:00,12120,11590,39.5,530,530,4.57290767903365,1
2024-01-17 09:30:00+00:00,2024-01-19 02:00:00+00:00,12366,11509,40.5,857,857,7.446346337648796,2
2024-01-17 09:30:00+00:00,2024-01-19 03:00:00+00:00,12606,11687,41.5,919,919,7.863438008043125,3
2024-01-17 09:30:00+00:00,2024-01-19 04:00:00+00:00,12874,11337,42.5,1537,1537,13.557378495192731,4
2024-01-17 09:30:00+00:00,2024-01-19 05:00:00+00:00,13139,11423,43.5,1716,1716,15.022323382649041,5
2024-01-17 09:30:00+00:00,2024-01-19 06:00:00+00:00,13378,11717,44.5,1661,1661,14.175983613552956,6
2024-01-17 09:30:00+00:00,2024-01-19 07:00:00+00:00,13582,11668,45.5,1914,1914,16.403839561193006,7
2024-01-17 09:30:00+00:00,2024-01-19 08:00:00+00:00,13753,12606,46.5,1147,1147,9.098841821354911,8
2024-01-17 09:30:00+00:00,2024-01-19 09:00:00+00:00,13889,12592,47.5,1297,1297,10.300190597204574,9
2024-01-17 07:30:00+00:00,2024-01-17 21:00:00+00:00,7422,7426,13.5,-4,4,0.05386479935362241,21
2024-01-17 07:30:00+00:00,2024-01-17 22:00:00+00:00,7787,6788,14.5,999,999,14.71714790807307,22
2024-01-17 07:30:00+00:00,2024-01-17 23:00:00+00:00,7698,6841,15.5,857,857,12.527408273644202,23
2024-01-17 07:30:00+00:00,2024-01-18 00:00:00+00:00,7825,6431,16.5,1394,1394,21.676255636759446,0
2024-01-17 07:30:00+00:00,2024-01-18 01:00:00+00:00,7756,7447,17.5,309,309,4.149321874580368,1
2024-01-17 07:30:00+00:00,2024-01-18 02:00:00+00:00,8261,8596,18.5,-335,335,3.8971614704513726,2
2024-01-17 07:30:00+00:00,2024-01-18 03:00:00+00:00,7901,7493,19.5,408,408,5.445082076604831,3
2024-01-17 07:30:00+00:00,2024-01-18 04:00:00+00:00,8055,6878,20.5,1177,1177,17.112532712997965,4
2024-01-17 07:30:00+00:00,2024-01-18 05:00:00+00:00,8205,6362,21.5,1843,1843,28.968877711411505,5
2024-01-17 07:30:00+00:00,2024-01-18 06:00:00+00:00,8491,6990,22.5,1501,1501,21.47353361945637,6
2024-01-17 07:30:00+00:00,2024-01-18 07:00:00+00:00,8238,6833,23.5,1405,1405,20.561978633104054,7
2024-01-17 07:30:00+00:00,2024-01-18 08:00:00+00:00,8254,6392,24.5,1862,1862,29.130162703379227,8
2024-01-17 07:30:00+00:00,2024-01-18 09:00:00+00:00,8025,5659,25.5,2366,2366,41.809506980031806,9
2024-01-17 07:30:00+00:00,2024-01-18 10:00:00+00:00,8265,6206,26.5,2059,2059,33.177570093457945,10
2024-01-17 07:30:00+00:00,2024-01-18 11:00:00+00:00,8087,6688,27.5,1399,1399,20.91806220095694,11
2024-01-17 07:30:00+00:00,2024-01-18 12:00:00+00:00,8590,7551,28.5,1039,1039,13.759766918288967,12
2024-01-17 07:30:00+00:00,2024-01-18 13:00:00+00:00,9413,7082,29.5,2331,2331,32.91443095170855,13
2024-01-17 07:30:00+00:00,2024-01-18 14:00:00+00:00,9946,8365,30.5,1581,1581,18.90017931858936,14
2024-01-17 07:30:00+00:00,2024-01-18 15:00:00+00:00,10443,9515,31.5,928,928,9.753021544929059,15
2024-01-17 07:30:00+00:00,2024-01-18 16:00:00+00:00,11189,10356,32.5,833,833,8.043646195442255,16
2024-01-17 07:30:00+00:00,2024-01-18 17:00:00+00:00,11691,11322,33.5,369,369,3.259141494435612,17
2024-01-17 07:30:00+00:00,2024-01-18 18:00:00+00:00,12077,12362,34.5,-285,285,2.305452192201909,18
2024-01-17 07:30:00+00:00,2024-01-18 19:00:00+00:00,11728,11678,35.5,50,50,0.42815550607980823,19
2024-01-17 07:30:00+00:00,2024-01-18 20:00:00+00:00,11537,11339,36.5,198,198,1.7461857306640798,20
2024-01-17 07:30:00+00:00,2024-01-18 21:00:00+00:00,11563,11629,37.5,-66,66,0.5675466506148422,21
2024-01-17 07:30:00+00:00,2024-01-18 22:00:00+00:00,11913,11561,38.5,352,352,3.0447193149381544,22
2024-01-17 07:30:00+00:00,2024-01-18 23:00:00+00:00,11897,11716,39.5,181,181,1.5448958688972345,23
2024-01-17 07:30:00+00:00,2024-01-19 00:00:00+00:00,11878,11417,40.5,461,461,4.037838311290181,0
2024-01-17 07:30:00+00:00,2024-01-19 01:00:00+00:00,12124,11590,41.5,534,534,4.60742018981881,1
2024-01-17 07:30:00+00:00,2024-01-19 02:00:00+00:00,12370,11509,42.5,861,861,7.481101746459292,2
2024-01-17 07:30:00+00:00,2024-01-19 03:00:00+00:00,12610,11687,43.5,923,923,7.897664071190211,3
2024-01-17 07:30:00+00:00,2024-01-19 04:00:00+00:00,12878,11337,44.5,1541,1541,13.592661197847756,4
2024-01-17 07:30:00+00:00,2024-01-19 05:00:00+00:00,13143,11423,45.5,1720,1720,15.057340453471065,5
2024-01-17 07:30:00+00:00,2024-01-19 06:00:00+00:00,13382,11717,46.5,1665,1665,14.210122044892037,6
2024-01-17 07:30:00+00:00,2024-01-19 07:00:00+00:00,13585,11668,47.5,1917,1917,16.429550908467604,7
2024-01-17 04:30:00+00:00,2024-01-17 21:00:00+00:00,7283,7426,16.5,-143,143,1.925666576892001,21
2024-01-17 04:30:00+00:00,2024-01-17 22:00:00+00:00,7436,6788,17.5,648,648,9.546258102533884,22
2024-01-17 04:30:00+00:00,2024-01-17 23:00:00+00:00,7395,6841,18.5,554,554,8.098231252740828,23
2024-01-17 04:30:00+00:00,2024-01-18 00:00:00+00:00,7686,6431,19.5,1255,1255,19.514849945576117,0
2024-01-17 04:30:00+00:00,2024-01-18 01:00:00+00:00,7488,7447,20.5,41,41,0.5505572713844501,1
2024-01-17 04:30:00+00:00,2024-01-18 02:00:00+00:00,7787,8596,21.5,-809,809,9.41135411819451,2
2024-01-17 04:30:00+00:00,2024-01-18 03:00:00+00:00,7414,7493,22.5,-79,79,1.054317362872014,3
2024-01-17 04:30:00+00:00,2024-01-18 04:00:00+00:00,7614,6878,23.5,736,736,10.700785111951149,4
2024-01-17 04:30:00+00:00,2024-01-18 05:00:00+00:00,7803,6362,24.5,1441,1441,22.65011002829299,5
2024-01-17 04:30:00+00:00,2024-01-18 06:00:00+00:00,8031,6990,25.5,1041,1041,14.892703862660944,6
2024-01-17 04:30:00+00:00,2024-01-18 07:00:00+00:00,7684,6833,26.5,851,851,12.45426606175911,7
2024-01-17 04:30:00+00:00,2024-01-18 08:00:00+00:00,7796,6392,27.5,1404,1404,21.964956195244056,8
2024-01-17 04:30:00+00:00,2024-01-18 09:00:00+00:00,7649,5659,28.5,1990,1990,35.16522353772751,9
2024-01-17 04:30:00+00:00,2024-01-18 10:00:00+00:00,8090,6206,29.5,1884,1884,30.357718337093136,10
2024-01-17 04:30:00+00:00,2024-01-18 11:00:00+00:00,7967,6688,30.5,1279,1279,19.123803827751196,11
2024-01-17 04:30:00+00:00,2024-01-18 12:00:00+00:00,8377,7551,31.5,826,826,10.93894848364455,12
2024-01-17 04:30:00+00:00,2024-01-18 13:00:00+00:00,8904,7082,32.5,1822,1822,25.72719570742728,13
2024-01-17 04:30:00+00:00,2024-01-18 14:00:00+00:00,9340,8365,33.5,975,975,11.655708308427974,14
2024-01-17 04:30:00+00:00,2024-01-18 15:00:00+00:00,9710,9515,34.5,195,195,2.049395691014188,15
2024-01-17 04:30:00+00:00,2024-01-18 16:00:00+00:00,11413,10356,35.5,1057,1057,10.206643491695635,16
2024-01-17 04:30:00+00:00,2024-01-18 17:00:00+00:00,11604,11322,36.5,282,282,2.4907260201377848,17
2024-01-17 04:30:00+00:00,2024-01-18 18:00:00+00:00,11770,12362,37.5,-592,592,4.7888691150299305,18
2024-01-17 04:30:00+00:00,2024-01-18 19:00:00+00:00,11571,11678,38.5,-107,107,0.9162527830107896,19
2024-01-17 04:30:00+00:00,2024-01-18 20:00:00+00:00,11355,11339,39.5,16,16,0.1411059176294206,20
2024-01-17 04:30:00+00:00,2024-01-18 21:00:00+00:00,11147,11629,40.5,-482,482,4.1448103878235445,21
2024-01-17 04:30:00+00:00,2024-01-18 22:00:00+00:00,11231,11561,41.5,-330,330,2.8544243577545196,22
2024-01-17 04:30:00+00:00,2024-01-18 23:00:00+00:00,11307,11716,42.5,-409,409,3.490952543530215,23
2024-01-17 04:30:00+00:00,2024-01-19 00:00:00+00:00,11372,11417,43.5,-45,45,0.3941490759393886,0
2024-01-17 04:30:00+00:00,2024-01-19 01:00:00+00:00,11616,11590,44.5,26,26,0.2243313201035375,1
2024-01-17 04:30:00+00:00,2024-01-19 02:00:00+00:00,11875,11509,45.5,366,366,3.180119906160396,2
2024-01-17 04:30:00+00:00,2024-01-19 03:00:00+00:00,12140,11687,46.5,453,453,3.8761016514075464,3
2024-01-17 04:30:00+00:00,2024-01-19 04:00:00+00:00,12467,11337,47.5,1130,1130,9.967363500044103,4
2024-01-17 02:30:00+00:00,2024-01-17 21:00:00+00:00,7259,7426,18.5,-167,167,2.2488553730137353,21
2024-01-17 02:30:00+00:00,2024-01-17 22:00:00+00:00,7409,6788,19.5,621,621,9.148497348261639,22
2024-01-17 02:30:00+00:00,2024-01-17 23:00:00+00:00,7366,6841,20.5,525,525,7.674316620377137,23
2024-01-17 02:30:00+00:00,2024-01-18 00:00:00+00:00,7659,6431,21.5,1228,1228,19.09500855232468,0
2024-01-17 02:30:00+00:00,2024-01-18 01:00:00+00:00,7486,7447,22.5,39,39,0.523700819121794,1
2024-01-17 02:30:00+00:00,2024-01-18 02:00:00+00:00,7785,8596,23.5,-811,811,9.434620753838994,2
2024-01-17 02:30:00+00:00,2024-01-18 03:00:00+00:00,7393,7493,24.5,-100,100,1.3345789403443213,3
2024-01-17 02:30:00+00:00,2024-01-18 04:00:00+00:00,7614,6878,25.5,736,736,10.700785111951149,4
2024-01-17 02:30:00+00:00,2024-01-18 05:00:00+00:00,7804,6362,26.5,1442,1442,22.665828355862935,5
2024-01-17 02:30:00+00:00,2024-01-18 06:00:00+00:00,8018,6990,27.5,1028,1028,14.706723891273246,6
2024-01-17 02:30:00+00:00,2024-01-18 07:00:00+00:00,7686,6833,28.5,853,853,12.483535782233279,7
2024-01-17 02:30:00+00:00,2024-01-18 08:00:00+00:00,7799,6392,29.5,1407,1407,22.01188986232791,8
2024-01-17 02:30:00+00:00,2024-01-18 09:00:00+00:00,7630,5659,30.5,1971,1971,34.82947517229192,9
2024-01-17 02:30:00+00:00,2024-01-18 10:00:00+00:00,8089,6206,31.5,1883,1883,30.341604898485336,10
2024-01-17 02:30:00+00:00,2024-01-18 11:00:00+00:00,7965,6688,32.5,1277,1277,19.0938995215311,11
2024-01-17 02:30:00+00:00,2024-01-18 12:00:00+00:00,8371,7551,33.5,820,820,10.859488809429214,12
2024-01-17 02:30:00+00:00,2024-01-18 13:00:00+00:00,8899,7082,34.5,1817,1817,25.65659418243434,13
2024-01-17 02:30:00+00:00,2024-01-18 14:00:00+00:00,9337,8365,35.5,972,972,11.619844590555887,14
2024-01-17 02:30:00+00:00,2024-01-18 15:00:00+00:00,9695,9515,36.5,180,180,1.8917498686284815,15
2024-01-17 02:30:00+00:00,2024-01-18 16:00:00+00:00,11406,10356,37.5,1050,1050,10.139049826187717,16
2024-01-17 02:30:00+00:00,2024-01-18 17:00:00+00:00,11606,11322,38.5,284,284,2.508390743684861,17
2024-01-17 02:30:00+00:00,2024-01-18 18:00:00+00:00,11781,12362,39.5,-581,581,4.699886749716875,18
2024-01-17 02:30:00+00:00,2024-01-18 19:00:00+00:00,11583,11678,40.5,-95,95,0.8134954615516354,19
2024-01-17 02:30:00+00:00,2024-01-18 20:00:00+00:00,11368,11339,41.5,29,29,0.2557544757033248,20
2024-01-17 02:30:00+00:00,2024-01-18 21:00:00+00:00,11160,11629,42.5,-469,469,4.033020896035772,21
2024-01-17 02:30:00+00:00,2024-01-18 22:00:00+00:00,11243,11561,43.5,-318,318,2.750627108381628,22
2024-01-17 02:30:00+00:00,2024-01-18 23:00:00+00:00,11316,11716,44.5,-400,400,3.4141345168999657,23
2024-01-17 02:30:00+00:00,2024-01-19 00:00:00+00:00,11379,11417,45.5,-38,38,0.3328369974599282,0
2024-01-17 02:30:00+00:00,2024-01-19 01:00:00+00:00,11621,11590,46.5,31,31,0.26747195858498707,1
2024-01-17 02:30:00+00:00,2024-01-19 02:00:00+00:00,11878,11509,47.5,369,369,3.206186462768269,2
2024-01-16 22:30:00+00:00,2024-01-17 03:00:00+00:00,9705,7573,4.5,2132,2132,28.15264756371319,3
2024-01-16 22:30:00+00:00,2024-01-17 04:00:00+00:00,8932,6030,5.5,2902,2902,48.12603648424544,4
2024-01-16 22:30:00+00:00,2024-01-17 05:00:00+00:00,7802,4695,6.5,3107,3107,66.17678381256657,5
2024-01-16 22:30:00+00:00,2024-01-17 06:00:00+00:00,6848,4682,7.5,2166,2166,46.262281076463054,6
2024-01-16 22:30:00+00:00,2024-01-17 07:00:00+00:00,6425,4822,8.5,1603,1603,33.2434674408959,7
2024-01-16 22:30:00+00:00,2024-01-17 08:00:00+00:00,5686,3988,9.5,1698,1698,42.577733199598796,8
2024-01-16 22:30:00+00:00,2024-01-17 09:00:00+00:00,5448,4434,10.5,1014,1014,22.868741542625166,9
2024-01-16 22:30:00+00:00,2024-01-17 10:00:00+00:00,4980,3902,11.5,1078,1078,27.626858021527422,10
2024-01-16 22:30:00+00:00,2024-01-17 11:00:00+00:00,4849,3455,12.5,1394,1394,40.34732272069464,11
2024-01-16 22:30:00+00:00,2024-01-17 12:00:00+00:00,4800,3238,13.5,1562,1562,48.239654107473754,12
2024-01-16 22:30:00+00:00,2024-01-17 13:00:00+00:00,5141,3785,14.5,1356,1356,35.82562747688243,13
2024-01-16 22:30:00+00:00,2024-01-17 14:00:00+00:00,5509,4774,15.5,735,735,15.395894428152493,14
2024-01-16 22:30:00+00:00,2024-01-17 15:00:00+00:00,5934,5291,16.5,643,643,12.152712152712153,15
2024-01-16 22:30:00+00:00,2024-01-17 16:00:00+00:00,6555,6190,17.5,365,365,5.896607431340872,16
2024-01-16 22:30:00+00:00,2024-01-17 17:00:00+00:00,6871,6631,18.5,240,240,3.6193635952345047,17
2024-01-16 22:30:00+00:00,2024-01-17 18:00:00+00:00,7117,7004,19.5,113,113,1.6133637921187893,18
2024-01-16 22:30:00+00:00,2024-01-17 19:00:00+00:00,6878,8038,20.5,-1160,1160,14.43145060960438,19
2024-01-16 22:30:00+00:00,2024-01-17 20:00:00+00:00,7014,7850,21.5,-836,836,10.64968152866242,20
2024-01-16 22:30:00+00:00,2024-01-17 21:00:00+00:00,7105,7426,22.5,-321,321,4.322650148128198,21
2024-01-16 22:30:00+00:00,2024-01-17 22:00:00+00:00,6993,6788,23.5,205,205,3.020035356511491,22
2024-01-16 22:30:00+00:00,2024-01-17 23:00:00+00:00,7107,6841,24.5,266,266,3.888320420991083,23
2024-01-16 22:30:00+00:00,2024-01-18 00:00:00+00:00,7679,6431,25.5,1248,1248,19.406002176955372,0
2024-01-16 22:30:00+00:00,2024-01-18 01:00:00+00:00,7723,7447,26.5,276,276,3.706190412246542,1
2024-01-16 22:30:00+00:00,2024-01-18 02:00:00+00:00,7720,8596,27.5,-876,876,10.190786412284783,2
2024-01-16 22:30:00+00:00,2024-01-18 03:00:00+00:00,7844,7493,28.5,351,351,4.6843720806085685,3
2024-01-16 22:30:00+00:00,2024-01-18 04:00:00+00:00,8305,6878,29.5,1427,1427,20.747310264611805,4
2024-01-16 22:30:00+00:00,2024-01-18 05:00:00+00:00,8665,6362,30.5,2303,2303,36.19930839358692,5
2024-01-16 22:30:00+00:00,2024-01-18 06:00:00+00:00,8731,6990,31.5,1741,1741,24.907010014306152,6
2024-01-16 22:30:00+00:00,2024-01-18 07:00:00+00:00,8395,6833,32.5,1562,1562,22.85965169032636,7
2024-01-16 22:30:00+00:00,2024-01-18 08:00:00+00:00,8617,6392,33.5,2225,2225,34.809136420525654,8
2024-01-16 22:30:00+00:00,2024-01-18 09:00:00+00:00,8378,5659,34.5,2719,2719,48.04735819049302,9
2024-01-16 22:30:00+00:00,2024-01-18 10:00:00+00:00,9056,6206,35.5,2850,2850,45.92330003222688,10
2024-01-16 22:30:00+00:00,2024-01-18 11:00:00+00:00,9222,6688,36.5,2534,2534,37.88875598086124,11
2024-01-16 22:30:00+00:00,2024-01-18 12:00:00+00:00,9402,7551,37.5,1851,1851,24.513309495431066,12
2024-01-16 22:30:00+00:00,2024-01-18 13:00:00+00:00,9838,7082,38.5,2756,2756,38.91556057610844,13
2024-01-16 22:30:00+00:00,2024-01-18 14:00:00+00:00,10269,8365,39.5,1904,1904,22.761506276150627,14
2024-01-16 22:30:00+00:00,2024-01-18 15:00:00+00:00,10683,9515,40.5,1168,1168,12.275354703100367,15
2024-01-16 22:30:00+00:00,2024-01-18 16:00:00+00:00,10843,10356,41.5,487,487,4.702587871765161,16
2024-01-16 22:30:00+00:00,2024-01-18 17:00:00+00:00,10993,11322,42.5,-329,329,2.9058470234940823,17
2024-01-16 22:30:00+00:00,2024-01-18 18:00:00+00:00,11129,12362,43.5,-1233,1233,9.974114220999839,18
2024-01-16 22:30:00+00:00,2024-01-18 19:00:00+00:00,10988,11678,44.5,-690,690,5.908545983901353,19
2024-01-16 22:30:00+00:00,2024-01-18 20:00:00+00:00,10833,11339,45.5,-506,506,4.462474645030426,20
2024-01-16 22:30:00+00:00,2024-01-18 21:00:00+00:00,10687,11629,46.5,-942,942,8.100438558775474,21
2024-01-16 18:30:00+00:00,2024-01-16 23:00:00+00:00,11658,11622,4.5,36,36,0.3097573567372225,23
2024-01-16 18:30:00+00:00,2024-01-17 00:00:00+00:00,11697,10883,5.5,814,814,7.479555269686668,0
2024-01-16 18:30:00+00:00,2024-01-17 01:00:00+00:00,11206,9675,6.5,1531,1531,15.824289405684755,1
2024-01-16 18:30:00+00:00,2024-01-17 02:00:00+00:00,10616,9013,7.5,1603,1603,17.785421058471098,2
2024-01-16 18:30:00+00:00,2024-01-17 03:00:00+00:00,9704,7573,8.5,2131,2131,28.139442757163607,3
2024-01-16 18:30:00+00:00,2024-01-17 04:00:00+00:00,8930,6030,9.5,2900,2900,48.09286898839137,4
2024-01-16 18:30:00+00:00,2024-01-17 05:00:00+00:00,7801,4695,10.5,3106,3106,66.15548455804047,5
2024-01-16 18:30:00+00:00,2024-01-17 06:00:00+00:00,6847,4682,11.5,2165,2165,46.24092268261427,6
2024-01-16 18:30:00+00:00,2024-01-17 07:00:00+00:00,6425,4822,12.5,1603,1603,33.2434674408959,7
2024-01-16 18:30:00+00:00,2024-01-17 08:00:00+00:00,5686,3988,13.5,1698,1698,42.577733199598796,8
2024-01-16 18:30:00+00:00,2024-01-17 09:00:00+00:00,5447,4434,14.5,1013,1013,22.84618854307623,9
2024-01-16 18:30:00+00:00,2024-01-17 10:00:00+00:00,4977,3902,15.5,1075,1075,27.549974372116864,10
2024-01-16 18:30:00+00:00,2024-01-17 11:00:00+00:00,4843,3455,16.5,1388,1388,40.173661360347324,11
2024-01-16 18:30:00+00:00,2024-01-17 12:00:00+00:00,4800,3238,17.5,1562,1562,48.239654107473754,12
2024-01-16 18:30:00+00:00,2024-01-17 13:00:00+00:00,5140,3785,18.5,1355,1355,35.79920739762219,13
2024-01-16 18:30:00+00:00,2024-01-17 14:00:00+00:00,5515,4774,19.5,741,741,15.521575198994553,14
2024-01-16 18:30:00+00:00,2024-01-17 15:00:00+00:00,5932,5291,20.5,641,641,12.114912114912114,15
2024-01-16 18:30:00+00:00,2024-01-17 16:00:00+00:00,6549,6190,21.5,359,359,5.79967689822294,16
2024-01-16 18:30:00+00:00,2024-01-17 17:00:00+00:00,6864,6631,22.5,233,233,3.513798823706832,17
2024-01-16 18:30:00+00:00,2024-01-17 18:00:00+00:00,7105,7004,23.5,101,101,1.4420331239291833,18
2024-01-16 18:30:00+00:00,2024-01-17 19:00:00+00:00,6864,8038,24.5,-1174,1174,14.605623289375465,19
2024-01-16 18:30:00+00:00,2024-01-17 20:00:00+00:00,7001,7850,25.5,-849,849,10.815286624203821,20
2024-01-16 18:30:00+00:00,2024-01-17 21:00:00+00:00,7096,7426,26.5,-330,330,4.443845946673849,21
2024-01-16 18:30:00+00:00,2024-01-17 22:00:00+00:00,6985,6788,27.5,197,197,2.9021803182086034,22
2024-01-16 18:30:00+00:00,2024-01-17 23:00:00+00:00,7101,6841,28.5,260,260,3.8006139453296304,23
2024-01-16 18:30:00+00:00,2024-01-18 00:00:00+00:00,7673,6431,29.5,1242,1242,19.312704089566164,0
2024-01-16 18:30:00+00:00,2024-01-18 01:00:00+00:00,7716,7447,30.5,269,269,3.612192829327246,1
2024-01-16 18:30:00+00:00,2024-01-18 02:00:00+00:00,7716,8596,31.5,-880,880,10.237319683573755,2
2024-01-16 18:30:00+00:00,2024-01-18 03:00:00+00:00,7842,7493,32.5,349,349,4.657680501801682,3
2024-01-16 18:30:00+00:00,2024-01-18 04:00:00+00:00,8301,6878,33.5,1423,1423,20.689153823785986,4
2024-01-16 18:30:00+00:00,2024-01-18 05:00:00+00:00,8663,6362,34.5,2301,2301,36.167871738447026,5
2024-01-16 18:30:00+00:00,2024-01-18 06:00:00+00:00,8733,6990,35.5,1743,1743,24.935622317596568,6
2024-01-16 18:30:00+00:00,2024-01-18 07:00:00+00:00,8394,6833,36.5,1561,1561,22.845016830089275,7
2024-01-16 18:30:00+00:00,2024-01-18 08:00:00+00:00,8617,6392,37.5,2225,2225,34.809136420525654,8
2024-01-16 18:30:00+00:00,2024-01-18 09:00:00+00:00,8383,5659,38.5,2724,2724,48.13571302350238,9
2024-01-16 18:30:00+00:00,2024-01-18 10:00:00+00:00,9060,6206,39.5,2854,2854,45.987753786658075,10
2024-01-16 18:30:00+00:00,2024-01-18 11:00:00+00:00,9226,6688,40.5,2538,2538,37.948564593301434,11
2024-01-16 18:30:00+00:00,2024-01-18 12:00:00+00:00,9404,7551,41.5,1853,1853,24.539796053502847,12
2024-01-16 18:30:00+00:00,2024-01-18 13:00:00+00:00,9840,7082,42.5,2758,2758,38.94380118610562,13
2024-01-16 18:30:00+00:00,2024-01-18 14:00:00+00:00,10272,8365,43.5,1907,1907,22.797369994022716,14
2024-01-16 18:30:00+00:00,2024-01-18 15:00:00+00:00,10686,9515,44.5,1171,1171,12.30688386757751,15
2024-01-16 18:30:00+00:00,2024-01-18 16:00:00+00:00,10847,10356,45.5,491,491,4.741212823483971,16
2024-01-16 18:30:00+00:00,2024-01-18 17:00:00+00:00,10997,11322,46.5,-325,325,2.8705175763999295,17
2024-01-16 18:30:00+00:00,2024-01-18 18:00:00+00:00,11135,12362,47.5,-1227,1227,9.925578385374536,18
2024-01-16 15:30:00+00:00,2024-01-16 21:00:00+00:00,11397,12042,5.5,-645,645,5.356253114100648,21
2024-01-16 15:30:00+00:00,2024-01-16 22:00:00+00:00,11346,11610,6.5,-264,264,2.2739018087855296,22
2024-01-16 15:30:00+00:00,2024-01-16 23:00:00+00:00,11344,11622,7.5,-278,278,2.392015143692996,23
2024-01-16 15:30:00+00:00,2024-01-17 00:00:00+00:00,11415,10883,8.5,532,532,4.8883579895249465,0
2024-01-16 15:30:00+00:00,2024-01-17 01:00:00+00:00,10906,9675,9.5,1231,1231,12.723514211886306,1
2024-01-16 15:30:00+00:00,2024-01-17 02:00:00+00:00,10523,9013,10.5,1510,1510,16.753578164872962,2
2024-01-16 15:30:00+00:00,2024-01-17 03:00:00+00:00,9791,7573,11.5,2218,2218,29.288260926977422,3
2024-01-16 15:30:00+00:00,2024-01-17 04:00:00+00:00,9200,6030,12.5,3170,3170,52.57048092868989,4
2024-01-16 15:30:00+00:00,2024-01-17 05:00:00+00:00,8152,4695,13.5,3457,3457,73.63152289669863,5
2024-01-16 15:30:00+00:00,2024-01-17 06:00:00+00:00,7220,4682,14.5,2538,2538,54.20760358821016,6
2024-01-16 15:30:00+00:00,2024-01-17 07:00:00+00:00,6654,4822,15.5,1832,1832,37.99253421816673,7
2024-01-16 15:30:00+00:00,2024-01-17 08:00:00+00:00,5739,3988,16.5,1751,1751,43.90672016048144,8
2024-01-16 15:30:00+00:00,2024-01-17 09:00:00+00:00,5525,4434,17.5,1091,1091,24.60532250789355,9
2024-01-16 15:30:00+00:00,2024-01-17 10:00:00+00:00,5119,3902,18.5,1217,1217,31.189133777549976,10
2024-01-16 15:30:00+00:00,2024-01-17 11:00:00+00:00,4994,3455,19.5,1539,1539,44.54413892908828,11
2024-01-16 15:30:00+00:00,2024-01-17 12:00:00+00:00,4909,3238,20.5,1671,1671,51.6059295861643,12
2024-01-16 15:30:00+00:00,2024-01-17 13:00:00+00:00,5184,3785,21.5,1399,1399,36.961690885072656,13
2024-01-16 15:30:00+00:00,2024-01-17 14:00:00+00:00,5463,4774,22.5,689,689,14.43234185169669,14
2024-01-16 15:30:00+00:00,2024-01-17 15:00:00+00:00,5824,5291,23.5,533,533,10.073710073710075,15
2024-01-16 15:30:00+00:00,2024-01-17 16:00:00+00:00,6612,6190,24.5,422,422,6.817447495961228,16
2024-01-16 15:30:00+00:00,2024-01-17 17:00:00+00:00,7019,6631,25.5,388,388,5.851304478962449,17
2024-01-16 15:30:00+00:00,2024-01-17 18:00:00+00:00,7569,7004,26.5,565,565,8.066818960593947,18
2024-01-16 15:30:00+00:00,2024-01-17 19:00:00+00:00,7169,8038,27.5,-869,869,10.81114705150535,19
2024-01-16 15:30:00+00:00,2024-01-17 20:00:00+00:00,7372,7850,28.5,-478,478,6.0891719745222925,20
2024-01-16 15:30:00+00:00,2024-01-17 21:00:00+00:00,7483,7426,29.5,57,57,0.7675733907891193,21
2024-01-16 15:30:00+00:00,2024-01-17 22:00:00+00:00,7174,6788,30.5,386,386,5.686505598114319,22
2024-01-16 15:30:00+00:00,2024-01-17 23:00:00+00:00,7439,6841,31.5,598,598,8.74141207425815,23
2024-01-16 15:30:00+00:00,2024-01-18 00:00:00+00:00,7994,6431,32.5,1563,1563,24.30415176488882,0
2024-01-16 15:30:00+00:00,2024-01-18 01:00:00+00:00,8418,7447,33.5,971,971,13.038807573519536,1
2024-01-16 15:30:00+00:00,2024-01-18 02:00:00+00:00,8370,8596,34.5,-226,226,2.629129827826896,2
2024-01-16 15:30:00+00:00,2024-01-18 03:00:00+00:00,8993,7493,35.5,1500,1500,20.018684105164823,3
2024-01-16 15:30:00+00:00,2024-01-18 04:00:00+00:00,9554,6878,36.5,2676,2676,38.906658912474555,4
2024-01-16 15:30:00+00:00,2024-01-18 05:00:00+00:00,9827,6362,37.5,3465,3465,54.46400502986483,5
2024-01-16 15:30:00+00:00,2024-01-18 06:00:00+00:00,10085,6990,38.5,3095,3095,44.27753934191702,6
2024-01-16 15:30:00+00:00,2024-01-18 07:00:00+00:00,10040,6833,39.5,3207,3207,46.93399678033075,7
2024-01-16 15:30:00+00:00,2024-01-18 08:00:00+00:00,9992,6392,40.5,3600,3600,56.32040050062578,8
2024-01-16 15:30:00+00:00,2024-01-18 09:00:00+00:00,9941,5659,41.5,4282,4282,75.66707898922071,9
2024-01-16 15:30:00+00:00,2024-01-18 10:00:00+00:00,10078,6206,42.5,3872,3872,62.39123428939736,10
2024-01-16 15:30:00+00:00,2024-01-18 11:00:00+00:00,10224,6688,43.5,3536,3536,52.87081339712919,11
2024-01-16 15:30:00+00:00,2024-01-18 12:00:00+00:00,10377,7551,44.5,2826,2826,37.42550655542312,12
2024-01-16 15:30:00+00:00,2024-01-18 13:00:00+00:00,10673,7082,45.5,3591,3591,50.7060152499294,13
2024-01-16 15:30:00+00:00,2024-01-18 14:00:00+00:00,10956,8365,46.5,2591,2591,30.974297668858338,14
2024-01-16 15:30:00+00:00,2024-01-18 15:00:00+00:00,11225,9515,47.5,1710,1710,17.971623751970572,15
2024-01-16 11:30:00+00:00,2024-01-16 21:00:00+00:00,10244,12042,9.5,-1798,1798,14.931074572330177,21
2024-01-16 11:30:00+00:00,2024-01-16 22:00:00+00:00,10412,11610,10.5,-1198,1198,10.318690783807064,22
2024-01-16 11:30:00+00:00,2024-01-16 23:00:00+00:00,10263,11622,11.5,-1359,1359,11.693340216830151,23
2024-01-16 11:30:00+00:00,2024-01-17 00:00:00+00:00,10416,10883,12.5,-467,467,4.291096205090509,0
2024-01-16 11:30:00+00:00,2024-01-17 01:00:00+00:00,10013,9675,13.5,338,338,3.4935400516795867,1
2024-01-16 11:30:00+00:00,2024-01-17 02:00:00+00:00,9695,9013,14.5,682,682,7.5668478863863315,2
2024-01-16 11:30:00+00:00,2024-01-17 03:00:00+00:00,9090,7573,15.5,1517,1517,20.031691535719002,3
2024-01-16 11:30:00+00:00,2024-01-17 04:00:00+00:00,8665,6030,16.5,2635,2635,43.698175787728026,4
2024-01-16 11:30:00+00:00,2024-01-17 05:00:00+00:00,7860,4695,17.5,3165,3165,67.41214057507987,5
2024-01-16 11:30:00+00:00,2024-01-17 06:00:00+00:00,7131,4682,18.5,2449,2449,52.30670653566851,6
2024-01-16 11:30:00+00:00,2024-01-17 07:00:00+00:00,6600,4822,19.5,1778,1778,36.87266694317711,7
2024-01-16 11:30:00+00:00,2024-01-17 08:00:00+00:00,5803,3988,20.5,1815,1815,45.511534603811434,8
2024-01-16 11:30:00+00:00,2024-01-17 09:00:00+00:00,5552,4434,21.5,1118,1118,25.214253495714928,9
2024-01-16 11:30:00+00:00,2024-01-17 10:00:00+00:00,5361,3902,22.5,1459,1459,37.39108149666838,10
2024-01-16 11:30:00+00:00,2024-01-17 11:00:00+00:00,5078,3455,23.5,1623,1623,46.97539797395079,11
2024-01-16 11:30:00+00:00,2024-01-17 12:00:00+00:00,5168,3238,24.5,1930,1930,59.60469425571341,12
2024-01-16 11:30:00+00:00,2024-01-17 13:00:00+00:00,5525,3785,25.5,1740,1740,45.97093791281374,13
2024-01-16 11:30:00+00:00,2024-01-17 14:00:00+00:00,6182,4774,26.5,1408,1408,29.493087557603687,14
2024-01-16 11:30:00+00:00,2024-01-17 15:00:00+00:00,6681,5291,27.5,1390,1390,26.271026271026273,15
2024-01-16 11:30:00+00:00,2024-01-17 16:00:00+00:00,7383,6190,28.5,1193,1193,19.273021001615508,16
2024-01-16 11:30:00+00:00,2024-01-17 17:00:00+00:00,7920,6631,29.5,1289,1289,19.438998642738653,17
2024-01-16 11:30:00+00:00,2024-01-17 18:00:00+00:00,8406,7004,30.5,1402,1402,20.01713306681896,18
2024-01-16 11:30:00+00:00,2024-01-17 19:00:00+00:00,8349,8038,31.5,311,311,3.8691216720577257,19
2024-01-16 11:30:00+00:00,2024-01-17 20:00:00+00:00,8456,7850,32.5,606,606,7.7197452229299355,20
2024-01-16 11:30:00+00:00,2024-01-17 21:00:00+00:00,8647,7426,33.5,1221,1221,16.44223000269324,21
2024-01-16 11:30:00+00:00,2024-01-17 22:00:00+00:00,8479,6788,34.5,1691,1691,24.911608721272835,22
2024-01-16 11:30:00+00:00,2024-01-17 23:00:00+00:00,8708,6841,35.5,1867,1867,27.29133167665546,23
2024-01-16 11:30:00+00:00,2024-01-18 00:00:00+00:00,8982,6431,36.5,2551,2551,39.667236821645155,0
2024-01-16 11:30:00+00:00,2024-01-18 01:00:00+00:00,9224,7447,37.5,1777,1777,23.86195783536995,1
2024-01-16 11:30:00+00:00,2024-01-18 02:00:00+00:00,9518,8596,38.5,922,922,10.725919032107956,2
2024-01-16 11:30:00+00:00,2024-01-18 03:00:00+00:00,9830,7493,39.5,2337,2337,31.18910983584679,3
2024-01-16 11:30:00+00:00,2024-01-18 04:00:00+00:00,10145,6878,40.5,3267,3267,47.49927304448968,4
2024-01-16 11:30:00+00:00,2024-01-18 05:00:00+00:00,10447,6362,41.5,4085,4085,64.2093681232317,5
2024-01-16 11:30:00+00:00,2024-01-18 06:00:00+00:00,10738,6990,42.5,3748,3748,53.619456366237486,6
2024-01-16 11:30:00+00:00,2024-01-18 07:00:00+00:00,10717,6833,43.5,3884,3884,56.84179716083712,7
2024-01-16 11:30:00+00:00,2024-01-18 08:00:00+00:00,10696,6392,44.5,4304,4304,67.33416770963704,8
2024-01-16 11:30:00+00:00,2024-01-18 09:00:00+00:00,10673,5659,45.5,5014,5014,88.60222654179184,9
2024-01-16 11:30:00+00:00,2024-01-18 10:00:00+00:00,10834,6206,46.5,4628,4628,74.57299387689334,10
2024-01-16 11:30:00+00:00,2024-01-18 11:00:00+00:00,10997,6688,47.5,4309,4309,64.42882775119617,11
2024-01-16 09:30:00+00:00,2024-01-16 21:00:00+00:00,10239,12042,11.5,-1803,1803,14.97259591429995,21
2024-01-16 09:30:00+00:00,2024-01-16 22:00:00+00:00,10410,11610,12.5,-1200,1200,10.335917312661499,22
2024-01-16 09:30:00+00:00,2024-01-16 23:00:00+00:00,10257,11622,13.5,-1365,1365,11.74496644295302,23
2024-01-16 09:30:00+00:00,2024-01-17 00:00:00+00:00,10414,10883,14.5,-469,469,4.309473490765415,0
2024-01-16 09:30:00+00:00,2024-01-17 01:00:00+00:00,10009,9675,15.5,334,334,3.4521963824289403,1
2024-01-16 09:30:00+00:00,2024-01-17 02:00:00+00:00,9696,9013,16.5,683,683,7.577942971263731,2
2024-01-16 09:30:00+00:00,2024-01-17 03:00:00+00:00,9090,7573,17.5,1517,1517,20.031691535719002,3
2024-01-16 09:30:00+00:00,2024-01-17 04:00:00+00:00,8667,6030,18.5,2637,2637,43.73134328358209,4
2024-01-16 09:30:00+00:00,2024-01-17 05:00:00+00:00,7860,4695,19.5,3165,3165,67.41214057507987,5
2024-01-16 09:30:00+00:00,2024-01-17 06:00:00+00:00,7132,4682,20.5,2450,2450,52.3280649295173,6
2024-01-16 09:30:00+00:00,2024-01-17 07:00:00+00:00,6601,4822,21.5,1779,1779,36.893405226047285,7
2024-01-16 09:30:00+00:00,2024-01-17 08:00:00+00:00,5801,3988,22.5,1813,1813,45.46138415245737,8
2024-01-16 09:30:00+00:00,2024-01-17 09:00:00+00:00,5553,4434,23.5,1119,1119,25.23680649526387,9
2024-01-16 09:30:00+00:00,2024-01-17 10:00:00+00:00,5356,3902,24.5,1454,1454,37.26294208098411,10
2024-01-16 09:30:00+00:00,2024-01-17 11:00:00+00:00,5067,3455,25.5,1612,1612,46.65701881331404,11
2024-01-16 09:30:00+00:00,2024-01-17 12:00:00+00:00,5158,3238,26.5,1920,1920,59.2958616429895,12
2024-01-16 09:30:00+00:00,2024-01-17 13:00:00+00:00,5519,3785,27.5,1734,1734,45.812417437252314,13
2024-01-16 09:30:00+00:00,2024-01-17 14:00:00+00:00,6175,4774,28.5,1401,1401,29.34645999162128,14
2024-01-16 09:30:00+00:00,2024-01-17 15:00:00+00:00,6679,5291,29.5,1388,1388,26.23322623322623,15
2024-01-16 09:30:00+00:00,2024-01-17 16:00:00+00:00,7388,6190,30.5,1198,1198,19.35379644588045,16
2024-01-16 09:30:00+00:00,2024-01-17 17:00:00+00:00,7920,6631,31.5,1289,1289,19.438998642738653,17
2024-01-16 09:30:00+00:00,2024-01-17 18:00:00+00:00,8436,7004,32.5,1432,1432,20.445459737292975,18
2024-01-16 09:30:00+00:00,2024-01-17 19:00:00+00:00,8352,8038,33.5,314,314,3.90644438915153,19
2024-01-16 09:30:00+00:00,2024-01-17 20:00:00+00:00,8456,7850,34.5,606,606,7.7197452229299355,20
2024-01-16 09:30:00+00:00,2024-01-17 21:00:00+00:00,8666,7426,35.5,1240,1240,16.698087799622947,21
2024-01-16 09:30:00+00:00,2024-01-17 22:00:00+00:00,8558,6788,36.5,1770,1770,26.07542722451385,22
2024-01-16 09:30:00+00:00,2024-01-17 23:00:00+00:00,8823,6841,37.5,1982,1982,28.97237246016664,23
2024-01-16 09:30:00+00:00,2024-01-18 00:00:00+00:00,9088,6431,38.5,2657,2657,41.31550303218784,0
2024-01-16 09:30:00+00:00,2024-01-18 01:00:00+00:00,9378,7447,39.5,1931,1931,25.929904659594467,1
2024-01-16 09:30:00+00:00,2024-01-18 02:00:00+00:00,9663,8596,40.5,1067,1067,12.412750116333179,2
2024-01-16 09:30:00+00:00,2024-01-18 03:00:00+00:00,9940,7493,41.5,2447,2447,32.65714667022554,3
2024-01-16 09:30:00+00:00,2024-01-18 04:00:00+00:00,10222,6878,42.5,3344,3344,48.61878453038674,4
2024-01-16 09:30:00+00:00,2024-01-18 05:00:00+00:00,10490,6362,43.5,4128,4128,64.88525620873939,5
2024-01-16 09:30:00+00:00,2024-01-18 06:00:00+00:00,10744,6990,44.5,3754,3754,53.705293276108726,6
2024-01-16 09:30:00+00:00,2024-01-18 07:00:00+00:00,10723,6833,45.5,3890,3890,56.929606322259616,7
2024-01-16 09:30:00+00:00,2024-01-18 08:00:00+00:00,10701,6392,46.5,4309,4309,67.41239048811013,8
2024-01-16 09:30:00+00:00,2024-01-18 09:00:00+00:00,10678,5659,47.5,5019,5019,88.6905813748012,9
2024-01-16 07:30:00+00:00,2024-01-16 21:00:00+00:00,10239,12042,13.5,-1803,1803,14.97259591429995,21
2024-01-16 07:30:00+00:00,2024-01-16 22:00:00+00:00,10410,11610,14.5,-1200,1200,10.335917312661499,22
2024-01-16 07:30:00+00:00,2024-01-16 23:00:00+00:00,10256,11622,15.5,-1366,1366,11.753570813973498,23
2024-01-16 07:30:00+00:00,2024-01-17 00:00:00+00:00,10414,10883,16.5,-469,469,4.309473490765415,0
2024-01-16 07:30:00+00:00,2024-01-17 01:00:00+00:00,10008,9675,17.5,333,333,3.441860465116279,1
2024-01-16 07:30:00+00:00,2024-01-17 02:00:00+00:00,9695,9013,18.5,682,682,7.5668478863863315,2
2024-01-16 07:30:00+00:00,2024-01-17 03:00:00+00:00,9089,7573,19.5,1516,1516,20.018486729169418,3
2024-01-16 07:30:00+00:00,2024-01-17 04:00:00+00:00,8667,6030,20.5,2637,2637,43.73134328358209,4
2024-01-16 07:30:00+00:00,2024-01-17 05:00:00+00:00,7859,4695,21.5,3164,3164,67.39084132055379,5
2024-01-16 07:30:00+00:00,2024-01-17 06:00:00+00:00,7131,4682,22.5,2449,2449,52.30670653566851,6
2024-01-16 07:30:00+00:00,2024-01-17 07:00:00+00:00,6600,4822,23.5,1778,1778,36.87266694317711,7
2024-01-16 07:30:00+00:00,2024-01-17 08:00:00+00:00,5800,3988,24.5,1812,1812,45.43630892678034,8
2024-01-16 07:30:00+00:00,2024-01-17 09:00:00+00:00,5552,4434,25.5,1118,1118,25.214253495714928,9
2024-01-16 07:30:00+00:00,2024-01-17 10:00:00+00:00,5353,3902,26.5,1451,1451,37.18605843157356,10
2024-01-16 07:30:00+00:00,2024-01-17 11:00:00+00:00,5063,3455,27.5,1608,1608,46.541244573082494,11
2024-01-16 07:30:00+00:00,2024-01-17 12:00:00+00:00,5153,3238,28.5,1915,1915,59.141445336627555,12
2024-01-16 07:30:00+00:00,2024-01-17 13:00:00+00:00,5513,3785,29.5,1728,1728,45.65389696169089,13
2024-01-16 07:30:00+00:00,2024-01-17 14:00:00+00:00,6169,4774,30.5,1395,1395,29.22077922077922,14
2024-01-16 07:30:00+00:00,2024-01-17 15:00:00+00:00,6672,5291,31.5,1381,1381,26.100926100926102,15
2024-01-16 07:30:00+00:00,2024-01-17 16:00:00+00:00,7382,6190,32.5,1192,1192,19.256865912762517,16
2024-01-16 07:30:00+00:00,2024-01-17 17:00:00+00:00,7915,6631,33.5,1284,1284,19.3635952345046,17
2024-01-16 07:30:00+00:00,2024-01-17 18:00:00+00:00,8434,7004,34.5,1430,1430,20.41690462592804,18
2024-01-16 07:30:00+00:00,2024-01-17 19:00:00+00:00,8349,8038,35.5,311,311,3.8691216720577257,19
2024-01-16 07:30:00+00:00,2024-01-17 20:00:00+00:00,8454,7850,36.5,604,604,7.694267515923567,20
2024-01-16 07:30:00+00:00,2024-01-17 21:00:00+00:00,8665,7426,37.5,1239,1239,16.684621599784542,21
2024-01-16 07:30:00+00:00,2024-01-17 22:00:00+00:00,8559,6788,38.5,1771,1771,26.09015910430171,22
2024-01-16 07:30:00+00:00,2024-01-17 23:00:00+00:00,8827,6841,39.5,1986,1986,29.030843443940945,23
2024-01-16 07:30:00+00:00,2024-01-18 00:00:00+00:00,9094,6431,40.5,2663,2663,41.40880111957705,0
2024-01-16 07:30:00+00:00,2024-01-18 01:00:00+00:00,9384,7447,41.5,1937,1937,26.010474016382435,1
2024-01-16 07:30:00+00:00,2024-01-18 02:00:00+00:00,9670,8596,42.5,1074,1074,12.494183341088878,2
2024-01-16 07:30:00+00:00,2024-01-18 03:00:00+00:00,9946,7493,43.5,2453,2453,32.737221406646206,3
2024-01-16 07:30:00+00:00,2024-01-18 04:00:00+00:00,10229,6878,44.5,3351,3351,48.72055830183193,4
2024-01-16 07:30:00+00:00,2024-01-18 05:00:00+00:00,10498,6362,45.5,4136,4136,65.01100282929896,5
2024-01-16 07:30:00+00:00,2024-01-18 06:00:00+00:00,10753,6990,46.5,3763,3763,53.83404864091559,6
2024-01-16 07:30:00+00:00,2024-01-18 07:00:00+00:00,10731,6833,47.5,3898,3898,57.0466852041563,7
2024-01-16 04:30:00+00:00,2024-01-16 21:00:00+00:00,9665,12042,16.5,-2377,2377,19.739245972429828,21
2024-01-16 04:30:00+00:00,2024-01-16 22:00:00+00:00,9764,11610,17.5,-1846,1846,15.900086132644272,22
2024-01-16 04:30:00+00:00,2024-01-16 23:00:00+00:00,9543,11622,18.5,-2079,2079,17.8884873515746,23
2024-01-16 04:30:00+00:00,2024-01-17 00:00:00+00:00,9622,10883,19.5,-1261,1261,11.586878618028116,0
2024-01-16 04:30:00+00:00,2024-01-17 01:00:00+00:00,9215,9675,20.5,-460,460,4.754521963824289,1
2024-01-16 04:30:00+00:00,2024-01-17 02:00:00+00:00,8902,9013,21.5,-111,111,1.2315544213913237,2
2024-01-16 04:30:00+00:00,2024-01-17 03:00:00+00:00,8152,7573,22.5,579,579,7.645582992209164,3
2024-01-16 04:30:00+00:00,2024-01-17 04:00:00+00:00,7734,6030,23.5,1704,1704,28.258706467661693,4
2024-01-16 04:30:00+00:00,2024-01-17 05:00:00+00:00,7222,4695,24.5,2527,2527,53.823216187433445,5
2024-01-16 04:30:00+00:00,2024-01-17 06:00:00+00:00,6608,4682,25.5,1926,1926,41.13626655275524,6
2024-01-16 04:30:00+00:00,2024-01-17 07:00:00+00:00,6237,4822,26.5,1415,1415,29.344670261302362,7
2024-01-16 04:30:00+00:00,2024-01-17 08:00:00+00:00,5731,3988,27.5,1743,1743,43.70611835506519,8
2024-01-16 04:30:00+00:00,2024-01-17 09:00:00+00:00,5454,4434,28.5,1020,1020,23.00405953991881,9
2024-01-16 04:30:00+00:00,2024-01-17 10:00:00+00:00,5411,3902,29.5,1509,1509,38.672475653511015,10
2024-01-16 04:30:00+00:00,2024-01-17 11:00:00+00:00,5192,3455,30.5,1737,1737,50.27496382054992,11
2024-01-16 04:30:00+00:00,2024-01-17 12:00:00+00:00,5374,3238,31.5,2136,2136,65.96664607782581,12
2024-01-16 04:30:00+00:00,2024-01-17 13:00:00+00:00,5916,3785,32.5,2131,2131,56.30118890356671,13
2024-01-16 04:30:00+00:00,2024-01-17 14:00:00+00:00,6722,4774,33.5,1948,1948,40.804356933389194,14
2024-01-16 04:30:00+00:00,2024-01-17 15:00:00+00:00,7482,5291,34.5,2191,2191,41.40994140994141,15
2024-01-16 04:30:00+00:00,2024-01-17 16:00:00+00:00,8391,6190,35.5,2201,2201,35.55735056542811,16
2024-01-16 04:30:00+00:00,2024-01-17 17:00:00+00:00,9099,6631,36.5,2468,2468,37.21912230432815,17
2024-01-16 04:30:00+00:00,2024-01-17 18:00:00+00:00,9822,7004,37.5,2818,2818,40.23415191319246,18
2024-01-16 04:30:00+00:00,2024-01-17 19:00:00+00:00,9945,8038,38.5,1907,1907,23.724807165961682,19
2024-01-16 04:30:00+00:00,2024-01-17 20:00:00+00:00,10068,7850,39.5,2218,2218,28.254777070063696,20
2024-01-16 04:30:00+00:00,2024-01-17 21:00:00+00:00,10189,7426,40.5,2763,2763,37.20711015351468,21
2024-01-16 04:30:00+00:00,2024-01-17 22:00:00+00:00,10351,6788,41.5,3563,3563,52.4896876841485,22
2024-01-16 04:30:00+00:00,2024-01-17 23:00:00+00:00,10509,6841,42.5,3668,3668,53.61789212103494,23
2024-01-16 04:30:00+00:00,2024-01-18 00:00:00+00:00,10660,6431,43.5,4229,4229,65.75960192816048,0
2024-01-16 04:30:00+00:00,2024-01-18 01:00:00+00:00,10734,7447,44.5,3287,3287,44.138579293675306,1
2024-01-16 04:30:00+00:00,2024-01-18 02:00:00+00:00,10801,8596,45.5,2205,2205,25.651465798045603,2
2024-01-16 04:30:00+00:00,2024-01-18 03:00:00+00:00,10862,7493,46.5,3369,3369,44.96196450020019,3
2024-01-16 04:30:00+00:00,2024-01-18 04:00:00+00:00,11003,6878,47.5,4125,4125,59.97382960162838,4
2024-01-16 02:30:00+00:00,2024-01-16 21:00:00+00:00,9661,12042,18.5,-2381,2381,19.772463046005647,21
2024-01-16 02:30:00+00:00,2024-01-16 22:00:00+00:00,9760,11610,19.5,-1850,1850,15.934539190353144,22
2024-01-16 02:30:00+00:00,2024-01-16 23:00:00+00:00,9539,11622,20.5,-2083,2083,17.922904835656514,23
2024-01-16 02:30:00+00:00,2024-01-17 00:00:00+00:00,9620,10883,21.5,-1263,1263,11.605255903703023,0
2024-01-16 02:30:00+00:00,2024-01-17 01:00:00+00:00,9214,9675,22.5,-461,461,4.764857881136951,1
2024-01-16 02:30:00+00:00,2024-01-17 02:00:00+00:00,8901,9013,23.5,-112,112,1.242649506268723,2
2024-01-16 02:30:00+00:00,2024-01-17 03:00:00+00:00,8151,7573,24.5,578,578,7.63237818565958,3
2024-01-16 02:30:00+00:00,2024-01-17 04:00:00+00:00,7734,6030,25.5,1704,1704,28.258706467661693,4
2024-01-16 02:30:00+00:00,2024-01-17 05:00:00+00:00,7223,4695,26.5,2528,2528,53.84451544195953,5
2024-01-16 02:30:00+00:00,2024-01-17 06:00:00+00:00,6607,4682,27.5,1925,1925,41.11490815890645,6
2024-01-16 02:30:00+00:00,2024-01-17 07:00:00+00:00,6238,4822,28.5,1416,1416,29.365408544172546,7
2024-01-16 02:30:00+00:00,2024-01-17 08:00:00+00:00,5731,3988,29.5,1743,1743,43.70611835506519,8
2024-01-16 02:30:00+00:00,2024-01-17 09:00:00+00:00,5448,4434,30.5,1014,1014,22.868741542625166,9
2024-01-16 02:30:00+00:00,2024-01-17 10:00:00+00:00,5412,3902,31.5,1510,1510,38.69810353664787,10
2024-01-16 02:30:00+00:00,2024-01-17 11:00:00+00:00,5190,3455,32.5,1735,1735,50.21707670043415,11
2024-01-16 02:30:00+00:00,2024-01-17 12:00:00+00:00,5359,3238,33.5,2121,2121,65.50339715873996,12
2024-01-16 02:30:00+00:00,2024-01-17 13:00:00+00:00,5909,3785,34.5,2124,2124,56.116248348745046,13
2024-01-16 02:30:00+00:00,2024-01-17 14:00:00+00:00,6714,4774,35.5,1940,1940,40.63678257226645,14
2024-01-16 02:30:00+00:00,2024-01-17 15:00:00+00:00,7469,5291,36.5,2178,2178,41.16424116424117,15
2024-01-16 02:30:00+00:00,2024-01-17 16:00:00+00:00,8385,6190,37.5,2195,2195,35.46042003231018,16
2024-01-16 02:30:00+00:00,2024-01-17 17:00:00+00:00,9101,6631,38.5,2470,2470,37.249283667621775,17
2024-01-16 02:30:00+00:00,2024-01-17 18:00:00+00:00,9831,7004,39.5,2827,2827,40.36264991433466,18
2024-01-16 02:30:00+00:00,2024-01-17 19:00:00+00:00,9956,8038,40.5,1918,1918,23.861657128638967,19
2024-01-16 02:30:00+00:00,2024-01-17 20:00:00+00:00,10081,7850,41.5,2231,2231,28.420382165605098,20
2024-01-16 02:30:00+00:00,2024-01-17 21:00:00+00:00,10205,7426,42.5,2779,2779,37.422569350929166,21
2024-01-16 02:30:00+00:00,2024-01-17 22:00:00+00:00,10372,6788,43.5,3584,3584,52.799057159693575,22
2024-01-16 02:30:00+00:00,2024-01-17 23:00:00+00:00,10534,6841,44.5,3693,3693,53.98333576962432,23
2024-01-16 02:30:00+00:00,2024-01-18 00:00:00+00:00,10690,6431,45.5,4259,4259,66.22609236510651,0
2024-01-16 02:30:00+00:00,2024-01-18 01:00:00+00:00,10763,7447,46.5,3316,3316,44.52799785148382,1
2024-01-16 02:30:00+00:00,2024-01-18 02:00:00+00:00,10829,8596,47.5,2233,2233,25.977198697068403,2
2024-01-15 22:30:00+00:00,2024-01-16 03:00:00+00:00,5723,5814,4.5,-91,91,1.565187478500172,3
2024-01-15 22:30:00+00:00,2024-01-16 04:00:00+00:00,5650,5985,5.5,-335,335,5.597326649958228,4
2024-01-15 22:30:00+00:00,2024-01-16 05:00:00+00:00,6163,6396,6.5,-233,233,3.6429018136335207,5
2024-01-15 22:30:00+00:00,2024-01-16 06:00:00+00:00,5992,7111,7.5,-1119,1119,15.736183377865279,6
2024-01-15 22:30:00+00:00,2024-01-16 07:00:00+00:00,5964,7343,8.5,-1379,1379,18.779790276453763,7
2024-01-15 22:30:00+00:00,2024-01-16 08:00:00+00:00,6519,7387,9.5,-868,868,11.75037227561933,8
2024-01-15 22:30:00+00:00,2024-01-16 09:00:00+00:00,6893,7756,10.5,-863,863,11.126869520371326,9
2024-01-15 22:30:00+00:00,2024-01-16 10:00:00+00:00,7566,7412,11.5,154,154,2.077711818672423,10
2024-01-15 22:30:00+00:00,2024-01-16 11:00:00+00:00,8343,7463,12.5,880,880,11.791504756800213,11
2024-01-15 22:30:00+00:00,2024-01-16 12:00:00+00:00,8919,7607,13.5,1312,1312,17.247272249244116,12
2024-01-15 22:30:00+00:00,2024-01-16 13:00:00+00:00,8986,8206,14.5,780,780,9.50524006824275,13
2024-01-15 22:30:00+00:00,2024-01-16 14:00:00+00:00,9354,9047,15.5,307,307,3.3933900740576983,14
2024-01-15 22:30:00+00:00,2024-01-16 15:00:00+00:00,9457,9603,16.5,-146,146,1.5203582213891491,15
2024-01-15 22:30:00+00:00,2024-01-16 16:00:00+00:00,9805,11451,17.5,-1646,1646,14.374290454982097,16
2024-01-15 22:30:00+00:00,2024-01-16 17:00:00+00:00,10147,12975,18.5,-2828,2828,21.795761078998073,17
2024-01-15 22:30:00+00:00,2024-01-16 18:00:00+00:00,10278,12865,19.5,-2587,2587,20.10882238631947,18
2024-01-15 22:30:00+00:00,2024-01-16 19:00:00+00:00,10134,13083,20.5,-2949,2949,22.540701673927998,19
2024-01-15 22:30:00+00:00,2024-01-16 20:00:00+00:00,10267,12888,21.5,-2621,2621,20.336747361887024,20
2024-01-15 22:30:00+00:00,2024-01-16 21:00:00+00:00,10103,12042,22.5,-1939,1939,16.10197641587776,21
2024-01-15 22:30:00+00:00,2024-01-16 22:00:00+00:00,9868,11610,23.5,-1742,1742,15.00430663221361,22
2024-01-15 22:30:00+00:00,2024-01-16 23:00:00+00:00,9671,11622,24.5,-1951,1951,16.787127860953362,23
2024-01-15 22:30:00+00:00,2024-01-17 00:00:00+00:00,9305,10883,25.5,-1578,1578,14.49967839750069,0
2024-01-15 22:30:00+00:00,2024-01-17 01:00:00+00:00,8845,9675,26.5,-830,830,8.578811369509044,1
2024-01-15 22:30:00+00:00,2024-01-17 02:00:00+00:00,8430,9013,27.5,-583,583,6.468434483523799,2
2024-01-15 22:30:00+00:00,2024-01-17 03:00:00+00:00,7600,7573,28.5,27,27,0.3565297768387693,3
2024-01-15 22:30:00+00:00,2024-01-17 04:00:00+00:00,7147,6030,29.5,1117,1117,18.524046434494196,4
2024-01-15 22:30:00+00:00,2024-01-17 05:00:00+00:00,6676,4695,30.5,1981,1981,42.19382321618743,5
2024-01-15 22:30:00+00:00,2024-01-17 06:00:00+00:00,6034,4682,31.5,1352,1352,28.87654848355404,6
2024-01-15 22:30:00+00:00,2024-01-17 07:00:00+00:00,5548,4822,32.5,726,726,15.055993363749481,7
2024-01-15 22:30:00+00:00,2024-01-17 08:00:00+00:00,5268,3988,33.5,1280,1280,32.0962888665998,8
2024-01-15 22:30:00+00:00,2024-01-17 09:00:00+00:00,4965,4434,34.5,531,531,11.975642760487144,9
2024-01-15 22:30:00+00:00,2024-01-17 10:00:00+00:00,5451,3902,35.5,1549,1549,39.69759097898514,10
2024-01-15 22:30:00+00:00,2024-01-17 11:00:00+00:00,5548,3455,36.5,2093,2093,60.578871201157746,11
2024-01-15 22:30:00+00:00,2024-01-17 12:00:00+00:00,5676,3238,37.5,2438,2438,75.2933909820877,12
2024-01-15 22:30:00+00:00,2024-01-17 13:00:00+00:00,6411,3785,38.5,2626,2626,69.37912813738441,13
2024-01-15 22:30:00+00:00,2024-01-17 14:00:00+00:00,7239,4774,39.5,2465,2465,51.633850020946795,14
2024-01-15 22:30:00+00:00,2024-01-17 15:00:00+00:00,8158,5291,40.5,2867,2867,54.186354186354194,15
2024-01-15 22:30:00+00:00,2024-01-17 16:00:00+00:00,8819,6190,41.5,2629,2629,42.47172859450727,16
2024-01-15 22:30:00+00:00,2024-01-17 17:00:00+00:00,9506,6631,42.5,2875,2875,43.35695973458,17
2024-01-15 22:30:00+00:00,2024-01-17 18:00:00+00:00,10194,7004,43.5,3190,3190,45.545402627070246,18
2024-01-15 22:30:00+00:00,2024-01-17 19:00:00+00:00,10307,8038,44.5,2269,2269,28.228415028614084,19
2024-01-15 22:30:00+00:00,2024-01-17 20:00:00+00:00,10418,7850,45.5,2568,2568,32.71337579617835,20
2024-01-15 22:30:00+00:00,2024-01-17 21:00:00+00:00,10525,7426,46.5,3099,3099,41.73175329921896,21
2024-01-15 18:30:00+00:00,2024-01-15 23:00:00+00:00,8120,8022,4.5,98,98,1.2216404886561953,23
2024-01-15 18:30:00+00:00,2024-01-16 00:00:00+00:00,7389,7892,5.5,-503,503,6.373542828180436,0
2024-01-15 18:30:00+00:00,2024-01-16 01:00:00+00:00,6781,7270,6.5,-489,489,6.7262723521320495,1
2024-01-15 18:30:00+00:00,2024-01-16 02:00:00+00:00,6146,6228,7.5,-82,82,1.3166345536287731,2
2024-01-15 18:30:00+00:00,2024-01-16 03:00:00+00:00,5725,5814,8.5,-89,89,1.5307877536979704,3
2024-01-15 18:30:00+00:00,2024-01-16 04:00:00+00:00,5651,5985,9.5,-334,334,5.58061821219716,4
2024-01-15 18:30:00+00:00,2024-01-16 05:00:00+00:00,6165,6396,10.5,-231,231,3.6116322701688555,5
2024-01-15 18:30:00+00:00,2024-01-16 06:00:00+00:00,5992,7111,11.5,-1119,1119,15.736183377865279,6
2024-01-15 18:30:00+00:00,2024-01-16 07:00:00+00:00,5965,7343,12.5,-1378,1378,18.766171864360615,7
2024-01-15 18:30:00+00:00,2024-01-16 08:00:00+00:00,6519,7387,13.5,-868,868,11.75037227561933,8
2024-01-15 18:30:00+00:00,2024-01-16 09:00:00+00:00,6893,7756,14.5,-863,863,11.126869520371326,9
2024-01-15 18:30:00+00:00,2024-01-16 10:00:00+00:00,7565,7412,15.5,153,153,2.064220183486239,10
2024-01-15 18:30:00+00:00,2024-01-16 11:00:00+00:00,8342,7463,16.5,879,879,11.778105319576577,11
2024-01-15 18:30:00+00:00,2024-01-16 12:00:00+00:00,8918,7607,17.5,1311,1311,17.23412646246878,12
2024-01-15 18:30:00+00:00,2024-01-16 13:00:00+00:00,8987,8206,18.5,781,781,9.517426273458444,13
2024-01-15 18:30:00+00:00,2024-01-16 14:00:00+00:00,9355,9047,19.5,308,308,3.4044434619210784,14
2024-01-15 18:30:00+00:00,2024-01-16 15:00:00+00:00,9458,9603,20.5,-145,145,1.5099448089138812,15
2024-01-15 18:30:00+00:00,2024-01-16 16:00:00+00:00,9806,11451,21.5,-1645,1645,14.365557593223299,16
2024-01-15 18:30:00+00:00,2024-01-16 17:00:00+00:00,10149,12975,22.5,-2826,2826,21.78034682080925,17
2024-01-15 18:30:00+00:00,2024-01-16 18:00:00+00:00,10280,12865,23.5,-2585,2585,20.093276331130973,18
2024-01-15 18:30:00+00:00,2024-01-16 19:00:00+00:00,10136,13083,24.5,-2947,2947,22.52541466024612,19
2024-01-15 18:30:00+00:00,2024-01-16 20:00:00+00:00,10268,12888,25.5,-2620,2620,20.328988206083178,20
2024-01-15 18:30:00+00:00,2024-01-16 21:00:00+00:00,10105,12042,26.5,-1937,1937,16.08536787908985,21
2024-01-15 18:30:00+00:00,2024-01-16 22:00:00+00:00,9870,11610,27.5,-1740,1740,14.987080103359174,22
2024-01-15 18:30:00+00:00,2024-01-16 23:00:00+00:00,9671,11622,28.5,-1951,1951,16.787127860953362,23
2024-01-15 18:30:00+00:00,2024-01-17 00:00:00+00:00,9303,10883,29.5,-1580,1580,14.518055683175596,0
2024-01-15 18:30:00+00:00,2024-01-17 01:00:00+00:00,8845,9675,30.5,-830,830,8.578811369509044,1
2024-01-15 18:30:00+00:00,2024-01-17 02:00:00+00:00,8428,9013,31.5,-585,585,6.490624653278597,2
2024-01-15 18:30:00+00:00,2024-01-17 03:00:00+00:00,7600,7573,32.5,27,27,0.3565297768387693,3
2024-01-15 18:30:00+00:00,2024-01-17 04:00:00+00:00,7146,6030,33.5,1116,1116,18.507462686567163,4
2024-01-15 18:30:00+00:00,2024-01-17 05:00:00+00:00,6674,4695,34.5,1979,1979,42.15122470713525,5
2024-01-15 18:30:00+00:00,2024-01-17 06:00:00+00:00,6034,4682,35.5,1352,1352,28.87654848355404,6
2024-01-15 18:30:00+00:00,2024-01-17 07:00:00+00:00,5547,4822,36.5,725,725,15.035255080879303,7
2024-01-15 18:30:00+00:00,2024-01-17 08:00:00+00:00,5267,3988,37.5,1279,1279,32.07121364092277,8
2024-01-15 18:30:00+00:00,2024-01-17 09:00:00+00:00,4966,4434,38.5,532,532,11.998195760036085,9
2024-01-15 18:30:00+00:00,2024-01-17 10:00:00+00:00,5456,3902,39.5,1554,1554,39.8257303946694,10
2024-01-15 18:30:00+00:00,2024-01-17 11:00:00+00:00,5560,3455,40.5,2105,2105,60.92619392185239,11
2024-01-15 18:30:00+00:00,2024-01-17 12:00:00+00:00,5694,3238,41.5,2456,2456,75.84928968499074,12
2024-01-15 18:30:00+00:00,2024-01-17 13:00:00+00:00,6426,3785,42.5,2641,2641,69.77542932628798,13
2024-01-15 18:30:00+00:00,2024-01-17 14:00:00+00:00,7251,4774,43.5,2477,2477,51.885211562630914,14
2024-01-15 18:30:00+00:00,2024-01-17 15:00:00+00:00,8167,5291,44.5,2876,2876,54.35645435645435,15
2024-01-15 18:30:00+00:00,2024-01-17 16:00:00+00:00,8829,6190,45.5,2639,2639,42.63327948303716,16
2024-01-15 18:30:00+00:00,2024-01-17 17:00:00+00:00,9516,6631,46.5,2885,2885,43.50776655104811,17
2024-01-15 18:30:00+00:00,2024-01-17 18:00:00+00:00,10205,7004,47.5,3201,3201,45.70245573957739,18
2024-01-15 15:30:00+00:00,2024-01-15 21:00:00+00:00,10091,9569,5.5,522,522,5.4551154770613435,21
2024-01-15 15:30:00+00:00,2024-01-15 22:00:00+00:00,9218,8995,6.5,223,223,2.4791550861589773,22
2024-01-15 15:30:00+00:00,2024-01-15 23:00:00+00:00,8521,8022,7.5,499,499,6.220393916728995,23
2024-01-15 15:30:00+00:00,2024-01-16 00:00:00+00:00,7704,7892,8.5,-188,188,2.3821591485048152,0
2024-01-15 15:30:00+00:00,2024-01-16 01:00:00+00:00,7060,7270,9.5,-210,210,2.8885832187070153,1
2024-01-15 15:30:00+00:00,2024-01-16 02:00:00+00:00,6553,6228,10.5,325,325,5.218368657675017,2
2024-01-15 15:30:00+00:00,2024-01-16 03:00:00+00:00,6220,5814,11.5,406,406,6.9831441348469205,3
2024-01-15 15:30:00+00:00,2024-01-16 04:00:00+00:00,6353,5985,12.5,368,368,6.148705096073518,4
2024-01-15 15:30:00+00:00,2024-01-16 05:00:00+00:00,6824,6396,13.5,428,428,6.6916823014384,5
2024-01-15 15:30:00+00:00,2024-01-16 06:00:00+00:00,6913,7111,14.5,-198,198,2.784418506539165,6
2024-01-15 15:30:00+00:00,2024-01-16 07:00:00+00:00,7191,7343,15.5,-152,152,2.0699986381587907,7
2024-01-15 15:30:00+00:00,2024-01-16 08:00:00+00:00,7873,7387,16.5,486,486,6.579125490726953,8
2024-01-15 15:30:00+00:00,2024-01-16 09:00:00+00:00,8938,7756,17.5,1182,1182,15.23981433728726,9
2024-01-15 15:30:00+00:00,2024-01-16 10:00:00+00:00,9612,7412,18.5,2200,2200,29.68159740960604,10
2024-01-15 15:30:00+00:00,2024-01-16 11:00:00+00:00,9999,7463,19.5,2536,2536,33.980972799142435,11
2024-01-15 15:30:00+00:00,2024-01-16 12:00:00+00:00,10546,7607,20.5,2939,2939,38.63546733271986,12
2024-01-15 15:30:00+00:00,2024-01-16 13:00:00+00:00,10963,8206,21.5,2757,2757,33.59736777967341,13
2024-01-15 15:30:00+00:00,2024-01-16 14:00:00+00:00,11624,9047,22.5,2577,2577,28.484580523930585,14
2024-01-15 15:30:00+00:00,2024-01-16 15:00:00+00:00,11977,9603,23.5,2374,2374,24.72144121628658,15
2024-01-15 15:30:00+00:00,2024-01-16 16:00:00+00:00,12462,11451,24.5,1011,1011,8.82892323814514,16
2024-01-15 15:30:00+00:00,2024-01-16 17:00:00+00:00,12847,12975,25.5,-128,128,0.9865125240847785,17
2024-01-15 15:30:00+00:00,2024-01-16 18:00:00+00:00,12702,12865,26.5,-163,163,1.2670034978624174,18
2024-01-15 15:30:00+00:00,2024-01-16 19:00:00+00:00,12392,13083,27.5,-691,691,5.281663227088589,19
2024-01-15 15:30:00+00:00,2024-01-16 20:00:00+00:00,12221,12888,28.5,-667,667,5.175356921166977,20
2024-01-15 15:30:00+00:00,2024-01-16 21:00:00+00:00,11903,12042,29.5,-139,139,1.1542933067596743,21
2024-01-15 15:30:00+00:00,2024-01-16 22:00:00+00:00,11155,11610,30.5,-455,455,3.919035314384152,22
2024-01-15 15:30:00+00:00,2024-01-16 23:00:00+00:00,10717,11622,31.5,-905,905,7.786955773532956,23
2024-01-15 15:30:00+00:00,2024-01-17 00:00:00+00:00,10240,10883,32.5,-643,643,5.90829734448222,0
2024-01-15 15:30:00+00:00,2024-01-17 01:00:00+00:00,9720,9675,33.5,45,45,0.46511627906976744,1
2024-01-15 15:30:00+00:00,2024-01-17 02:00:00+00:00,9194,9013,34.5,181,181,2.0082103628092756,2
2024-01-15 15:30:00+00:00,2024-01-17 03:00:00+00:00,8436,7573,35.5,863,863,11.395748052291035,3
2024-01-15 15:30:00+00:00,2024-01-17 04:00:00+00:00,7898,6030,36.5,1868,1868,30.97844112769486,4
2024-01-15 15:30:00+00:00,2024-01-17 05:00:00+00:00,7195,4695,37.5,2500,2500,53.24813631522897,5
2024-01-15 15:30:00+00:00,2024-01-17 06:00:00+00:00,6510,4682,38.5,1828,1828,39.043143955574536,6
2024-01-15 15:30:00+00:00,2024-01-17 07:00:00+00:00,5966,4822,39.5,1144,1144,23.72459560348403,7
2024-01-15 15:30:00+00:00,2024-01-17 08:00:00+00:00,5461,3988,40.5,1473,1473,36.935807422266805,8
2024-01-15 15:30:00+00:00,2024-01-17 09:00:00+00:00,5005,4434,41.5,571,571,12.877762742444746,9
2024-01-15 15:30:00+00:00,2024-01-17 10:00:00+00:00,5127,3902,42.5,1225,1225,31.3941568426448,10
2024-01-15 15:30:00+00:00,2024-01-17 11:00:00+00:00,5267,3455,43.5,1812,1812,52.445730824891456,11
2024-01-15 15:30:00+00:00,2024-01-17 12:00:00+00:00,5423,3238,44.5,2185,2185,67.47992588017294,12
2024-01-15 15:30:00+00:00,2024-01-17 13:00:00+00:00,6122,3785,45.5,2337,2337,61.743725231175695,13
2024-01-15 15:30:00+00:00,2024-01-17 14:00:00+00:00,6933,4774,46.5,2159,2159,45.224130708001674,14
2024-01-15 15:30:00+00:00,2024-01-17 15:00:00+00:00,7851,5291,47.5,2560,2560,48.384048384048384,15
2024-01-15 11:30:00+00:00,2024-01-15 21:00:00+00:00,10392,9569,9.5,823,823,8.600689727244227,21
2024-01-15 11:30:00+00:00,2024-01-15 22:00:00+00:00,9639,8995,10.5,644,644,7.1595330739299605,22
2024-01-15 11:30:00+00:00,2024-01-15 23:00:00+00:00,8951,8022,11.5,929,929,11.580653203689852,23
2024-01-15 11:30:00+00:00,2024-01-16 00:00:00+00:00,8149,7892,12.5,257,257,3.2564622402432843,0
2024-01-15 11:30:00+00:00,2024-01-16 01:00:00+00:00,7645,7270,13.5,375,375,5.15818431911967,1
2024-01-15 11:30:00+00:00,2024-01-16 02:00:00+00:00,7090,6228,14.5,862,862,13.840719332048812,2
2024-01-15 11:30:00+00:00,2024-01-16 03:00:00+00:00,6722,5814,15.5,908,908,15.617475060199517,3
2024-01-15 11:30:00+00:00,2024-01-16 04:00:00+00:00,6946,5985,16.5,961,961,16.056808688387637,4
2024-01-15 11:30:00+00:00,2024-01-16 05:00:00+00:00,7119,6396,17.5,723,723,11.303939962476548,5
2024-01-15 11:30:00+00:00,2024-01-16 06:00:00+00:00,7314,7111,18.5,203,203,2.8547321051891434,6
2024-01-15 11:30:00+00:00,2024-01-16 07:00:00+00:00,7801,7343,19.5,458,458,6.237232738662672,7
2024-01-15 11:30:00+00:00,2024-01-16 08:00:00+00:00,8597,7387,20.5,1210,1210,16.380127250575335,8
2024-01-15 11:30:00+00:00,2024-01-16 09:00:00+00:00,9726,7756,21.5,1970,1970,25.399690562145437,9
2024-01-15 11:30:00+00:00,2024-01-16 10:00:00+00:00,10478,7412,22.5,3066,3066,41.365353480841875,10
2024-01-15 11:30:00+00:00,2024-01-16 11:00:00+00:00,10910,7463,23.5,3447,3447,46.18786010987538,11
2024-01-15 11:30:00+00:00,2024-01-16 12:00:00+00:00,11506,7607,24.5,3899,3899,51.25542263704482,12
2024-01-15 11:30:00+00:00,2024-01-16 13:00:00+00:00,12256,8206,25.5,4050,4050,49.35413112356812,13
2024-01-15 11:30:00+00:00,2024-01-16 14:00:00+00:00,12931,9047,26.5,3884,3884,42.931358461368404,14
2024-01-15 11:30:00+00:00,2024-01-16 15:00:00+00:00,13410,9603,27.5,3807,3807,39.64386129334583,15
2024-01-15 11:30:00+00:00,2024-01-16 16:00:00+00:00,13647,11451,28.5,2196,2196,19.177364422321194,16
2024-01-15 11:30:00+00:00,2024-01-16 17:00:00+00:00,14007,12975,29.5,1032,1032,7.9537572254335265,17
2024-01-15 11:30:00+00:00,2024-01-16 18:00:00+00:00,13953,12865,30.5,1088,1088,8.45705402254178,18
2024-01-15 11:30:00+00:00,2024-01-16 19:00:00+00:00,13723,13083,31.5,640,640,4.891844378200719,19
2024-01-15 11:30:00+00:00,2024-01-16 20:00:00+00:00,13405,12888,32.5,517,517,4.011483550589696,20
2024-01-15 11:30:00+00:00,2024-01-16 21:00:00+00:00,13134,12042,33.5,1092,1092,9.068261086198307,21
2024-01-15 11:30:00+00:00,2024-01-16 22:00:00+00:00,12202,11610,34.5,592,592,5.099052540913005,22
2024-01-15 11:30:00+00:00,2024-01-16 23:00:00+00:00,11751,11622,35.5,129,129,1.109963861641714,23
2024-01-15 11:30:00+00:00,2024-01-17 00:00:00+00:00,11275,10883,36.5,392,392,3.60194799228154,0
2024-01-15 11:30:00+00:00,2024-01-17 01:00:00+00:00,10597,9675,37.5,922,922,9.529715762273902,1
2024-01-15 11:30:00+00:00,2024-01-17 02:00:00+00:00,9866,9013,38.5,853,853,9.464107400421613,2
2024-01-15 11:30:00+00:00,2024-01-17 03:00:00+00:00,9075,7573,39.5,1502,1502,19.833619437475242,3
2024-01-15 11:30:00+00:00,2024-01-17 04:00:00+00:00,8303,6030,40.5,2273,2273,37.69485903814262,4
2024-01-15 11:30:00+00:00,2024-01-17 05:00:00+00:00,7523,4695,41.5,2828,2828,60.23429179978701,5
2024-01-15 11:30:00+00:00,2024-01-17 06:00:00+00:00,6770,4682,42.5,2088,2088,44.59632635625801,6
2024-01-15 11:30:00+00:00,2024-01-17 07:00:00+00:00,6299,4822,43.5,1477,1477,30.63044379925342,7
2024-01-15 11:30:00+00:00,2024-01-17 08:00:00+00:00,5859,3988,44.5,1871,1871,46.91574724172518,8
2024-01-15 11:30:00+00:00,2024-01-17 09:00:00+00:00,5460,4434,45.5,1026,1026,23.13937753721245,9
2024-01-15 11:30:00+00:00,2024-01-17 10:00:00+00:00,5599,3902,46.5,1697,1697,43.49051768323937,10
2024-01-15 11:30:00+00:00,2024-01-17 11:00:00+00:00,5754,3455,47.5,2299,2299,66.5412445730825,11
2024-01-15 09:30:00+00:00,2024-01-15 21:00:00+00:00,10397,9569,11.5,828,828,8.652941791200753,21
2024-01-15 09:30:00+00:00,2024-01-15 22:00:00+00:00,9643,8995,12.5,648,648,7.204002223457476,22
2024-01-15 09:30:00+00:00,2024-01-15 23:00:00+00:00,8955,8022,13.5,933,933,11.630516080777861,23
2024-01-15 09:30:00+00:00,2024-01-16 00:00:00+00:00,8152,7892,14.5,260,260,3.294475418144957,0
2024-01-15 09:30:00+00:00,2024-01-16 01:00:00+00:00,7649,7270,15.5,379,379,5.213204951856946,1
2024-01-15 09:30:00+00:00,2024-01-16 02:00:00+00:00,7093,6228,16.5,865,865,13.88888888888889,2
2024-01-15 09:30:00+00:00,2024-01-16 03:00:00+00:00,6724,5814,17.5,910,910,15.651874785001722,3
2024-01-15 09:30:00+00:00,2024-01-16 04:00:00+00:00,6950,5985,18.5,965,965,16.12364243943191,4
2024-01-15 09:30:00+00:00,2024-01-16 05:00:00+00:00,7122,6396,19.5,726,726,11.350844277673545,5
2024-01-15 09:30:00+00:00,2024-01-16 06:00:00+00:00,7317,7111,20.5,206,206,2.8969202643791307,6
2024-01-15 09:30:00+00:00,2024-01-16 07:00:00+00:00,7804,7343,21.5,461,461,6.278087974942122,7
2024-01-15 09:30:00+00:00,2024-01-16 08:00:00+00:00,8599,7387,22.5,1212,1212,16.40720184107215,8
2024-01-15 09:30:00+00:00,2024-01-16 09:00:00+00:00,9730,7756,23.5,1974,1974,25.451263537906136,9
2024-01-15 09:30:00+00:00,2024-01-16 10:00:00+00:00,10483,7412,24.5,3071,3071,41.4328116567728,10
2024-01-15 09:30:00+00:00,2024-01-16 11:00:00+00:00,10918,7463,25.5,3455,3455,46.29505560766447,11
2024-01-15 09:30:00+00:00,2024-01-16 12:00:00+00:00,11521,7607,26.5,3914,3914,51.4526094386749,12
2024-01-15 09:30:00+00:00,2024-01-16 13:00:00+00:00,12274,8206,27.5,4068,4068,49.573482817450646,13
2024-01-15 09:30:00+00:00,2024-01-16 14:00:00+00:00,12943,9047,28.5,3896,3896,43.063999115728976,14
2024-01-15 09:30:00+00:00,2024-01-16 15:00:00+00:00,13418,9603,29.5,3815,3815,39.72716859314798,15
2024-01-15 09:30:00+00:00,2024-01-16 16:00:00+00:00,13652,11451,30.5,2201,2201,19.221028731115187,16
2024-01-15 09:30:00+00:00,2024-01-16 17:00:00+00:00,14014,12975,31.5,1039,1039,8.007707129094413,17
2024-01-15 09:30:00+00:00,2024-01-16 18:00:00+00:00,13966,12865,32.5,1101,1101,8.558103381267003,18
2024-01-15 09:30:00+00:00,2024-01-16 19:00:00+00:00,13729,13083,33.5,646,646,4.93770541924635,19
2024-01-15 09:30:00+00:00,2024-01-16 20:00:00+00:00,13412,12888,34.5,524,524,4.065797641216635,20
2024-01-15 09:30:00+00:00,2024-01-16 21:00:00+00:00,13151,12042,35.5,1109,1109,9.209433648895532,21
2024-01-15 09:30:00+00:00,2024-01-16 22:00:00+00:00,12234,11610,36.5,624,624,5.374677002583979,22
2024-01-15 09:30:00+00:00,2024-01-16 23:00:00+00:00,11794,11622,37.5,172,172,1.4799518155222853,23
2024-01-15 09:30:00+00:00,2024-01-17 00:00:00+00:00,11318,10883,38.5,435,435,3.9970596342920146,0
2024-01-15 09:30:00+00:00,2024-01-17 01:00:00+00:00,10641,9675,39.5,966,966,9.984496124031008,1
2024-01-15 09:30:00+00:00,2024-01-17 02:00:00+00:00,9900,9013,40.5,887,887,9.84134028625319,2
2024-01-15 09:30:00+00:00,2024-01-17 03:00:00+00:00,9096,7573,41.5,1523,1523,20.110920375016505,3
2024-01-15 09:30:00+00:00,2024-01-17 04:00:00+00:00,8322,6030,42.5,2292,2292,38.00995024875622,4
2024-01-15 09:30:00+00:00,2024-01-17 05:00:00+00:00,7534,4695,43.5,2839,2839,60.46858359957401,5
2024-01-15 09:30:00+00:00,2024-01-17 06:00:00+00:00,6765,4682,44.5,2083,2083,44.489534387014096,6
2024-01-15 09:30:00+00:00,2024-01-17 07:00:00+00:00,6295,4822,45.5,1473,1473,30.54749066777271,7
2024-01-15 09:30:00+00:00,2024-01-17 08:00:00+00:00,5857,3988,46.5,1869,1869,46.865596790371114,8
2024-01-15 09:30:00+00:00,2024-01-17 09:00:00+00:00,5462,4434,47.5,1028,1028,23.18448353631033,9
2024-01-15 07:30:00+00:00,2024-01-15 21:00:00+00:00,10398,9569,13.5,829,829,8.663392203992059,21
2024-01-15 07:30:00+00:00,2024-01-15 22:00:00+00:00,9644,8995,14.5,649,649,7.215119510839354,22
2024-01-15 07:30:00+00:00,2024-01-15 23:00:00+00:00,8956,8022,15.5,934,934,11.642981800049863,23
2024-01-15 07:30:00+00:00,2024-01-16 00:00:00+00:00,8153,7892,16.5,261,261,3.3071464774455146,0
2024-01-15 07:30:00+00:00,2024-01-16 01:00:00+00:00,7649,7270,17.5,379,379,5.213204951856946,1
2024-01-15 07:30:00+00:00,2024-01-16 02:00:00+00:00,7093,6228,18.5,865,865,13.88888888888889,2
2024-01-15 07:30:00+00:00,2024-01-16 03:00:00+00:00,6724,5814,19.5,910,910,15.651874785001722,3
2024-01-15 07:30:00+00:00,2024-01-16 04:00:00+00:00,6950,5985,20.5,965,965,16.12364243943191,4
2024-01-15 07:30:00+00:00,2024-01-16 05:00:00+00:00,7122,6396,21.5,726,726,11.350844277673545,5
2024-01-15 07:30:00+00:00,2024-01-16 06:00:00+00:00,7316,7111,22.5,205,205,2.882857544649135,6
2024-01-15 07:30:00+00:00,2024-01-16 07:00:00+00:00,7803,7343,23.5,460,460,6.264469562848972,7
2024-01-15 07:30:00+00:00,2024-01-16 08:00:00+00:00,8598,7387,24.5,1211,1211,16.393664545823743,8
2024-01-15 07:30:00+00:00,2024-01-16 09:00:00+00:00,9729,7756,25.5,1973,1973,25.43837029396596,9
2024-01-15 07:30:00+00:00,2024-01-16 10:00:00+00:00,10482,7412,26.5,3070,3070,41.419320021586614,10
2024-01-15 07:30:00+00:00,2024-01-16 11:00:00+00:00,10917,7463,27.5,3454,3454,46.28165617044084,11
2024-01-15 07:30:00+00:00,2024-01-16 12:00:00+00:00,11521,7607,28.5,3914,3914,51.4526094386749,12
2024-01-15 07:30:00+00:00,2024-01-16 13:00:00+00:00,12275,8206,29.5,4069,4069,49.58566902266634,13
2024-01-15 07:30:00+00:00,2024-01-16 14:00:00+00:00,12945,9047,30.5,3898,3898,43.08610589145573,14
2024-01-15 07:30:00+00:00,2024-01-16 15:00:00+00:00,13420,9603,31.5,3817,3817,39.74799541809851,15
2024-01-15 07:30:00+00:00,2024-01-16 16:00:00+00:00,13654,11451,32.5,2203,2203,19.238494454632782,16
2024-01-15 07:30:00+00:00,2024-01-16 17:00:00+00:00,14015,12975,33.5,1040,1040,8.015414258188825,17
2024-01-15 07:30:00+00:00,2024-01-16 18:00:00+00:00,13968,12865,34.5,1103,1103,8.573649436455499,18
2024-01-15 07:30:00+00:00,2024-01-16 19:00:00+00:00,13730,13083,35.5,647,647,4.945348926087289,19
2024-01-15 07:30:00+00:00,2024-01-16 20:00:00+00:00,13412,12888,36.5,524,524,4.065797641216635,20
2024-01-15 07:30:00+00:00,2024-01-16 21:00:00+00:00,13152,12042,37.5,1110,1110,9.217737917289487,21
2024-01-15 07:30:00+00:00,2024-01-16 22:00:00+00:00,12234,11610,38.5,624,624,5.374677002583979,22
2024-01-15 07:30:00+00:00,2024-01-16 23:00:00+00:00,11795,11622,39.5,173,173,1.488556186542764,23
2024-01-15 07:30:00+00:00,2024-01-17 00:00:00+00:00,11319,10883,40.5,436,436,4.006248277129468,0
2024-01-15 07:30:00+00:00,2024-01-17 01:00:00+00:00,10641,9675,41.5,966,966,9.984496124031008,1
2024-01-15 07:30:00+00:00,2024-01-17 02:00:00+00:00,9900,9013,42.5,887,887,9.84134028625319,2
2024-01-15 07:30:00+00:00,2024-01-17 03:00:00+00:00,9096,7573,43.5,1523,1523,20.110920375016505,3
2024-01-15 07:30:00+00:00,2024-01-17 04:00:00+00:00,8321,6030,44.5,2291,2291,37.99336650082919,4
2024-01-15 07:30:00+00:00,2024-01-17 05:00:00+00:00,7534,4695,45.5,2839,2839,60.46858359957401,5
2024-01-15 07:30:00+00:00,2024-01-17 06:00:00+00:00,6766,4682,46.5,2084,2084,44.51089278086288,6
2024-01-15 07:30:00+00:00,2024-01-17 07:00:00+00:00,6298,4822,47.5,1476,1476,30.609705516383244,7
2024-01-15 04:30:00+00:00,2024-01-15 21:00:00+00:00,10501,9569,16.5,932,932,9.739784721496498,21
2024-01-15 04:30:00+00:00,2024-01-15 22:00:00+00:00,9809,8995,17.5,814,814,9.04947192884936,22
2024-01-15 04:30:00+00:00,2024-01-15 23:00:00+00:00,9071,8022,18.5,1049,1049,13.076539516330094,23
2024-01-15 04:30:00+00:00,2024-01-16 00:00:00+00:00,8432,7892,19.5,540,540,6.842372022301064,0
2024-01-15 04:30:00+00:00,2024-01-16 01:00:00+00:00,8107,7270,20.5,837,837,11.513067400275103,1
2024-01-15 04:30:00+00:00,2024-01-16 02:00:00+00:00,7538,6228,21.5,1310,1310,21.03403982016699,2
2024-01-15 04:30:00+00:00,2024-01-16 03:00:00+00:00,7368,5814,22.5,1554,1554,26.72858617131063,3
2024-01-15 04:30:00+00:00,2024-01-16 04:00:00+00:00,7537,5985,23.5,1552,1552,25.931495405179618,4
2024-01-15 04:30:00+00:00,2024-01-16 05:00:00+00:00,7807,6396,24.5,1411,1411,22.06066291432145,5
2024-01-15 04:30:00+00:00,2024-01-16 06:00:00+00:00,7845,7111,25.5,734,734,10.322036281816903,6
2024-01-15 04:30:00+00:00,2024-01-16 07:00:00+00:00,8427,7343,26.5,1084,1084,14.762358708974531,7
2024-01-15 04:30:00+00:00,2024-01-16 08:00:00+00:00,9336,7387,27.5,1949,1949,26.38418843914986,8
2024-01-15 04:30:00+00:00,2024-01-16 09:00:00+00:00,10221,7756,28.5,2465,2465,31.78184631253223,9
2024-01-15 04:30:00+00:00,2024-01-16 10:00:00+00:00,10809,7412,29.5,3397,3397,45.83108472746897,10
2024-01-15 04:30:00+00:00,2024-01-16 11:00:00+00:00,11491,7463,30.5,4028,4028,53.97293313680825,11
2024-01-15 04:30:00+00:00,2024-01-16 12:00:00+00:00,12146,7607,31.5,4539,4539,59.66872617326147,12
2024-01-15 04:30:00+00:00,2024-01-16 13:00:00+00:00,12898,8206,32.5,4692,4692,57.17767487204485,13
2024-01-15 04:30:00+00:00,2024-01-16 14:00:00+00:00,13373,9047,33.5,4326,4326,47.81695589698243,14
2024-01-15 04:30:00+00:00,2024-01-16 15:00:00+00:00,13629,9603,34.5,4026,4026,41.92439862542955,15
2024-01-15 04:30:00+00:00,2024-01-16 16:00:00+00:00,13476,11451,35.5,2025,2025,17.684045061566675,16
2024-01-15 04:30:00+00:00,2024-01-16 17:00:00+00:00,13817,12975,36.5,842,842,6.4894026974951835,17
2024-01-15 04:30:00+00:00,2024-01-16 18:00:00+00:00,14066,12865,37.5,1201,1201,9.3354061406918,18
2024-01-15 04:30:00+00:00,2024-01-16 19:00:00+00:00,14013,13083,38.5,930,930,7.108461362072919,19
2024-01-15 04:30:00+00:00,2024-01-16 20:00:00+00:00,13924,12888,39.5,1036,1036,8.03848541278709,20
2024-01-15 04:30:00+00:00,2024-01-16 21:00:00+00:00,13794,12042,40.5,1752,1752,14.54907822620827,21
2024-01-15 04:30:00+00:00,2024-01-16 22:00:00+00:00,13369,11610,41.5,1759,1759,15.150732127476314,22
2024-01-15 04:30:00+00:00,2024-01-16 23:00:00+00:00,12910,11622,42.5,1288,1288,11.082429874376183,23
2024-01-15 04:30:00+00:00,2024-01-17 00:00:00+00:00,12416,10883,43.5,1533,1533,14.086189469815308,0
2024-01-15 04:30:00+00:00,2024-01-17 01:00:00+00:00,11687,9675,44.5,2012,2012,20.795865633074936,1
2024-01-15 04:30:00+00:00,2024-01-17 02:00:00+00:00,10867,9013,45.5,1854,1854,20.570287362698323,2
2024-01-15 04:30:00+00:00,2024-01-17 03:00:00+00:00,9959,7573,46.5,2386,2386,31.506668427307538,3
2024-01-15 04:30:00+00:00,2024-01-17 04:00:00+00:00,9141,6030,47.5,3111,3111,51.592039800995025,4
2024-01-15 02:30:00+00:00,2024-01-15 21:00:00+00:00,10506,9569,18.5,937,937,9.792036785453027,21
2024-01-15 02:30:00+00:00,2024-01-15 22:00:00+00:00,9812,8995,19.5,817,817,9.082823790994997,22
2024-01-15 02:30:00+00:00,2024-01-15 23:00:00+00:00,9072,8022,20.5,1050,1050,13.089005235602095,23
2024-01-15 02:30:00+00:00,2024-01-16 00:00:00+00:00,8432,7892,21.5,540,540,6.842372022301064,0
2024-01-15 02:30:00+00:00,2024-01-16 01:00:00+00:00,8107,7270,22.5,837,837,11.513067400275103,1
2024-01-15 02:30:00+00:00,2024-01-16 02:00:00+00:00,7537,6228,23.5,1309,1309,21.017983301220294,2
2024-01-15 02:30:00+00:00,2024-01-16 03:00:00+00:00,7368,5814,24.5,1554,1554,26.72858617131063,3
2024-01-15 02:30:00+00:00,2024-01-16 04:00:00+00:00,7537,5985,25.5,1552,1552,25.931495405179618,4
2024-01-15 02:30:00+00:00,2024-01-16 05:00:00+00:00,7807,6396,26.5,1411,1411,22.06066291432145,5
2024-01-15 02:30:00+00:00,2024-01-16 06:00:00+00:00,7844,7111,27.5,733,733,10.307973562086907,6
2024-01-15 02:30:00+00:00,2024-01-16 07:00:00+00:00,8427,7343,28.5,1084,1084,14.762358708974531,7
2024-01-15 02:30:00+00:00,2024-01-16 08:00:00+00:00,9335,7387,29.5,1948,1948,26.370651143901448,8
2024-01-15 02:30:00+00:00,2024-01-16 09:00:00+00:00,10219,7756,30.5,2463,2463,31.756059824651885,9
2024-01-15 02:30:00+00:00,2024-01-16 10:00:00+00:00,10809,7412,31.5,3397,3397,45.83108472746897,10
2024-01-15 02:30:00+00:00,2024-01-16 11:00:00+00:00,11493,7463,32.5,4030,4030,53.99973201125553,11
2024-01-15 02:30:00+00:00,2024-01-16 12:00:00+00:00,12155,7607,33.5,4548,4548,59.78703825423952,12
2024-01-15 02:30:00+00:00,2024-01-16 13:00:00+00:00,12898,8206,34.5,4692,4692,57.17767487204485,13
2024-01-15 02:30:00+00:00,2024-01-16 14:00:00+00:00,13373,9047,35.5,4326,4326,47.81695589698243,14
2024-01-15 02:30:00+00:00,2024-01-16 15:00:00+00:00,13634,9603,36.5,4031,4031,41.97646568780589,15
2024-01-15 02:30:00+00:00,2024-01-16 16:00:00+00:00,13482,11451,37.5,2031,2031,17.736442232119465,16
2024-01-15 02:30:00+00:00,2024-01-16 17:00:00+00:00,13826,12975,38.5,851,851,6.558766859344894,17
2024-01-15 02:30:00+00:00,2024-01-16 18:00:00+00:00,14080,12865,39.5,1215,1215,9.444228527011271,18
2024-01-15 02:30:00+00:00,2024-01-16 19:00:00+00:00,14033,13083,40.5,950,950,7.261331498891692,19
2024-01-15 02:30:00+00:00,2024-01-16 20:00:00+00:00,13951,12888,41.5,1063,1063,8.247982619491,20
2024-01-15 02:30:00+00:00,2024-01-16 21:00:00+00:00,13830,12042,42.5,1788,1788,14.848031888390633,21
2024-01-15 02:30:00+00:00,2024-01-16 22:00:00+00:00,13397,11610,43.5,1787,1787,15.391903531438414,22
2024-01-15 02:30:00+00:00,2024-01-16 23:00:00+00:00,12932,11622,44.5,1310,1310,11.271726036826708,23
2024-01-15 02:30:00+00:00,2024-01-17 00:00:00+00:00,12432,10883,45.5,1549,1549,14.233207755214556,0
2024-01-15 02:30:00+00:00,2024-01-17 01:00:00+00:00,11697,9675,46.5,2022,2022,20.89922480620155,1
2024-01-15 02:30:00+00:00,2024-01-17 02:00:00+00:00,10873,9013,47.5,1860,1860,20.63685787196272,2
2024-01-14 22:30:00+00:00,2024-01-15 03:00:00+00:00,16095,14534,4.5,1561,1561,10.740333012247143,3
2024-01-14 22:30:00+00:00,2024-01-15 04:00:00+00:00,16158,14840,5.5,1318,1318,8.881401617250674,4
2024-01-14 22:30:00+00:00,2024-01-15 05:00:00+00:00,16235,15001,6.5,1234,1234,8.226118258782748,5
2024-01-14 22:30:00+00:00,2024-01-15 06:00:00+00:00,16184,15022,7.5,1162,1162,7.735321528424977,6
2024-01-14 22:30:00+00:00,2024-01-15 07:00:00+00:00,16030,14963,8.5,1067,1067,7.130922943260042,7
2024-01-14 22:30:00+00:00,2024-01-15 08:00:00+00:00,15777,14492,9.5,1285,1285,8.866961081976262,8
2024-01-14 22:30:00+00:00,2024-01-15 09:00:00+00:00,15580,14233,10.5,1347,1347,9.463921871706598,9
2024-01-14 22:30:00+00:00,2024-01-15 10:00:00+00:00,15561,14315,11.5,1246,1246,8.704156479217604,10
2024-01-14 22:30:00+00:00,2024-01-15 11:00:00+00:00,15576,13835,12.5,1741,1741,12.58402602096133,11
2024-01-14 22:30:00+00:00,2024-01-15 12:00:00+00:00,15668,13529,13.5,2139,2139,15.810481188557912,12
2024-01-14 22:30:00+00:00,2024-01-15 13:00:00+00:00,15633,13859,14.5,1774,1774,12.800346345335162,13
2024-01-14 22:30:00+00:00,2024-01-15 14:00:00+00:00,15150,13810,15.5,1340,1340,9.703113685734975,14
2024-01-14 22:30:00+00:00,2024-01-15 15:00:00+00:00,14256,13547,16.5,709,709,5.2336310622278,15
2024-01-14 22:30:00+00:00,2024-01-15 16:00:00+00:00,13637,12939,17.5,698,698,5.394543627791947,16
2024-01-14 22:30:00+00:00,2024-01-15 17:00:00+00:00,13203,12466,18.5,737,737,5.912080859939034,17
2024-01-14 22:30:00+00:00,2024-01-15 18:00:00+00:00,12635,11775,19.5,860,860,7.3036093418259025,18
2024-01-14 22:30:00+00:00,2024-01-15 19:00:00+00:00,11835,10834,20.5,1001,1001,9.239431419604948,19
2024-01-14 22:30:00+00:00,2024-01-15 20:00:00+00:00,11023,10046,21.5,977,977,9.725263786581724,20
2024-01-14 22:30:00+00:00,2024-01-15 21:00:00+00:00,10306,9569,22.5,737,737,7.701954227191974,21
2024-01-14 22:30:00+00:00,2024-01-15 22:00:00+00:00,9571,8995,23.5,576,576,6.403557531962201,22
2024-01-14 22:30:00+00:00,2024-01-15 23:00:00+00:00,8746,8022,24.5,724,724,9.025180752929444,23
2024-01-14 22:30:00+00:00,2024-01-16 00:00:00+00:00,8274,7892,25.5,382,382,4.840344652812975,0
2024-01-14 22:30:00+00:00,2024-01-16 01:00:00+00:00,7855,7270,26.5,585,585,8.046767537826685,1
2024-01-14 22:30:00+00:00,2024-01-16 02:00:00+00:00,7540,6228,27.5,1312,1312,21.06615285806037,2
2024-01-14 22:30:00+00:00,2024-01-16 03:00:00+00:00,7424,5814,28.5,1610,1610,27.691778465772277,3
2024-01-14 22:30:00+00:00,2024-01-16 04:00:00+00:00,7555,5985,29.5,1570,1570,26.232247284878863,4
2024-01-14 22:30:00+00:00,2024-01-16 05:00:00+00:00,7835,6396,30.5,1439,1439,22.49843652282677,5
2024-01-14 22:30:00+00:00,2024-01-16 06:00:00+00:00,7839,7111,31.5,728,728,10.23765996343693,6
2024-01-14 22:30:00+00:00,2024-01-16 07:00:00+00:00,8227,7343,32.5,884,884,12.038676290344545,7
2024-01-14 22:30:00+00:00,2024-01-16 08:00:00+00:00,9077,7387,33.5,1690,1690,22.87802896981183,8
2024-01-14 22:30:00+00:00,2024-01-16 09:00:00+00:00,9932,7756,34.5,2176,2176,28.055698813821557,9
2024-01-14 22:30:00+00:00,2024-01-16 10:00:00+00:00,10120,7412,35.5,2708,2708,36.5353480841878,10
2024-01-14 22:30:00+00:00,2024-01-16 11:00:00+00:00,10944,7463,36.5,3481,3481,46.64344097547903,11
2024-01-14 22:30:00+00:00,2024-01-16 12:00:00+00:00,11689,7607,37.5,4082,4082,53.661101616931774,12
2024-01-14 22:30:00+00:00,2024-01-16 13:00:00+00:00,12231,8206,38.5,4025,4025,49.049475993175726,13
2024-01-14 22:30:00+00:00,2024-01-16 14:00:00+00:00,12694,9047,39.5,3647,3647,40.31170553774732,14
2024-01-14 22:30:00+00:00,2024-01-16 15:00:00+00:00,13081,9603,40.5,3478,3478,36.21784858898261,15
2024-01-14 22:30:00+00:00,2024-01-16 16:00:00+00:00,13253,11451,41.5,1802,1802,15.736616889354641,16
2024-01-14 22:30:00+00:00,2024-01-16 17:00:00+00:00,13365,12975,42.5,390,390,3.005780346820809,17
2024-01-14 22:30:00+00:00,2024-01-16 18:00:00+00:00,13427,12865,43.5,562,562,4.368441507967353,18
2024-01-14 22:30:00+00:00,2024-01-16 19:00:00+00:00,13319,13083,44.5,236,236,1.803867614461515,19
2024-01-14 22:30:00+00:00,2024-01-16 20:00:00+00:00,13178,12888,45.5,290,290,2.250155183116077,20
2024-01-14 22:30:00+00:00,2024-01-16 21:00:00+00:00,13001,12042,46.5,959,959,7.963793389802358,21
2024-01-14 18:30:00+00:00,2024-01-14 23:00:00+00:00,14946,13352,4.5,1594,1594,11.938286399041342,23
2024-01-14 18:30:00+00:00,2024-01-15 00:00:00+00:00,15252,13826,5.5,1426,1426,10.31390134529148,0
2024-01-14 18:30:00+00:00,2024-01-15 01:00:00+00:00,15538,14343,6.5,1195,1195,8.33159032280555,1
2024-01-14 18:30:00+00:00,2024-01-15 02:00:00+00:00,15885,14431,7.5,1454,1454,10.075531841175248,2
2024-01-14 18:30:00+00:00,2024-01-15 03:00:00+00:00,16105,14534,8.5,1571,1571,10.809137195541489,3
2024-01-14 18:30:00+00:00,2024-01-15 04:00:00+00:00,16166,14840,9.5,1326,1326,8.935309973045822,4
2024-01-14 18:30:00+00:00,2024-01-15 05:00:00+00:00,16242,15001,10.5,1241,1241,8.272781814545697,5
2024-01-14 18:30:00+00:00,2024-01-15 06:00:00+00:00,16188,15022,11.5,1166,1166,7.761949141259486,6
2024-01-14 18:30:00+00:00,2024-01-15 07:00:00+00:00,16031,14963,12.5,1068,1068,7.1376060950344185,7
2024-01-14 18:30:00+00:00,2024-01-15 08:00:00+00:00,15774,14492,13.5,1282,1282,8.846260005520287,8
2024-01-14 18:30:00+00:00,2024-01-15 09:00:00+00:00,15580,14233,14.5,1347,1347,9.463921871706598,9
2024-01-14 18:30:00+00:00,2024-01-15 10:00:00+00:00,15563,14315,15.5,1248,1248,8.71812783793224,10
2024-01-14 18:30:00+00:00,2024-01-15 11:00:00+00:00,15578,13835,16.5,1743,1743,12.598482110589085,11
2024-01-14 18:30:00+00:00,2024-01-15 12:00:00+00:00,15667,13529,17.5,2138,2138,15.8030896592505,12
2024-01-14 18:30:00+00:00,2024-01-15 13:00:00+00:00,15634,13859,18.5,1775,1775,12.807561873151021,13
2024-01-14 18:30:00+00:00,2024-01-15 14:00:00+00:00,15152,13810,19.5,1342,1342,9.717595944967416,14
2024-01-14 18:30:00+00:00,2024-01-15 15:00:00+00:00,14256,13547,20.5,709,709,5.2336310622278,15
2024-01-14 18:30:00+00:00,2024-01-15 16:00:00+00:00,13637,12939,21.5,698,698,5.394543627791947,16
2024-01-14 18:30:00+00:00,2024-01-15 17:00:00+00:00,13204,12466,22.5,738,738,5.9201026792876625,17
2024-01-14 18:30:00+00:00,2024-01-15 18:00:00+00:00,12638,11775,23.5,863,863,7.329087048832273,18
2024-01-14 18:30:00+00:00,2024-01-15 19:00:00+00:00,11836,10834,24.5,1002,1002,9.248661620823334,19
2024-01-14 18:30:00+00:00,2024-01-15 20:00:00+00:00,11022,10046,25.5,976,976,9.715309575950627,20
2024-01-14 18:30:00+00:00,2024-01-15 21:00:00+00:00,10305,9569,26.5,736,736,7.691503814400669,21
2024-01-14 18:30:00+00:00,2024-01-15 22:00:00+00:00,9571,8995,27.5,576,576,6.403557531962201,22
2024-01-14 18:30:00+00:00,2024-01-15 23:00:00+00:00,8746,8022,28.5,724,724,9.025180752929444,23
2024-01-14 18:30:00+00:00,2024-01-16 00:00:00+00:00,8275,7892,29.5,383,383,4.853015712113533,0
2024-01-14 18:30:00+00:00,2024-01-16 01:00:00+00:00,7857,7270,30.5,587,587,8.074277854195323,1
2024-01-14 18:30:00+00:00,2024-01-16 02:00:00+00:00,7540,6228,31.5,1312,1312,21.06615285806037,2
2024-01-14 18:30:00+00:00,2024-01-16 03:00:00+00:00,7425,5814,32.5,1611,1611,27.708978328173373,3
2024-01-14 18:30:00+00:00,2024-01-16 04:00:00+00:00,7554,5985,33.5,1569,1569,26.21553884711779,4
2024-01-14 18:30:00+00:00,2024-01-16 05:00:00+00:00,7835,6396,34.5,1439,1439,22.49843652282677,5
2024-01-14 18:30:00+00:00,2024-01-16 06:00:00+00:00,7838,7111,35.5,727,727,10.223597243706934,6
2024-01-14 18:30:00+00:00,2024-01-16 07:00:00+00:00,8226,7343,36.5,883,883,12.025057878251395,7
2024-01-14 18:30:00+00:00,2024-01-16 08:00:00+00:00,9076,7387,37.5,1689,1689,22.86449167456342,8
2024-01-14 18:30:00+00:00,2024-01-16 09:00:00+00:00,9933,7756,38.5,2177,2177,28.068592057761734,9
2024-01-14 18:30:00+00:00,2024-01-16 10:00:00+00:00,10122,7412,39.5,2710,2710,36.56233135456017,10
2024-01-14 18:30:00+00:00,2024-01-16 11:00:00+00:00,10949,7463,40.5,3486,3486,46.71043816159721,11
2024-01-14 18:30:00+00:00,2024-01-16 12:00:00+00:00,11699,7607,41.5,4092,4092,53.79255948468516,12
2024-01-14 18:30:00+00:00,2024-01-16 13:00:00+00:00,12240,8206,42.5,4034,4034,49.15915184011699,13
2024-01-14 18:30:00+00:00,2024-01-16 14:00:00+00:00,12703,9047,43.5,3656,3656,40.41118602851774,14
2024-01-14 18:30:00+00:00,2024-01-16 15:00:00+00:00,13089,9603,44.5,3486,3486,36.301155888784756,15
2024-01-14 18:30:00+00:00,2024-01-16 16:00:00+00:00,13261,11451,45.5,1810,1810,15.80647978342503,16
2024-01-14 18:30:00+00:00,2024-01-16 17:00:00+00:00,13373,12975,46.5,398,398,3.067437379576108,17
2024-01-14 18:30:00+00:00,2024-01-16 18:00:00+00:00,13436,12865,47.5,571,571,4.438398756315585,18
2024-01-14 15:30:00+00:00,2024-01-14 21:00:00+00:00,14656,13213,5.5,1443,1443,10.921062589873609,21
2024-01-14 15:30:00+00:00,2024-01-14 22:00:00+00:00,14898,13731,6.5,1167,1167,8.499016823246668,22
2024-01-14 15:30:00+00:00,2024-01-14 23:00:00+00:00,15100,13352,7.5,1748,1748,13.091671659676454,23
2024-01-14 15:30:00+00:00,2024-01-15 00:00:00+00:00,15370,13826,8.5,1544,1544,11.167365832489512,0
2024-01-14 15:30:00+00:00,2024-01-15 01:00:00+00:00,15628,14343,9.5,1285,1285,8.959074112807642,1
2024-01-14 15:30:00+00:00,2024-01-15 02:00:00+00:00,15930,14431,10.5,1499,1499,10.387360543274895,2
2024-01-14 15:30:00+00:00,2024-01-15 03:00:00+00:00,16121,14534,11.5,1587,1587,10.919223888812441,3
2024-01-14 15:30:00+00:00,2024-01-15 04:00:00+00:00,16223,14840,12.5,1383,1383,9.319407008086253,4
2024-01-14 15:30:00+00:00,2024-01-15 05:00:00+00:00,16248,15001,13.5,1247,1247,8.312779148056796,5
2024-01-14 15:30:00+00:00,2024-01-15 06:00:00+00:00,16282,15022,14.5,1260,1260,8.387698042870456,6
2024-01-14 15:30:00+00:00,2024-01-15 07:00:00+00:00,16198,14963,15.5,1235,1235,8.253692441355343,7
2024-01-14 15:30:00+00:00,2024-01-15 08:00:00+00:00,16004,14492,16.5,1512,1512,10.433342533811759,8
2024-01-14 15:30:00+00:00,2024-01-15 09:00:00+00:00,15872,14233,17.5,1639,1639,11.515492166092884,9
2024-01-14 15:30:00+00:00,2024-01-15 10:00:00+00:00,15846,14315,18.5,1531,1531,10.695075096053092,10
2024-01-14 15:30:00+00:00,2024-01-15 11:00:00+00:00,15878,13835,19.5,2043,2043,14.766895554752441,11
2024-01-14 15:30:00+00:00,2024-01-15 12:00:00+00:00,15995,13529,20.5,2466,2466,18.227511272082193,12
2024-01-14 15:30:00+00:00,2024-01-15 13:00:00+00:00,15971,13859,21.5,2112,2112,15.23919474709575,13
2024-01-14 15:30:00+00:00,2024-01-15 14:00:00+00:00,15515,13810,22.5,1705,1705,12.34612599565532,14
2024-01-14 15:30:00+00:00,2024-01-15 15:00:00+00:00,14596,13547,23.5,1049,1049,7.74341182549642,15
2024-01-14 15:30:00+00:00,2024-01-15 16:00:00+00:00,14004,12939,24.5,1065,1065,8.230929747275677,16
2024-01-14 15:30:00+00:00,2024-01-15 17:00:00+00:00,13618,12466,25.5,1152,1152,9.241135889619766,17
2024-01-14 15:30:00+00:00,2024-01-15 18:00:00+00:00,13089,11775,26.5,1314,1314,11.159235668789808,18
2024-01-14 15:30:00+00:00,2024-01-15 19:00:00+00:00,12383,10834,27.5,1549,1549,14.297581687280783,19
2024-01-14 15:30:00+00:00,2024-01-15 20:00:00+00:00,11573,10046,28.5,1527,1527,15.200079633685048,20
2024-01-14 15:30:00+00:00,2024-01-15 21:00:00+00:00,10824,9569,29.5,1255,1255,13.115268053088098,21
2024-01-14 15:30:00+00:00,2024-01-15 22:00:00+00:00,9840,8995,30.5,845,845,9.394107837687605,22
2024-01-14 15:30:00+00:00,2024-01-15 23:00:00+00:00,9088,8022,31.5,1066,1066,13.288456743954127,23
2024-01-14 15:30:00+00:00,2024-01-16 00:00:00+00:00,8499,7892,32.5,607,607,7.691332995438419,0
2024-01-14 15:30:00+00:00,2024-01-16 01:00:00+00:00,8003,7270,33.5,733,733,10.082530949105916,1
2024-01-14 15:30:00+00:00,2024-01-16 02:00:00+00:00,7830,6228,34.5,1602,1602,25.722543352601157,2
2024-01-14 15:30:00+00:00,2024-01-16 03:00:00+00:00,7611,5814,35.5,1797,1797,30.90815273477812,3
2024-01-14 15:30:00+00:00,2024-01-16 04:00:00+00:00,7357,5985,36.5,1372,1372,22.923976608187136,4
2024-01-14 15:30:00+00:00,2024-01-16 05:00:00+00:00,7522,6396,37.5,1126,1126,17.60475297060663,5
2024-01-14 15:30:00+00:00,2024-01-16 06:00:00+00:00,7733,7111,38.5,622,622,8.747011672057376,6
2024-01-14 15:30:00+00:00,2024-01-16 07:00:00+00:00,8287,7343,39.5,944,944,12.855781015933543,7
2024-01-14 15:30:00+00:00,2024-01-16 08:00:00+00:00,8883,7387,40.5,1496,1496,20.251793691620414,8
2024-01-14 15:30:00+00:00,2024-01-16 09:00:00+00:00,9470,7756,41.5,1714,1714,22.099020113460547,9
2024-01-14 15:30:00+00:00,2024-01-16 10:00:00+00:00,10331,7412,42.5,2919,2919,39.38208310847275,10
2024-01-14 15:30:00+00:00,2024-01-16 11:00:00+00:00,11128,7463,43.5,3665,3665,49.10893742462817,11
2024-01-14 15:30:00+00:00,2024-01-16 12:00:00+00:00,11859,7607,44.5,4252,4252,55.895885368739314,12
2024-01-14 15:30:00+00:00,2024-01-16 13:00:00+00:00,12292,8206,45.5,4086,4086,49.792834511333176,13
2024-01-14 15:30:00+00:00,2024-01-16 14:00:00+00:00,12663,9047,46.5,3616,3616,39.96905051398254,14
2024-01-14 15:30:00+00:00,2024-01-16 15:00:00+00:00,12974,9603,47.5,3371,3371,35.10361345412892,15
2024-01-14 11:30:00+00:00,2024-01-14 21:00:00+00:00,14869,13213,9.5,1656,1656,12.533111329751003,21
2024-01-14 11:30:00+00:00,2024-01-14 22:00:00+00:00,15088,13731,10.5,1357,1357,9.882747068676718,22
2024-01-14 11:30:00+00:00,2024-01-14 23:00:00+00:00,15305,13352,11.5,1953,1953,14.627022168963451,23
2024-01-14 11:30:00+00:00,2024-01-15 00:00:00+00:00,15532,13826,12.5,1706,1706,12.33907131491393,0
2024-01-14 11:30:00+00:00,2024-01-15 01:00:00+00:00,15753,14343,13.5,1410,1410,9.830579376699436,1
2024-01-14 11:30:00+00:00,2024-01-15 02:00:00+00:00,15964,14431,14.5,1533,1533,10.622964451527961,2
2024-01-14 11:30:00+00:00,2024-01-15 03:00:00+00:00,16117,14534,15.5,1583,1583,10.891702215494702,3
2024-01-14 11:30:00+00:00,2024-01-15 04:00:00+00:00,16249,14840,16.5,1409,1409,9.494609164420485,4
2024-01-14 11:30:00+00:00,2024-01-15 05:00:00+00:00,16313,15001,17.5,1312,1312,8.746083594427038,5
2024-01-14 11:30:00+00:00,2024-01-15 06:00:00+00:00,16377,15022,18.5,1355,1355,9.020103847690054,6
2024-01-14 11:30:00+00:00,2024-01-15 07:00:00+00:00,16276,14963,19.5,1313,1313,8.774978279756732,7
2024-01-14 11:30:00+00:00,2024-01-15 08:00:00+00:00,16114,14492,20.5,1622,1622,11.192382003864202,8
2024-01-14 11:30:00+00:00,2024-01-15 09:00:00+00:00,15978,14233,21.5,1745,1745,12.260240286657767,9
2024-01-14 11:30:00+00:00,2024-01-15 10:00:00+00:00,16007,14315,22.5,1692,1692,11.819769472581209,10
2024-01-14 11:30:00+00:00,2024-01-15 11:00:00+00:00,16070,13835,23.5,2235,2235,16.154680159016984,11
2024-01-14 11:30:00+00:00,2024-01-15 12:00:00+00:00,16226,13529,24.5,2697,2697,19.93495454209476,12
2024-01-14 11:30:00+00:00,2024-01-15 13:00:00+00:00,16200,13859,25.5,2341,2341,16.891550616927628,13
2024-01-14 11:30:00+00:00,2024-01-15 14:00:00+00:00,15867,13810,26.5,2057,2057,14.89500362056481,14
2024-01-14 11:30:00+00:00,2024-01-15 15:00:00+00:00,15008,13547,27.5,1461,1461,10.784675573927807,15
2024-01-14 11:30:00+00:00,2024-01-15 16:00:00+00:00,14502,12939,28.5,1563,1563,12.079758868536981,16
2024-01-14 11:30:00+00:00,2024-01-15 17:00:00+00:00,14075,12466,29.5,1609,1609,12.907107331942886,17
2024-01-14 11:30:00+00:00,2024-01-15 18:00:00+00:00,13518,11775,30.5,1743,1743,14.802547770700636,18
2024-01-14 11:30:00+00:00,2024-01-15 19:00:00+00:00,12954,10834,31.5,2120,2120,19.56802658297951,19
2024-01-14 11:30:00+00:00,2024-01-15 20:00:00+00:00,12233,10046,32.5,2187,2187,21.769858650209038,20
2024-01-14 11:30:00+00:00,2024-01-15 21:00:00+00:00,11543,9569,33.5,1974,1974,20.629114850036576,21
2024-01-14 11:30:00+00:00,2024-01-15 22:00:00+00:00,10205,8995,34.5,1210,1210,13.451917732073374,22
2024-01-14 11:30:00+00:00,2024-01-15 23:00:00+00:00,9562,8022,35.5,1540,1540,19.19720767888307,23
2024-01-14 11:30:00+00:00,2024-01-16 00:00:00+00:00,8889,7892,36.5,997,997,12.633046122655852,0
2024-01-14 11:30:00+00:00,2024-01-16 01:00:00+00:00,8541,7270,37.5,1271,1271,17.482806052269602,1
2024-01-14 11:30:00+00:00,2024-01-16 02:00:00+00:00,8183,6228,38.5,1955,1955,31.39049454078356,2
2024-01-14 11:30:00+00:00,2024-01-16 03:00:00+00:00,7823,5814,39.5,2009,2009,34.55452356381149,3
2024-01-14 11:30:00+00:00,2024-01-16 04:00:00+00:00,7923,5985,40.5,1938,1938,32.38095238095238,4
2024-01-14 11:30:00+00:00,2024-01-16 05:00:00+00:00,8052,6396,41.5,1656,1656,25.89118198874296,5
2024-01-14 11:30:00+00:00,2024-01-16 06:00:00+00:00,8208,7111,42.5,1097,1097,15.426803543805374,6
2024-01-14 11:30:00+00:00,2024-01-16 07:00:00+00:00,8641,7343,43.5,1298,1298,17.676698896908622,7
2024-01-14 11:30:00+00:00,2024-01-16 08:00:00+00:00,9114,7387,44.5,1727,1727,23.37890889400298,8
2024-01-14 11:30:00+00:00,2024-01-16 09:00:00+00:00,9595,7756,45.5,1839,1839,23.710675605982466,9
2024-01-14 11:30:00+00:00,2024-01-16 10:00:00+00:00,10421,7412,46.5,3009,3009,40.596330275229356,10
2024-01-14 11:30:00+00:00,2024-01-16 11:00:00+00:00,11184,7463,47.5,3721,3721,49.859305909151814,11
2024-01-14 09:30:00+00:00,2024-01-14 21:00:00+00:00,14890,13213,11.5,1677,1677,12.692045712555815,21
2024-01-14 09:30:00+00:00,2024-01-14 22:00:00+00:00,15102,13731,12.5,1371,1371,9.984706139392616,22
2024-01-14 09:30:00+00:00,2024-01-14 23:00:00+00:00,15316,13352,13.5,1964,1964,14.709406830437388,23
2024-01-14 09:30:00+00:00,2024-01-15 00:00:00+00:00,15555,13826,14.5,1729,1729,12.505424562418632,0
2024-01-14 09:30:00+00:00,2024-01-15 01:00:00+00:00,15758,14343,15.5,1415,1415,9.865439587255107,1
2024-01-14 09:30:00+00:00,2024-01-15 02:00:00+00:00,15959,14431,16.5,1528,1528,10.588316817961333,2
2024-01-14 09:30:00+00:00,2024-01-15 03:00:00+00:00,16116,14534,17.5,1582,1582,10.884821797165268,3
2024-01-14 09:30:00+00:00,2024-01-15 04:00:00+00:00,16246,14840,18.5,1406,1406,9.474393530997304,4
2024-01-14 09:30:00+00:00,2024-01-15 05:00:00+00:00,16316,15001,19.5,1315,1315,8.766082261182587,5
2024-01-14 09:30:00+00:00,2024-01-15 06:00:00+00:00,16388,15022,20.5,1366,1366,9.093329782984956,6
2024-01-14 09:30:00+00:00,2024-01-15 07:00:00+00:00,16276,14963,21.5,1313,1313,8.774978279756732,7
2024-01-14 09:30:00+00:00,2024-01-15 08:00:00+00:00,16115,14492,22.5,1623,1623,11.19928236268286,8
2024-01-14 09:30:00+00:00,2024-01-15 09:00:00+00:00,15987,14233,23.5,1754,1754,12.323473617649125,9
2024-01-14 09:30:00+00:00,2024-01-15 10:00:00+00:00,16002,14315,24.5,1687,1687,11.78484107579462,10
2024-01-14 09:30:00+00:00,2024-01-15 11:00:00+00:00,16080,13835,25.5,2245,2245,16.226960607155764,11
2024-01-14 09:30:00+00:00,2024-01-15 12:00:00+00:00,16243,13529,26.5,2714,2714,20.06061054032079,12
2024-01-14 09:30:00+00:00,2024-01-15 13:00:00+00:00,16223,13859,27.5,2364,2364,17.057507756692402,13
2024-01-14 09:30:00+00:00,2024-01-15 14:00:00+00:00,15890,13810,28.5,2080,2080,15.061549601737873,14
2024-01-14 09:30:00+00:00,2024-01-15 15:00:00+00:00,15038,13547,29.5,1491,1491,11.006126817745626,15
2024-01-14 09:30:00+00:00,2024-01-15 16:00:00+00:00,14532,12939,30.5,1593,1593,12.311616044516578,16
2024-01-14 09:30:00+00:00,2024-01-15 17:00:00+00:00,14093,12466,31.5,1627,1627,13.051500080218192,17
2024-01-14 09:30:00+00:00,2024-01-15 18:00:00+00:00,13540,11775,32.5,1765,1765,14.989384288747345,18
2024-01-14 09:30:00+00:00,2024-01-15 19:00:00+00:00,12965,10834,33.5,2131,2131,19.66955879638176,19
2024-01-14 09:30:00+00:00,2024-01-15 20:00:00+00:00,12248,10046,34.5,2202,2202,21.919171809675493,20
2024-01-14 09:30:00+00:00,2024-01-15 21:00:00+00:00,11558,9569,35.5,1989,1989,20.785871041906155,21
2024-01-14 09:30:00+00:00,2024-01-15 22:00:00+00:00,10234,8995,36.5,1239,1239,13.77431906614786,22
2024-01-14 09:30:00+00:00,2024-01-15 23:00:00+00:00,9591,8022,37.5,1569,1569,19.55871353777113,23
2024-01-14 09:30:00+00:00,2024-01-16 00:00:00+00:00,8910,7892,38.5,1018,1018,12.899138367967561,0
2024-01-14 09:30:00+00:00,2024-01-16 01:00:00+00:00,8568,7270,39.5,1298,1298,17.854195323246216,1
2024-01-14 09:30:00+00:00,2024-01-16 02:00:00+00:00,8209,6228,40.5,1981,1981,31.80796403339756,2
2024-01-14 09:30:00+00:00,2024-01-16 03:00:00+00:00,7839,5814,41.5,2025,2025,34.82972136222911,3
2024-01-14 09:30:00+00:00,2024-01-16 04:00:00+00:00,7936,5985,42.5,1951,1951,32.59816207184628,4
2024-01-14 09:30:00+00:00,2024-01-16 05:00:00+00:00,8060,6396,43.5,1664,1664,26.01626016260163,5
2024-01-14 09:30:00+00:00,2024-01-16 06:00:00+00:00,8212,7111,44.5,1101,1101,15.483054422725356,6
2024-01-14 09:30:00+00:00,2024-01-16 07:00:00+00:00,8647,7343,45.5,1304,1304,17.758409369467522,7
2024-01-14 09:30:00+00:00,2024-01-16 08:00:00+00:00,9121,7387,46.5,1734,1734,23.473669960741844,8
2024-01-14 09:30:00+00:00,2024-01-16 09:00:00+00:00,9603,7756,47.5,1847,1847,23.813821557503868,9
2024-01-14 07:30:00+00:00,2024-01-14 21:00:00+00:00,14890,13213,13.5,1677,1677,12.692045712555815,21
2024-01-14 07:30:00+00:00,2024-01-14 22:00:00+00:00,15102,13731,14.5,1371,1371,9.984706139392616,22
2024-01-14 07:30:00+00:00,2024-01-14 23:00:00+00:00,15316,13352,15.5,1964,1964,14.709406830437388,23
2024-01-14 07:30:00+00:00,2024-01-15 00:00:00+00:00,15555,13826,16.5,1729,1729,12.505424562418632,0
2024-01-14 07:30:00+00:00,2024-01-15 01:00:00+00:00,15757,14343,17.5,1414,1414,9.858467545143974,1
2024-01-14 07:30:00+00:00,2024-01-15 02:00:00+00:00,15959,14431,18.5,1528,1528,10.588316817961333,2
2024-01-14 07:30:00+00:00,2024-01-15 03:00:00+00:00,16116,14534,19.5,1582,1582,10.884821797165268,3
2024-01-14 07:30:00+00:00,2024-01-15 04:00:00+00:00,16247,14840,20.5,1407,1407,9.481132075471699,4
2024-01-14 07:30:00+00:00,2024-01-15 05:00:00+00:00,16317,15001,21.5,1316,1316,8.772748483434437,5
2024-01-14 07:30:00+00:00,2024-01-15 06:00:00+00:00,16390,15022,22.5,1368,1368,9.10664358940221,6
2024-01-14 07:30:00+00:00,2024-01-15 07:00:00+00:00,16277,14963,23.5,1314,1314,8.78166143153111,7
2024-01-14 07:30:00+00:00,2024-01-15 08:00:00+00:00,16116,14492,24.5,1624,1624,11.206182721501518,8
2024-01-14 07:30:00+00:00,2024-01-15 09:00:00+00:00,15989,14233,25.5,1756,1756,12.33752546898054,9
2024-01-14 07:30:00+00:00,2024-01-15 10:00:00+00:00,16006,14315,26.5,1691,1691,11.812783793223891,10
2024-01-14 07:30:00+00:00,2024-01-15 11:00:00+00:00,16083,13835,27.5,2248,2248,16.2486447415974,11
2024-01-14 07:30:00+00:00,2024-01-15 12:00:00+00:00,16245,13529,28.5,2716,2716,20.07539359893562,12
2024-01-14 07:30:00+00:00,2024-01-15 13:00:00+00:00,16227,13859,29.5,2368,2368,17.086369867955842,13
2024-01-14 07:30:00+00:00,2024-01-15 14:00:00+00:00,15894,13810,30.5,2084,2084,15.090514120202753,14
2024-01-14 07:30:00+00:00,2024-01-15 15:00:00+00:00,15040,13547,31.5,1493,1493,11.020890234000149,15
2024-01-14 07:30:00+00:00,2024-01-15 16:00:00+00:00,14531,12939,32.5,1592,1592,12.303887471983925,16
2024-01-14 07:30:00+00:00,2024-01-15 17:00:00+00:00,14092,12466,33.5,1626,1626,13.043478260869565,17
2024-01-14 07:30:00+00:00,2024-01-15 18:00:00+00:00,13540,11775,34.5,1765,1765,14.989384288747345,18
2024-01-14 07:30:00+00:00,2024-01-15 19:00:00+00:00,12965,10834,35.5,2131,2131,19.66955879638176,19
2024-01-14 07:30:00+00:00,2024-01-15 20:00:00+00:00,12249,10046,36.5,2203,2203,21.92912602030659,20
2024-01-14 07:30:00+00:00,2024-01-15 21:00:00+00:00,11560,9569,37.5,1991,1991,20.806771867488767,21
2024-01-14 07:30:00+00:00,2024-01-15 22:00:00+00:00,10236,8995,38.5,1241,1241,13.796553640911618,22
2024-01-14 07:30:00+00:00,2024-01-15 23:00:00+00:00,9593,8022,39.5,1571,1571,19.583644976315135,23
2024-01-14 07:30:00+00:00,2024-01-16 00:00:00+00:00,8912,7892,40.5,1020,1020,12.924480486568676,0
2024-01-14 07:30:00+00:00,2024-01-16 01:00:00+00:00,8569,7270,41.5,1299,1299,17.867950481430537,1
2024-01-14 07:30:00+00:00,2024-01-16 02:00:00+00:00,8210,6228,42.5,1982,1982,31.82402055234425,2
2024-01-14 07:30:00+00:00,2024-01-16 03:00:00+00:00,7839,5814,43.5,2025,2025,34.82972136222911,3
2024-01-14 07:30:00+00:00,2024-01-16 04:00:00+00:00,7936,5985,44.5,1951,1951,32.59816207184628,4
2024-01-14 07:30:00+00:00,2024-01-16 05:00:00+00:00,8060,6396,45.5,1664,1664,26.01626016260163,5
2024-01-14 07:30:00+00:00,2024-01-16 06:00:00+00:00,8212,7111,46.5,1101,1101,15.483054422725356,6
2024-01-14 07:30:00+00:00,2024-01-16 07:00:00+00:00,8647,7343,47.5,1304,1304,17.758409369467522,7
2024-01-14 04:30:00+00:00,2024-01-14 21:00:00+00:00,15399,13213,16.5,2186,2186,16.54431241958677,21
2024-01-14 04:30:00+00:00,2024-01-14 22:00:00+00:00,15575,13731,17.5,1844,1844,13.429466171436893,22
2024-01-14 04:30:00+00:00,2024-01-14 23:00:00+00:00,15772,13352,18.5,2420,2420,18.124625524266026,23
2024-01-14 04:30:00+00:00,2024-01-15 00:00:00+00:00,15923,13826,19.5,2097,2097,15.167076522493852,0
2024-01-14 04:30:00+00:00,2024-01-15 01:00:00+00:00,16111,14343,20.5,1768,1768,12.326570452485534,1
2024-01-14 04:30:00+00:00,2024-01-15 02:00:00+00:00,16244,14431,21.5,1813,1813,12.563231931259095,2
2024-01-14 04:30:00+00:00,2024-01-15 03:00:00+00:00,16362,14534,22.5,1828,1828,12.577404706206138,3
2024-01-14 04:30:00+00:00,2024-01-15 04:00:00+00:00,16458,14840,23.5,1618,1618,10.902964959568733,4
2024-01-14 04:30:00+00:00,2024-01-15 05:00:00+00:00,16552,15001,24.5,1551,1551,10.339310712619158,5
2024-01-14 04:30:00+00:00,2024-01-15 06:00:00+00:00,16531,15022,25.5,1509,1509,10.045266941818666,6
2024-01-14 04:30:00+00:00,2024-01-15 07:00:00+00:00,16419,14963,26.5,1456,1456,9.730668983492615,7
2024-01-14 04:30:00+00:00,2024-01-15 08:00:00+00:00,16226,14492,27.5,1734,1734,11.965222191553961,8
2024-01-14 04:30:00+00:00,2024-01-15 09:00:00+00:00,16122,14233,28.5,1889,1889,13.271973582519497,9
2024-01-14 04:30:00+00:00,2024-01-15 10:00:00+00:00,16180,14315,29.5,1865,1865,13.028292001397135,10
2024-01-14 04:30:00+00:00,2024-01-15 11:00:00+00:00,16254,13835,30.5,2419,2419,17.48464040477051,11
2024-01-14 04:30:00+00:00,2024-01-15 12:00:00+00:00,16382,13529,31.5,2853,2853,21.088033114051296,12
2024-01-14 04:30:00+00:00,2024-01-15 13:00:00+00:00,16297,13859,32.5,2438,2438,17.591456815066024,13
2024-01-14 04:30:00+00:00,2024-01-15 14:00:00+00:00,15928,13810,33.5,2118,2118,15.336712527154237,14
2024-01-14 04:30:00+00:00,2024-01-15 15:00:00+00:00,15174,13547,34.5,1627,1627,12.010039123053074,15
2024-01-14 04:30:00+00:00,2024-01-15 16:00:00+00:00,14795,12939,35.5,1856,1856,14.344230620604376,16
2024-01-14 04:30:00+00:00,2024-01-15 17:00:00+00:00,14184,12466,36.5,1718,1718,13.781485640943366,17
2024-01-14 04:30:00+00:00,2024-01-15 18:00:00+00:00,13565,11775,37.5,1790,1790,15.201698513800425,18
2024-01-14 04:30:00+00:00,2024-01-15 19:00:00+00:00,13095,10834,38.5,2261,2261,20.869484954772012,19
2024-01-14 04:30:00+00:00,2024-01-15 20:00:00+00:00,12594,10046,39.5,2548,2548,25.363328688035036,20
2024-01-14 04:30:00+00:00,2024-01-15 21:00:00+00:00,12064,9569,40.5,2495,2495,26.073779914306616,21
2024-01-14 04:30:00+00:00,2024-01-15 22:00:00+00:00,11525,8995,41.5,2530,2530,28.126737076153418,22
2024-01-14 04:30:00+00:00,2024-01-15 23:00:00+00:00,10949,8022,42.5,2927,2927,36.487160309149836,23
2024-01-14 04:30:00+00:00,2024-01-16 00:00:00+00:00,10338,7892,43.5,2446,2446,30.99341104916371,0
2024-01-14 04:30:00+00:00,2024-01-16 01:00:00+00:00,9987,7270,44.5,2717,2717,37.372764786795045,1
2024-01-14 04:30:00+00:00,2024-01-16 02:00:00+00:00,9612,6228,45.5,3384,3384,54.33526011560693,2
2024-01-14 04:30:00+00:00,2024-01-16 03:00:00+00:00,9214,5814,46.5,3400,3400,58.47953216374269,3
2024-01-14 04:30:00+00:00,2024-01-16 04:00:00+00:00,9205,5985,47.5,3220,3220,53.80116959064327,4
2024-01-14 02:30:00+00:00,2024-01-14 21:00:00+00:00,15396,13213,18.5,2183,2183,16.521607507757512,21
2024-01-14 02:30:00+00:00,2024-01-14 22:00:00+00:00,15578,13731,19.5,1847,1847,13.451314543733158,22
2024-01-14 02:30:00+00:00,2024-01-14 23:00:00+00:00,15769,13352,20.5,2417,2417,18.102156980227683,23
2024-01-14 02:30:00+00:00,2024-01-15 00:00:00+00:00,15928,13826,21.5,2102,2102,15.203240271951396,0
2024-01-14 02:30:00+00:00,2024-01-15 01:00:00+00:00,16113,14343,22.5,1770,1770,12.3405145367078,1
2024-01-14 02:30:00+00:00,2024-01-15 02:00:00+00:00,16245,14431,23.5,1814,1814,12.57016145797242,2
2024-01-14 02:30:00+00:00,2024-01-15 03:00:00+00:00,16368,14534,24.5,1834,1834,12.618687216182744,3
2024-01-14 02:30:00+00:00,2024-01-15 04:00:00+00:00,16459,14840,25.5,1619,1619,10.909703504043126,4
2024-01-14 02:30:00+00:00,2024-01-15 05:00:00+00:00,16554,15001,26.5,1553,1553,10.352643157122857,5
2024-01-14 02:30:00+00:00,2024-01-15 06:00:00+00:00,16540,15022,27.5,1518,1518,10.10517907069631,6
2024-01-14 02:30:00+00:00,2024-01-15 07:00:00+00:00,16420,14963,28.5,1457,1457,9.737352135266992,7
2024-01-14 02:30:00+00:00,2024-01-15 08:00:00+00:00,16226,14492,29.5,1734,1734,11.965222191553961,8
2024-01-14 02:30:00+00:00,2024-01-15 09:00:00+00:00,16113,14233,30.5,1880,1880,13.20874025152814,9
2024-01-14 02:30:00+00:00,2024-01-15 10:00:00+00:00,16180,14315,31.5,1865,1865,13.028292001397135,10
2024-01-14 02:30:00+00:00,2024-01-15 11:00:00+00:00,16254,13835,32.5,2419,2419,17.48464040477051,11
2024-01-14 02:30:00+00:00,2024-01-15 12:00:00+00:00,16392,13529,33.5,2863,2863,21.161948407125433,12
2024-01-14 02:30:00+00:00,2024-01-15 13:00:00+00:00,16299,13859,34.5,2440,2440,17.605887870697742,13
2024-01-14 02:30:00+00:00,2024-01-15 14:00:00+00:00,15931,13810,35.5,2121,2121,15.358435916002897,14
2024-01-14 02:30:00+00:00,2024-01-15 15:00:00+00:00,15187,13547,36.5,1640,1640,12.106001328707464,15
2024-01-14 02:30:00+00:00,2024-01-15 16:00:00+00:00,14813,12939,37.5,1874,1874,14.483344926192132,16
2024-01-14 02:30:00+00:00,2024-01-15 17:00:00+00:00,14205,12466,38.5,1739,1739,13.94994384726456,17
2024-01-14 02:30:00+00:00,2024-01-15 18:00:00+00:00,13587,11775,39.5,1812,1812,15.388535031847134,18
2024-01-14 02:30:00+00:00,2024-01-15 19:00:00+00:00,13115,10834,40.5,2281,2281,21.054088979139745,19
2024-01-14 02:30:00+00:00,2024-01-15 20:00:00+00:00,12613,10046,41.5,2567,2567,25.55245869002588,20
2024-01-14 02:30:00+00:00,2024-01-15 21:00:00+00:00,12081,9569,42.5,2512,2512,26.251436931758803,21
2024-01-14 02:30:00+00:00,2024-01-15 22:00:00+00:00,11540,8995,43.5,2545,2545,28.2934963868816,22
2024-01-14 02:30:00+00:00,2024-01-15 23:00:00+00:00,10962,8022,44.5,2940,2940,36.64921465968586,23
2024-01-14 02:30:00+00:00,2024-01-16 00:00:00+00:00,10349,7892,45.5,2457,2457,31.132792701469842,0
2024-01-14 02:30:00+00:00,2024-01-16 01:00:00+00:00,9998,7270,46.5,2728,2728,37.52407152682256,1
2024-01-14 02:30:00+00:00,2024-01-16 02:00:00+00:00,9623,6228,47.5,3395,3395,54.51188182402055,2
2024-01-13 22:30:00+00:00,2024-01-14 03:00:00+00:00,6440,5596,4.5,844,844,15.082201572551824,3
2024-01-13 22:30:00+00:00,2024-01-14 04:00:00+00:00,6750,5477,5.5,1273,1273,23.242651086361146,4
2024-01-13 22:30:00+00:00,2024-01-14 05:00:00+00:00,7107,5288,6.5,1819,1819,34.39863842662632,5
2024-01-13 22:30:00+00:00,2024-01-14 06:00:00+00:00,7446,5862,7.5,1584,1584,27.021494370522003,6
2024-01-13 22:30:00+00:00,2024-01-14 07:00:00+00:00,7781,6461,8.5,1320,1320,20.430273951400714,7
2024-01-13 22:30:00+00:00,2024-01-14 08:00:00+00:00,8239,7130,9.5,1109,1109,15.553997194950911,8
2024-01-13 22:30:00+00:00,2024-01-14 09:00:00+00:00,9030,8614,10.5,416,416,4.829347573717205,9
2024-01-13 22:30:00+00:00,2024-01-14 10:00:00+00:00,9608,9487,11.5,121,121,1.2754295351533678,10
2024-01-13 22:30:00+00:00,2024-01-14 11:00:00+00:00,10562,9952,12.5,610,610,6.129421221864952,11
2024-01-13 22:30:00+00:00,2024-01-14 12:00:00+00:00,11379,10051,13.5,1328,1328,13.21261566013332,12
2024-01-13 22:30:00+00:00,2024-01-14 13:00:00+00:00,12181,10400,14.5,1781,1781,17.125,13
2024-01-13 22:30:00+00:00,2024-01-14 14:00:00+00:00,12531,11368,15.5,1163,1163,10.230471498944405,14
2024-01-13 22:30:00+00:00,2024-01-14 15:00:00+00:00,12958,12175,16.5,783,783,6.4312114989733065,15
2024-01-13 22:30:00+00:00,2024-01-14 16:00:00+00:00,13528,12559,17.5,969,969,7.715582450832073,16
2024-01-13 22:30:00+00:00,2024-01-14 17:00:00+00:00,14227,12347,18.5,1880,1880,15.22637077832672,17
2024-01-13 22:30:00+00:00,2024-01-14 18:00:00+00:00,14628,12424,19.5,2204,2204,17.739858338699293,18
2024-01-13 22:30:00+00:00,2024-01-14 19:00:00+00:00,15010,12364,20.5,2646,2646,21.40084115173083,19
2024-01-13 22:30:00+00:00,2024-01-14 20:00:00+00:00,15228,12757,21.5,2471,2471,19.369757780042328,20
2024-01-13 22:30:00+00:00,2024-01-14 21:00:00+00:00,15390,13213,22.5,2177,2177,16.47619768409899,21
2024-01-13 22:30:00+00:00,2024-01-14 22:00:00+00:00,15521,13731,23.5,1790,1790,13.036195470104145,22
2024-01-13 22:30:00+00:00,2024-01-14 23:00:00+00:00,15672,13352,24.5,2320,2320,17.37567405632115,23
2024-01-13 22:30:00+00:00,2024-01-15 00:00:00+00:00,15844,13826,25.5,2018,2018,14.595689281064661,0
2024-01-13 22:30:00+00:00,2024-01-15 01:00:00+00:00,16036,14343,26.5,1693,1693,11.803667294150456,1
2024-01-13 22:30:00+00:00,2024-01-15 02:00:00+00:00,16170,14431,27.5,1739,1739,12.05044695447301,2
2024-01-13 22:30:00+00:00,2024-01-15 03:00:00+00:00,16348,14534,28.5,1814,1814,12.481078849594056,3
2024-01-13 22:30:00+00:00,2024-01-15 04:00:00+00:00,16502,14840,29.5,1662,1662,11.199460916442048,4
2024-01-13 22:30:00+00:00,2024-01-15 05:00:00+00:00,16553,15001,30.5,1552,1552,10.345976934871008,5
2024-01-13 22:30:00+00:00,2024-01-15 06:00:00+00:00,16549,15022,31.5,1527,1527,10.165091199573958,6
2024-01-13 22:30:00+00:00,2024-01-15 07:00:00+00:00,16410,14963,32.5,1447,1447,9.670520617523223,7
2024-01-13 22:30:00+00:00,2024-01-15 08:00:00+00:00,16211,14492,33.5,1719,1719,11.861716809274082,8
2024-01-13 22:30:00+00:00,2024-01-15 09:00:00+00:00,16121,14233,34.5,1888,1888,13.26494765685379,9
2024-01-13 22:30:00+00:00,2024-01-15 10:00:00+00:00,16255,14315,35.5,1940,1940,13.55221795319595,10
2024-01-13 22:30:00+00:00,2024-01-15 11:00:00+00:00,16320,13835,36.5,2485,2485,17.961691362486448,11
2024-01-13 22:30:00+00:00,2024-01-15 12:00:00+00:00,16361,13529,37.5,2832,2832,20.93281099859561,12
2024-01-13 22:30:00+00:00,2024-01-15 13:00:00+00:00,16059,13859,38.5,2200,2200,15.874161194891407,13
2024-01-13 22:30:00+00:00,2024-01-15 14:00:00+00:00,15737,13810,39.5,1927,1927,13.953656770456192,14
2024-01-13 22:30:00+00:00,2024-01-15 15:00:00+00:00,15398,13547,40.5,1851,1851,13.66354174355946,15
2024-01-13 22:30:00+00:00,2024-01-15 16:00:00+00:00,14845,12939,41.5,1906,1906,14.730659247237035,16
2024-01-13 22:30:00+00:00,2024-01-15 17:00:00+00:00,14270,12466,42.5,1804,1804,14.471362104925397,17
2024-01-13 22:30:00+00:00,2024-01-15 18:00:00+00:00,13684,11775,43.5,1909,1909,16.212314225053078,18
2024-01-13 22:30:00+00:00,2024-01-15 19:00:00+00:00,13258,10834,44.5,2424,2424,22.374007753369025,19
2024-01-13 22:30:00+00:00,2024-01-15 20:00:00+00:00,12805,10046,45.5,2759,2759,27.463667131196495,20
2024-01-13 22:30:00+00:00,2024-01-15 21:00:00+00:00,12323,9569,46.5,2754,2754,28.780436827254675,21
2024-01-13 18:30:00+00:00,2024-01-13 23:00:00+00:00,6204,6264,4.5,-60,60,0.9578544061302682,23
2024-01-13 18:30:00+00:00,2024-01-14 00:00:00+00:00,6148,5873,5.5,275,275,4.682445087689426,0
2024-01-13 18:30:00+00:00,2024-01-14 01:00:00+00:00,6201,6058,6.5,143,143,2.3605150214592276,1
2024-01-13 18:30:00+00:00,2024-01-14 02:00:00+00:00,6420,5737,7.5,683,683,11.9051769217361,2
2024-01-13 18:30:00+00:00,2024-01-14 03:00:00+00:00,6439,5596,8.5,843,843,15.06433166547534,3
2024-01-13 18:30:00+00:00,2024-01-14 04:00:00+00:00,6751,5477,9.5,1274,1274,23.26090925689246,4
2024-01-13 18:30:00+00:00,2024-01-14 05:00:00+00:00,7108,5288,10.5,1820,1820,34.41754916792738,5
2024-01-13 18:30:00+00:00,2024-01-14 06:00:00+00:00,7447,5862,11.5,1585,1585,27.03855339474582,6
2024-01-13 18:30:00+00:00,2024-01-14 07:00:00+00:00,7780,6461,12.5,1319,1319,20.4147964711345,7
2024-01-13 18:30:00+00:00,2024-01-14 08:00:00+00:00,8238,7130,13.5,1108,1108,15.539971949509116,8
2024-01-13 18:30:00+00:00,2024-01-14 09:00:00+00:00,9031,8614,14.5,417,417,4.8409565823078715,9
2024-01-13 18:30:00+00:00,2024-01-14 10:00:00+00:00,9610,9487,15.5,123,123,1.2965110150732582,10
2024-01-13 18:30:00+00:00,2024-01-14 11:00:00+00:00,10562,9952,16.5,610,610,6.129421221864952,11
2024-01-13 18:30:00+00:00,2024-01-14 12:00:00+00:00,11379,10051,17.5,1328,1328,13.21261566013332,12
2024-01-13 18:30:00+00:00,2024-01-14 13:00:00+00:00,12180,10400,18.5,1780,1780,17.115384615384617,13
2024-01-13 18:30:00+00:00,2024-01-14 14:00:00+00:00,12528,11368,19.5,1160,1160,10.204081632653061,14
2024-01-13 18:30:00+00:00,2024-01-14 15:00:00+00:00,12958,12175,20.5,783,783,6.4312114989733065,15
2024-01-13 18:30:00+00:00,2024-01-14 16:00:00+00:00,13527,12559,21.5,968,968,7.7076200334421525,16
2024-01-13 18:30:00+00:00,2024-01-14 17:00:00+00:00,14231,12347,22.5,1884,1884,15.258767311897628,17
2024-01-13 18:30:00+00:00,2024-01-14 18:00:00+00:00,14637,12424,23.5,2213,2213,17.812298776561494,18
2024-01-13 18:30:00+00:00,2024-01-14 19:00:00+00:00,15018,12364,24.5,2654,2654,21.465545131025557,19
2024-01-13 18:30:00+00:00,2024-01-14 20:00:00+00:00,15239,12757,25.5,2482,2482,19.45598494943952,20
2024-01-13 18:30:00+00:00,2024-01-14 21:00:00+00:00,15396,13213,26.5,2183,2183,16.521607507757512,21
2024-01-13 18:30:00+00:00,2024-01-14 22:00:00+00:00,15534,13731,27.5,1803,1803,13.13087175005462,22
2024-01-13 18:30:00+00:00,2024-01-14 23:00:00+00:00,15674,13352,28.5,2322,2322,17.390653085680047,23
2024-01-13 18:30:00+00:00,2024-01-15 00:00:00+00:00,15841,13826,29.5,2015,2015,14.573991031390134,0
2024-01-13 18:30:00+00:00,2024-01-15 01:00:00+00:00,16036,14343,30.5,1693,1693,11.803667294150456,1
2024-01-13 18:30:00+00:00,2024-01-15 02:00:00+00:00,16168,14431,31.5,1737,1737,12.036587901046358,2
2024-01-13 18:30:00+00:00,2024-01-15 03:00:00+00:00,16352,14534,32.5,1818,1818,12.508600522911792,3
2024-01-13 18:30:00+00:00,2024-01-15 04:00:00+00:00,16506,14840,33.5,1666,1666,11.226415094339623,4
2024-01-13 18:30:00+00:00,2024-01-15 05:00:00+00:00,16555,15001,34.5,1554,1554,10.359309379374707,5
2024-01-13 18:30:00+00:00,2024-01-15 06:00:00+00:00,16554,15022,35.5,1532,1532,10.198375715617095,6
2024-01-13 18:30:00+00:00,2024-01-15 07:00:00+00:00,16413,14963,36.5,1450,1450,9.690570072846354,7
2024-01-13 18:30:00+00:00,2024-01-15 08:00:00+00:00,16208,14492,37.5,1716,1716,11.841015732818107,8
2024-01-13 18:30:00+00:00,2024-01-15 09:00:00+00:00,16122,14233,38.5,1889,1889,13.271973582519497,9
2024-01-13 18:30:00+00:00,2024-01-15 10:00:00+00:00,16256,14315,39.5,1941,1941,13.559203632553265,10
2024-01-13 18:30:00+00:00,2024-01-15 11:00:00+00:00,16321,13835,40.5,2486,2486,17.968919407300323,11
2024-01-13 18:30:00+00:00,2024-01-15 12:00:00+00:00,16362,13529,41.5,2833,2833,20.940202527903022,12
2024-01-13 18:30:00+00:00,2024-01-15 13:00:00+00:00,16061,13859,42.5,2202,2202,15.888592250523125,13
2024-01-13 18:30:00+00:00,2024-01-15 14:00:00+00:00,15741,13810,43.5,1931,1931,13.98262128892107,14
2024-01-13 18:30:00+00:00,2024-01-15 15:00:00+00:00,15404,13547,44.5,1857,1857,13.707831992323024,15
2024-01-13 18:30:00+00:00,2024-01-15 16:00:00+00:00,14854,12939,45.5,1915,1915,14.800216400030914,16
2024-01-13 18:30:00+00:00,2024-01-15 17:00:00+00:00,14281,12466,46.5,1815,1815,14.55960211776031,17
2024-01-13 18:30:00+00:00,2024-01-15 18:00:00+00:00,13696,11775,47.5,1921,1921,16.31422505307856,18
2024-01-13 15:30:00+00:00,2024-01-13 21:00:00+00:00,6614,7009,5.5,-395,395,5.635611356826937,21
2024-01-13 15:30:00+00:00,2024-01-13 22:00:00+00:00,6605,6926,6.5,-321,321,4.634709789200116,22
2024-01-13 15:30:00+00:00,2024-01-13 23:00:00+00:00,6622,6264,7.5,358,358,5.715197956577267,23
2024-01-13 15:30:00+00:00,2024-01-14 00:00:00+00:00,6682,5873,8.5,809,809,13.774902094329985,0
2024-01-13 15:30:00+00:00,2024-01-14 01:00:00+00:00,6656,6058,9.5,598,598,9.871244635193133,1
2024-01-13 15:30:00+00:00,2024-01-14 02:00:00+00:00,6775,5737,10.5,1038,1038,18.093080006972283,2
2024-01-13 15:30:00+00:00,2024-01-14 03:00:00+00:00,6843,5596,11.5,1247,1247,22.283774124374553,3
2024-01-13 15:30:00+00:00,2024-01-14 04:00:00+00:00,7356,5477,12.5,1879,1879,34.307102428336684,4
2024-01-13 15:30:00+00:00,2024-01-14 05:00:00+00:00,7952,5288,13.5,2664,2664,50.378214826021186,5
2024-01-13 15:30:00+00:00,2024-01-14 06:00:00+00:00,8365,5862,14.5,2503,2503,42.69873763220744,6
2024-01-13 15:30:00+00:00,2024-01-14 07:00:00+00:00,8814,6461,15.5,2353,2353,36.41851106639839,7
2024-01-13 15:30:00+00:00,2024-01-14 08:00:00+00:00,9424,7130,16.5,2294,2294,32.17391304347826,8
2024-01-13 15:30:00+00:00,2024-01-14 09:00:00+00:00,10111,8614,17.5,1497,1497,17.378685860227534,9
2024-01-13 15:30:00+00:00,2024-01-14 10:00:00+00:00,10754,9487,18.5,1267,1267,13.355117529250554,10
2024-01-13 15:30:00+00:00,2024-01-14 11:00:00+00:00,11606,9952,19.5,1654,1654,16.619774919614148,11
2024-01-13 15:30:00+00:00,2024-01-14 12:00:00+00:00,12318,10051,20.5,2267,2267,22.554969654760722,12
2024-01-13 15:30:00+00:00,2024-01-14 13:00:00+00:00,13098,10400,21.5,2698,2698,25.942307692307693,13
2024-01-13 15:30:00+00:00,2024-01-14 14:00:00+00:00,13431,11368,22.5,2063,2063,18.14743138634764,14
2024-01-13 15:30:00+00:00,2024-01-14 15:00:00+00:00,13814,12175,23.5,1639,1639,13.462012320328542,15
2024-01-13 15:30:00+00:00,2024-01-14 16:00:00+00:00,14151,12559,24.5,1592,1592,12.67616848475197,16
2024-01-13 15:30:00+00:00,2024-01-14 17:00:00+00:00,14690,12347,25.5,2343,2343,18.97626953915931,17
2024-01-13 15:30:00+00:00,2024-01-14 18:00:00+00:00,15078,12424,26.5,2654,2654,21.3618802318094,18
2024-01-13 15:30:00+00:00,2024-01-14 19:00:00+00:00,15335,12364,27.5,2971,2971,24.0294403105791,19
2024-01-13 15:30:00+00:00,2024-01-14 20:00:00+00:00,15562,12757,28.5,2805,2805,21.987928196284393,20
2024-01-13 15:30:00+00:00,2024-01-14 21:00:00+00:00,15711,13213,29.5,2498,2498,18.905623249829713,21
2024-01-13 15:30:00+00:00,2024-01-14 22:00:00+00:00,15751,13731,30.5,2020,2020,14.711237346151046,22
2024-01-13 15:30:00+00:00,2024-01-14 23:00:00+00:00,15859,13352,31.5,2507,2507,18.77621330137807,23
2024-01-13 15:30:00+00:00,2024-01-15 00:00:00+00:00,16069,13826,32.5,2243,2243,16.223058006654128,0
2024-01-13 15:30:00+00:00,2024-01-15 01:00:00+00:00,16187,14343,33.5,1844,1844,12.856445652931745,1
2024-01-13 15:30:00+00:00,2024-01-15 02:00:00+00:00,16315,14431,34.5,1884,1884,13.055228327905205,2
2024-01-13 15:30:00+00:00,2024-01-15 03:00:00+00:00,16492,14534,35.5,1958,1958,13.471859089032614,3
2024-01-13 15:30:00+00:00,2024-01-15 04:00:00+00:00,16538,14840,36.5,1698,1698,11.442048517520217,4
2024-01-13 15:30:00+00:00,2024-01-15 05:00:00+00:00,16584,15001,37.5,1583,1583,10.552629824678354,5
2024-01-13 15:30:00+00:00,2024-01-15 06:00:00+00:00,16627,15022,38.5,1605,1605,10.684329649846891,6
2024-01-13 15:30:00+00:00,2024-01-15 07:00:00+00:00,16530,14963,39.5,1567,1567,10.47249883044844,7
2024-01-13 15:30:00+00:00,2024-01-15 08:00:00+00:00,16423,14492,40.5,1931,1931,13.3245928788297,8
2024-01-13 15:30:00+00:00,2024-01-15 09:00:00+00:00,16308,14233,41.5,2075,2075,14.578795756340899,9
2024-01-13 15:30:00+00:00,2024-01-15 10:00:00+00:00,16396,14315,42.5,2081,2081,14.537198742577715,10
2024-01-13 15:30:00+00:00,2024-01-15 11:00:00+00:00,16472,13835,43.5,2637,2637,19.06035417419588,11
2024-01-13 15:30:00+00:00,2024-01-15 12:00:00+00:00,16534,13529,44.5,3005,3005,22.211545568778178,12
2024-01-13 15:30:00+00:00,2024-01-15 13:00:00+00:00,16234,13859,45.5,2375,2375,17.136878562666862,13
2024-01-13 15:30:00+00:00,2024-01-15 14:00:00+00:00,15915,13810,46.5,2105,2105,15.242577842143373,14
2024-01-13 15:30:00+00:00,2024-01-15 15:00:00+00:00,15578,13547,47.5,2031,2031,14.992249206466376,15
2024-01-13 11:30:00+00:00,2024-01-13 21:00:00+00:00,6985,7009,9.5,-24,24,0.34241689256669994,21
2024-01-13 11:30:00+00:00,2024-01-13 22:00:00+00:00,7046,6926,10.5,120,120,1.7326017903551834,22
2024-01-13 11:30:00+00:00,2024-01-13 23:00:00+00:00,7262,6264,11.5,998,998,15.932311621966793,23
2024-01-13 11:30:00+00:00,2024-01-14 00:00:00+00:00,7418,5873,12.5,1545,1545,26.306827856291505,0
2024-01-13 11:30:00+00:00,2024-01-14 01:00:00+00:00,7313,6058,13.5,1255,1255,20.71640805546385,1
2024-01-13 11:30:00+00:00,2024-01-14 02:00:00+00:00,7550,5737,14.5,1813,1813,31.601882516994944,2
2024-01-13 11:30:00+00:00,2024-01-14 03:00:00+00:00,7592,5596,15.5,1996,1996,35.66833452466047,3
2024-01-13 11:30:00+00:00,2024-01-14 04:00:00+00:00,8106,5477,16.5,2629,2629,48.00073032682125,4
2024-01-13 11:30:00+00:00,2024-01-14 05:00:00+00:00,8807,5288,17.5,3519,3519,66.54689863842663,5
2024-01-13 11:30:00+00:00,2024-01-14 06:00:00+00:00,9126,5862,18.5,3264,3264,55.68065506653019,6
2024-01-13 11:30:00+00:00,2024-01-14 07:00:00+00:00,9666,6461,19.5,3205,3205,49.60532425321158,7
2024-01-13 11:30:00+00:00,2024-01-14 08:00:00+00:00,10326,7130,20.5,3196,3196,44.82468443197756,8
2024-01-13 11:30:00+00:00,2024-01-14 09:00:00+00:00,10832,8614,21.5,2218,2218,25.74878105409798,9
2024-01-13 11:30:00+00:00,2024-01-14 10:00:00+00:00,11398,9487,22.5,1911,1911,20.143354063455256,10
2024-01-13 11:30:00+00:00,2024-01-14 11:00:00+00:00,12095,9952,23.5,2143,2143,21.533360128617364,11
2024-01-13 11:30:00+00:00,2024-01-14 12:00:00+00:00,12752,10051,24.5,2701,2701,26.872947965376582,12
2024-01-13 11:30:00+00:00,2024-01-14 13:00:00+00:00,13510,10400,25.5,3110,3110,29.903846153846153,13
2024-01-13 11:30:00+00:00,2024-01-14 14:00:00+00:00,13888,11368,26.5,2520,2520,22.167487684729064,14
2024-01-13 11:30:00+00:00,2024-01-14 15:00:00+00:00,14177,12175,27.5,2002,2002,16.4435318275154,15
2024-01-13 11:30:00+00:00,2024-01-14 16:00:00+00:00,14468,12559,28.5,1909,1909,15.200254797356477,16
2024-01-13 11:30:00+00:00,2024-01-14 17:00:00+00:00,14953,12347,29.5,2606,2606,21.106341621446507,17
2024-01-13 11:30:00+00:00,2024-01-14 18:00:00+00:00,15379,12424,30.5,2955,2955,23.784610431423054,18
2024-01-13 11:30:00+00:00,2024-01-14 19:00:00+00:00,15635,12364,31.5,3271,3271,26.455839534131346,19
2024-01-13 11:30:00+00:00,2024-01-14 20:00:00+00:00,15875,12757,32.5,3118,3118,24.441483107313633,20
2024-01-13 11:30:00+00:00,2024-01-14 21:00:00+00:00,16013,13213,33.5,2800,2800,21.19125104064179,21
2024-01-13 11:30:00+00:00,2024-01-14 22:00:00+00:00,15695,13731,34.5,1964,1964,14.303401063287453,22
2024-01-13 11:30:00+00:00,2024-01-14 23:00:00+00:00,15899,13352,35.5,2547,2547,19.07579388855602,23
2024-01-13 11:30:00+00:00,2024-01-15 00:00:00+00:00,16123,13826,36.5,2297,2297,16.613626500795604,0
2024-01-13 11:30:00+00:00,2024-01-15 01:00:00+00:00,16200,14343,37.5,1857,1857,12.947082200376489,1
2024-01-13 11:30:00+00:00,2024-01-15 02:00:00+00:00,16326,14431,38.5,1895,1895,13.131453121751784,2
2024-01-13 11:30:00+00:00,2024-01-15 03:00:00+00:00,16487,14534,39.5,1953,1953,13.437456997385441,3
2024-01-13 11:30:00+00:00,2024-01-15 04:00:00+00:00,16527,14840,40.5,1687,1687,11.367924528301888,4
2024-01-13 11:30:00+00:00,2024-01-15 05:00:00+00:00,16564,15001,41.5,1563,1563,10.419305379641356,5
2024-01-13 11:30:00+00:00,2024-01-15 06:00:00+00:00,16598,15022,42.5,1576,1576,10.491279456796699,6
2024-01-13 11:30:00+00:00,2024-01-15 07:00:00+00:00,16505,14963,43.5,1542,1542,10.30542003608902,7
2024-01-13 11:30:00+00:00,2024-01-15 08:00:00+00:00,16404,14492,44.5,1912,1912,13.193486061275186,8
2024-01-13 11:30:00+00:00,2024-01-15 09:00:00+00:00,16295,14233,45.5,2062,2062,14.487458722686714,9
2024-01-13 11:30:00+00:00,2024-01-15 10:00:00+00:00,16390,14315,46.5,2075,2075,14.495284666433811,10
2024-01-13 11:30:00+00:00,2024-01-15 11:00:00+00:00,16469,13835,47.5,2634,2634,19.038670039754248,11
2024-01-13 09:30:00+00:00,2024-01-13 21:00:00+00:00,6986,7009,11.5,-23,23,0.32814952204308745,21
2024-01-13 09:30:00+00:00,2024-01-13 22:00:00+00:00,7046,6926,12.5,120,120,1.7326017903551834,22
2024-01-13 09:30:00+00:00,2024-01-13 23:00:00+00:00,7263,6264,13.5,999,999,15.948275862068966,23
2024-01-13 09:30:00+00:00,2024-01-14 00:00:00+00:00,7420,5873,14.5,1547,1547,26.340882002383793,0
2024-01-13 09:30:00+00:00,2024-01-14 01:00:00+00:00,7315,6058,15.5,1257,1257,20.749422251568177,1
2024-01-13 09:30:00+00:00,2024-01-14 02:00:00+00:00,7553,5737,16.5,1816,1816,31.65417465574342,2
2024-01-13 09:30:00+00:00,2024-01-14 03:00:00+00:00,7594,5596,17.5,1998,1998,35.70407433881344,3
2024-01-13 09:30:00+00:00,2024-01-14 04:00:00+00:00,8106,5477,18.5,2629,2629,48.00073032682125,4
2024-01-13 09:30:00+00:00,2024-01-14 05:00:00+00:00,8809,5288,19.5,3521,3521,66.58472012102874,5
2024-01-13 09:30:00+00:00,2024-01-14 06:00:00+00:00,9126,5862,20.5,3264,3264,55.68065506653019,6
2024-01-13 09:30:00+00:00,2024-01-14 07:00:00+00:00,9675,6461,21.5,3214,3214,49.74462157560749,7
2024-01-13 09:30:00+00:00,2024-01-14 08:00:00+00:00,10341,7130,22.5,3211,3211,45.03506311360449,8
2024-01-13 09:30:00+00:00,2024-01-14 09:00:00+00:00,10843,8614,23.5,2229,2229,25.87648014859531,9
2024-01-13 09:30:00+00:00,2024-01-14 10:00:00+00:00,11405,9487,24.5,1918,1918,20.21713924317487,10
2024-01-13 09:30:00+00:00,2024-01-14 11:00:00+00:00,12096,9952,25.5,2144,2144,21.54340836012862,11
2024-01-13 09:30:00+00:00,2024-01-14 12:00:00+00:00,12763,10051,26.5,2712,2712,26.982389811959006,12
2024-01-13 09:30:00+00:00,2024-01-14 13:00:00+00:00,13516,10400,27.5,3116,3116,29.96153846153846,13
2024-01-13 09:30:00+00:00,2024-01-14 14:00:00+00:00,13905,11368,28.5,2537,2537,22.317030260380015,14
2024-01-13 09:30:00+00:00,2024-01-14 15:00:00+00:00,14195,12175,29.5,2020,2020,16.591375770020534,15
2024-01-13 09:30:00+00:00,2024-01-14 16:00:00+00:00,14482,12559,30.5,1923,1923,15.31172864081535,16
2024-01-13 09:30:00+00:00,2024-01-14 17:00:00+00:00,14981,12347,31.5,2634,2634,21.33311735644286,17
2024-01-13 09:30:00+00:00,2024-01-14 18:00:00+00:00,15401,12424,32.5,2977,2977,23.961687057308435,18
2024-01-13 09:30:00+00:00,2024-01-14 19:00:00+00:00,15636,12364,33.5,3272,3272,26.46392753154319,19
2024-01-13 09:30:00+00:00,2024-01-14 20:00:00+00:00,15869,12757,34.5,3112,3112,24.39445010582425,20
2024-01-13 09:30:00+00:00,2024-01-14 21:00:00+00:00,16018,13213,35.5,2805,2805,21.229092560357223,21
2024-01-13 09:30:00+00:00,2024-01-14 22:00:00+00:00,15731,13731,36.5,2000,2000,14.56558153084262,22
2024-01-13 09:30:00+00:00,2024-01-14 23:00:00+00:00,15976,13352,37.5,2624,2624,19.652486518873577,23
2024-01-13 09:30:00+00:00,2024-01-15 00:00:00+00:00,16198,13826,38.5,2372,2372,17.15608274265876,0
2024-01-13 09:30:00+00:00,2024-01-15 01:00:00+00:00,16322,14343,39.5,1979,1979,13.79767133793488,1
2024-01-13 09:30:00+00:00,2024-01-15 02:00:00+00:00,16440,14431,40.5,2009,2009,13.921419167070889,2
2024-01-13 09:30:00+00:00,2024-01-15 03:00:00+00:00,16552,14534,41.5,2018,2018,13.88468418879868,3
2024-01-13 09:30:00+00:00,2024-01-15 04:00:00+00:00,16570,14840,42.5,1730,1730,11.65768194070081,4
2024-01-13 09:30:00+00:00,2024-01-15 05:00:00+00:00,16586,15001,43.5,1585,1585,10.565962269182053,5
2024-01-13 09:30:00+00:00,2024-01-15 06:00:00+00:00,16599,15022,44.5,1577,1577,10.497936360005324,6
2024-01-13 09:30:00+00:00,2024-01-15 07:00:00+00:00,16509,14963,45.5,1546,1546,10.332152643186527,7
2024-01-13 09:30:00+00:00,2024-01-15 08:00:00+00:00,16410,14492,46.5,1918,1918,13.234888214187137,8
2024-01-13 09:30:00+00:00,2024-01-15 09:00:00+00:00,16303,14233,47.5,2070,2070,14.543666128012367,9
2024-01-13 07:30:00+00:00,2024-01-13 21:00:00+00:00,6986,7009,13.5,-23,23,0.32814952204308745,21
2024-01-13 07:30:00+00:00,2024-01-13 22:00:00+00:00,7047,6926,14.5,121,121,1.7470401386081431,22
2024-01-13 07:30:00+00:00,2024-01-13 23:00:00+00:00,7263,6264,15.5,999,999,15.948275862068966,23
2024-01-13 07:30:00+00:00,2024-01-14 00:00:00+00:00,7420,5873,16.5,1547,1547,26.340882002383793,0
2024-01-13 07:30:00+00:00,2024-01-14 01:00:00+00:00,7316,6058,17.5,1258,1258,20.765929349620336,1
2024-01-13 07:30:00+00:00,2024-01-14 02:00:00+00:00,7554,5737,18.5,1817,1817,31.671605368659577,2
2024-01-13 07:30:00+00:00,2024-01-14 03:00:00+00:00,7596,5596,19.5,2000,2000,35.7398141529664,3
2024-01-13 07:30:00+00:00,2024-01-14 04:00:00+00:00,8108,5477,20.5,2631,2631,48.03724666788388,4
2024-01-13 07:30:00+00:00,2024-01-14 05:00:00+00:00,8811,5288,21.5,3523,3523,66.62254160363086,5
2024-01-13 07:30:00+00:00,2024-01-14 06:00:00+00:00,9128,5862,22.5,3266,3266,55.714773114977824,6
2024-01-13 07:30:00+00:00,2024-01-14 07:00:00+00:00,9676,6461,23.5,3215,3215,49.7600990558737,7
2024-01-13 07:30:00+00:00,2024-01-14 08:00:00+00:00,10343,7130,24.5,3213,3213,45.06311360448808,8
2024-01-13 07:30:00+00:00,2024-01-14 09:00:00+00:00,10846,8614,25.5,2232,2232,25.91130717436731,9
2024-01-13 07:30:00+00:00,2024-01-14 10:00:00+00:00,11409,9487,26.5,1922,1922,20.259302203014652,10
2024-01-13 07:30:00+00:00,2024-01-14 11:00:00+00:00,12100,9952,27.5,2148,2148,21.583601286173636,11
2024-01-13 07:30:00+00:00,2024-01-14 12:00:00+00:00,12768,10051,28.5,2717,2717,27.032136105860115,12
2024-01-13 07:30:00+00:00,2024-01-14 13:00:00+00:00,13523,10400,29.5,3123,3123,30.028846153846157,13
2024-01-13 07:30:00+00:00,2024-01-14 14:00:00+00:00,13913,11368,30.5,2545,2545,22.38740323715693,14
2024-01-13 07:30:00+00:00,2024-01-14 15:00:00+00:00,14200,12175,31.5,2025,2025,16.632443531827516,15
2024-01-13 07:30:00+00:00,2024-01-14 16:00:00+00:00,14487,12559,32.5,1928,1928,15.35154072776495,16
2024-01-13 07:30:00+00:00,2024-01-14 17:00:00+00:00,14993,12347,33.5,2646,2646,21.430306957155583,17
2024-01-13 07:30:00+00:00,2024-01-14 18:00:00+00:00,15417,12424,34.5,2993,2993,24.090470057952352,18
2024-01-13 07:30:00+00:00,2024-01-14 19:00:00+00:00,15648,12364,35.5,3284,3284,26.56098350048528,19
2024-01-13 07:30:00+00:00,2024-01-14 20:00:00+00:00,15877,12757,36.5,3120,3120,24.45716077447676,20
2024-01-13 07:30:00+00:00,2024-01-14 21:00:00+00:00,16022,13213,37.5,2809,2809,21.25936577612957,21
2024-01-13 07:30:00+00:00,2024-01-14 22:00:00+00:00,15735,13731,38.5,2004,2004,14.594712693904304,22
2024-01-13 07:30:00+00:00,2024-01-14 23:00:00+00:00,15980,13352,39.5,2628,2628,19.682444577591372,23
2024-01-13 07:30:00+00:00,2024-01-15 00:00:00+00:00,16202,13826,40.5,2376,2376,17.185013742224793,0
2024-01-13 07:30:00+00:00,2024-01-15 01:00:00+00:00,16326,14343,41.5,1983,1983,13.825559506379417,1
2024-01-13 07:30:00+00:00,2024-01-15 02:00:00+00:00,16445,14431,42.5,2014,2014,13.956066800637517,2
2024-01-13 07:30:00+00:00,2024-01-15 03:00:00+00:00,16558,14534,43.5,2024,2024,13.925966698775285,3
2024-01-13 07:30:00+00:00,2024-01-15 04:00:00+00:00,16576,14840,44.5,1736,1736,11.69811320754717,4
2024-01-13 07:30:00+00:00,2024-01-15 05:00:00+00:00,16591,15001,45.5,1590,1590,10.599293380441303,5
2024-01-13 07:30:00+00:00,2024-01-15 06:00:00+00:00,16603,15022,46.5,1581,1581,10.524563972839834,6
2024-01-13 07:30:00+00:00,2024-01-15 07:00:00+00:00,16514,14963,47.5,1551,1551,10.36556840205841,7
2024-01-13 04:30:00+00:00,2024-01-13 21:00:00+00:00,7254,7009,16.5,245,245,3.4955057782850623,21
2024-01-13 04:30:00+00:00,2024-01-13 22:00:00+00:00,7304,6926,17.5,378,378,5.457695639618828,22
2024-01-13 04:30:00+00:00,2024-01-13 23:00:00+00:00,7516,6264,18.5,1252,1252,19.987228607918265,23
2024-01-13 04:30:00+00:00,2024-01-14 00:00:00+00:00,7921,5873,19.5,2048,2048,34.871445598501616,0
2024-01-13 04:30:00+00:00,2024-01-14 01:00:00+00:00,7902,6058,20.5,1844,1844,30.43908880818752,1
2024-01-13 04:30:00+00:00,2024-01-14 02:00:00+00:00,8151,5737,21.5,2414,2414,42.07774097960606,2
2024-01-13 04:30:00+00:00,2024-01-14 03:00:00+00:00,8243,5596,22.5,2647,2647,47.30164403145103,3
2024-01-13 04:30:00+00:00,2024-01-14 04:00:00+00:00,8770,5477,23.5,3293,3293,60.12415555961292,4
2024-01-13 04:30:00+00:00,2024-01-14 05:00:00+00:00,9304,5288,24.5,4016,4016,75.94553706505295,5
2024-01-13 04:30:00+00:00,2024-01-14 06:00:00+00:00,9545,5862,25.5,3683,3683,62.82838621630843,6
2024-01-13 04:30:00+00:00,2024-01-14 07:00:00+00:00,10018,6461,26.5,3557,3557,55.05339730691844,7
2024-01-13 04:30:00+00:00,2024-01-14 08:00:00+00:00,10633,7130,27.5,3503,3503,49.130434782608695,8
2024-01-13 04:30:00+00:00,2024-01-14 09:00:00+00:00,11109,8614,28.5,2495,2495,28.964476433712562,9
2024-01-13 04:30:00+00:00,2024-01-14 10:00:00+00:00,11719,9487,29.5,2232,2232,23.52693159059766,10
2024-01-13 04:30:00+00:00,2024-01-14 11:00:00+00:00,12209,9952,30.5,2257,2257,22.67885852090032,11
2024-01-13 04:30:00+00:00,2024-01-14 12:00:00+00:00,12968,10051,31.5,2917,2917,29.021987861904286,12
2024-01-13 04:30:00+00:00,2024-01-14 13:00:00+00:00,13585,10400,32.5,3185,3185,30.625000000000004,13
2024-01-13 04:30:00+00:00,2024-01-14 14:00:00+00:00,14006,11368,33.5,2638,2638,23.2054890921886,14
2024-01-13 04:30:00+00:00,2024-01-14 15:00:00+00:00,14176,12175,34.5,2001,2001,16.435318275154003,15
2024-01-13 04:30:00+00:00,2024-01-14 16:00:00+00:00,14071,12559,35.5,1512,1512,12.039175093558404,16
2024-01-13 04:30:00+00:00,2024-01-14 17:00:00+00:00,14510,12347,36.5,2163,2163,17.518425528468455,17
2024-01-13 04:30:00+00:00,2024-01-14 18:00:00+00:00,14898,12424,37.5,2474,2474,19.913071474565356,18
2024-01-13 04:30:00+00:00,2024-01-14 19:00:00+00:00,15280,12364,38.5,2916,2916,23.584600452927855,19
2024-01-13 04:30:00+00:00,2024-01-14 20:00:00+00:00,15623,12757,39.5,2866,2866,22.46609704475974,20
2024-01-13 04:30:00+00:00,2024-01-14 21:00:00+00:00,15925,13213,40.5,2712,2712,20.525240293650192,21
2024-01-13 04:30:00+00:00,2024-01-14 22:00:00+00:00,16134,13731,41.5,2403,2403,17.50054620930741,22
2024-01-13 04:30:00+00:00,2024-01-14 23:00:00+00:00,16321,13352,42.5,2969,2969,22.236369083283403,23
2024-01-13 04:30:00+00:00,2024-01-15 00:00:00+00:00,16485,13826,43.5,2659,2659,19.231881961521772,0
2024-01-13 04:30:00+00:00,2024-01-15 01:00:00+00:00,16560,14343,44.5,2217,2217,15.457017360384857,1
2024-01-13 04:30:00+00:00,2024-01-15 02:00:00+00:00,16630,14431,45.5,2199,2199,15.23802924260273,2
2024-01-13 04:30:00+00:00,2024-01-15 03:00:00+00:00,16696,14534,46.5,2162,2162,14.875464428237237,3
2024-01-13 04:30:00+00:00,2024-01-15 04:00:00+00:00,16683,14840,47.5,1843,1843,12.419137466307276,4
2024-01-13 02:30:00+00:00,2024-01-13 21:00:00+00:00,7253,7009,18.5,244,244,3.4812384077614493,21
2024-01-13 02:30:00+00:00,2024-01-13 22:00:00+00:00,7302,6926,19.5,376,376,5.4288189431129075,22
2024-01-13 02:30:00+00:00,2024-01-13 23:00:00+00:00,7513,6264,20.5,1249,1249,19.93933588761175,23
2024-01-13 02:30:00+00:00,2024-01-14 00:00:00+00:00,7917,5873,21.5,2044,2044,34.80333730631705,0
2024-01-13 02:30:00+00:00,2024-01-14 01:00:00+00:00,7901,6058,22.5,1843,1843,30.42258171013536,1
2024-01-13 02:30:00+00:00,2024-01-14 02:00:00+00:00,8151,5737,23.5,2414,2414,42.07774097960606,2
2024-01-13 02:30:00+00:00,2024-01-14 03:00:00+00:00,8241,5596,24.5,2645,2645,47.26590421729807,3
2024-01-13 02:30:00+00:00,2024-01-14 04:00:00+00:00,8769,5477,25.5,3292,3292,60.10589738908162,4
2024-01-13 02:30:00+00:00,2024-01-14 05:00:00+00:00,9303,5288,26.5,4015,4015,75.92662632375189,5
2024-01-13 02:30:00+00:00,2024-01-14 06:00:00+00:00,9549,5862,27.5,3687,3687,62.896622313203686,6
2024-01-13 02:30:00+00:00,2024-01-14 07:00:00+00:00,10020,6461,28.5,3559,3559,55.08435226745087,7
2024-01-13 02:30:00+00:00,2024-01-14 08:00:00+00:00,10632,7130,29.5,3502,3502,49.1164095371669,8
2024-01-13 02:30:00+00:00,2024-01-14 09:00:00+00:00,11110,8614,30.5,2496,2496,28.97608544230323,9
2024-01-13 02:30:00+00:00,2024-01-14 10:00:00+00:00,11716,9487,31.5,2229,2229,23.495309370717823,10
2024-01-13 02:30:00+00:00,2024-01-14 11:00:00+00:00,12207,9952,32.5,2255,2255,22.658762057877812,11
2024-01-13 02:30:00+00:00,2024-01-14 12:00:00+00:00,12963,10051,33.5,2912,2912,28.97224156800318,12
2024-01-13 02:30:00+00:00,2024-01-14 13:00:00+00:00,13585,10400,34.5,3185,3185,30.625000000000004,13
2024-01-13 02:30:00+00:00,2024-01-14 14:00:00+00:00,14009,11368,35.5,2641,2641,23.231878958479943,14
2024-01-13 02:30:00+00:00,2024-01-14 15:00:00+00:00,14179,12175,36.5,2004,2004,16.45995893223819,15
2024-01-13 02:30:00+00:00,2024-01-14 16:00:00+00:00,14079,12559,37.5,1520,1520,12.102874432677762,16
2024-01-13 02:30:00+00:00,2024-01-14 17:00:00+00:00,14525,12347,38.5,2178,2178,17.639912529359357,17
2024-01-13 02:30:00+00:00,2024-01-14 18:00:00+00:00,14921,12424,39.5,2497,2497,20.098197037990985,18
2024-01-13 02:30:00+00:00,2024-01-14 19:00:00+00:00,15305,12364,40.5,2941,2941,23.786800388223874,19
2024-01-13 02:30:00+00:00,2024-01-14 20:00:00+00:00,15650,12757,41.5,2893,2893,22.677745551461943,20
2024-01-13 02:30:00+00:00,2024-01-14 21:00:00+00:00,15952,13213,42.5,2739,2739,20.729584500113525,21
2024-01-13 02:30:00+00:00,2024-01-14 22:00:00+00:00,16164,13731,43.5,2433,2433,17.719029932270043,22
2024-01-13 02:30:00+00:00,2024-01-14 23:00:00+00:00,16354,13352,44.5,3002,3002,22.483523067705214,23
2024-01-13 02:30:00+00:00,2024-01-15 00:00:00+00:00,16521,13826,45.5,2695,2695,19.492260957616086,0
2024-01-13 02:30:00+00:00,2024-01-15 01:00:00+00:00,16596,14343,46.5,2253,2253,15.708010876385694,1
2024-01-13 02:30:00+00:00,2024-01-15 02:00:00+00:00,16666,14431,47.5,2235,2235,15.487492204282447,2
2024-01-12 22:30:00+00:00,2024-01-13 03:00:00+00:00,8012,7695,4.5,317,317,4.119558154645874,3
2024-01-12 22:30:00+00:00,2024-01-13 04:00:00+00:00,7908,8191,5.5,-283,283,3.4550115980954708,4
2024-01-12 22:30:00+00:00,2024-01-13 05:00:00+00:00,7749,7678,6.5,71,71,0.9247199791612398,5
2024-01-12 22:30:00+00:00,2024-01-13 06:00:00+00:00,7387,7446,7.5,-59,59,0.7923717432178351,6
2024-01-12 22:30:00+00:00,2024-01-13 07:00:00+00:00,7087,7765,8.5,-678,678,8.731487443657437,7
2024-01-12 22:30:00+00:00,2024-01-13 08:00:00+00:00,7041,7975,9.5,-934,934,11.711598746081505,8
2024-01-12 22:30:00+00:00,2024-01-13 09:00:00+00:00,6998,7662,10.5,-664,664,8.666144609762465,9
2024-01-12 22:30:00+00:00,2024-01-13 10:00:00+00:00,6880,7384,11.5,-504,504,6.825568797399784,10
2024-01-12 22:30:00+00:00,2024-01-13 11:00:00+00:00,6654,7093,12.5,-439,439,6.189200620329903,11
2024-01-12 22:30:00+00:00,2024-01-13 12:00:00+00:00,6668,6834,13.5,-166,166,2.4290313140181445,12
2024-01-12 22:30:00+00:00,2024-01-13 13:00:00+00:00,6759,6733,14.5,26,26,0.38615773058072184,13
2024-01-12 22:30:00+00:00,2024-01-13 14:00:00+00:00,6738,7450,15.5,-712,712,9.557046979865772,14
2024-01-12 22:30:00+00:00,2024-01-13 15:00:00+00:00,6716,7003,16.5,-287,287,4.09824360988148,15
2024-01-12 22:30:00+00:00,2024-01-13 16:00:00+00:00,6793,6768,17.5,25,25,0.3693853427895981,16
2024-01-12 22:30:00+00:00,2024-01-13 17:00:00+00:00,6781,6416,18.5,365,365,5.688902743142145,17
2024-01-12 22:30:00+00:00,2024-01-13 18:00:00+00:00,6746,6446,19.5,300,300,4.654049022649706,18
2024-01-12 22:30:00+00:00,2024-01-13 19:00:00+00:00,6818,6755,20.5,63,63,0.932642487046632,19
2024-01-12 22:30:00+00:00,2024-01-13 20:00:00+00:00,6847,6706,21.5,141,141,2.1025946913212046,20
2024-01-12 22:30:00+00:00,2024-01-13 21:00:00+00:00,6981,7009,22.5,-28,28,0.39948637466114995,21
2024-01-12 22:30:00+00:00,2024-01-13 22:00:00+00:00,7017,6926,23.5,91,91,1.3138896910193474,22
2024-01-12 22:30:00+00:00,2024-01-13 23:00:00+00:00,7241,6264,24.5,977,977,15.5970625798212,23
2024-01-12 22:30:00+00:00,2024-01-14 00:00:00+00:00,7477,5873,25.5,1604,1604,27.311425166013965,0
2024-01-12 22:30:00+00:00,2024-01-14 01:00:00+00:00,7663,6058,26.5,1605,1605,26.4938923737207,1
2024-01-12 22:30:00+00:00,2024-01-14 02:00:00+00:00,7754,5737,27.5,2017,2017,35.15774795189123,2
2024-01-12 22:30:00+00:00,2024-01-14 03:00:00+00:00,7954,5596,28.5,2358,2358,42.13724088634739,3
2024-01-12 22:30:00+00:00,2024-01-14 04:00:00+00:00,8568,5477,29.5,3091,3091,56.436005112287745,4
2024-01-12 22:30:00+00:00,2024-01-14 05:00:00+00:00,8876,5288,30.5,3588,3588,67.8517397881997,5
2024-01-12 22:30:00+00:00,2024-01-14 06:00:00+00:00,9227,5862,31.5,3365,3365,57.40361651313545,6
2024-01-12 22:30:00+00:00,2024-01-14 07:00:00+00:00,9552,6461,32.5,3091,3091,47.840891502863336,7
2024-01-12 22:30:00+00:00,2024-01-14 08:00:00+00:00,10040,7130,33.5,2910,2910,40.813464235624124,8
2024-01-12 22:30:00+00:00,2024-01-14 09:00:00+00:00,10582,8614,34.5,1968,1968,22.84652890643139,9
2024-01-12 22:30:00+00:00,2024-01-14 10:00:00+00:00,11133,9487,35.5,1646,1646,17.35005797406978,10
2024-01-12 22:30:00+00:00,2024-01-14 11:00:00+00:00,11657,9952,36.5,1705,1705,17.132234726688104,11
2024-01-12 22:30:00+00:00,2024-01-14 12:00:00+00:00,12172,10051,37.5,2121,2121,21.102377872848475,12
2024-01-12 22:30:00+00:00,2024-01-14 13:00:00+00:00,12548,10400,38.5,2148,2148,20.653846153846153,13
2024-01-12 22:30:00+00:00,2024-01-14 14:00:00+00:00,12912,11368,39.5,1544,1544,13.58198451794511,14
2024-01-12 22:30:00+00:00,2024-01-14 15:00:00+00:00,13265,12175,40.5,1090,1090,8.952772073921972,15
2024-01-12 22:30:00+00:00,2024-01-14 16:00:00+00:00,13710,12559,41.5,1151,1151,9.164742415797436,16
2024-01-12 22:30:00+00:00,2024-01-14 17:00:00+00:00,14117,12347,42.5,1770,1770,14.335466105126752,17
2024-01-12 22:30:00+00:00,2024-01-14 18:00:00+00:00,14483,12424,43.5,2059,2059,16.572762395363814,18
2024-01-12 22:30:00+00:00,2024-01-14 19:00:00+00:00,14873,12364,44.5,2509,2509,20.29278550630864,19
2024-01-12 22:30:00+00:00,2024-01-14 20:00:00+00:00,15230,12757,45.5,2473,2473,19.385435447205456,20
2024-01-12 22:30:00+00:00,2024-01-14 21:00:00+00:00,15550,13213,46.5,2337,2337,17.68712631499281,21
2024-01-12 18:30:00+00:00,2024-01-12 23:00:00+00:00,6205,6359,4.5,-154,154,2.42176442836924,23
2024-01-12 18:30:00+00:00,2024-01-13 00:00:00+00:00,7055,6319,5.5,736,736,11.647412565279316,0
2024-01-12 18:30:00+00:00,2024-01-13 01:00:00+00:00,7694,6801,6.5,893,893,13.130421996765183,1
2024-01-12 18:30:00+00:00,2024-01-13 02:00:00+00:00,7900,7297,7.5,603,603,8.263670001370427,2
2024-01-12 18:30:00+00:00,2024-01-13 03:00:00+00:00,8014,7695,8.5,319,319,4.14554905782976,3
2024-01-12 18:30:00+00:00,2024-01-13 04:00:00+00:00,7910,8191,9.5,-281,281,3.4305945549993897,4
2024-01-12 18:30:00+00:00,2024-01-13 05:00:00+00:00,7746,7678,10.5,68,68,0.8856473039854129,5
2024-01-12 18:30:00+00:00,2024-01-13 06:00:00+00:00,7381,7446,11.5,-65,65,0.8729519204942251,6
2024-01-12 18:30:00+00:00,2024-01-13 07:00:00+00:00,7080,7765,12.5,-685,685,8.821635544108178,7
2024-01-12 18:30:00+00:00,2024-01-13 08:00:00+00:00,7036,7975,13.5,-939,939,11.774294670846395,8
2024-01-12 18:30:00+00:00,2024-01-13 09:00:00+00:00,6996,7662,14.5,-666,666,8.692247454972591,9
2024-01-12 18:30:00+00:00,2024-01-13 10:00:00+00:00,6882,7384,15.5,-502,502,6.798483206933911,10
2024-01-12 18:30:00+00:00,2024-01-13 11:00:00+00:00,6655,7093,16.5,-438,438,6.175102213449881,11
2024-01-12 18:30:00+00:00,2024-01-13 12:00:00+00:00,6669,6834,17.5,-165,165,2.4143985952589992,12
2024-01-12 18:30:00+00:00,2024-01-13 13:00:00+00:00,6761,6733,18.5,28,28,0.4158621713946235,13
2024-01-12 18:30:00+00:00,2024-01-13 14:00:00+00:00,6740,7450,19.5,-710,710,9.53020134228188,14
2024-01-12 18:30:00+00:00,2024-01-13 15:00:00+00:00,6716,7003,20.5,-287,287,4.09824360988148,15
2024-01-12 18:30:00+00:00,2024-01-13 16:00:00+00:00,6789,6768,21.5,21,21,0.31028368794326244,16
2024-01-12 18:30:00+00:00,2024-01-13 17:00:00+00:00,6776,6416,22.5,360,360,5.610972568578553,17
2024-01-12 18:30:00+00:00,2024-01-13 18:00:00+00:00,6741,6446,23.5,295,295,4.576481538938877,18
2024-01-12 18:30:00+00:00,2024-01-13 19:00:00+00:00,6817,6755,24.5,62,62,0.9178386380458919,19
2024-01-12 18:30:00+00:00,2024-01-13 20:00:00+00:00,6847,6706,25.5,141,141,2.1025946913212046,20
2024-01-12 18:30:00+00:00,2024-01-13 21:00:00+00:00,6980,7009,26.5,-29,29,0.41375374518476243,21
2024-01-12 18:30:00+00:00,2024-01-13 22:00:00+00:00,7016,6926,27.5,90,90,1.2994513427663876,22
2024-01-12 18:30:00+00:00,2024-01-13 23:00:00+00:00,7241,6264,28.5,977,977,15.5970625798212,23
2024-01-12 18:30:00+00:00,2024-01-14 00:00:00+00:00,7476,5873,29.5,1603,1603,27.29439809296782,0
2024-01-12 18:30:00+00:00,2024-01-14 01:00:00+00:00,7662,6058,30.5,1604,1604,26.477385275668535,1
2024-01-12 18:30:00+00:00,2024-01-14 02:00:00+00:00,7753,5737,31.5,2016,2016,35.14031723897507,2
2024-01-12 18:30:00+00:00,2024-01-14 03:00:00+00:00,7953,5596,32.5,2357,2357,42.11937097927091,3
2024-01-12 18:30:00+00:00,2024-01-14 04:00:00+00:00,8568,5477,33.5,3091,3091,56.436005112287745,4
2024-01-12 18:30:00+00:00,2024-01-14 05:00:00+00:00,8876,5288,34.5,3588,3588,67.8517397881997,5
2024-01-12 18:30:00+00:00,2024-01-14 06:00:00+00:00,9226,5862,35.5,3364,3364,57.386557488911635,6
2024-01-12 18:30:00+00:00,2024-01-14 07:00:00+00:00,9553,6461,36.5,3092,3092,47.85636898312955,7
2024-01-12 18:30:00+00:00,2024-01-14 08:00:00+00:00,10041,7130,37.5,2911,2911,40.82748948106592,8
2024-01-12 18:30:00+00:00,2024-01-14 09:00:00+00:00,10580,8614,38.5,1966,1966,22.82331088925006,9
2024-01-12 18:30:00+00:00,2024-01-14 10:00:00+00:00,11131,9487,39.5,1644,1644,17.328976494149888,10
2024-01-12 18:30:00+00:00,2024-01-14 11:00:00+00:00,11656,9952,40.5,1704,1704,17.122186495176848,11
2024-01-12 18:30:00+00:00,2024-01-14 12:00:00+00:00,12172,10051,41.5,2121,2121,21.102377872848475,12
2024-01-12 18:30:00+00:00,2024-01-14 13:00:00+00:00,12541,10400,42.5,2141,2141,20.58653846153846,13
2024-01-12 18:30:00+00:00,2024-01-14 14:00:00+00:00,12899,11368,43.5,1531,1531,13.467628430682618,14
2024-01-12 18:30:00+00:00,2024-01-14 15:00:00+00:00,13245,12175,44.5,1070,1070,8.788501026694046,15
2024-01-12 18:30:00+00:00,2024-01-14 16:00:00+00:00,13680,12559,45.5,1121,1121,8.925869894099849,16
2024-01-12 18:30:00+00:00,2024-01-14 17:00:00+00:00,14077,12347,46.5,1730,1730,14.011500769417673,17
2024-01-12 18:30:00+00:00,2024-01-14 18:00:00+00:00,14432,12424,47.5,2008,2008,16.162266580811334,18
2024-01-12 15:30:00+00:00,2024-01-12 21:00:00+00:00,5134,5486,5.5,-352,352,6.416332482683193,21
2024-01-12 15:30:00+00:00,2024-01-12 22:00:00+00:00,5632,5842,6.5,-210,210,3.5946593632317696,22
2024-01-12 15:30:00+00:00,2024-01-12 23:00:00+00:00,6345,6359,7.5,-14,14,0.22016040257902186,23
2024-01-12 15:30:00+00:00,2024-01-13 00:00:00+00:00,7199,6319,8.5,880,880,13.926254154138313,0
2024-01-12 15:30:00+00:00,2024-01-13 01:00:00+00:00,8059,6801,9.5,1258,1258,18.49727981179238,1
2024-01-12 15:30:00+00:00,2024-01-13 02:00:00+00:00,8375,7297,10.5,1078,1078,14.773194463478143,2
2024-01-12 15:30:00+00:00,2024-01-13 03:00:00+00:00,8421,7695,11.5,726,726,9.434697855750487,3
2024-01-12 15:30:00+00:00,2024-01-13 04:00:00+00:00,8392,8191,12.5,201,201,2.4539128311561473,4
2024-01-12 15:30:00+00:00,2024-01-13 05:00:00+00:00,8214,7678,13.5,536,536,6.98098463141443,5
2024-01-12 15:30:00+00:00,2024-01-13 06:00:00+00:00,7748,7446,14.5,302,302,4.05586892291163,6
2024-01-12 15:30:00+00:00,2024-01-13 07:00:00+00:00,7497,7765,15.5,-268,268,3.451384417256922,7
2024-01-12 15:30:00+00:00,2024-01-13 08:00:00+00:00,7367,7975,16.5,-608,608,7.623824451410659,8
2024-01-12 15:30:00+00:00,2024-01-13 09:00:00+00:00,7374,7662,17.5,-288,288,3.7588097102584186,9
2024-01-12 15:30:00+00:00,2024-01-13 10:00:00+00:00,7310,7384,18.5,-74,74,1.0021668472372698,10
2024-01-12 15:30:00+00:00,2024-01-13 11:00:00+00:00,7172,7093,19.5,79,79,1.113774143521782,11
2024-01-12 15:30:00+00:00,2024-01-13 12:00:00+00:00,7175,6834,20.5,341,341,4.9897570968685985,12
2024-01-12 15:30:00+00:00,2024-01-13 13:00:00+00:00,7124,6733,21.5,391,391,5.807218179117778,13
2024-01-12 15:30:00+00:00,2024-01-13 14:00:00+00:00,7021,7450,22.5,-429,429,5.758389261744966,14
2024-01-12 15:30:00+00:00,2024-01-13 15:00:00+00:00,6885,7003,23.5,-118,118,1.6849921462230473,15
2024-01-12 15:30:00+00:00,2024-01-13 16:00:00+00:00,6982,6768,24.5,214,214,3.1619385342789594,16
2024-01-12 15:30:00+00:00,2024-01-13 17:00:00+00:00,6870,6416,25.5,454,454,7.076059850374065,17
2024-01-12 15:30:00+00:00,2024-01-13 18:00:00+00:00,6758,6446,26.5,312,312,4.840210983555694,18
2024-01-12 15:30:00+00:00,2024-01-13 19:00:00+00:00,6741,6755,27.5,-14,14,0.20725388601036268,19
2024-01-12 15:30:00+00:00,2024-01-13 20:00:00+00:00,6676,6706,28.5,-30,30,0.44736057262153295,20
2024-01-12 15:30:00+00:00,2024-01-13 21:00:00+00:00,6739,7009,29.5,-270,270,3.8521900413753745,21
2024-01-12 15:30:00+00:00,2024-01-13 22:00:00+00:00,6815,6926,30.5,-111,111,1.6026566560785445,22
2024-01-12 15:30:00+00:00,2024-01-13 23:00:00+00:00,7036,6264,31.5,772,772,12.324393358876119,23
2024-01-12 15:30:00+00:00,2024-01-14 00:00:00+00:00,7073,5873,32.5,1200,1200,20.432487655372043,0
2024-01-12 15:30:00+00:00,2024-01-14 01:00:00+00:00,7314,6058,33.5,1256,1256,20.732915153516014,1
2024-01-12 15:30:00+00:00,2024-01-14 02:00:00+00:00,7453,5737,34.5,1716,1716,29.911103364127595,2
2024-01-12 15:30:00+00:00,2024-01-14 03:00:00+00:00,7645,5596,35.5,2049,2049,36.61543959971409,3
2024-01-12 15:30:00+00:00,2024-01-14 04:00:00+00:00,8421,5477,36.5,2944,2944,53.752054044184774,4
2024-01-12 15:30:00+00:00,2024-01-14 05:00:00+00:00,8758,5288,37.5,3470,3470,65.62027231467474,5
2024-01-12 15:30:00+00:00,2024-01-14 06:00:00+00:00,9095,5862,38.5,3233,3233,55.15182531559195,6
2024-01-12 15:30:00+00:00,2024-01-14 07:00:00+00:00,9537,6461,39.5,3076,3076,47.608729298870145,7
2024-01-12 15:30:00+00:00,2024-01-14 08:00:00+00:00,9995,7130,40.5,2865,2865,40.18232819074334,8
2024-01-12 15:30:00+00:00,2024-01-14 09:00:00+00:00,10462,8614,41.5,1848,1848,21.45344787555143,9
2024-01-12 15:30:00+00:00,2024-01-14 10:00:00+00:00,11038,9487,42.5,1551,1551,16.348687677874988,10
2024-01-12 15:30:00+00:00,2024-01-14 11:00:00+00:00,11619,9952,43.5,1667,1667,16.75040192926045,11
2024-01-12 15:30:00+00:00,2024-01-14 12:00:00+00:00,12193,10051,44.5,2142,2142,21.31131230723311,12
2024-01-12 15:30:00+00:00,2024-01-14 13:00:00+00:00,12588,10400,45.5,2188,2188,21.03846153846154,13
2024-01-12 15:30:00+00:00,2024-01-14 14:00:00+00:00,12970,11368,46.5,1602,1602,14.092188599577762,14
2024-01-12 15:30:00+00:00,2024-01-14 15:00:00+00:00,13338,12175,47.5,1163,1163,9.552361396303901,15
2024-01-12 11:30:00+00:00,2024-01-12 21:00:00+00:00,5082,5486,9.5,-404,404,7.364199781261392,21
2024-01-12 11:30:00+00:00,2024-01-12 22:00:00+00:00,5616,5842,10.5,-226,226,3.8685381718589524,22
2024-01-12 11:30:00+00:00,2024-01-12 23:00:00+00:00,6272,6359,11.5,-87,87,1.3681396445982072,23
2024-01-12 11:30:00+00:00,2024-01-13 00:00:00+00:00,7087,6319,12.5,768,768,12.153821807247981,0
2024-01-12 11:30:00+00:00,2024-01-13 01:00:00+00:00,7940,6801,13.5,1139,1139,16.747537126893103,1
2024-01-12 11:30:00+00:00,2024-01-13 02:00:00+00:00,8327,7297,14.5,1030,1030,14.115389886254626,2
2024-01-12 11:30:00+00:00,2024-01-13 03:00:00+00:00,8413,7695,15.5,718,718,9.330734243014945,3
2024-01-12 11:30:00+00:00,2024-01-13 04:00:00+00:00,8440,8191,16.5,249,249,3.0399218654620928,4
2024-01-12 11:30:00+00:00,2024-01-13 05:00:00+00:00,8237,7678,17.5,559,559,7.280541807762438,5
2024-01-12 11:30:00+00:00,2024-01-13 06:00:00+00:00,7749,7446,18.5,303,303,4.069298952457696,6
2024-01-12 11:30:00+00:00,2024-01-13 07:00:00+00:00,7500,7765,19.5,-265,265,3.4127495170637476,7
2024-01-12 11:30:00+00:00,2024-01-13 08:00:00+00:00,7326,7975,20.5,-649,649,8.137931034482758,8
2024-01-12 11:30:00+00:00,2024-01-13 09:00:00+00:00,7296,7662,21.5,-366,366,4.776820673453407,9
2024-01-12 11:30:00+00:00,2024-01-13 10:00:00+00:00,7300,7384,22.5,-84,84,1.1375947995666305,10
2024-01-12 11:30:00+00:00,2024-01-13 11:00:00+00:00,7129,7093,23.5,36,36,0.507542647680812,11
2024-01-12 11:30:00+00:00,2024-01-13 12:00:00+00:00,7112,6834,24.5,278,278,4.0678958150424345,12
2024-01-12 11:30:00+00:00,2024-01-13 13:00:00+00:00,6956,6733,25.5,223,223,3.312045150750037,13
2024-01-12 11:30:00+00:00,2024-01-13 14:00:00+00:00,6874,7450,26.5,-576,576,7.731543624161073,14
2024-01-12 11:30:00+00:00,2024-01-13 15:00:00+00:00,6709,7003,27.5,-294,294,4.198200771098101,15
2024-01-12 11:30:00+00:00,2024-01-13 16:00:00+00:00,6791,6768,28.5,23,23,0.3398345153664303,16
2024-01-12 11:30:00+00:00,2024-01-13 17:00:00+00:00,6740,6416,29.5,324,324,5.049875311720698,17
2024-01-12 11:30:00+00:00,2024-01-13 18:00:00+00:00,6538,6446,30.5,92,92,1.427241700279243,18
2024-01-12 11:30:00+00:00,2024-01-13 19:00:00+00:00,6487,6755,31.5,-268,268,3.967431532198372,19
2024-01-12 11:30:00+00:00,2024-01-13 20:00:00+00:00,6505,6706,32.5,-201,201,2.9973158365642707,20
2024-01-12 11:30:00+00:00,2024-01-13 21:00:00+00:00,6499,7009,33.5,-510,510,7.276358967042375,21
2024-01-12 11:30:00+00:00,2024-01-13 22:00:00+00:00,6605,6926,34.5,-321,321,4.634709789200116,22
2024-01-12 11:30:00+00:00,2024-01-13 23:00:00+00:00,6817,6264,35.5,553,553,8.828224776500639,23
2024-01-12 11:30:00+00:00,2024-01-14 00:00:00+00:00,7037,5873,36.5,1164,1164,19.81951302571088,0
2024-01-12 11:30:00+00:00,2024-01-14 01:00:00+00:00,7246,6058,37.5,1188,1188,19.610432485968968,1
2024-01-12 11:30:00+00:00,2024-01-14 02:00:00+00:00,7462,5737,38.5,1725,1725,30.067979780373015,2
2024-01-12 11:30:00+00:00,2024-01-14 03:00:00+00:00,7680,5596,39.5,2084,2084,37.240886347391,3
2024-01-12 11:30:00+00:00,2024-01-14 04:00:00+00:00,8021,5477,40.5,2544,2544,46.44878583165967,4
2024-01-12 11:30:00+00:00,2024-01-14 05:00:00+00:00,8365,5288,41.5,3077,3077,58.188350983358546,5
2024-01-12 11:30:00+00:00,2024-01-14 06:00:00+00:00,8710,5862,42.5,2848,2848,48.584100989423405,6
2024-01-12 11:30:00+00:00,2024-01-14 07:00:00+00:00,9116,6461,43.5,2655,2655,41.09271010679462,7
2024-01-12 11:30:00+00:00,2024-01-14 08:00:00+00:00,9540,7130,44.5,2410,2410,33.80084151472651,8
2024-01-12 11:30:00+00:00,2024-01-14 09:00:00+00:00,9978,8614,45.5,1364,1364,15.83468771766891,9
2024-01-12 11:30:00+00:00,2024-01-14 10:00:00+00:00,10588,9487,46.5,1101,1101,11.605354695899651,10
2024-01-12 11:30:00+00:00,2024-01-14 11:00:00+00:00,11211,9952,47.5,1259,1259,12.65072347266881,11
2024-01-12 09:30:00+00:00,2024-01-12 21:00:00+00:00,5080,5486,11.5,-406,406,7.400656215822092,21
2024-01-12 09:30:00+00:00,2024-01-12 22:00:00+00:00,5615,5842,12.5,-227,227,3.8856555973981513,22
2024-01-12 09:30:00+00:00,2024-01-12 23:00:00+00:00,6269,6359,13.5,-90,90,1.4153168737222834,23
2024-01-12 09:30:00+00:00,2024-01-13 00:00:00+00:00,7084,6319,14.5,765,765,12.106345940813421,0
2024-01-12 09:30:00+00:00,2024-01-13 01:00:00+00:00,7938,6801,15.5,1137,1137,16.718129686810762,1
2024-01-12 09:30:00+00:00,2024-01-13 02:00:00+00:00,8325,7297,16.5,1028,1028,14.087981362203644,2
2024-01-12 09:30:00+00:00,2024-01-13 03:00:00+00:00,8412,7695,17.5,717,717,9.317738791423002,3
2024-01-12 09:30:00+00:00,2024-01-13 04:00:00+00:00,8439,8191,18.5,248,248,3.0277133439140522,4
2024-01-12 09:30:00+00:00,2024-01-13 05:00:00+00:00,8239,7678,19.5,561,561,7.306590257879657,5
2024-01-12 09:30:00+00:00,2024-01-13 06:00:00+00:00,7750,7446,20.5,304,304,4.08272898200376,6
2024-01-12 09:30:00+00:00,2024-01-13 07:00:00+00:00,7499,7765,21.5,-266,266,3.4256278171281394,7
2024-01-12 09:30:00+00:00,2024-01-13 08:00:00+00:00,7322,7975,22.5,-653,653,8.18808777429467,8
2024-01-12 09:30:00+00:00,2024-01-13 09:00:00+00:00,7292,7662,23.5,-370,370,4.829026363873662,9
2024-01-12 09:30:00+00:00,2024-01-13 10:00:00+00:00,7295,7384,24.5,-89,89,1.2053087757313108,10
2024-01-12 09:30:00+00:00,2024-01-13 11:00:00+00:00,7133,7093,25.5,40,40,0.5639362752009023,11
2024-01-12 09:30:00+00:00,2024-01-13 12:00:00+00:00,7120,6834,26.5,286,286,4.184957565115599,12
2024-01-12 09:30:00+00:00,2024-01-13 13:00:00+00:00,6957,6733,27.5,224,224,3.326897371156988,13
2024-01-12 09:30:00+00:00,2024-01-13 14:00:00+00:00,6877,7450,28.5,-573,573,7.691275167785235,14
2024-01-12 09:30:00+00:00,2024-01-13 15:00:00+00:00,6709,7003,29.5,-294,294,4.198200771098101,15
2024-01-12 09:30:00+00:00,2024-01-13 16:00:00+00:00,6791,6768,30.5,23,23,0.3398345153664303,16
2024-01-12 09:30:00+00:00,2024-01-13 17:00:00+00:00,6741,6416,31.5,325,325,5.065461346633417,17
2024-01-12 09:30:00+00:00,2024-01-13 18:00:00+00:00,6540,6446,32.5,94,94,1.4582686937635743,18
2024-01-12 09:30:00+00:00,2024-01-13 19:00:00+00:00,6487,6755,33.5,-268,268,3.967431532198372,19
2024-01-12 09:30:00+00:00,2024-01-13 20:00:00+00:00,6507,6706,34.5,-199,199,2.967491798389502,20
2024-01-12 09:30:00+00:00,2024-01-13 21:00:00+00:00,6501,7009,35.5,-508,508,7.247824225995149,21
2024-01-12 09:30:00+00:00,2024-01-13 22:00:00+00:00,6608,6926,36.5,-318,318,4.591394744441236,22
2024-01-12 09:30:00+00:00,2024-01-13 23:00:00+00:00,6821,6264,37.5,557,557,8.892081736909322,23
2024-01-12 09:30:00+00:00,2024-01-14 00:00:00+00:00,7041,5873,38.5,1168,1168,19.887621317895455,0
2024-01-12 09:30:00+00:00,2024-01-14 01:00:00+00:00,7251,6058,39.5,1193,1193,19.692967976229777,1
2024-01-12 09:30:00+00:00,2024-01-14 02:00:00+00:00,7465,5737,40.5,1728,1728,30.120271919121492,2
2024-01-12 09:30:00+00:00,2024-01-14 03:00:00+00:00,7684,5596,41.5,2088,2088,37.31236597569693,3
2024-01-12 09:30:00+00:00,2024-01-14 04:00:00+00:00,8023,5477,42.5,2546,2546,46.48530217272229,4
2024-01-12 09:30:00+00:00,2024-01-14 05:00:00+00:00,8365,5288,43.5,3077,3077,58.188350983358546,5
2024-01-12 09:30:00+00:00,2024-01-14 06:00:00+00:00,8707,5862,44.5,2845,2845,48.53292391675196,6
2024-01-12 09:30:00+00:00,2024-01-14 07:00:00+00:00,9110,6461,45.5,2649,2649,40.99984522519734,7
2024-01-12 09:30:00+00:00,2024-01-14 08:00:00+00:00,9529,7130,46.5,2399,2399,33.64656381486676,8
2024-01-12 09:30:00+00:00,2024-01-14 09:00:00+00:00,9962,8614,47.5,1348,1348,15.64894358021825,9
2024-01-12 07:30:00+00:00,2024-01-12 21:00:00+00:00,5080,5486,13.5,-406,406,7.400656215822092,21
2024-01-12 07:30:00+00:00,2024-01-12 22:00:00+00:00,5614,5842,14.5,-228,228,3.9027730229373505,22
2024-01-12 07:30:00+00:00,2024-01-12 23:00:00+00:00,6269,6359,15.5,-90,90,1.4153168737222834,23
2024-01-12 07:30:00+00:00,2024-01-13 00:00:00+00:00,7085,6319,16.5,766,766,12.122171229624941,0
2024-01-12 07:30:00+00:00,2024-01-13 01:00:00+00:00,7938,6801,17.5,1137,1137,16.718129686810762,1
2024-01-12 07:30:00+00:00,2024-01-13 02:00:00+00:00,8325,7297,18.5,1028,1028,14.087981362203644,2
2024-01-12 07:30:00+00:00,2024-01-13 03:00:00+00:00,8412,7695,19.5,717,717,9.317738791423002,3
2024-01-12 07:30:00+00:00,2024-01-13 04:00:00+00:00,8438,8191,20.5,247,247,3.0155048223660117,4
2024-01-12 07:30:00+00:00,2024-01-13 05:00:00+00:00,8238,7678,21.5,560,560,7.293566032821047,5
2024-01-12 07:30:00+00:00,2024-01-13 06:00:00+00:00,7749,7446,22.5,303,303,4.069298952457696,6
2024-01-12 07:30:00+00:00,2024-01-13 07:00:00+00:00,7498,7765,23.5,-267,267,3.438506117192531,7
2024-01-12 07:30:00+00:00,2024-01-13 08:00:00+00:00,7322,7975,24.5,-653,653,8.18808777429467,8
2024-01-12 07:30:00+00:00,2024-01-13 09:00:00+00:00,7293,7662,25.5,-369,369,4.815974941268599,9
2024-01-12 07:30:00+00:00,2024-01-13 10:00:00+00:00,7295,7384,26.5,-89,89,1.2053087757313108,10
2024-01-12 07:30:00+00:00,2024-01-13 11:00:00+00:00,7133,7093,27.5,40,40,0.5639362752009023,11
2024-01-12 07:30:00+00:00,2024-01-13 12:00:00+00:00,7120,6834,28.5,286,286,4.184957565115599,12
2024-01-12 07:30:00+00:00,2024-01-13 13:00:00+00:00,6958,6733,29.5,225,225,3.341749591563939,13
2024-01-12 07:30:00+00:00,2024-01-13 14:00:00+00:00,6877,7450,30.5,-573,573,7.691275167785235,14
2024-01-12 07:30:00+00:00,2024-01-13 15:00:00+00:00,6709,7003,31.5,-294,294,4.198200771098101,15
2024-01-12 07:30:00+00:00,2024-01-13 16:00:00+00:00,6790,6768,32.5,22,22,0.3250591016548463,16
2024-01-12 07:30:00+00:00,2024-01-13 17:00:00+00:00,6740,6416,33.5,324,324,5.049875311720698,17
2024-01-12 07:30:00+00:00,2024-01-13 18:00:00+00:00,6539,6446,34.5,93,93,1.4427551970214085,18
2024-01-12 07:30:00+00:00,2024-01-13 19:00:00+00:00,6486,6755,35.5,-269,269,3.9822353811991116,19
2024-01-12 07:30:00+00:00,2024-01-13 20:00:00+00:00,6507,6706,36.5,-199,199,2.967491798389502,20
2024-01-12 07:30:00+00:00,2024-01-13 21:00:00+00:00,6501,7009,37.5,-508,508,7.247824225995149,21
2024-01-12 07:30:00+00:00,2024-01-13 22:00:00+00:00,6608,6926,38.5,-318,318,4.591394744441236,22
2024-01-12 07:30:00+00:00,2024-01-13 23:00:00+00:00,6822,6264,39.5,558,558,8.908045977011495,23
2024-01-12 07:30:00+00:00,2024-01-14 00:00:00+00:00,7042,5873,40.5,1169,1169,19.9046483909416,0
2024-01-12 07:30:00+00:00,2024-01-14 01:00:00+00:00,7252,6058,41.5,1194,1194,19.70947507428194,1
2024-01-12 07:30:00+00:00,2024-01-14 02:00:00+00:00,7466,5737,42.5,1729,1729,30.137702632037648,2
2024-01-12 07:30:00+00:00,2024-01-14 03:00:00+00:00,7684,5596,43.5,2088,2088,37.31236597569693,3
2024-01-12 07:30:00+00:00,2024-01-14 04:00:00+00:00,8023,5477,44.5,2546,2546,46.48530217272229,4
2024-01-12 07:30:00+00:00,2024-01-14 05:00:00+00:00,8365,5288,45.5,3077,3077,58.188350983358546,5
2024-01-12 07:30:00+00:00,2024-01-14 06:00:00+00:00,8707,5862,46.5,2845,2845,48.53292391675196,6
2024-01-12 07:30:00+00:00,2024-01-14 07:00:00+00:00,9110,6461,47.5,2649,2649,40.99984522519734,7
2024-01-12 04:30:00+00:00,2024-01-12 21:00:00+00:00,4970,5486,16.5,-516,516,9.40576011666059,21
2024-01-12 04:30:00+00:00,2024-01-12 22:00:00+00:00,5524,5842,17.5,-318,318,5.443341321465252,22
2024-01-12 04:30:00+00:00,2024-01-12 23:00:00+00:00,6232,6359,18.5,-127,127,1.9971693662525554,23
2024-01-12 04:30:00+00:00,2024-01-13 00:00:00+00:00,7100,6319,19.5,781,781,12.359550561797752,0
2024-01-12 04:30:00+00:00,2024-01-13 01:00:00+00:00,7853,6801,20.5,1052,1052,15.468313483311277,1
2024-01-12 04:30:00+00:00,2024-01-13 02:00:00+00:00,8293,7297,21.5,996,996,13.649444977387967,2
2024-01-12 04:30:00+00:00,2024-01-13 03:00:00+00:00,8452,7695,22.5,757,757,9.837556855100715,3
2024-01-12 04:30:00+00:00,2024-01-13 04:00:00+00:00,8499,8191,23.5,308,308,3.760224636796484,4
2024-01-12 04:30:00+00:00,2024-01-13 05:00:00+00:00,8150,7678,24.5,472,472,6.147434227663454,5
2024-01-12 04:30:00+00:00,2024-01-13 06:00:00+00:00,7580,7446,25.5,134,134,1.7996239591727101,6
2024-01-12 04:30:00+00:00,2024-01-13 07:00:00+00:00,7201,7765,26.5,-564,564,7.263361236316807,7
2024-01-12 04:30:00+00:00,2024-01-13 08:00:00+00:00,6862,7975,27.5,-1113,1113,13.956112852664576,8
2024-01-12 04:30:00+00:00,2024-01-13 09:00:00+00:00,6829,7662,28.5,-833,833,10.871835030018271,9
2024-01-12 04:30:00+00:00,2024-01-13 10:00:00+00:00,6869,7384,29.5,-515,515,6.97453954496208,10
2024-01-12 04:30:00+00:00,2024-01-13 11:00:00+00:00,6753,7093,30.5,-340,340,4.793458339207669,11
2024-01-12 04:30:00+00:00,2024-01-13 12:00:00+00:00,6767,6834,31.5,-67,67,0.9803921568627451,12
2024-01-12 04:30:00+00:00,2024-01-13 13:00:00+00:00,6574,6733,32.5,-159,159,2.3615030447051835,13
2024-01-12 04:30:00+00:00,2024-01-13 14:00:00+00:00,6506,7450,33.5,-944,944,12.671140939597317,14
2024-01-12 04:30:00+00:00,2024-01-13 15:00:00+00:00,6322,7003,34.5,-681,681,9.724403826931315,15
2024-01-12 04:30:00+00:00,2024-01-13 16:00:00+00:00,6238,6768,35.5,-530,530,7.83096926713948,16
2024-01-12 04:30:00+00:00,2024-01-13 17:00:00+00:00,6124,6416,36.5,-292,292,4.551122194513716,17
2024-01-12 04:30:00+00:00,2024-01-13 18:00:00+00:00,6014,6446,37.5,-432,432,6.701830592615575,18
2024-01-12 04:30:00+00:00,2024-01-13 19:00:00+00:00,6020,6755,38.5,-735,735,10.880829015544041,19
2024-01-12 04:30:00+00:00,2024-01-13 20:00:00+00:00,6034,6706,39.5,-672,672,10.020876826722338,20
2024-01-12 04:30:00+00:00,2024-01-13 21:00:00+00:00,6056,7009,40.5,-953,953,13.596804109002711,21
2024-01-12 04:30:00+00:00,2024-01-13 22:00:00+00:00,6248,6926,41.5,-678,678,9.789200115506786,22
2024-01-12 04:30:00+00:00,2024-01-13 23:00:00+00:00,6442,6264,42.5,178,178,2.8416347381864626,23
2024-01-12 04:30:00+00:00,2024-01-14 00:00:00+00:00,6641,5873,43.5,768,768,13.076792099438105,0
2024-01-12 04:30:00+00:00,2024-01-14 01:00:00+00:00,6852,6058,44.5,794,794,13.10663585341697,1
2024-01-12 04:30:00+00:00,2024-01-14 02:00:00+00:00,7066,5737,45.5,1329,1329,23.165417465574343,2
2024-01-12 04:30:00+00:00,2024-01-14 03:00:00+00:00,7285,5596,46.5,1689,1689,30.18227305218013,3
2024-01-12 04:30:00+00:00,2024-01-14 04:00:00+00:00,7614,5477,47.5,2137,2137,39.01771042541537,4
2024-01-12 02:30:00+00:00,2024-01-12 21:00:00+00:00,4972,5486,18.5,-514,514,9.36930368209989,21
2024-01-12 02:30:00+00:00,2024-01-12 22:00:00+00:00,5524,5842,19.5,-318,318,5.443341321465252,22
2024-01-12 02:30:00+00:00,2024-01-12 23:00:00+00:00,6231,6359,20.5,-128,128,2.0128951092939142,23
2024-01-12 02:30:00+00:00,2024-01-13 00:00:00+00:00,7099,6319,21.5,780,780,12.343725272986232,0
2024-01-12 02:30:00+00:00,2024-01-13 01:00:00+00:00,7853,6801,22.5,1052,1052,15.468313483311277,1
2024-01-12 02:30:00+00:00,2024-01-13 02:00:00+00:00,8292,7297,23.5,995,995,13.635740715362477,2
2024-01-12 02:30:00+00:00,2024-01-13 03:00:00+00:00,8450,7695,24.5,755,755,9.811565951916828,3
2024-01-12 02:30:00+00:00,2024-01-13 04:00:00+00:00,8499,8191,25.5,308,308,3.760224636796484,4
2024-01-12 02:30:00+00:00,2024-01-13 05:00:00+00:00,8150,7678,26.5,472,472,6.147434227663454,5
2024-01-12 02:30:00+00:00,2024-01-13 06:00:00+00:00,7579,7446,27.5,133,133,1.7861939296266454,6
2024-01-12 02:30:00+00:00,2024-01-13 07:00:00+00:00,7200,7765,28.5,-565,565,7.276239536381198,7
2024-01-12 02:30:00+00:00,2024-01-13 08:00:00+00:00,6862,7975,29.5,-1113,1113,13.956112852664576,8
2024-01-12 02:30:00+00:00,2024-01-13 09:00:00+00:00,6827,7662,30.5,-835,835,10.8979378752284,9
2024-01-12 02:30:00+00:00,2024-01-13 10:00:00+00:00,6869,7384,31.5,-515,515,6.97453954496208,10
2024-01-12 02:30:00+00:00,2024-01-13 11:00:00+00:00,6752,7093,32.5,-341,341,4.807556746087692,11
2024-01-12 02:30:00+00:00,2024-01-13 12:00:00+00:00,6756,6834,33.5,-78,78,1.141352063213345,12
2024-01-12 02:30:00+00:00,2024-01-13 13:00:00+00:00,6574,6733,34.5,-159,159,2.3615030447051835,13
2024-01-12 02:30:00+00:00,2024-01-13 14:00:00+00:00,6506,7450,35.5,-944,944,12.671140939597317,14
2024-01-12 02:30:00+00:00,2024-01-13 15:00:00+00:00,6315,7003,36.5,-688,688,9.824360988147937,15
2024-01-12 02:30:00+00:00,2024-01-13 16:00:00+00:00,6234,6768,37.5,-534,534,7.890070921985816,16
2024-01-12 02:30:00+00:00,2024-01-13 17:00:00+00:00,6122,6416,38.5,-294,294,4.5822942643391515,17
2024-01-12 02:30:00+00:00,2024-01-13 18:00:00+00:00,6015,6446,39.5,-431,431,6.68631709587341,18
2024-01-12 02:30:00+00:00,2024-01-13 19:00:00+00:00,6019,6755,40.5,-736,736,10.895632864544782,19
2024-01-12 02:30:00+00:00,2024-01-13 20:00:00+00:00,6032,6706,41.5,-674,674,10.050700864897106,20
2024-01-12 02:30:00+00:00,2024-01-13 21:00:00+00:00,6054,7009,42.5,-955,955,13.625338850049937,21
2024-01-12 02:30:00+00:00,2024-01-13 22:00:00+00:00,6245,6926,43.5,-681,681,9.832515160265666,22
2024-01-12 02:30:00+00:00,2024-01-13 23:00:00+00:00,6439,6264,44.5,175,175,2.793742017879949,23
2024-01-12 02:30:00+00:00,2024-01-14 00:00:00+00:00,6638,5873,45.5,765,765,13.025710880299677,0
2024-01-12 02:30:00+00:00,2024-01-14 01:00:00+00:00,6848,6058,46.5,790,790,13.040607461208321,1
2024-01-12 02:30:00+00:00,2024-01-14 02:00:00+00:00,7062,5737,47.5,1325,1325,23.09569461390971,2
2024-01-11 22:30:00+00:00,2024-01-12 03:00:00+00:00,5537,5292,4.5,245,245,4.62962962962963,3
2024-01-11 22:30:00+00:00,2024-01-12 04:00:00+00:00,5202,4824,5.5,378,378,7.835820895522389,4
2024-01-11 22:30:00+00:00,2024-01-12 05:00:00+00:00,4899,4848,6.5,51,51,1.051980198019802,5
2024-01-11 22:30:00+00:00,2024-01-12 06:00:00+00:00,4573,4510,7.5,63,63,1.3968957871396896,6
2024-01-11 22:30:00+00:00,2024-01-12 07:00:00+00:00,4281,4312,8.5,-31,31,0.7189239332096475,7
2024-01-11 22:30:00+00:00,2024-01-12 08:00:00+00:00,3828,3879,9.5,-51,51,1.3147718484145399,8
2024-01-11 22:30:00+00:00,2024-01-12 09:00:00+00:00,3562,3499,10.5,63,63,1.8005144326950557,9
2024-01-11 22:30:00+00:00,2024-01-12 10:00:00+00:00,3377,3335,11.5,42,42,1.2593703148425788,10
2024-01-11 22:30:00+00:00,2024-01-12 11:00:00+00:00,3127,3201,12.5,-74,74,2.311777569509528,11
2024-01-11 22:30:00+00:00,2024-01-12 12:00:00+00:00,3028,3318,13.5,-290,290,8.74020494273659,12
2024-01-11 22:30:00+00:00,2024-01-12 13:00:00+00:00,3053,3321,14.5,-268,268,8.069858476362542,13
2024-01-11 22:30:00+00:00,2024-01-12 14:00:00+00:00,3158,3690,15.5,-532,532,14.417344173441734,14
2024-01-11 22:30:00+00:00,2024-01-12 15:00:00+00:00,3344,4220,16.5,-876,876,20.75829383886256,15
2024-01-11 22:30:00+00:00,2024-01-12 16:00:00+00:00,3602,4527,17.5,-925,925,20.432957808703335,16
2024-01-11 22:30:00+00:00,2024-01-12 17:00:00+00:00,3871,4405,18.5,-534,534,12.122587968217934,17
2024-01-11 22:30:00+00:00,2024-01-12 18:00:00+00:00,4031,4639,19.5,-608,608,13.106272903643026,18
2024-01-11 22:30:00+00:00,2024-01-12 19:00:00+00:00,4226,4837,20.5,-611,611,12.631796568120738,19
2024-01-11 22:30:00+00:00,2024-01-12 20:00:00+00:00,4480,5083,21.5,-603,603,11.86307298839268,20
2024-01-11 22:30:00+00:00,2024-01-12 21:00:00+00:00,4865,5486,22.5,-621,621,11.319722931097338,21
2024-01-11 22:30:00+00:00,2024-01-12 22:00:00+00:00,5400,5842,23.5,-442,442,7.565902088325915,22
2024-01-11 22:30:00+00:00,2024-01-12 23:00:00+00:00,6135,6359,24.5,-224,224,3.52256644126435,23
2024-01-11 22:30:00+00:00,2024-01-13 00:00:00+00:00,7051,6319,25.5,732,732,11.584111410033234,0
2024-01-11 22:30:00+00:00,2024-01-13 01:00:00+00:00,7717,6801,26.5,916,916,13.468607557712101,1
2024-01-11 22:30:00+00:00,2024-01-13 02:00:00+00:00,8195,7297,27.5,898,898,12.306427298889954,2
2024-01-11 22:30:00+00:00,2024-01-13 03:00:00+00:00,8363,7695,28.5,668,668,8.680961663417804,3
2024-01-11 22:30:00+00:00,2024-01-13 04:00:00+00:00,8387,8191,29.5,196,196,2.3928702234159447,4
2024-01-11 22:30:00+00:00,2024-01-13 05:00:00+00:00,7998,7678,30.5,320,320,4.167752018754884,5
2024-01-11 22:30:00+00:00,2024-01-13 06:00:00+00:00,7446,7446,31.5,0,0,0.0,6
2024-01-11 22:30:00+00:00,2024-01-13 07:00:00+00:00,6992,7765,32.5,-773,773,9.95492594977463,7
2024-01-11 22:30:00+00:00,2024-01-13 08:00:00+00:00,6564,7975,33.5,-1411,1411,17.692789968652036,8
2024-01-11 22:30:00+00:00,2024-01-13 09:00:00+00:00,6515,7662,34.5,-1147,1147,14.969981728008353,9
2024-01-11 22:30:00+00:00,2024-01-13 10:00:00+00:00,6440,7384,35.5,-944,944,12.784398699891659,10
2024-01-11 22:30:00+00:00,2024-01-13 11:00:00+00:00,6351,7093,36.5,-742,742,10.461017904976739,11
2024-01-11 22:30:00+00:00,2024-01-13 12:00:00+00:00,6273,6834,37.5,-561,561,8.208955223880597,12
2024-01-11 22:30:00+00:00,2024-01-13 13:00:00+00:00,6149,6733,38.5,-584,584,8.67369671765929,13
2024-01-11 22:30:00+00:00,2024-01-13 14:00:00+00:00,6035,7450,39.5,-1415,1415,18.993288590604028,14
2024-01-11 22:30:00+00:00,2024-01-13 15:00:00+00:00,5932,7003,40.5,-1071,1071,15.293445666143082,15
2024-01-11 22:30:00+00:00,2024-01-13 16:00:00+00:00,5749,6768,41.5,-1019,1019,15.056146572104018,16
2024-01-11 22:30:00+00:00,2024-01-13 17:00:00+00:00,5572,6416,42.5,-844,844,13.154613466334164,17
2024-01-11 22:30:00+00:00,2024-01-13 18:00:00+00:00,5401,6446,43.5,-1045,1045,16.21160409556314,18
2024-01-11 22:30:00+00:00,2024-01-13 19:00:00+00:00,5393,6755,44.5,-1362,1362,20.16284233900814,19
2024-01-11 22:30:00+00:00,2024-01-13 20:00:00+00:00,5389,6706,45.5,-1317,1317,19.639129138085295,20
2024-01-11 22:30:00+00:00,2024-01-13 21:00:00+00:00,5388,7009,46.5,-1621,1621,23.127407618775862,21
2024-01-11 18:30:00+00:00,2024-01-11 23:00:00+00:00,6509,5853,4.5,656,656,11.207927558517,23
2024-01-11 18:30:00+00:00,2024-01-12 00:00:00+00:00,6203,5886,5.5,317,317,5.385660890248046,0
2024-01-11 18:30:00+00:00,2024-01-12 01:00:00+00:00,5980,6018,6.5,-38,38,0.6314390162844798,1
2024-01-11 18:30:00+00:00,2024-01-12 02:00:00+00:00,5677,6108,7.5,-431,431,7.056319580877537,2
2024-01-11 18:30:00+00:00,2024-01-12 03:00:00+00:00,5464,5292,8.5,172,172,3.250188964474679,3
2024-01-11 18:30:00+00:00,2024-01-12 04:00:00+00:00,5123,4824,9.5,299,299,6.198175787728027,4
2024-01-11 18:30:00+00:00,2024-01-12 05:00:00+00:00,4827,4848,10.5,-21,21,0.4331683168316832,5
2024-01-11 18:30:00+00:00,2024-01-12 06:00:00+00:00,4502,4510,11.5,-8,8,0.17738359201773835,6
2024-01-11 18:30:00+00:00,2024-01-12 07:00:00+00:00,4206,4312,12.5,-106,106,2.458256029684601,7
2024-01-11 18:30:00+00:00,2024-01-12 08:00:00+00:00,3761,3879,13.5,-118,118,3.042021139468935,8
2024-01-11 18:30:00+00:00,2024-01-12 09:00:00+00:00,3497,3499,14.5,-2,2,0.05715918833952558,9
2024-01-11 18:30:00+00:00,2024-01-12 10:00:00+00:00,3305,3335,15.5,-30,30,0.8995502248875562,10
2024-01-11 18:30:00+00:00,2024-01-12 11:00:00+00:00,3052,3201,16.5,-149,149,4.654795376444861,11
2024-01-11 18:30:00+00:00,2024-01-12 12:00:00+00:00,2954,3318,17.5,-364,364,10.970464135021098,12
2024-01-11 18:30:00+00:00,2024-01-12 13:00:00+00:00,2982,3321,18.5,-339,339,10.20776874435411,13
2024-01-11 18:30:00+00:00,2024-01-12 14:00:00+00:00,3088,3690,19.5,-602,602,16.314363143631436,14
2024-01-11 18:30:00+00:00,2024-01-12 15:00:00+00:00,3282,4220,20.5,-938,938,22.22748815165877,15
2024-01-11 18:30:00+00:00,2024-01-12 16:00:00+00:00,3563,4527,21.5,-964,964,21.294455489286506,16
2024-01-11 18:30:00+00:00,2024-01-12 17:00:00+00:00,3834,4405,22.5,-571,571,12.962542565266745,17
2024-01-11 18:30:00+00:00,2024-01-12 18:00:00+00:00,4002,4639,23.5,-637,637,13.731407630954948,18
2024-01-11 18:30:00+00:00,2024-01-12 19:00:00+00:00,4204,4837,24.5,-633,633,13.086623940458963,19
2024-01-11 18:30:00+00:00,2024-01-12 20:00:00+00:00,4463,5083,25.5,-620,620,12.197521148927798,20
2024-01-11 18:30:00+00:00,2024-01-12 21:00:00+00:00,4851,5486,26.5,-635,635,11.57491797302224,21
2024-01-11 18:30:00+00:00,2024-01-12 22:00:00+00:00,5390,5842,27.5,-452,452,7.737076343717905,22
2024-01-11 18:30:00+00:00,2024-01-12 23:00:00+00:00,6125,6359,28.5,-234,234,3.679823871677937,23
2024-01-11 18:30:00+00:00,2024-01-13 00:00:00+00:00,7041,6319,29.5,722,722,11.425858521918025,0
2024-01-11 18:30:00+00:00,2024-01-13 01:00:00+00:00,7708,6801,30.5,907,907,13.336274077341567,1
2024-01-11 18:30:00+00:00,2024-01-13 02:00:00+00:00,8187,7297,31.5,890,890,12.196793202686035,2
2024-01-11 18:30:00+00:00,2024-01-13 03:00:00+00:00,8354,7695,32.5,659,659,8.564002599090319,3
2024-01-11 18:30:00+00:00,2024-01-13 04:00:00+00:00,8378,8191,33.5,187,187,2.2829935294835795,4
2024-01-11 18:30:00+00:00,2024-01-13 05:00:00+00:00,7989,7678,34.5,311,311,4.050533993227403,5
2024-01-11 18:30:00+00:00,2024-01-13 06:00:00+00:00,7434,7446,35.5,-12,12,0.16116035455278002,6
2024-01-11 18:30:00+00:00,2024-01-13 07:00:00+00:00,6980,7765,36.5,-785,785,10.109465550547329,7
2024-01-11 18:30:00+00:00,2024-01-13 08:00:00+00:00,6551,7975,37.5,-1424,1424,17.85579937304075,8
2024-01-11 18:30:00+00:00,2024-01-13 09:00:00+00:00,6500,7662,38.5,-1162,1162,15.165753067084312,9
2024-01-11 18:30:00+00:00,2024-01-13 10:00:00+00:00,6421,7384,39.5,-963,963,13.041711809317444,10
2024-01-11 18:30:00+00:00,2024-01-13 11:00:00+00:00,6328,7093,40.5,-765,765,10.785281263217257,11
2024-01-11 18:30:00+00:00,2024-01-13 12:00:00+00:00,6245,6834,41.5,-589,589,8.618671349136669,12
2024-01-11 18:30:00+00:00,2024-01-13 13:00:00+00:00,6123,6733,42.5,-610,610,9.059854448240012,13
2024-01-11 18:30:00+00:00,2024-01-13 14:00:00+00:00,6011,7450,43.5,-1439,1439,19.31543624161074,14
2024-01-11 18:30:00+00:00,2024-01-13 15:00:00+00:00,5910,7003,44.5,-1093,1093,15.607596744252463,15
2024-01-11 18:30:00+00:00,2024-01-13 16:00:00+00:00,5729,6768,45.5,-1039,1039,15.351654846335697,16
2024-01-11 18:30:00+00:00,2024-01-13 17:00:00+00:00,5555,6416,46.5,-861,861,13.419576059850375,17
2024-01-11 18:30:00+00:00,2024-01-13 18:00:00+00:00,5386,6446,47.5,-1060,1060,16.444306546695625,18
2024-01-11 15:30:00+00:00,2024-01-11 21:00:00+00:00,6810,6324,5.5,486,486,7.685009487666034,21
2024-01-11 15:30:00+00:00,2024-01-11 22:00:00+00:00,6422,6167,6.5,255,255,4.134911626398573,22
2024-01-11 15:30:00+00:00,2024-01-11 23:00:00+00:00,6037,5853,7.5,184,184,3.143686998120622,23
2024-01-11 15:30:00+00:00,2024-01-12 00:00:00+00:00,5583,5886,8.5,-303,303,5.1478083588175325,0
2024-01-11 15:30:00+00:00,2024-01-12 01:00:00+00:00,5279,6018,9.5,-739,739,12.279827185111333,1
2024-01-11 15:30:00+00:00,2024-01-12 02:00:00+00:00,5026,6108,10.5,-1082,1082,17.71447282252783,2
2024-01-11 15:30:00+00:00,2024-01-12 03:00:00+00:00,4815,5292,11.5,-477,477,9.013605442176871,3
2024-01-11 15:30:00+00:00,2024-01-12 04:00:00+00:00,4515,4824,12.5,-309,309,6.4054726368159205,4
2024-01-11 15:30:00+00:00,2024-01-12 05:00:00+00:00,4351,4848,13.5,-497,497,10.251650165016502,5
2024-01-11 15:30:00+00:00,2024-01-12 06:00:00+00:00,4017,4510,14.5,-493,493,10.931263858093127,6
2024-01-11 15:30:00+00:00,2024-01-12 07:00:00+00:00,3679,4312,15.5,-633,633,14.679962894248607,7
2024-01-11 15:30:00+00:00,2024-01-12 08:00:00+00:00,3282,3879,16.5,-597,597,15.390564578499614,8
2024-01-11 15:30:00+00:00,2024-01-12 09:00:00+00:00,3097,3499,17.5,-402,402,11.488996856244642,9
2024-01-11 15:30:00+00:00,2024-01-12 10:00:00+00:00,2920,3335,18.5,-415,415,12.443778110944528,10
2024-01-11 15:30:00+00:00,2024-01-12 11:00:00+00:00,2864,3201,19.5,-337,337,10.527960012496095,11
2024-01-11 15:30:00+00:00,2024-01-12 12:00:00+00:00,2819,3318,20.5,-499,499,15.039180229053647,12
2024-01-11 15:30:00+00:00,2024-01-12 13:00:00+00:00,2900,3321,21.5,-421,421,12.676904546823245,13
2024-01-11 15:30:00+00:00,2024-01-12 14:00:00+00:00,3022,3690,22.5,-668,668,18.102981029810298,14
2024-01-11 15:30:00+00:00,2024-01-12 15:00:00+00:00,3238,4220,23.5,-982,982,23.270142180094787,15
2024-01-11 15:30:00+00:00,2024-01-12 16:00:00+00:00,3488,4527,24.5,-1039,1039,22.951181798100286,16
2024-01-11 15:30:00+00:00,2024-01-12 17:00:00+00:00,3719,4405,25.5,-686,686,15.573212258796824,17
2024-01-11 15:30:00+00:00,2024-01-12 18:00:00+00:00,3902,4639,26.5,-737,737,15.887044621685709,18
2024-01-11 15:30:00+00:00,2024-01-12 19:00:00+00:00,4102,4837,27.5,-735,735,15.195369030390736,19
2024-01-11 15:30:00+00:00,2024-01-12 20:00:00+00:00,4368,5083,28.5,-715,715,14.066496163682865,20
2024-01-11 15:30:00+00:00,2024-01-12 21:00:00+00:00,4776,5486,29.5,-710,710,12.942034269048486,21
2024-01-11 15:30:00+00:00,2024-01-12 22:00:00+00:00,5278,5842,30.5,-564,564,9.654228004108182,22
2024-01-11 15:30:00+00:00,2024-01-12 23:00:00+00:00,5999,6359,31.5,-360,360,5.661267494889134,23
2024-01-11 15:30:00+00:00,2024-01-13 00:00:00+00:00,6868,6319,32.5,549,549,8.688083557524925,0
2024-01-11 15:30:00+00:00,2024-01-13 01:00:00+00:00,7452,6801,33.5,651,651,9.57212174680194,1
2024-01-11 15:30:00+00:00,2024-01-13 02:00:00+00:00,7940,7297,34.5,643,643,8.811840482390023,2
2024-01-11 15:30:00+00:00,2024-01-13 03:00:00+00:00,8111,7695,35.5,416,416,5.406107862248214,3
2024-01-11 15:30:00+00:00,2024-01-13 04:00:00+00:00,8002,8191,36.5,-189,189,2.3074105725796605,4
2024-01-11 15:30:00+00:00,2024-01-13 05:00:00+00:00,7623,7678,37.5,-55,55,0.7163323782234957,5
2024-01-11 15:30:00+00:00,2024-01-13 06:00:00+00:00,7251,7446,38.5,-195,195,2.6188557614826755,6
2024-01-11 15:30:00+00:00,2024-01-13 07:00:00+00:00,6801,7765,39.5,-964,964,12.414681262073406,7
2024-01-11 15:30:00+00:00,2024-01-13 08:00:00+00:00,6355,7975,40.5,-1620,1620,20.313479623824453,8
2024-01-11 15:30:00+00:00,2024-01-13 09:00:00+00:00,5931,7662,41.5,-1731,1731,22.5920125293657,9
2024-01-11 15:30:00+00:00,2024-01-13 10:00:00+00:00,5845,7384,42.5,-1539,1539,20.842361863488623,10
2024-01-11 15:30:00+00:00,2024-01-13 11:00:00+00:00,5769,7093,43.5,-1324,1324,18.666290709149866,11
2024-01-11 15:30:00+00:00,2024-01-13 12:00:00+00:00,5703,6834,44.5,-1131,1131,16.549604916593502,12
2024-01-11 15:30:00+00:00,2024-01-13 13:00:00+00:00,5523,6733,45.5,-1210,1210,17.971186692410516,13
2024-01-11 15:30:00+00:00,2024-01-13 14:00:00+00:00,5353,7450,46.5,-2097,2097,28.14765100671141,14
2024-01-11 15:30:00+00:00,2024-01-13 15:00:00+00:00,5195,7003,47.5,-1808,1808,25.81750678280737,15
2024-01-11 11:30:00+00:00,2024-01-11 21:00:00+00:00,6192,6324,9.5,-132,132,2.0872865275142316,21
2024-01-11 11:30:00+00:00,2024-01-11 22:00:00+00:00,5788,6167,10.5,-379,379,6.145613750608075,22
2024-01-11 11:30:00+00:00,2024-01-11 23:00:00+00:00,5450,5853,11.5,-403,403,6.885357936101144,23
2024-01-11 11:30:00+00:00,2024-01-12 00:00:00+00:00,5042,5886,12.5,-844,844,14.339109751953789,0
2024-01-11 11:30:00+00:00,2024-01-12 01:00:00+00:00,4785,6018,13.5,-1233,1233,20.48853439680957,1
2024-01-11 11:30:00+00:00,2024-01-12 02:00:00+00:00,4567,6108,14.5,-1541,1541,25.229207596594634,2
2024-01-11 11:30:00+00:00,2024-01-12 03:00:00+00:00,4355,5292,15.5,-937,937,17.705971277399847,3
2024-01-11 11:30:00+00:00,2024-01-12 04:00:00+00:00,4100,4824,16.5,-724,724,15.008291873963516,4
2024-01-11 11:30:00+00:00,2024-01-12 05:00:00+00:00,3978,4848,17.5,-870,870,17.945544554455445,5
2024-01-11 11:30:00+00:00,2024-01-12 06:00:00+00:00,3741,4510,18.5,-769,769,17.0509977827051,6
2024-01-11 11:30:00+00:00,2024-01-12 07:00:00+00:00,3416,4312,19.5,-896,896,20.77922077922078,7
2024-01-11 11:30:00+00:00,2024-01-12 08:00:00+00:00,3150,3879,20.5,-729,729,18.793503480278424,8
2024-01-11 11:30:00+00:00,2024-01-12 09:00:00+00:00,2931,3499,21.5,-568,568,16.233209488425267,9
2024-01-11 11:30:00+00:00,2024-01-12 10:00:00+00:00,2761,3335,22.5,-574,574,17.211394302848575,10
2024-01-11 11:30:00+00:00,2024-01-12 11:00:00+00:00,2740,3201,23.5,-461,461,14.401749453295846,11
2024-01-11 11:30:00+00:00,2024-01-12 12:00:00+00:00,2744,3318,24.5,-574,574,17.29957805907173,12
2024-01-11 11:30:00+00:00,2024-01-12 13:00:00+00:00,2919,3321,25.5,-402,402,12.104787714543813,13
2024-01-11 11:30:00+00:00,2024-01-12 14:00:00+00:00,3033,3690,26.5,-657,657,17.804878048780488,14
2024-01-11 11:30:00+00:00,2024-01-12 15:00:00+00:00,3263,4220,27.5,-957,957,22.677725118483412,15
2024-01-11 11:30:00+00:00,2024-01-12 16:00:00+00:00,3307,4527,28.5,-1220,1220,26.949414623370888,16
2024-01-11 11:30:00+00:00,2024-01-12 17:00:00+00:00,3502,4405,29.5,-903,903,20.4994324631101,17
2024-01-11 11:30:00+00:00,2024-01-12 18:00:00+00:00,3710,4639,30.5,-929,929,20.02586764388877,18
2024-01-11 11:30:00+00:00,2024-01-12 19:00:00+00:00,3911,4837,31.5,-926,926,19.14409758114534,19
2024-01-11 11:30:00+00:00,2024-01-12 20:00:00+00:00,4223,5083,32.5,-860,860,16.919142238835335,20
2024-01-11 11:30:00+00:00,2024-01-12 21:00:00+00:00,4630,5486,33.5,-856,856,15.603353991979585,21
2024-01-11 11:30:00+00:00,2024-01-12 22:00:00+00:00,4811,5842,34.5,-1031,1031,17.64806573091407,22
2024-01-11 11:30:00+00:00,2024-01-12 23:00:00+00:00,5541,6359,35.5,-818,818,12.86365780783142,23
2024-01-11 11:30:00+00:00,2024-01-13 00:00:00+00:00,6438,6319,36.5,119,119,1.8832093685709765,0
2024-01-11 11:30:00+00:00,2024-01-13 01:00:00+00:00,6872,6801,37.5,71,71,1.0439641229230996,1
2024-01-11 11:30:00+00:00,2024-01-13 02:00:00+00:00,7324,7297,38.5,27,27,0.37001507468822803,2
2024-01-11 11:30:00+00:00,2024-01-13 03:00:00+00:00,7764,7695,39.5,69,69,0.8966861598440545,3
2024-01-11 11:30:00+00:00,2024-01-13 04:00:00+00:00,7412,8191,40.5,-779,779,9.510438285923575,4
2024-01-11 11:30:00+00:00,2024-01-13 05:00:00+00:00,7059,7678,41.5,-619,619,8.061995311278979,5
2024-01-11 11:30:00+00:00,2024-01-13 06:00:00+00:00,6711,7446,42.5,-735,735,9.871071716357777,6
2024-01-11 11:30:00+00:00,2024-01-13 07:00:00+00:00,6319,7765,43.5,-1446,1446,18.622021893110112,7
2024-01-11 11:30:00+00:00,2024-01-13 08:00:00+00:00,5937,7975,44.5,-2038,2038,25.55485893416928,8
2024-01-11 11:30:00+00:00,2024-01-13 09:00:00+00:00,5574,7662,45.5,-2088,2088,27.25137039937353,9
2024-01-11 11:30:00+00:00,2024-01-13 10:00:00+00:00,5476,7384,46.5,-1908,1908,25.839653304442038,10
2024-01-11 11:30:00+00:00,2024-01-13 11:00:00+00:00,5388,7093,47.5,-1705,1705,24.037783730438463,11
2024-01-11 09:30:00+00:00,2024-01-11 21:00:00+00:00,6163,6324,11.5,-161,161,2.5458570524984188,21
2024-01-11 09:30:00+00:00,2024-01-11 22:00:00+00:00,5775,6167,12.5,-392,392,6.3564131668558455,22
2024-01-11 09:30:00+00:00,2024-01-11 23:00:00+00:00,5422,5853,13.5,-431,431,7.363745087989066,23
2024-01-11 09:30:00+00:00,2024-01-12 00:00:00+00:00,5010,5886,14.5,-876,876,14.88277268093782,0
2024-01-11 09:30:00+00:00,2024-01-12 01:00:00+00:00,4738,6018,15.5,-1280,1280,21.269524759056164,1
2024-01-11 09:30:00+00:00,2024-01-12 02:00:00+00:00,4538,6108,16.5,-1570,1570,25.703994760969223,2
2024-01-11 09:30:00+00:00,2024-01-12 03:00:00+00:00,4322,5292,17.5,-970,970,18.329554043839757,3
2024-01-11 09:30:00+00:00,2024-01-12 04:00:00+00:00,4084,4824,18.5,-740,740,15.339966832504146,4
2024-01-11 09:30:00+00:00,2024-01-12 05:00:00+00:00,3954,4848,19.5,-894,894,18.44059405940594,5
2024-01-11 09:30:00+00:00,2024-01-12 06:00:00+00:00,3719,4510,20.5,-791,791,17.53880266075388,6
2024-01-11 09:30:00+00:00,2024-01-12 07:00:00+00:00,3381,4312,21.5,-931,931,21.59090909090909,7
2024-01-11 09:30:00+00:00,2024-01-12 08:00:00+00:00,3098,3879,22.5,-781,781,20.13405516885795,8
2024-01-11 09:30:00+00:00,2024-01-12 09:00:00+00:00,2915,3499,23.5,-584,584,16.69048299514147,9
2024-01-11 09:30:00+00:00,2024-01-12 10:00:00+00:00,2731,3335,24.5,-604,604,18.11094452773613,10
2024-01-11 09:30:00+00:00,2024-01-12 11:00:00+00:00,2713,3201,25.5,-488,488,15.245235863792564,11
2024-01-11 09:30:00+00:00,2024-01-12 12:00:00+00:00,2744,3318,26.5,-574,574,17.29957805907173,12
2024-01-11 09:30:00+00:00,2024-01-12 13:00:00+00:00,2899,3321,27.5,-422,422,12.707015959048478,13
2024-01-11 09:30:00+00:00,2024-01-12 14:00:00+00:00,3012,3690,28.5,-678,678,18.3739837398374,14
2024-01-11 09:30:00+00:00,2024-01-12 15:00:00+00:00,3255,4220,29.5,-965,965,22.86729857819905,15
2024-01-11 09:30:00+00:00,2024-01-12 16:00:00+00:00,3300,4527,30.5,-1227,1227,27.104042412193508,16
2024-01-11 09:30:00+00:00,2024-01-12 17:00:00+00:00,3492,4405,31.5,-913,913,20.72644721906924,17
2024-01-11 09:30:00+00:00,2024-01-12 18:00:00+00:00,3707,4639,32.5,-932,932,20.090536753610692,18
2024-01-11 09:30:00+00:00,2024-01-12 19:00:00+00:00,3906,4837,33.5,-931,931,19.247467438494937,19
2024-01-11 09:30:00+00:00,2024-01-12 20:00:00+00:00,4220,5083,34.5,-863,863,16.978162502459178,20
2024-01-11 09:30:00+00:00,2024-01-12 21:00:00+00:00,4628,5486,35.5,-858,858,15.639810426540285,21
2024-01-11 09:30:00+00:00,2024-01-12 22:00:00+00:00,4812,5842,36.5,-1030,1030,17.630948305374872,22
2024-01-11 09:30:00+00:00,2024-01-12 23:00:00+00:00,5544,6359,37.5,-815,815,12.816480578707342,23
2024-01-11 09:30:00+00:00,2024-01-13 00:00:00+00:00,6440,6319,38.5,121,121,1.914859946194018,0
2024-01-11 09:30:00+00:00,2024-01-13 01:00:00+00:00,6875,6801,39.5,74,74,1.0880752830466107,1
2024-01-11 09:30:00+00:00,2024-01-13 02:00:00+00:00,7325,7297,40.5,28,28,0.38371933671371794,2
2024-01-11 09:30:00+00:00,2024-01-13 03:00:00+00:00,7767,7695,41.5,72,72,0.9356725146198831,3
2024-01-11 09:30:00+00:00,2024-01-13 04:00:00+00:00,7415,8191,42.5,-776,776,9.473812721279455,4
2024-01-11 09:30:00+00:00,2024-01-13 05:00:00+00:00,7060,7678,43.5,-618,618,8.048971086220371,5
2024-01-11 09:30:00+00:00,2024-01-13 06:00:00+00:00,6710,7446,44.5,-736,736,9.884501745903842,6
2024-01-11 09:30:00+00:00,2024-01-13 07:00:00+00:00,6319,7765,45.5,-1446,1446,18.622021893110112,7
2024-01-11 09:30:00+00:00,2024-01-13 08:00:00+00:00,5936,7975,46.5,-2039,2039,25.56739811912226,8
2024-01-11 09:30:00+00:00,2024-01-13 09:00:00+00:00,5571,7662,47.5,-2091,2091,27.290524667188727,9
2024-01-11 07:30:00+00:00,2024-01-11 21:00:00+00:00,6162,6324,13.5,-162,162,2.5616698292220113,21
2024-01-11 07:30:00+00:00,2024-01-11 22:00:00+00:00,5773,6167,14.5,-394,394,6.38884384627858,22
2024-01-11 07:30:00+00:00,2024-01-11 23:00:00+00:00,5419,5853,15.5,-434,434,7.415000854262771,23
2024-01-11 07:30:00+00:00,2024-01-12 00:00:00+00:00,5006,5886,16.5,-880,880,14.950730547060823,0
2024-01-11 07:30:00+00:00,2024-01-12 01:00:00+00:00,4732,6018,17.5,-1286,1286,21.36922565636424,1
2024-01-11 07:30:00+00:00,2024-01-12 02:00:00+00:00,4530,6108,18.5,-1578,1578,25.834970530451866,2
2024-01-11 07:30:00+00:00,2024-01-12 03:00:00+00:00,4315,5292,19.5,-977,977,18.46182917611489,3
2024-01-11 07:30:00+00:00,2024-01-12 04:00:00+00:00,4077,4824,20.5,-747,747,15.485074626865671,4
2024-01-11 07:30:00+00:00,2024-01-12 05:00:00+00:00,3949,4848,21.5,-899,899,18.543729372937293,5
2024-01-11 07:30:00+00:00,2024-01-12 06:00:00+00:00,3714,4510,22.5,-796,796,17.649667405764966,6
2024-01-11 07:30:00+00:00,2024-01-12 07:00:00+00:00,3375,4312,23.5,-937,937,21.730055658627087,7
2024-01-11 07:30:00+00:00,2024-01-12 08:00:00+00:00,3090,3879,24.5,-789,789,20.34029389017788,8
2024-01-11 07:30:00+00:00,2024-01-12 09:00:00+00:00,2909,3499,25.5,-590,590,16.861960560160046,9
2024-01-11 07:30:00+00:00,2024-01-12 10:00:00+00:00,2725,3335,26.5,-610,610,18.290854572713645,10
2024-01-11 07:30:00+00:00,2024-01-12 11:00:00+00:00,2708,3201,27.5,-493,493,15.401437050921588,11
2024-01-11 07:30:00+00:00,2024-01-12 12:00:00+00:00,2741,3318,28.5,-577,577,17.389993972272453,12
2024-01-11 07:30:00+00:00,2024-01-12 13:00:00+00:00,2897,3321,29.5,-424,424,12.767238783498946,13
2024-01-11 07:30:00+00:00,2024-01-12 14:00:00+00:00,3011,3690,30.5,-679,679,18.40108401084011,14
2024-01-11 07:30:00+00:00,2024-01-12 15:00:00+00:00,3255,4220,31.5,-965,965,22.86729857819905,15
2024-01-11 07:30:00+00:00,2024-01-12 16:00:00+00:00,3299,4527,32.5,-1228,1228,27.12613209631102,16
2024-01-11 07:30:00+00:00,2024-01-12 17:00:00+00:00,3492,4405,33.5,-913,913,20.72644721906924,17
2024-01-11 07:30:00+00:00,2024-01-12 18:00:00+00:00,3707,4639,34.5,-932,932,20.090536753610692,18
2024-01-11 07:30:00+00:00,2024-01-12 19:00:00+00:00,3906,4837,35.5,-931,931,19.247467438494937,19
2024-01-11 07:30:00+00:00,2024-01-12 20:00:00+00:00,4219,5083,36.5,-864,864,16.997835923667125,20
2024-01-11 07:30:00+00:00,2024-01-12 21:00:00+00:00,4628,5486,37.5,-858,858,15.639810426540285,21
2024-01-11 07:30:00+00:00,2024-01-12 22:00:00+00:00,4812,5842,38.5,-1030,1030,17.630948305374872,22
2024-01-11 07:30:00+00:00,2024-01-12 23:00:00+00:00,5544,6359,39.5,-815,815,12.816480578707342,23
2024-01-11 07:30:00+00:00,2024-01-13 00:00:00+00:00,6440,6319,40.5,121,121,1.914859946194018,0
2024-01-11 07:30:00+00:00,2024-01-13 01:00:00+00:00,6875,6801,41.5,74,74,1.0880752830466107,1
2024-01-11 07:30:00+00:00,2024-01-13 02:00:00+00:00,7325,7297,42.5,28,28,0.38371933671371794,2
2024-01-11 07:30:00+00:00,2024-01-13 03:00:00+00:00,7768,7695,43.5,73,73,0.9486679662118259,3
2024-01-11 07:30:00+00:00,2024-01-13 04:00:00+00:00,7415,8191,44.5,-776,776,9.473812721279455,4
2024-01-11 07:30:00+00:00,2024-01-13 05:00:00+00:00,7060,7678,45.5,-618,618,8.048971086220371,5
2024-01-11 07:30:00+00:00,2024-01-13 06:00:00+00:00,6710,7446,46.5,-736,736,9.884501745903842,6
2024-01-11 07:30:00+00:00,2024-01-13 07:00:00+00:00,6319,7765,47.5,-1446,1446,18.622021893110112,7
2024-01-11 04:30:00+00:00,2024-01-11 21:00:00+00:00,5912,6324,16.5,-412,412,6.514864010120178,21
2024-01-11 04:30:00+00:00,2024-01-11 22:00:00+00:00,5567,6167,17.5,-600,600,9.729203826820171,22
2024-01-11 04:30:00+00:00,2024-01-11 23:00:00+00:00,5245,5853,18.5,-608,608,10.387835298137707,23
2024-01-11 04:30:00+00:00,2024-01-12 00:00:00+00:00,4983,5886,19.5,-903,903,15.341488277268095,0
2024-01-11 04:30:00+00:00,2024-01-12 01:00:00+00:00,4823,6018,20.5,-1195,1195,19.85709538052509,1
2024-01-11 04:30:00+00:00,2024-01-12 02:00:00+00:00,4681,6108,21.5,-1427,1427,23.36280288146693,2
2024-01-11 04:30:00+00:00,2024-01-12 03:00:00+00:00,4479,5292,22.5,-813,813,15.362811791383221,3
2024-01-11 04:30:00+00:00,2024-01-12 04:00:00+00:00,4304,4824,23.5,-520,520,10.779436152570481,4
2024-01-11 04:30:00+00:00,2024-01-12 05:00:00+00:00,4209,4848,24.5,-639,639,13.180693069306932,5
2024-01-11 04:30:00+00:00,2024-01-12 06:00:00+00:00,4059,4510,25.5,-451,451,10.0,6
2024-01-11 04:30:00+00:00,2024-01-12 07:00:00+00:00,3725,4312,26.5,-587,587,13.613172541743971,7
2024-01-11 04:30:00+00:00,2024-01-12 08:00:00+00:00,3446,3879,27.5,-433,433,11.162670791441093,8
2024-01-11 04:30:00+00:00,2024-01-12 09:00:00+00:00,3195,3499,28.5,-304,304,8.688196627607887,9
2024-01-11 04:30:00+00:00,2024-01-12 10:00:00+00:00,2872,3335,29.5,-463,463,13.883058470764617,10
2024-01-11 04:30:00+00:00,2024-01-12 11:00:00+00:00,2820,3201,30.5,-381,381,11.90253045923149,11
2024-01-11 04:30:00+00:00,2024-01-12 12:00:00+00:00,2923,3318,31.5,-395,395,11.904761904761903,12
2024-01-11 04:30:00+00:00,2024-01-12 13:00:00+00:00,3038,3321,32.5,-283,283,8.521529659741041,13
2024-01-11 04:30:00+00:00,2024-01-12 14:00:00+00:00,3102,3690,33.5,-588,588,15.934959349593496,14
2024-01-11 04:30:00+00:00,2024-01-12 15:00:00+00:00,3304,4220,34.5,-916,916,21.70616113744076,15
2024-01-11 04:30:00+00:00,2024-01-12 16:00:00+00:00,2877,4527,35.5,-1650,1650,36.447978793903246,16
2024-01-11 04:30:00+00:00,2024-01-12 17:00:00+00:00,2995,4405,36.5,-1410,1410,32.00908059023836,17
2024-01-11 04:30:00+00:00,2024-01-12 18:00:00+00:00,3173,4639,37.5,-1466,1466,31.601638284112955,18
2024-01-11 04:30:00+00:00,2024-01-12 19:00:00+00:00,3485,4837,38.5,-1352,1352,27.95120942733099,19
2024-01-11 04:30:00+00:00,2024-01-12 20:00:00+00:00,3811,5083,39.5,-1272,1272,25.024591776509936,20
2024-01-11 04:30:00+00:00,2024-01-12 21:00:00+00:00,4145,5486,40.5,-1341,1341,24.444039372949327,21
2024-01-11 04:30:00+00:00,2024-01-12 22:00:00+00:00,4656,5842,41.5,-1186,1186,20.3012666894899,22
2024-01-11 04:30:00+00:00,2024-01-12 23:00:00+00:00,5305,6359,42.5,-1054,1054,16.574933165592075,23
2024-01-11 04:30:00+00:00,2024-01-13 00:00:00+00:00,6092,6319,43.5,-227,227,3.5923405602152236,0
2024-01-11 04:30:00+00:00,2024-01-13 01:00:00+00:00,6433,6801,44.5,-368,368,5.410968975150713,1
2024-01-11 04:30:00+00:00,2024-01-13 02:00:00+00:00,6791,7297,45.5,-506,506,6.934356584897904,2
2024-01-11 04:30:00+00:00,2024-01-13 03:00:00+00:00,7152,7695,46.5,-543,543,7.056530214424951,3
2024-01-11 04:30:00+00:00,2024-01-13 04:00:00+00:00,6853,8191,47.5,-1338,1338,16.33500183127823,4
2024-01-11 02:30:00+00:00,2024-01-11 21:00:00+00:00,5902,6324,18.5,-422,422,6.672991777356104,21
2024-01-11 02:30:00+00:00,2024-01-11 22:00:00+00:00,5548,6167,19.5,-619,619,10.037295281336144,22
2024-01-11 02:30:00+00:00,2024-01-11 23:00:00+00:00,5228,5853,20.5,-625,625,10.678284640355374,23
2024-01-11 02:30:00+00:00,2024-01-12 00:00:00+00:00,4966,5886,21.5,-920,920,15.63030920829086,0
2024-01-11 02:30:00+00:00,2024-01-12 01:00:00+00:00,4816,6018,22.5,-1202,1202,19.97341309405118,1
2024-01-11 02:30:00+00:00,2024-01-12 02:00:00+00:00,4674,6108,23.5,-1434,1434,23.477406679764243,2
2024-01-11 02:30:00+00:00,2024-01-12 03:00:00+00:00,4460,5292,24.5,-832,832,15.721844293272866,3
2024-01-11 02:30:00+00:00,2024-01-12 04:00:00+00:00,4299,4824,25.5,-525,525,10.883084577114428,4
2024-01-11 02:30:00+00:00,2024-01-12 05:00:00+00:00,4202,4848,26.5,-646,646,13.325082508250825,5
2024-01-11 02:30:00+00:00,2024-01-12 06:00:00+00:00,4044,4510,27.5,-466,466,10.33259423503326,6
2024-01-11 02:30:00+00:00,2024-01-12 07:00:00+00:00,3720,4312,28.5,-592,592,13.729128014842301,7
2024-01-11 02:30:00+00:00,2024-01-12 08:00:00+00:00,3441,3879,29.5,-438,438,11.291569992266048,8
2024-01-11 02:30:00+00:00,2024-01-12 09:00:00+00:00,3169,3499,30.5,-330,330,9.43126607602172,9
2024-01-11 02:30:00+00:00,2024-01-12 10:00:00+00:00,2863,3335,31.5,-472,472,14.152923538230885,10
2024-01-11 02:30:00+00:00,2024-01-12 11:00:00+00:00,2811,3201,32.5,-390,390,12.18369259606373,11
2024-01-11 02:30:00+00:00,2024-01-12 12:00:00+00:00,2899,3318,33.5,-419,419,12.62808921036769,12
2024-01-11 02:30:00+00:00,2024-01-12 13:00:00+00:00,3034,3321,34.5,-287,287,8.641975308641975,13
2024-01-11 02:30:00+00:00,2024-01-12 14:00:00+00:00,3097,3690,35.5,-593,593,16.070460704607044,14
2024-01-11 02:30:00+00:00,2024-01-12 15:00:00+00:00,3308,4220,36.5,-912,912,21.61137440758294,15
2024-01-11 02:30:00+00:00,2024-01-12 16:00:00+00:00,2885,4527,37.5,-1642,1642,36.27126132096311,16
2024-01-11 02:30:00+00:00,2024-01-12 17:00:00+00:00,3005,4405,38.5,-1400,1400,31.782065834279226,17
2024-01-11 02:30:00+00:00,2024-01-12 18:00:00+00:00,3181,4639,39.5,-1458,1458,31.429187324854496,18
2024-01-11 02:30:00+00:00,2024-01-12 19:00:00+00:00,3490,4837,40.5,-1347,1347,27.847839569981392,19
2024-01-11 02:30:00+00:00,2024-01-12 20:00:00+00:00,3813,5083,41.5,-1270,1270,24.985244934094037,20
2024-01-11 02:30:00+00:00,2024-01-12 21:00:00+00:00,4146,5486,42.5,-1340,1340,24.425811155668974,21
2024-01-11 02:30:00+00:00,2024-01-12 22:00:00+00:00,4657,5842,43.5,-1185,1185,20.284149263950702,22
2024-01-11 02:30:00+00:00,2024-01-12 23:00:00+00:00,5305,6359,44.5,-1054,1054,16.574933165592075,23
2024-01-11 02:30:00+00:00,2024-01-13 00:00:00+00:00,6092,6319,45.5,-227,227,3.5923405602152236,0
2024-01-11 02:30:00+00:00,2024-01-13 01:00:00+00:00,6432,6801,46.5,-369,369,5.425672695191883,1
2024-01-11 02:30:00+00:00,2024-01-13 02:00:00+00:00,6790,7297,47.5,-507,507,6.948060846923393,2
2024-01-10 22:30:00+00:00,2024-01-11 03:00:00+00:00,4290,5469,4.5,-1179,1179,21.557871640153593,3
2024-01-10 22:30:00+00:00,2024-01-11 04:00:00+00:00,4274,5671,5.5,-1397,1397,24.634103332745546,4
2024-01-10 22:30:00+00:00,2024-01-11 05:00:00+00:00,4384,5605,6.5,-1221,1221,21.784121320249778,5
2024-01-10 22:30:00+00:00,2024-01-11 06:00:00+00:00,4492,6036,7.5,-1544,1544,25.579854208084825,6
2024-01-10 22:30:00+00:00,2024-01-11 07:00:00+00:00,4498,5536,8.5,-1038,1038,18.75,7
2024-01-10 22:30:00+00:00,2024-01-11 08:00:00+00:00,4451,5389,9.5,-938,938,17.405826683985897,8
2024-01-10 22:30:00+00:00,2024-01-11 09:00:00+00:00,4371,5450,10.5,-1079,1079,19.798165137614678,9
2024-01-10 22:30:00+00:00,2024-01-11 10:00:00+00:00,4389,5824,11.5,-1435,1435,24.639423076923077,10
2024-01-10 22:30:00+00:00,2024-01-11 11:00:00+00:00,4691,6061,12.5,-1370,1370,22.60353077049992,11
2024-01-10 22:30:00+00:00,2024-01-11 12:00:00+00:00,5118,6457,13.5,-1339,1339,20.737184450983428,12
2024-01-10 22:30:00+00:00,2024-01-11 13:00:00+00:00,5605,7088,14.5,-1483,1483,20.922686230248306,13
2024-01-10 22:30:00+00:00,2024-01-11 14:00:00+00:00,5995,7308,15.5,-1313,1313,17.966611932129172,14
2024-01-10 22:30:00+00:00,2024-01-11 15:00:00+00:00,6171,7604,16.5,-1433,1433,18.845344555497107,15
2024-01-10 22:30:00+00:00,2024-01-11 16:00:00+00:00,6388,7549,17.5,-1161,1161,15.379520466286925,16
2024-01-10 22:30:00+00:00,2024-01-11 17:00:00+00:00,6598,7151,18.5,-553,553,7.733184170046147,17
2024-01-10 22:30:00+00:00,2024-01-11 18:00:00+00:00,6698,7094,19.5,-396,396,5.582182125740062,18
2024-01-10 22:30:00+00:00,2024-01-11 19:00:00+00:00,6562,6770,20.5,-208,208,3.072378138847858,19
2024-01-10 22:30:00+00:00,2024-01-11 20:00:00+00:00,6376,6414,21.5,-38,38,0.5924540068599937,20
2024-01-10 22:30:00+00:00,2024-01-11 21:00:00+00:00,6117,6324,22.5,-207,207,3.273244781783681,21
2024-01-10 22:30:00+00:00,2024-01-11 22:00:00+00:00,5853,6167,23.5,-314,314,5.091616669369223,22
2024-01-10 22:30:00+00:00,2024-01-11 23:00:00+00:00,5602,5853,24.5,-251,251,4.288399111566718,23
2024-01-10 22:30:00+00:00,2024-01-12 00:00:00+00:00,5465,5886,25.5,-421,421,7.152565409446144,0
2024-01-10 22:30:00+00:00,2024-01-12 01:00:00+00:00,5352,6018,26.5,-666,666,11.06679960119641,1
2024-01-10 22:30:00+00:00,2024-01-12 02:00:00+00:00,5179,6108,27.5,-929,929,15.209561231172234,2
2024-01-10 22:30:00+00:00,2024-01-12 03:00:00+00:00,4963,5292,28.5,-329,329,6.216931216931217,3
2024-01-10 22:30:00+00:00,2024-01-12 04:00:00+00:00,4743,4824,29.5,-81,81,1.6791044776119404,4
2024-01-10 22:30:00+00:00,2024-01-12 05:00:00+00:00,4692,4848,30.5,-156,156,3.217821782178218,5
2024-01-10 22:30:00+00:00,2024-01-12 06:00:00+00:00,4530,4510,31.5,20,20,0.4434589800443459,6
2024-01-10 22:30:00+00:00,2024-01-12 07:00:00+00:00,4135,4312,32.5,-177,177,4.10482374768089,7
2024-01-10 22:30:00+00:00,2024-01-12 08:00:00+00:00,3751,3879,33.5,-128,128,3.299819541118845,8
2024-01-10 22:30:00+00:00,2024-01-12 09:00:00+00:00,3452,3499,34.5,-47,47,1.3432409259788511,9
2024-01-10 22:30:00+00:00,2024-01-12 10:00:00+00:00,3282,3335,35.5,-53,53,1.5892053973013494,10
2024-01-10 22:30:00+00:00,2024-01-12 11:00:00+00:00,3138,3201,36.5,-63,63,1.9681349578256795,11
2024-01-10 22:30:00+00:00,2024-01-12 12:00:00+00:00,3036,3318,37.5,-282,282,8.499095840867993,12
2024-01-10 22:30:00+00:00,2024-01-12 13:00:00+00:00,3027,3321,38.5,-294,294,8.85275519421861,13
2024-01-10 22:30:00+00:00,2024-01-12 14:00:00+00:00,3057,3690,39.5,-633,633,17.154471544715445,14
2024-01-10 22:30:00+00:00,2024-01-12 15:00:00+00:00,3121,4220,40.5,-1099,1099,26.04265402843602,15
2024-01-10 22:30:00+00:00,2024-01-12 16:00:00+00:00,3125,4527,41.5,-1402,1402,30.969737132759,16
2024-01-10 22:30:00+00:00,2024-01-12 17:00:00+00:00,3191,4405,42.5,-1214,1214,27.559591373439275,17
2024-01-10 22:30:00+00:00,2024-01-12 18:00:00+00:00,3319,4639,43.5,-1320,1320,28.454408277646042,18
2024-01-10 22:30:00+00:00,2024-01-12 19:00:00+00:00,3577,4837,44.5,-1260,1260,26.049204052098407,19
2024-01-10 22:30:00+00:00,2024-01-12 20:00:00+00:00,3852,5083,45.5,-1231,1231,24.217981506984067,20
2024-01-10 22:30:00+00:00,2024-01-12 21:00:00+00:00,4137,5486,46.5,-1349,1349,24.589865111192125,21
2024-01-10 18:30:00+00:00,2024-01-10 23:00:00+00:00,5461,6690,4.5,-1229,1229,18.37070254110613,23
2024-01-10 18:30:00+00:00,2024-01-11 00:00:00+00:00,5043,6538,5.5,-1495,1495,22.866319975527684,0
2024-01-10 18:30:00+00:00,2024-01-11 01:00:00+00:00,4689,6143,6.5,-1454,1454,23.669216994953608,1
2024-01-10 18:30:00+00:00,2024-01-11 02:00:00+00:00,4484,5824,7.5,-1340,1340,23.008241758241756,2
2024-01-10 18:30:00+00:00,2024-01-11 03:00:00+00:00,4288,5469,8.5,-1181,1181,21.59444139696471,3
2024-01-10 18:30:00+00:00,2024-01-11 04:00:00+00:00,4274,5671,9.5,-1397,1397,24.634103332745546,4
2024-01-10 18:30:00+00:00,2024-01-11 05:00:00+00:00,4382,5605,10.5,-1223,1223,21.819803746654774,5
2024-01-10 18:30:00+00:00,2024-01-11 06:00:00+00:00,4492,6036,11.5,-1544,1544,25.579854208084825,6
2024-01-10 18:30:00+00:00,2024-01-11 07:00:00+00:00,4498,5536,12.5,-1038,1038,18.75,7
2024-01-10 18:30:00+00:00,2024-01-11 08:00:00+00:00,4452,5389,13.5,-937,937,17.387270365559473,8
2024-01-10 18:30:00+00:00,2024-01-11 09:00:00+00:00,4373,5450,14.5,-1077,1077,19.761467889908257,9
2024-01-10 18:30:00+00:00,2024-01-11 10:00:00+00:00,4385,5824,15.5,-1439,1439,24.708104395604398,10
2024-01-10 18:30:00+00:00,2024-01-11 11:00:00+00:00,4682,6061,16.5,-1379,1379,22.75202111862729,11
2024-01-10 18:30:00+00:00,2024-01-11 12:00:00+00:00,5113,6457,17.5,-1344,1344,20.814619792473284,12
2024-01-10 18:30:00+00:00,2024-01-11 13:00:00+00:00,5601,7088,18.5,-1487,1487,20.979119638826184,13
2024-01-10 18:30:00+00:00,2024-01-11 14:00:00+00:00,5989,7308,19.5,-1319,1319,18.04871373836891,14
2024-01-10 18:30:00+00:00,2024-01-11 15:00:00+00:00,6165,7604,20.5,-1439,1439,18.924250394529196,15
2024-01-10 18:30:00+00:00,2024-01-11 16:00:00+00:00,6383,7549,21.5,-1166,1166,15.445754404556894,16
2024-01-10 18:30:00+00:00,2024-01-11 17:00:00+00:00,6597,7151,22.5,-554,554,7.747168228219829,17
2024-01-10 18:30:00+00:00,2024-01-11 18:00:00+00:00,6702,7094,23.5,-392,392,5.525796447702284,18
2024-01-10 18:30:00+00:00,2024-01-11 19:00:00+00:00,6562,6770,24.5,-208,208,3.072378138847858,19
2024-01-10 18:30:00+00:00,2024-01-11 20:00:00+00:00,6380,6414,25.5,-34,34,0.5300904271905207,20
2024-01-10 18:30:00+00:00,2024-01-11 21:00:00+00:00,6121,6324,26.5,-203,203,3.20999367488931,21
2024-01-10 18:30:00+00:00,2024-01-11 22:00:00+00:00,5853,6167,27.5,-314,314,5.091616669369223,22
2024-01-10 18:30:00+00:00,2024-01-11 23:00:00+00:00,5593,5853,28.5,-260,260,4.442166410387835,23
2024-01-10 18:30:00+00:00,2024-01-12 00:00:00+00:00,5452,5886,29.5,-434,434,7.373428474345905,0
2024-01-10 18:30:00+00:00,2024-01-12 01:00:00+00:00,5342,6018,30.5,-676,676,11.232967763376537,1
2024-01-10 18:30:00+00:00,2024-01-12 02:00:00+00:00,5167,6108,31.5,-941,941,15.406024885396203,2
2024-01-10 18:30:00+00:00,2024-01-12 03:00:00+00:00,4963,5292,32.5,-329,329,6.216931216931217,3
2024-01-10 18:30:00+00:00,2024-01-12 04:00:00+00:00,4734,4824,33.5,-90,90,1.8656716417910446,4
2024-01-10 18:30:00+00:00,2024-01-12 05:00:00+00:00,4681,4848,34.5,-167,167,3.4447194719471947,5
2024-01-10 18:30:00+00:00,2024-01-12 06:00:00+00:00,4521,4510,35.5,11,11,0.24390243902439024,6
2024-01-10 18:30:00+00:00,2024-01-12 07:00:00+00:00,4130,4312,36.5,-182,182,4.220779220779221,7
2024-01-10 18:30:00+00:00,2024-01-12 08:00:00+00:00,3746,3879,37.5,-133,133,3.4287187419438,8
2024-01-10 18:30:00+00:00,2024-01-12 09:00:00+00:00,3447,3499,38.5,-52,52,1.4861388968276652,9
2024-01-10 18:30:00+00:00,2024-01-12 10:00:00+00:00,3282,3335,39.5,-53,53,1.5892053973013494,10
2024-01-10 18:30:00+00:00,2024-01-12 11:00:00+00:00,3143,3201,40.5,-58,58,1.8119337706966572,11
2024-01-10 18:30:00+00:00,2024-01-12 12:00:00+00:00,3045,3318,41.5,-273,273,8.227848101265822,12
2024-01-10 18:30:00+00:00,2024-01-12 13:00:00+00:00,3035,3321,42.5,-286,286,8.611863896416743,13
2024-01-10 18:30:00+00:00,2024-01-12 14:00:00+00:00,3066,3690,43.5,-624,624,16.910569105691057,14
2024-01-10 18:30:00+00:00,2024-01-12 15:00:00+00:00,3130,4220,44.5,-1090,1090,25.829383886255926,15
2024-01-10 18:30:00+00:00,2024-01-12 16:00:00+00:00,3133,4527,45.5,-1394,1394,30.793019659818867,16
2024-01-10 18:30:00+00:00,2024-01-12 17:00:00+00:00,3196,4405,46.5,-1209,1209,27.446083995459702,17
2024-01-10 18:30:00+00:00,2024-01-12 18:00:00+00:00,3321,4639,47.5,-1318,1318,28.41129553783143,18
2024-01-10 15:30:00+00:00,2024-01-10 21:00:00+00:00,6695,8234,5.5,-1539,1539,18.690794267670636,21
2024-01-10 15:30:00+00:00,2024-01-10 22:00:00+00:00,5980,6978,6.5,-998,998,14.302092290054457,22
2024-01-10 15:30:00+00:00,2024-01-10 23:00:00+00:00,5313,6690,7.5,-1377,1377,20.582959641255606,23
2024-01-10 15:30:00+00:00,2024-01-11 00:00:00+00:00,4895,6538,8.5,-1643,1643,25.130009177118385,0
2024-01-10 15:30:00+00:00,2024-01-11 01:00:00+00:00,4675,6143,9.5,-1468,1468,23.8971186716588,1
2024-01-10 15:30:00+00:00,2024-01-11 02:00:00+00:00,4653,5824,10.5,-1171,1171,20.106456043956044,2
2024-01-10 15:30:00+00:00,2024-01-11 03:00:00+00:00,4513,5469,11.5,-956,956,17.480343755714024,3
2024-01-10 15:30:00+00:00,2024-01-11 04:00:00+00:00,4553,5671,12.5,-1118,1118,19.714336095926644,4
2024-01-10 15:30:00+00:00,2024-01-11 05:00:00+00:00,4731,5605,13.5,-874,874,15.593220338983052,5
2024-01-10 15:30:00+00:00,2024-01-11 06:00:00+00:00,4919,6036,14.5,-1117,1117,18.50563286944997,6
2024-01-10 15:30:00+00:00,2024-01-11 07:00:00+00:00,5052,5536,15.5,-484,484,8.742774566473988,7
2024-01-10 15:30:00+00:00,2024-01-11 08:00:00+00:00,5100,5389,16.5,-289,289,5.3627760252365935,8
2024-01-10 15:30:00+00:00,2024-01-11 09:00:00+00:00,5055,5450,17.5,-395,395,7.247706422018349,9
2024-01-10 15:30:00+00:00,2024-01-11 10:00:00+00:00,5130,5824,18.5,-694,694,11.916208791208792,10
2024-01-10 15:30:00+00:00,2024-01-11 11:00:00+00:00,5540,6061,19.5,-521,521,8.595941263817853,11
2024-01-10 15:30:00+00:00,2024-01-11 12:00:00+00:00,5962,6457,20.5,-495,495,7.666098807495741,12
2024-01-10 15:30:00+00:00,2024-01-11 13:00:00+00:00,6410,7088,21.5,-678,678,9.565462753950339,13
2024-01-10 15:30:00+00:00,2024-01-11 14:00:00+00:00,6688,7308,22.5,-620,620,8.483853311439518,14
2024-01-10 15:30:00+00:00,2024-01-11 15:00:00+00:00,6881,7604,23.5,-723,723,9.50815360336665,15
2024-01-10 15:30:00+00:00,2024-01-11 16:00:00+00:00,7009,7549,24.5,-540,540,7.1532653331567095,16
2024-01-10 15:30:00+00:00,2024-01-11 17:00:00+00:00,7104,7151,25.5,-47,47,0.6572507341630541,17
2024-01-10 15:30:00+00:00,2024-01-11 18:00:00+00:00,7154,7094,26.5,60,60,0.845785170566676,18
2024-01-10 15:30:00+00:00,2024-01-11 19:00:00+00:00,6997,6770,27.5,227,227,3.3530280649926145,19
2024-01-10 15:30:00+00:00,2024-01-11 20:00:00+00:00,6815,6414,28.5,401,401,6.251948861864672,20
2024-01-10 15:30:00+00:00,2024-01-11 21:00:00+00:00,6548,6324,29.5,224,224,3.542061986084757,21
2024-01-10 15:30:00+00:00,2024-01-11 22:00:00+00:00,6294,6167,30.5,127,127,2.059348143343603,22
2024-01-10 15:30:00+00:00,2024-01-11 23:00:00+00:00,6113,5853,31.5,260,260,4.442166410387835,23
2024-01-10 15:30:00+00:00,2024-01-12 00:00:00+00:00,5963,5886,32.5,77,77,1.308188922867822,0
2024-01-10 15:30:00+00:00,2024-01-12 01:00:00+00:00,5833,6018,33.5,-185,185,3.0741110003323366,1
2024-01-10 15:30:00+00:00,2024-01-12 02:00:00+00:00,5583,6108,34.5,-525,525,8.595284872298626,2
2024-01-10 15:30:00+00:00,2024-01-12 03:00:00+00:00,5372,5292,35.5,80,80,1.5117157974300832,3
2024-01-10 15:30:00+00:00,2024-01-12 04:00:00+00:00,5322,4824,36.5,498,498,10.323383084577115,4
2024-01-10 15:30:00+00:00,2024-01-12 05:00:00+00:00,5170,4848,37.5,322,322,6.641914191419142,5
2024-01-10 15:30:00+00:00,2024-01-12 06:00:00+00:00,5017,4510,38.5,507,507,11.241685144124167,6
2024-01-10 15:30:00+00:00,2024-01-12 07:00:00+00:00,4576,4312,39.5,264,264,6.122448979591836,7
2024-01-10 15:30:00+00:00,2024-01-12 08:00:00+00:00,4141,3879,40.5,262,262,6.754318123227636,8
2024-01-10 15:30:00+00:00,2024-01-12 09:00:00+00:00,3724,3499,41.5,225,225,6.430408688196628,9
2024-01-10 15:30:00+00:00,2024-01-12 10:00:00+00:00,3519,3335,42.5,184,184,5.517241379310345,10
2024-01-10 15:30:00+00:00,2024-01-12 11:00:00+00:00,3358,3201,43.5,157,157,4.904717275851297,11
2024-01-10 15:30:00+00:00,2024-01-12 12:00:00+00:00,3244,3318,44.5,-74,74,2.230259192284509,12
2024-01-10 15:30:00+00:00,2024-01-12 13:00:00+00:00,3214,3321,45.5,-107,107,3.22192110809997,13
2024-01-10 15:30:00+00:00,2024-01-12 14:00:00+00:00,3232,3690,46.5,-458,458,12.411924119241192,14
2024-01-10 15:30:00+00:00,2024-01-12 15:00:00+00:00,3290,4220,47.5,-930,930,22.03791469194313,15
2024-01-10 11:30:00+00:00,2024-01-10 21:00:00+00:00,6620,8234,9.5,-1614,1614,19.601651688122416,21
2024-01-10 11:30:00+00:00,2024-01-10 22:00:00+00:00,5910,6978,10.5,-1068,1068,15.30524505588994,22
2024-01-10 11:30:00+00:00,2024-01-10 23:00:00+00:00,5286,6690,11.5,-1404,1404,20.986547085201792,23
2024-01-10 11:30:00+00:00,2024-01-11 00:00:00+00:00,4947,6538,12.5,-1591,1591,24.33465891710003,0
2024-01-10 11:30:00+00:00,2024-01-11 01:00:00+00:00,4865,6143,13.5,-1278,1278,20.804167344945466,1
2024-01-10 11:30:00+00:00,2024-01-11 02:00:00+00:00,4922,5824,14.5,-902,902,15.487637362637363,2
2024-01-10 11:30:00+00:00,2024-01-11 03:00:00+00:00,4944,5469,15.5,-525,525,9.599561162918267,3
2024-01-10 11:30:00+00:00,2024-01-11 04:00:00+00:00,5004,5671,16.5,-667,667,11.761594075119026,4
2024-01-10 11:30:00+00:00,2024-01-11 05:00:00+00:00,5145,5605,17.5,-460,460,8.206958073148975,5
2024-01-10 11:30:00+00:00,2024-01-11 06:00:00+00:00,5306,6036,18.5,-730,730,12.094102054340624,6
2024-01-10 11:30:00+00:00,2024-01-11 07:00:00+00:00,5511,5536,19.5,-25,25,0.4515895953757226,7
2024-01-10 11:30:00+00:00,2024-01-11 08:00:00+00:00,5577,5389,20.5,188,188,3.4885878641677492,8
2024-01-10 11:30:00+00:00,2024-01-11 09:00:00+00:00,5542,5450,21.5,92,92,1.6880733944954127,9
2024-01-10 11:30:00+00:00,2024-01-11 10:00:00+00:00,5587,5824,22.5,-237,237,4.069368131868132,10
2024-01-10 11:30:00+00:00,2024-01-11 11:00:00+00:00,5970,6061,23.5,-91,91,1.5014024088434252,11
2024-01-10 11:30:00+00:00,2024-01-11 12:00:00+00:00,6368,6457,24.5,-89,89,1.3783490785194363,12
2024-01-10 11:30:00+00:00,2024-01-11 13:00:00+00:00,6804,7088,25.5,-284,284,4.006772009029345,13
2024-01-10 11:30:00+00:00,2024-01-11 14:00:00+00:00,7066,7308,26.5,-242,242,3.31143951833607,14
2024-01-10 11:30:00+00:00,2024-01-11 15:00:00+00:00,7258,7604,27.5,-346,346,4.550236717517096,15
2024-01-10 11:30:00+00:00,2024-01-11 16:00:00+00:00,7326,7549,28.5,-223,223,2.954033646840641,16
2024-01-10 11:30:00+00:00,2024-01-11 17:00:00+00:00,7364,7151,29.5,213,213,2.9786043909942665,17
2024-01-10 11:30:00+00:00,2024-01-11 18:00:00+00:00,7395,7094,30.5,301,301,4.2430222723428255,18
2024-01-10 11:30:00+00:00,2024-01-11 19:00:00+00:00,7245,6770,31.5,475,475,7.016248153618906,19
2024-01-10 11:30:00+00:00,2024-01-11 20:00:00+00:00,7038,6414,32.5,624,624,9.728718428437793,20
2024-01-10 11:30:00+00:00,2024-01-11 21:00:00+00:00,6760,6324,33.5,436,436,6.8943706514864,21
2024-01-10 11:30:00+00:00,2024-01-11 22:00:00+00:00,6684,6167,34.5,517,517,8.383330630776713,22
2024-01-10 11:30:00+00:00,2024-01-11 23:00:00+00:00,6486,5853,35.5,633,633,10.814966683751923,23
2024-01-10 11:30:00+00:00,2024-01-12 00:00:00+00:00,6340,5886,36.5,454,454,7.713217804960924,0
2024-01-10 11:30:00+00:00,2024-01-12 01:00:00+00:00,6121,6018,37.5,103,103,1.7115320704553005,1
2024-01-10 11:30:00+00:00,2024-01-12 02:00:00+00:00,5882,6108,38.5,-226,226,3.7000654878847414,2
2024-01-10 11:30:00+00:00,2024-01-12 03:00:00+00:00,5729,5292,39.5,437,437,8.25774754346183,3
2024-01-10 11:30:00+00:00,2024-01-12 04:00:00+00:00,5524,4824,40.5,700,700,14.510779436152571,4
2024-01-10 11:30:00+00:00,2024-01-12 05:00:00+00:00,5312,4848,41.5,464,464,9.570957095709572,5
2024-01-10 11:30:00+00:00,2024-01-12 06:00:00+00:00,5094,4510,42.5,584,584,12.9490022172949,6
2024-01-10 11:30:00+00:00,2024-01-12 07:00:00+00:00,4625,4312,43.5,313,313,7.258812615955473,7
2024-01-10 11:30:00+00:00,2024-01-12 08:00:00+00:00,4164,3879,44.5,285,285,7.347254447022429,8
2024-01-10 11:30:00+00:00,2024-01-12 09:00:00+00:00,3726,3499,45.5,227,227,6.487567876536153,9
2024-01-10 11:30:00+00:00,2024-01-12 10:00:00+00:00,3514,3335,46.5,179,179,5.367316341829086,10
2024-01-10 11:30:00+00:00,2024-01-12 11:00:00+00:00,3350,3201,47.5,149,149,4.654795376444861,11
2024-01-10 09:30:00+00:00,2024-01-10 21:00:00+00:00,6614,8234,11.5,-1620,1620,19.67452028175856,21
2024-01-10 09:30:00+00:00,2024-01-10 22:00:00+00:00,5908,6978,12.5,-1070,1070,15.33390656348524,22
2024-01-10 09:30:00+00:00,2024-01-10 23:00:00+00:00,5282,6690,13.5,-1408,1408,21.046337817638268,23
2024-01-10 09:30:00+00:00,2024-01-11 00:00:00+00:00,4947,6538,14.5,-1591,1591,24.33465891710003,0
2024-01-10 09:30:00+00:00,2024-01-11 01:00:00+00:00,4867,6143,15.5,-1276,1276,20.77160996255901,1
2024-01-10 09:30:00+00:00,2024-01-11 02:00:00+00:00,4926,5824,16.5,-898,898,15.418956043956044,2
2024-01-10 09:30:00+00:00,2024-01-11 03:00:00+00:00,4950,5469,17.5,-519,519,9.489851892484914,3
2024-01-10 09:30:00+00:00,2024-01-11 04:00:00+00:00,5009,5671,18.5,-662,662,11.673426203491449,4
2024-01-10 09:30:00+00:00,2024-01-11 05:00:00+00:00,5151,5605,19.5,-454,454,8.099910793933986,5
2024-01-10 09:30:00+00:00,2024-01-11 06:00:00+00:00,5317,6036,20.5,-719,719,11.911862160371106,6
2024-01-10 09:30:00+00:00,2024-01-11 07:00:00+00:00,5514,5536,21.5,-22,22,0.3973988439306358,7
2024-01-10 09:30:00+00:00,2024-01-11 08:00:00+00:00,5579,5389,22.5,190,190,3.5257005010205975,8
2024-01-10 09:30:00+00:00,2024-01-11 09:00:00+00:00,5554,5450,23.5,104,104,1.908256880733945,9
2024-01-10 09:30:00+00:00,2024-01-11 10:00:00+00:00,5583,5824,24.5,-241,241,4.138049450549451,10
2024-01-10 09:30:00+00:00,2024-01-11 11:00:00+00:00,5962,6061,25.5,-99,99,1.6333938294010888,11
2024-01-10 09:30:00+00:00,2024-01-11 12:00:00+00:00,6383,6457,26.5,-74,74,1.1460430540498683,12
2024-01-10 09:30:00+00:00,2024-01-11 13:00:00+00:00,6812,7088,27.5,-276,276,3.8939051918735887,13
2024-01-10 09:30:00+00:00,2024-01-11 14:00:00+00:00,7079,7308,28.5,-229,229,3.133552271483306,14
2024-01-10 09:30:00+00:00,2024-01-11 15:00:00+00:00,7265,7604,29.5,-339,339,4.458179905312993,15
2024-01-10 09:30:00+00:00,2024-01-11 16:00:00+00:00,7314,7549,30.5,-235,235,3.112995098688568,16
2024-01-10 09:30:00+00:00,2024-01-11 17:00:00+00:00,7348,7151,31.5,197,197,2.7548594602153544,17
2024-01-10 09:30:00+00:00,2024-01-11 18:00:00+00:00,7387,7094,32.5,293,293,4.1302509162672685,18
2024-01-10 09:30:00+00:00,2024-01-11 19:00:00+00:00,7231,6770,33.5,461,461,6.809453471196456,19
2024-01-10 09:30:00+00:00,2024-01-11 20:00:00+00:00,7055,6414,34.5,641,641,9.993763642033054,20
2024-01-10 09:30:00+00:00,2024-01-11 21:00:00+00:00,6780,6324,35.5,456,456,7.2106261859582546,21
2024-01-10 09:30:00+00:00,2024-01-11 22:00:00+00:00,6736,6167,36.5,569,569,9.226528295767796,22
2024-01-10 09:30:00+00:00,2024-01-11 23:00:00+00:00,6571,5853,37.5,718,718,12.267213394840253,23
2024-01-10 09:30:00+00:00,2024-01-12 00:00:00+00:00,6407,5886,38.5,521,521,8.851512062521238,0
2024-01-10 09:30:00+00:00,2024-01-12 01:00:00+00:00,6210,6018,39.5,192,192,3.1904287138584246,1
2024-01-10 09:30:00+00:00,2024-01-12 02:00:00+00:00,6011,6108,40.5,-97,97,1.5880812049770792,2
2024-01-10 09:30:00+00:00,2024-01-12 03:00:00+00:00,5810,5292,41.5,518,518,9.788359788359788,3
2024-01-10 09:30:00+00:00,2024-01-12 04:00:00+00:00,5576,4824,42.5,752,752,15.58872305140962,4
2024-01-10 09:30:00+00:00,2024-01-12 05:00:00+00:00,5337,4848,43.5,489,489,10.086633663366337,5
2024-01-10 09:30:00+00:00,2024-01-12 06:00:00+00:00,5095,4510,44.5,585,585,12.971175166297117,6
2024-01-10 09:30:00+00:00,2024-01-12 07:00:00+00:00,4626,4312,45.5,314,314,7.28200371057514,7
2024-01-10 09:30:00+00:00,2024-01-12 08:00:00+00:00,4166,3879,46.5,287,287,7.39881412735241,8
2024-01-10 09:30:00+00:00,2024-01-12 09:00:00+00:00,3729,3499,47.5,230,230,6.573306659045441,9
2024-01-10 07:30:00+00:00,2024-01-10 21:00:00+00:00,6614,8234,13.5,-1620,1620,19.67452028175856,21
2024-01-10 07:30:00+00:00,2024-01-10 22:00:00+00:00,5905,6978,14.5,-1073,1073,15.376898824878188,22
2024-01-10 07:30:00+00:00,2024-01-10 23:00:00+00:00,5280,6690,15.5,-1410,1410,21.076233183856502,23
2024-01-10 07:30:00+00:00,2024-01-11 00:00:00+00:00,4945,6538,16.5,-1593,1593,24.365249311716124,0
2024-01-10 07:30:00+00:00,2024-01-11 01:00:00+00:00,4865,6143,17.5,-1278,1278,20.804167344945466,1
2024-01-10 07:30:00+00:00,2024-01-11 02:00:00+00:00,4924,5824,18.5,-900,900,15.453296703296704,2
2024-01-10 07:30:00+00:00,2024-01-11 03:00:00+00:00,4949,5469,19.5,-520,520,9.508136770890474,3
2024-01-10 07:30:00+00:00,2024-01-11 04:00:00+00:00,5008,5671,20.5,-663,663,11.691059777816964,4
2024-01-10 07:30:00+00:00,2024-01-11 05:00:00+00:00,5149,5605,21.5,-456,456,8.135593220338983,5
2024-01-10 07:30:00+00:00,2024-01-11 06:00:00+00:00,5315,6036,22.5,-721,721,11.944996686547382,6
2024-01-10 07:30:00+00:00,2024-01-11 07:00:00+00:00,5512,5536,23.5,-24,24,0.4335260115606936,7
2024-01-10 07:30:00+00:00,2024-01-11 08:00:00+00:00,5577,5389,24.5,188,188,3.4885878641677492,8
2024-01-10 07:30:00+00:00,2024-01-11 09:00:00+00:00,5551,5450,25.5,101,101,1.8532110091743121,9
2024-01-10 07:30:00+00:00,2024-01-11 10:00:00+00:00,5579,5824,26.5,-245,245,4.206730769230769,10
2024-01-10 07:30:00+00:00,2024-01-11 11:00:00+00:00,5957,6061,27.5,-104,104,1.7158884672496286,11
2024-01-10 07:30:00+00:00,2024-01-11 12:00:00+00:00,6382,6457,28.5,-75,75,1.1615301223478396,12
2024-01-10 07:30:00+00:00,2024-01-11 13:00:00+00:00,6812,7088,29.5,-276,276,3.8939051918735887,13
2024-01-10 07:30:00+00:00,2024-01-11 14:00:00+00:00,7079,7308,30.5,-229,229,3.133552271483306,14
2024-01-10 07:30:00+00:00,2024-01-11 15:00:00+00:00,7264,7604,31.5,-340,340,4.471330878485008,15
2024-01-10 07:30:00+00:00,2024-01-11 16:00:00+00:00,7311,7549,32.5,-238,238,3.15273546165055,16
2024-01-10 07:30:00+00:00,2024-01-11 17:00:00+00:00,7344,7151,33.5,193,193,2.6989232275206265,17
2024-01-10 07:30:00+00:00,2024-01-11 18:00:00+00:00,7387,7094,34.5,293,293,4.1302509162672685,18
2024-01-10 07:30:00+00:00,2024-01-11 19:00:00+00:00,7231,6770,35.5,461,461,6.809453471196456,19
2024-01-10 07:30:00+00:00,2024-01-11 20:00:00+00:00,7054,6414,36.5,640,640,9.978172747115686,20
2024-01-10 07:30:00+00:00,2024-01-11 21:00:00+00:00,6781,6324,37.5,457,457,7.226438962681847,21
2024-01-10 07:30:00+00:00,2024-01-11 22:00:00+00:00,6739,6167,38.5,572,572,9.275174314901898,22
2024-01-10 07:30:00+00:00,2024-01-11 23:00:00+00:00,6576,5853,39.5,723,723,12.352639671963097,23
2024-01-10 07:30:00+00:00,2024-01-12 00:00:00+00:00,6412,5886,40.5,526,526,8.936459395174992,0
2024-01-10 07:30:00+00:00,2024-01-12 01:00:00+00:00,6215,6018,41.5,197,197,3.2735127949484877,1
2024-01-10 07:30:00+00:00,2024-01-12 02:00:00+00:00,6016,6108,42.5,-92,92,1.5062213490504257,2
2024-01-10 07:30:00+00:00,2024-01-12 03:00:00+00:00,5814,5292,43.5,522,522,9.863945578231291,3
2024-01-10 07:30:00+00:00,2024-01-12 04:00:00+00:00,5579,4824,44.5,755,755,15.650912106135987,4
2024-01-10 07:30:00+00:00,2024-01-12 05:00:00+00:00,5340,4848,45.5,492,492,10.14851485148515,5
2024-01-10 07:30:00+00:00,2024-01-12 06:00:00+00:00,5096,4510,46.5,586,586,12.993348115299336,6
2024-01-10 07:30:00+00:00,2024-01-12 07:00:00+00:00,4629,4312,47.5,317,317,7.351576994434137,7
2024-01-10 04:30:00+00:00,2024-01-10 21:00:00+00:00,6593,8234,16.5,-1641,1641,19.929560359485063,21
2024-01-10 04:30:00+00:00,2024-01-10 22:00:00+00:00,5844,6978,17.5,-1134,1134,16.251074806534824,22
2024-01-10 04:30:00+00:00,2024-01-10 23:00:00+00:00,5319,6690,18.5,-1371,1371,20.493273542600896,23
2024-01-10 04:30:00+00:00,2024-01-11 00:00:00+00:00,5091,6538,19.5,-1447,1447,22.13215050474151,0
2024-01-10 04:30:00+00:00,2024-01-11 01:00:00+00:00,5077,6143,20.5,-1066,1066,17.353084811981116,1
2024-01-10 04:30:00+00:00,2024-01-11 02:00:00+00:00,5211,5824,21.5,-613,613,10.525412087912088,2
2024-01-10 04:30:00+00:00,2024-01-11 03:00:00+00:00,5295,5469,22.5,-174,174,3.1815688425671973,3
2024-01-10 04:30:00+00:00,2024-01-11 04:00:00+00:00,5327,5671,23.5,-344,344,6.065949567977429,4
2024-01-10 04:30:00+00:00,2024-01-11 05:00:00+00:00,5452,5605,24.5,-153,153,2.7297056199821585,5
2024-01-10 04:30:00+00:00,2024-01-11 06:00:00+00:00,5610,6036,25.5,-426,426,7.057654075546719,6
2024-01-10 04:30:00+00:00,2024-01-11 07:00:00+00:00,5738,5536,26.5,202,202,3.648843930635838,7
2024-01-10 04:30:00+00:00,2024-01-11 08:00:00+00:00,5715,5389,27.5,326,326,6.049359807014288,8
2024-01-10 04:30:00+00:00,2024-01-11 09:00:00+00:00,5691,5450,28.5,241,241,4.422018348623853,9
2024-01-10 04:30:00+00:00,2024-01-11 10:00:00+00:00,5577,5824,29.5,-247,247,4.241071428571429,10
2024-01-10 04:30:00+00:00,2024-01-11 11:00:00+00:00,5875,6061,30.5,-186,186,3.0688005279656823,11
2024-01-10 04:30:00+00:00,2024-01-11 12:00:00+00:00,6299,6457,31.5,-158,158,2.4469567910794487,12
2024-01-10 04:30:00+00:00,2024-01-11 13:00:00+00:00,6665,7088,32.5,-423,423,5.96783295711061,13
2024-01-10 04:30:00+00:00,2024-01-11 14:00:00+00:00,7031,7308,33.5,-277,277,3.790366721401204,14
2024-01-10 04:30:00+00:00,2024-01-11 15:00:00+00:00,7248,7604,34.5,-356,356,4.681746449237243,15
2024-01-10 04:30:00+00:00,2024-01-11 16:00:00+00:00,7387,7549,35.5,-162,162,2.145979599947013,16
2024-01-10 04:30:00+00:00,2024-01-11 17:00:00+00:00,7433,7151,36.5,282,282,3.943504404978325,17
2024-01-10 04:30:00+00:00,2024-01-11 18:00:00+00:00,7483,7094,37.5,389,389,5.48350718917395,18
2024-01-10 04:30:00+00:00,2024-01-11 19:00:00+00:00,7345,6770,38.5,575,575,8.493353028064993,19
2024-01-10 04:30:00+00:00,2024-01-11 20:00:00+00:00,7210,6414,39.5,796,796,12.410352354225132,20
2024-01-10 04:30:00+00:00,2024-01-11 21:00:00+00:00,7079,6324,40.5,755,755,11.93864642631246,21
2024-01-10 04:30:00+00:00,2024-01-11 22:00:00+00:00,6895,6167,41.5,728,728,11.804767309875142,22
2024-01-10 04:30:00+00:00,2024-01-11 23:00:00+00:00,6711,5853,42.5,858,858,14.659149154279858,23
2024-01-10 04:30:00+00:00,2024-01-12 00:00:00+00:00,6527,5886,43.5,641,641,10.89024804621135,0
2024-01-10 04:30:00+00:00,2024-01-12 01:00:00+00:00,6316,6018,44.5,298,298,4.9518112329677635,1
2024-01-10 04:30:00+00:00,2024-01-12 02:00:00+00:00,6101,6108,45.5,-7,7,0.11460379829731501,2
2024-01-10 04:30:00+00:00,2024-01-12 03:00:00+00:00,5882,5292,46.5,590,590,11.148904006046862,3
2024-01-10 04:30:00+00:00,2024-01-12 04:00:00+00:00,5621,4824,47.5,797,797,16.521558872305143,4
2024-01-10 02:30:00+00:00,2024-01-10 21:00:00+00:00,6583,8234,18.5,-1651,1651,20.0510080155453,21
2024-01-10 02:30:00+00:00,2024-01-10 22:00:00+00:00,5836,6978,19.5,-1142,1142,16.365720836916022,22
2024-01-10 02:30:00+00:00,2024-01-10 23:00:00+00:00,5312,6690,20.5,-1378,1378,20.597907324364723,23
2024-01-10 02:30:00+00:00,2024-01-11 00:00:00+00:00,5087,6538,21.5,-1451,1451,22.193331293973692,0
2024-01-10 02:30:00+00:00,2024-01-11 01:00:00+00:00,5077,6143,22.5,-1066,1066,17.353084811981116,1
2024-01-10 02:30:00+00:00,2024-01-11 02:00:00+00:00,5211,5824,23.5,-613,613,10.525412087912088,2
2024-01-10 02:30:00+00:00,2024-01-11 03:00:00+00:00,5292,5469,24.5,-177,177,3.236423477783873,3
2024-01-10 02:30:00+00:00,2024-01-11 04:00:00+00:00,5327,5671,25.5,-344,344,6.065949567977429,4
2024-01-10 02:30:00+00:00,2024-01-11 05:00:00+00:00,5453,5605,26.5,-152,152,2.711864406779661,5
2024-01-10 02:30:00+00:00,2024-01-11 06:00:00+00:00,5602,6036,27.5,-434,434,7.190192180251823,6
2024-01-10 02:30:00+00:00,2024-01-11 07:00:00+00:00,5738,5536,28.5,202,202,3.648843930635838,7
2024-01-10 02:30:00+00:00,2024-01-11 08:00:00+00:00,5715,5389,29.5,326,326,6.049359807014288,8
2024-01-10 02:30:00+00:00,2024-01-11 09:00:00+00:00,5666,5450,30.5,216,216,3.9633027522935778,9
2024-01-10 02:30:00+00:00,2024-01-11 10:00:00+00:00,5576,5824,31.5,-248,248,4.258241758241758,10
2024-01-10 02:30:00+00:00,2024-01-11 11:00:00+00:00,5873,6061,32.5,-188,188,3.101798383105098,11
2024-01-10 02:30:00+00:00,2024-01-11 12:00:00+00:00,6299,6457,33.5,-158,158,2.4469567910794487,12
2024-01-10 02:30:00+00:00,2024-01-11 13:00:00+00:00,6666,7088,34.5,-422,422,5.9537246049661405,13
2024-01-10 02:30:00+00:00,2024-01-11 14:00:00+00:00,7029,7308,35.5,-279,279,3.8177339901477834,14
2024-01-10 02:30:00+00:00,2024-01-11 15:00:00+00:00,7243,7604,36.5,-361,361,4.747501315097318,15
2024-01-10 02:30:00+00:00,2024-01-11 16:00:00+00:00,7393,7549,37.5,-156,156,2.066498874023049,16
2024-01-10 02:30:00+00:00,2024-01-11 17:00:00+00:00,7451,7151,38.5,300,300,4.1952174521046,17
2024-01-10 02:30:00+00:00,2024-01-11 18:00:00+00:00,7512,7094,39.5,418,418,5.892303354947844,18
2024-01-10 02:30:00+00:00,2024-01-11 19:00:00+00:00,7372,6770,40.5,602,602,8.892171344165435,19
2024-01-10 02:30:00+00:00,2024-01-11 20:00:00+00:00,7237,6414,41.5,823,823,12.831306516994076,20
2024-01-10 02:30:00+00:00,2024-01-11 21:00:00+00:00,7104,6324,42.5,780,780,12.333965844402277,21
2024-01-10 02:30:00+00:00,2024-01-11 22:00:00+00:00,6917,6167,43.5,750,750,12.161504783525215,22
2024-01-10 02:30:00+00:00,2024-01-11 23:00:00+00:00,6730,5853,44.5,877,877,14.983769007346659,23
2024-01-10 02:30:00+00:00,2024-01-12 00:00:00+00:00,6543,5886,45.5,657,657,11.162079510703364,0
2024-01-10 02:30:00+00:00,2024-01-12 01:00:00+00:00,6332,6018,46.5,314,314,5.217680292455965,1
2024-01-10 02:30:00+00:00,2024-01-12 02:00:00+00:00,6116,6108,47.5,8,8,0.13097576948264572,2
2024-01-09 22:30:00+00:00,2024-01-10 03:00:00+00:00,6887,7933,4.5,-1046,1046,13.185427959157947,3
2024-01-09 22:30:00+00:00,2024-01-10 04:00:00+00:00,6723,7728,5.5,-1005,1005,13.004658385093167,4
2024-01-09 22:30:00+00:00,2024-01-10 05:00:00+00:00,6735,7538,6.5,-803,803,10.652693022021756,5
2024-01-09 22:30:00+00:00,2024-01-10 06:00:00+00:00,6844,7277,7.5,-433,433,5.950254225642436,6
2024-01-09 22:30:00+00:00,2024-01-10 07:00:00+00:00,6720,6908,8.5,-188,188,2.7214823393167342,7
2024-01-09 22:30:00+00:00,2024-01-10 08:00:00+00:00,6617,6625,9.5,-8,8,0.12075471698113208,8
2024-01-09 22:30:00+00:00,2024-01-10 09:00:00+00:00,6505,6420,10.5,85,85,1.32398753894081,9
2024-01-09 22:30:00+00:00,2024-01-10 10:00:00+00:00,6350,6564,11.5,-214,214,3.2602071907373555,10
2024-01-09 22:30:00+00:00,2024-01-10 11:00:00+00:00,6263,6752,12.5,-489,489,7.242298578199052,11
2024-01-09 22:30:00+00:00,2024-01-10 12:00:00+00:00,6348,6774,13.5,-426,426,6.288751107174491,12
2024-01-09 22:30:00+00:00,2024-01-10 13:00:00+00:00,6531,7172,14.5,-641,641,8.937534857780257,13
2024-01-09 22:30:00+00:00,2024-01-10 14:00:00+00:00,6811,7684,15.5,-873,873,11.36127017178553,14
2024-01-09 22:30:00+00:00,2024-01-10 15:00:00+00:00,7106,8027,16.5,-921,921,11.473776005979817,15
2024-01-09 22:30:00+00:00,2024-01-10 16:00:00+00:00,7446,6983,17.5,463,463,6.630388085350136,16
2024-01-09 22:30:00+00:00,2024-01-10 17:00:00+00:00,7590,8970,18.5,-1380,1380,15.384615384615385,17
2024-01-09 22:30:00+00:00,2024-01-10 18:00:00+00:00,7625,8944,19.5,-1319,1319,14.74731663685152,18
2024-01-09 22:30:00+00:00,2024-01-10 19:00:00+00:00,7257,8831,20.5,-1574,1574,17.823576038953686,19
2024-01-09 22:30:00+00:00,2024-01-10 20:00:00+00:00,6790,8785,21.5,-1995,1995,22.709163346613543,20
2024-01-09 22:30:00+00:00,2024-01-10 21:00:00+00:00,6256,8234,22.5,-1978,1978,24.022346368715084,21
2024-01-09 22:30:00+00:00,2024-01-10 22:00:00+00:00,5610,6978,23.5,-1368,1368,19.604471195184868,22
2024-01-09 22:30:00+00:00,2024-01-10 23:00:00+00:00,5250,6690,24.5,-1440,1440,21.524663677130047,23
2024-01-09 22:30:00+00:00,2024-01-11 00:00:00+00:00,5120,6538,25.5,-1418,1418,21.688589782808197,0
2024-01-09 22:30:00+00:00,2024-01-11 01:00:00+00:00,5141,6143,26.5,-1002,1002,16.31124857561452,1
2024-01-09 22:30:00+00:00,2024-01-11 02:00:00+00:00,5349,5824,27.5,-475,475,8.155906593406593,2
2024-01-09 22:30:00+00:00,2024-01-11 03:00:00+00:00,5448,5469,28.5,-21,21,0.38398244651673064,3
2024-01-09 22:30:00+00:00,2024-01-11 04:00:00+00:00,5433,5671,29.5,-238,238,4.196790689472756,4
2024-01-09 22:30:00+00:00,2024-01-11 05:00:00+00:00,5704,5605,30.5,99,99,1.7662801070472793,5
2024-01-09 22:30:00+00:00,2024-01-11 06:00:00+00:00,5971,6036,31.5,-65,65,1.0768721007289597,6
2024-01-09 22:30:00+00:00,2024-01-11 07:00:00+00:00,6013,5536,32.5,477,477,8.616329479768787,7
2024-01-09 22:30:00+00:00,2024-01-11 08:00:00+00:00,5983,5389,33.5,594,594,11.022453145295973,8
2024-01-09 22:30:00+00:00,2024-01-11 09:00:00+00:00,6028,5450,34.5,578,578,10.605504587155963,9
2024-01-09 22:30:00+00:00,2024-01-11 10:00:00+00:00,5925,5824,35.5,101,101,1.7342032967032968,10
2024-01-09 22:30:00+00:00,2024-01-11 11:00:00+00:00,6246,6061,36.5,185,185,3.052301600395974,11
2024-01-09 22:30:00+00:00,2024-01-11 12:00:00+00:00,6534,6457,37.5,77,77,1.192504258943782,12
2024-01-09 22:30:00+00:00,2024-01-11 13:00:00+00:00,6843,7088,38.5,-245,245,3.456546275395034,13
2024-01-09 22:30:00+00:00,2024-01-11 14:00:00+00:00,7141,7308,39.5,-167,167,2.285166940339354,14
2024-01-09 22:30:00+00:00,2024-01-11 15:00:00+00:00,7418,7604,40.5,-186,186,2.4460810099947397,15
2024-01-09 22:30:00+00:00,2024-01-11 16:00:00+00:00,7420,7549,41.5,-129,129,1.7088356073652138,16
2024-01-09 22:30:00+00:00,2024-01-11 17:00:00+00:00,7425,7151,42.5,274,274,3.8316319395888683,17
2024-01-09 22:30:00+00:00,2024-01-11 18:00:00+00:00,7432,7094,43.5,338,338,4.7645897941922755,18
2024-01-09 22:30:00+00:00,2024-01-11 19:00:00+00:00,7287,6770,44.5,517,517,7.636632200886264,19
2024-01-09 22:30:00+00:00,2024-01-11 20:00:00+00:00,7144,6414,45.5,730,730,11.381353289678827,20
2024-01-09 22:30:00+00:00,2024-01-11 21:00:00+00:00,7001,6324,46.5,677,677,10.705249841872233,21
2024-01-09 18:30:00+00:00,2024-01-09 23:00:00+00:00,7972,10685,4.5,-2713,2713,25.390734674777725,23
2024-01-09 18:30:00+00:00,2024-01-10 00:00:00+00:00,7642,10003,5.5,-2361,2361,23.602919124262723,0
2024-01-09 18:30:00+00:00,2024-01-10 01:00:00+00:00,7474,9662,6.5,-2188,2188,22.645415027944523,1
2024-01-09 18:30:00+00:00,2024-01-10 02:00:00+00:00,7207,8765,7.5,-1558,1558,17.775242441528807,2
2024-01-09 18:30:00+00:00,2024-01-10 03:00:00+00:00,6890,7933,8.5,-1043,1043,13.147611244169925,3
2024-01-09 18:30:00+00:00,2024-01-10 04:00:00+00:00,6729,7728,9.5,-999,999,12.92701863354037,4
2024-01-09 18:30:00+00:00,2024-01-10 05:00:00+00:00,6744,7538,10.5,-794,794,10.533297957017776,5
2024-01-09 18:30:00+00:00,2024-01-10 06:00:00+00:00,6848,7277,11.5,-429,429,5.8952865191699875,6
2024-01-09 18:30:00+00:00,2024-01-10 07:00:00+00:00,6727,6908,12.5,-181,181,2.620150550086856,7
2024-01-09 18:30:00+00:00,2024-01-10 08:00:00+00:00,6622,6625,13.5,-3,3,0.045283018867924525,8
2024-01-09 18:30:00+00:00,2024-01-10 09:00:00+00:00,6510,6420,14.5,90,90,1.4018691588785046,9
2024-01-09 18:30:00+00:00,2024-01-10 10:00:00+00:00,6358,6564,15.5,-206,206,3.138330286410725,10
2024-01-09 18:30:00+00:00,2024-01-10 11:00:00+00:00,6265,6752,16.5,-487,487,7.212677725118484,11
2024-01-09 18:30:00+00:00,2024-01-10 12:00:00+00:00,6349,6774,17.5,-425,425,6.273988780631827,12
2024-01-09 18:30:00+00:00,2024-01-10 13:00:00+00:00,6530,7172,18.5,-642,642,8.951477969882877,13
2024-01-09 18:30:00+00:00,2024-01-10 14:00:00+00:00,6805,7684,19.5,-879,879,11.439354502863091,14
2024-01-09 18:30:00+00:00,2024-01-10 15:00:00+00:00,7099,8027,20.5,-928,928,11.560981686807025,15
2024-01-09 18:30:00+00:00,2024-01-10 16:00:00+00:00,7443,6983,21.5,460,460,6.5874266074752965,16
2024-01-09 18:30:00+00:00,2024-01-10 17:00:00+00:00,7595,8970,22.5,-1375,1375,15.328874024526199,17
2024-01-09 18:30:00+00:00,2024-01-10 18:00:00+00:00,7628,8944,23.5,-1316,1316,14.713774597495528,18
2024-01-09 18:30:00+00:00,2024-01-10 19:00:00+00:00,7254,8831,24.5,-1577,1577,17.857547276639114,19
2024-01-09 18:30:00+00:00,2024-01-10 20:00:00+00:00,6789,8785,25.5,-1996,1996,22.720546385885033,20
2024-01-09 18:30:00+00:00,2024-01-10 21:00:00+00:00,6257,8234,26.5,-1977,1977,24.01020160310906,21
2024-01-09 18:30:00+00:00,2024-01-10 22:00:00+00:00,5608,6978,27.5,-1370,1370,19.633132702780166,22
2024-01-09 18:30:00+00:00,2024-01-10 23:00:00+00:00,5248,6690,28.5,-1442,1442,21.55455904334828,23
2024-01-09 18:30:00+00:00,2024-01-11 00:00:00+00:00,5122,6538,29.5,-1416,1416,21.65799938819211,0
2024-01-09 18:30:00+00:00,2024-01-11 01:00:00+00:00,5139,6143,30.5,-1004,1004,16.343805958000974,1
2024-01-09 18:30:00+00:00,2024-01-11 02:00:00+00:00,5348,5824,31.5,-476,476,8.173076923076923,2
2024-01-09 18:30:00+00:00,2024-01-11 03:00:00+00:00,5452,5469,32.5,-17,17,0.31084293289449627,3
2024-01-09 18:30:00+00:00,2024-01-11 04:00:00+00:00,5430,5671,33.5,-241,241,4.2496914124493035,4
2024-01-09 18:30:00+00:00,2024-01-11 05:00:00+00:00,5701,5605,34.5,96,96,1.712756467439786,5
2024-01-09 18:30:00+00:00,2024-01-11 06:00:00+00:00,5977,6036,35.5,-59,59,0.9774685222001325,6
2024-01-09 18:30:00+00:00,2024-01-11 07:00:00+00:00,6009,5536,36.5,473,473,8.54407514450867,7
2024-01-09 18:30:00+00:00,2024-01-11 08:00:00+00:00,5978,5389,37.5,589,589,10.929671553163853,8
2024-01-09 18:30:00+00:00,2024-01-11 09:00:00+00:00,6030,5450,38.5,580,580,10.642201834862385,9
2024-01-09 18:30:00+00:00,2024-01-11 10:00:00+00:00,5930,5824,39.5,106,106,1.8200549450549453,10
2024-01-09 18:30:00+00:00,2024-01-11 11:00:00+00:00,6254,6061,40.5,193,193,3.184293020953638,11
2024-01-09 18:30:00+00:00,2024-01-11 12:00:00+00:00,6544,6457,41.5,87,87,1.347374941923494,12
2024-01-09 18:30:00+00:00,2024-01-11 13:00:00+00:00,6853,7088,42.5,-235,235,3.3154627539503387,13
2024-01-09 18:30:00+00:00,2024-01-11 14:00:00+00:00,7149,7308,43.5,-159,159,2.1756978653530377,14
2024-01-09 18:30:00+00:00,2024-01-11 15:00:00+00:00,7426,7604,44.5,-178,178,2.3408732246186217,15
2024-01-09 18:30:00+00:00,2024-01-11 16:00:00+00:00,7426,7549,45.5,-123,123,1.6293548814412504,16
2024-01-09 18:30:00+00:00,2024-01-11 17:00:00+00:00,7429,7151,46.5,278,278,3.8875681722835966,17
2024-01-09 18:30:00+00:00,2024-01-11 18:00:00+00:00,7434,7094,47.5,340,340,4.792782633211164,18
2024-01-09 15:30:00+00:00,2024-01-09 21:00:00+00:00,8963,11128,5.5,-2165,2165,19.455427749820274,21
2024-01-09 15:30:00+00:00,2024-01-09 22:00:00+00:00,8476,11005,6.5,-2529,2529,22.980463425715584,22
2024-01-09 15:30:00+00:00,2024-01-09 23:00:00+00:00,8124,10685,7.5,-2561,2561,23.968179691155825,23
2024-01-09 15:30:00+00:00,2024-01-10 00:00:00+00:00,7853,10003,8.5,-2150,2150,21.493551934419674,0
2024-01-09 15:30:00+00:00,2024-01-10 01:00:00+00:00,7645,9662,9.5,-2017,2017,20.875595114883048,1
2024-01-09 15:30:00+00:00,2024-01-10 02:00:00+00:00,7452,8765,10.5,-1313,1313,14.98003422703936,2
2024-01-09 15:30:00+00:00,2024-01-10 03:00:00+00:00,7083,7933,11.5,-850,850,10.714735913273667,3
2024-01-09 15:30:00+00:00,2024-01-10 04:00:00+00:00,6933,7728,12.5,-795,795,10.287267080745343,4
2024-01-09 15:30:00+00:00,2024-01-10 05:00:00+00:00,6867,7538,13.5,-671,671,8.901565401963385,5
2024-01-09 15:30:00+00:00,2024-01-10 06:00:00+00:00,6900,7277,14.5,-377,377,5.18070633502817,6
2024-01-09 15:30:00+00:00,2024-01-10 07:00:00+00:00,6842,6908,15.5,-66,66,0.9554140127388535,7
2024-01-09 15:30:00+00:00,2024-01-10 08:00:00+00:00,6742,6625,16.5,117,117,1.7660377358490564,8
2024-01-09 15:30:00+00:00,2024-01-10 09:00:00+00:00,6551,6420,17.5,131,131,2.040498442367601,9
2024-01-09 15:30:00+00:00,2024-01-10 10:00:00+00:00,6303,6564,18.5,-261,261,3.976234003656307,10
2024-01-09 15:30:00+00:00,2024-01-10 11:00:00+00:00,6147,6752,19.5,-605,605,8.960308056872037,11
2024-01-09 15:30:00+00:00,2024-01-10 12:00:00+00:00,6046,6774,20.5,-728,728,10.746973723058755,12
2024-01-09 15:30:00+00:00,2024-01-10 13:00:00+00:00,6230,7172,21.5,-942,942,13.134411600669269,13
2024-01-09 15:30:00+00:00,2024-01-10 14:00:00+00:00,6408,7684,22.5,-1276,1276,16.605934409161897,14
2024-01-09 15:30:00+00:00,2024-01-10 15:00:00+00:00,6648,8027,23.5,-1379,1379,17.17951912296001,15
2024-01-09 15:30:00+00:00,2024-01-10 16:00:00+00:00,6855,6983,24.5,-128,128,1.833023055993126,16
2024-01-09 15:30:00+00:00,2024-01-10 17:00:00+00:00,7046,8970,25.5,-1924,1924,21.44927536231884,17
2024-01-09 15:30:00+00:00,2024-01-10 18:00:00+00:00,7094,8944,26.5,-1850,1850,20.684257602862253,18
2024-01-09 15:30:00+00:00,2024-01-10 19:00:00+00:00,6742,8831,27.5,-2089,2089,23.655305174951874,19
2024-01-09 15:30:00+00:00,2024-01-10 20:00:00+00:00,6353,8785,28.5,-2432,2432,27.6835515082527,20
2024-01-09 15:30:00+00:00,2024-01-10 21:00:00+00:00,6001,8234,29.5,-2233,2233,27.119261598251153,21
2024-01-09 15:30:00+00:00,2024-01-10 22:00:00+00:00,5568,6978,30.5,-1410,1410,20.206362854686155,22
2024-01-09 15:30:00+00:00,2024-01-10 23:00:00+00:00,5289,6690,31.5,-1401,1401,20.94170403587444,23
2024-01-09 15:30:00+00:00,2024-01-11 00:00:00+00:00,5169,6538,32.5,-1369,1369,20.93912511471398,0
2024-01-09 15:30:00+00:00,2024-01-11 01:00:00+00:00,5247,6143,33.5,-896,896,14.585707309132346,1
2024-01-09 15:30:00+00:00,2024-01-11 02:00:00+00:00,5408,5824,34.5,-416,416,7.142857142857142,2
2024-01-09 15:30:00+00:00,2024-01-11 03:00:00+00:00,5600,5469,35.5,131,131,2.395319071128177,3
2024-01-09 15:30:00+00:00,2024-01-11 04:00:00+00:00,5387,5671,36.5,-284,284,5.007935108446482,4
2024-01-09 15:30:00+00:00,2024-01-11 05:00:00+00:00,5732,5605,37.5,127,127,2.265834076717217,5
2024-01-09 15:30:00+00:00,2024-01-11 06:00:00+00:00,6092,6036,38.5,56,56,0.9277667329357191,6
2024-01-09 15:30:00+00:00,2024-01-11 07:00:00+00:00,6180,5536,39.5,644,644,11.632947976878613,7
2024-01-09 15:30:00+00:00,2024-01-11 08:00:00+00:00,6264,5389,40.5,875,875,16.23677862312117,8
2024-01-09 15:30:00+00:00,2024-01-11 09:00:00+00:00,6337,5450,41.5,887,887,16.275229357798164,9
2024-01-09 15:30:00+00:00,2024-01-11 10:00:00+00:00,6666,5824,42.5,842,842,14.457417582417584,10
2024-01-09 15:30:00+00:00,2024-01-11 11:00:00+00:00,6965,6061,43.5,904,904,14.915030523016004,11
2024-01-09 15:30:00+00:00,2024-01-11 12:00:00+00:00,7226,6457,44.5,769,769,11.909555521139849,12
2024-01-09 15:30:00+00:00,2024-01-11 13:00:00+00:00,7497,7088,45.5,409,409,5.770316027088036,13
2024-01-09 15:30:00+00:00,2024-01-11 14:00:00+00:00,7749,7308,46.5,441,441,6.0344827586206895,14
2024-01-09 15:30:00+00:00,2024-01-11 15:00:00+00:00,7978,7604,47.5,374,374,4.918463966333508,15
2024-01-09 11:30:00+00:00,2024-01-09 21:00:00+00:00,8778,11128,9.5,-2350,2350,21.117900790797986,21
2024-01-09 11:30:00+00:00,2024-01-09 22:00:00+00:00,8319,11005,10.5,-2686,2686,24.407087687414812,22
2024-01-09 11:30:00+00:00,2024-01-09 23:00:00+00:00,8081,10685,11.5,-2604,2604,24.370613008890967,23
2024-01-09 11:30:00+00:00,2024-01-10 00:00:00+00:00,7829,10003,12.5,-2174,2174,21.733479956013195,0
2024-01-09 11:30:00+00:00,2024-01-10 01:00:00+00:00,7575,9662,13.5,-2087,2087,21.600082798592425,1
2024-01-09 11:30:00+00:00,2024-01-10 02:00:00+00:00,7367,8765,14.5,-1398,1398,15.949800342270393,2
2024-01-09 11:30:00+00:00,2024-01-10 03:00:00+00:00,6960,7933,15.5,-973,973,12.26522122778268,3
2024-01-09 11:30:00+00:00,2024-01-10 04:00:00+00:00,6784,7728,16.5,-944,944,12.215320910973086,4
2024-01-09 11:30:00+00:00,2024-01-10 05:00:00+00:00,6717,7538,17.5,-821,821,10.891483152029716,5
2024-01-09 11:30:00+00:00,2024-01-10 06:00:00+00:00,6694,7277,18.5,-583,583,8.011543218359215,6
2024-01-09 11:30:00+00:00,2024-01-10 07:00:00+00:00,6569,6908,19.5,-339,339,4.907353792704111,7
2024-01-09 11:30:00+00:00,2024-01-10 08:00:00+00:00,6427,6625,20.5,-198,198,2.988679245283019,8
2024-01-09 11:30:00+00:00,2024-01-10 09:00:00+00:00,6217,6420,21.5,-203,203,3.161993769470405,9
2024-01-09 11:30:00+00:00,2024-01-10 10:00:00+00:00,5971,6564,22.5,-593,593,9.034125533211457,10
2024-01-09 11:30:00+00:00,2024-01-10 11:00:00+00:00,5822,6752,23.5,-930,930,13.773696682464456,11
2024-01-09 11:30:00+00:00,2024-01-10 12:00:00+00:00,5684,6774,24.5,-1090,1090,16.090935931502806,12
2024-01-09 11:30:00+00:00,2024-01-10 13:00:00+00:00,5897,7172,25.5,-1275,1275,17.777467930842164,13
2024-01-09 11:30:00+00:00,2024-01-10 14:00:00+00:00,6028,7684,26.5,-1656,1656,21.5512753774076,14
2024-01-09 11:30:00+00:00,2024-01-10 15:00:00+00:00,6143,8027,27.5,-1884,1884,23.470786096922886,15
2024-01-09 11:30:00+00:00,2024-01-10 16:00:00+00:00,6319,6983,28.5,-664,664,9.508807102964342,16
2024-01-09 11:30:00+00:00,2024-01-10 17:00:00+00:00,6460,8970,29.5,-2510,2510,27.982162764771463,17
2024-01-09 11:30:00+00:00,2024-01-10 18:00:00+00:00,6492,8944,30.5,-2452,2452,27.415026833631483,18
2024-01-09 11:30:00+00:00,2024-01-10 19:00:00+00:00,6229,8831,31.5,-2602,2602,29.464386819159778,19
2024-01-09 11:30:00+00:00,2024-01-10 20:00:00+00:00,5875,8785,32.5,-2910,2910,33.124644280022764,20
2024-01-09 11:30:00+00:00,2024-01-10 21:00:00+00:00,5592,8234,33.5,-2642,2642,32.08647073111489,21
2024-01-09 11:30:00+00:00,2024-01-10 22:00:00+00:00,5303,6978,34.5,-1675,1675,24.00401261106334,22
2024-01-09 11:30:00+00:00,2024-01-10 23:00:00+00:00,4996,6690,35.5,-1694,1694,25.32137518684604,23
2024-01-09 11:30:00+00:00,2024-01-11 00:00:00+00:00,4746,6538,36.5,-1792,1792,27.40899357601713,0
2024-01-09 11:30:00+00:00,2024-01-11 01:00:00+00:00,4846,6143,37.5,-1297,1297,21.1134624776168,1
2024-01-09 11:30:00+00:00,2024-01-11 02:00:00+00:00,5000,5824,38.5,-824,824,14.148351648351648,2
2024-01-09 11:30:00+00:00,2024-01-11 03:00:00+00:00,5223,5469,39.5,-246,246,4.498080087767416,3
2024-01-09 11:30:00+00:00,2024-01-11 04:00:00+00:00,5615,5671,40.5,-56,56,0.9874801622288838,4
2024-01-09 11:30:00+00:00,2024-01-11 05:00:00+00:00,6036,5605,41.5,431,431,7.689562890276538,5
2024-01-09 11:30:00+00:00,2024-01-11 06:00:00+00:00,6463,6036,42.5,427,427,7.074221338634858,6
2024-01-09 11:30:00+00:00,2024-01-11 07:00:00+00:00,6615,5536,43.5,1079,1079,19.490606936416185,7
2024-01-09 11:30:00+00:00,2024-01-11 08:00:00+00:00,6750,5389,44.5,1361,1361,25.255149378363335,8
2024-01-09 11:30:00+00:00,2024-01-11 09:00:00+00:00,6861,5450,45.5,1411,1411,25.889908256880734,9
2024-01-09 11:30:00+00:00,2024-01-11 10:00:00+00:00,7096,5824,46.5,1272,1272,21.84065934065934,10
2024-01-09 11:30:00+00:00,2024-01-11 11:00:00+00:00,7305,6061,47.5,1244,1244,20.524665896716712,11
2024-01-09 09:30:00+00:00,2024-01-09 21:00:00+00:00,8798,11128,11.5,-2330,2330,20.938173975557152,21
2024-01-09 09:30:00+00:00,2024-01-09 22:00:00+00:00,8338,11005,12.5,-2667,2667,24.234438891412992,22
2024-01-09 09:30:00+00:00,2024-01-09 23:00:00+00:00,8092,10685,13.5,-2593,2593,24.2676649508657,23
2024-01-09 09:30:00+00:00,2024-01-10 00:00:00+00:00,7839,10003,14.5,-2164,2164,21.633509947015895,0
2024-01-09 09:30:00+00:00,2024-01-10 01:00:00+00:00,7577,9662,15.5,-2085,2085,21.579383150486443,1
2024-01-09 09:30:00+00:00,2024-01-10 02:00:00+00:00,7370,8765,16.5,-1395,1395,15.915573302909298,2
2024-01-09 09:30:00+00:00,2024-01-10 03:00:00+00:00,6966,7933,17.5,-967,967,12.189587797806631,3
2024-01-09 09:30:00+00:00,2024-01-10 04:00:00+00:00,6786,7728,18.5,-942,942,12.18944099378882,4
2024-01-09 09:30:00+00:00,2024-01-10 05:00:00+00:00,6721,7538,19.5,-817,817,10.838418678694614,5
2024-01-09 09:30:00+00:00,2024-01-10 06:00:00+00:00,6705,7277,20.5,-572,572,7.860382025559984,6
2024-01-09 09:30:00+00:00,2024-01-10 07:00:00+00:00,6568,6908,21.5,-340,340,4.921829762594094,7
2024-01-09 09:30:00+00:00,2024-01-10 08:00:00+00:00,6424,6625,22.5,-201,201,3.033962264150943,8
2024-01-09 09:30:00+00:00,2024-01-10 09:00:00+00:00,6228,6420,23.5,-192,192,2.990654205607477,9
2024-01-09 09:30:00+00:00,2024-01-10 10:00:00+00:00,5965,6564,24.5,-599,599,9.125533211456428,10
2024-01-09 09:30:00+00:00,2024-01-10 11:00:00+00:00,5811,6752,25.5,-941,941,13.936611374407585,11
2024-01-09 09:30:00+00:00,2024-01-10 12:00:00+00:00,5705,6774,26.5,-1069,1069,15.780927074106879,12
2024-01-09 09:30:00+00:00,2024-01-10 13:00:00+00:00,5905,7172,27.5,-1267,1267,17.665923034021194,13
2024-01-09 09:30:00+00:00,2024-01-10 14:00:00+00:00,6047,7684,28.5,-1637,1637,21.304008328995312,14
2024-01-09 09:30:00+00:00,2024-01-10 15:00:00+00:00,6175,8027,29.5,-1852,1852,23.072131555998503,15
2024-01-09 09:30:00+00:00,2024-01-10 16:00:00+00:00,6326,6983,30.5,-657,657,9.408563654589717,16
2024-01-09 09:30:00+00:00,2024-01-10 17:00:00+00:00,6474,8970,31.5,-2496,2496,27.82608695652174,17
2024-01-09 09:30:00+00:00,2024-01-10 18:00:00+00:00,6544,8944,32.5,-2400,2400,26.833631484794275,18
2024-01-09 09:30:00+00:00,2024-01-10 19:00:00+00:00,6233,8831,33.5,-2598,2598,29.41909183557921,19
2024-01-09 09:30:00+00:00,2024-01-10 20:00:00+00:00,5871,8785,34.5,-2914,2914,33.17017643710871,20
2024-01-09 09:30:00+00:00,2024-01-10 21:00:00+00:00,5623,8234,35.5,-2611,2611,31.70998299732815,21
2024-01-09 09:30:00+00:00,2024-01-10 22:00:00+00:00,5399,6978,36.5,-1579,1579,22.628260246488967,22
2024-01-09 09:30:00+00:00,2024-01-10 23:00:00+00:00,5140,6690,37.5,-1550,1550,23.168908819133037,23
2024-01-09 09:30:00+00:00,2024-01-11 00:00:00+00:00,4888,6538,38.5,-1650,1650,25.237075558274704,0
2024-01-09 09:30:00+00:00,2024-01-11 01:00:00+00:00,5033,6143,39.5,-1110,1110,18.069347224483153,1
2024-01-09 09:30:00+00:00,2024-01-11 02:00:00+00:00,5199,5824,40.5,-625,625,10.731456043956044,2
2024-01-09 09:30:00+00:00,2024-01-11 03:00:00+00:00,5385,5469,41.5,-84,84,1.5359297860669225,3
2024-01-09 09:30:00+00:00,2024-01-11 04:00:00+00:00,5714,5671,42.5,43,43,0.7582436959971787,4
2024-01-09 09:30:00+00:00,2024-01-11 05:00:00+00:00,6082,5605,43.5,477,477,8.510258697591436,5
2024-01-09 09:30:00+00:00,2024-01-11 06:00:00+00:00,6467,6036,44.5,431,431,7.1404903909874085,6
2024-01-09 09:30:00+00:00,2024-01-11 07:00:00+00:00,6617,5536,45.5,1081,1081,19.52673410404624,7
2024-01-09 09:30:00+00:00,2024-01-11 08:00:00+00:00,6750,5389,46.5,1361,1361,25.255149378363335,8
2024-01-09 09:30:00+00:00,2024-01-11 09:00:00+00:00,6859,5450,47.5,1409,1409,25.85321100917431,9
2024-01-09 07:30:00+00:00,2024-01-09 21:00:00+00:00,8796,11128,13.5,-2332,2332,20.956146657081238,21
2024-01-09 07:30:00+00:00,2024-01-09 22:00:00+00:00,8330,11005,14.5,-2675,2675,24.307133121308496,22
2024-01-09 07:30:00+00:00,2024-01-09 23:00:00+00:00,8085,10685,15.5,-2600,2600,24.333177351427235,23
2024-01-09 07:30:00+00:00,2024-01-10 00:00:00+00:00,7833,10003,16.5,-2170,2170,21.693491952414277,0
2024-01-09 07:30:00+00:00,2024-01-10 01:00:00+00:00,7573,9662,17.5,-2089,2089,21.620782446698406,1
2024-01-09 07:30:00+00:00,2024-01-10 02:00:00+00:00,7367,8765,18.5,-1398,1398,15.949800342270393,2
2024-01-09 07:30:00+00:00,2024-01-10 03:00:00+00:00,6962,7933,19.5,-971,971,12.24001008445733,3
2024-01-09 07:30:00+00:00,2024-01-10 04:00:00+00:00,6783,7728,20.5,-945,945,12.228260869565217,4
2024-01-09 07:30:00+00:00,2024-01-10 05:00:00+00:00,6718,7538,21.5,-820,820,10.87821703369594,5
2024-01-09 07:30:00+00:00,2024-01-10 06:00:00+00:00,6703,7277,22.5,-574,574,7.887865878796207,6
2024-01-09 07:30:00+00:00,2024-01-10 07:00:00+00:00,6566,6908,23.5,-342,342,4.950781702374059,7
2024-01-09 07:30:00+00:00,2024-01-10 08:00:00+00:00,6423,6625,24.5,-202,202,3.049056603773585,8
2024-01-09 07:30:00+00:00,2024-01-10 09:00:00+00:00,6226,6420,25.5,-194,194,3.0218068535825546,9
2024-01-09 07:30:00+00:00,2024-01-10 10:00:00+00:00,5962,6564,26.5,-602,602,9.171237050578915,10
2024-01-09 07:30:00+00:00,2024-01-10 11:00:00+00:00,5806,6752,27.5,-946,946,14.010663507109006,11
2024-01-09 07:30:00+00:00,2024-01-10 12:00:00+00:00,5701,6774,28.5,-1073,1073,15.839976380277532,12
2024-01-09 07:30:00+00:00,2024-01-10 13:00:00+00:00,5901,7172,29.5,-1271,1271,17.72169548243168,13
2024-01-09 07:30:00+00:00,2024-01-10 14:00:00+00:00,6043,7684,30.5,-1641,1641,21.35606454971369,14
2024-01-09 07:30:00+00:00,2024-01-10 15:00:00+00:00,6170,8027,31.5,-1857,1857,23.13442132801794,15
2024-01-09 07:30:00+00:00,2024-01-10 16:00:00+00:00,6318,6983,32.5,-665,665,9.523127595589289,16
2024-01-09 07:30:00+00:00,2024-01-10 17:00:00+00:00,6468,8970,33.5,-2502,2502,27.892976588628766,17
2024-01-09 07:30:00+00:00,2024-01-10 18:00:00+00:00,6545,8944,34.5,-2399,2399,26.822450805008945,18
2024-01-09 07:30:00+00:00,2024-01-10 19:00:00+00:00,6231,8831,35.5,-2600,2600,29.441739327369493,19
2024-01-09 07:30:00+00:00,2024-01-10 20:00:00+00:00,5869,8785,36.5,-2916,2916,33.19294251565168,20
2024-01-09 07:30:00+00:00,2024-01-10 21:00:00+00:00,5624,8234,37.5,-2610,2610,31.697838231722127,21
2024-01-09 07:30:00+00:00,2024-01-10 22:00:00+00:00,5403,6978,38.5,-1575,1575,22.570937231298366,22
2024-01-09 07:30:00+00:00,2024-01-10 23:00:00+00:00,5148,6690,39.5,-1542,1542,23.04932735426009,23
2024-01-09 07:30:00+00:00,2024-01-11 00:00:00+00:00,4898,6538,40.5,-1640,1640,25.084123585194252,0
2024-01-09 07:30:00+00:00,2024-01-11 01:00:00+00:00,5042,6143,41.5,-1101,1101,17.922839003744098,1
2024-01-09 07:30:00+00:00,2024-01-11 02:00:00+00:00,5208,5824,42.5,-616,616,10.576923076923077,2
2024-01-09 07:30:00+00:00,2024-01-11 03:00:00+00:00,5393,5469,43.5,-76,76,1.3896507588224538,3
2024-01-09 07:30:00+00:00,2024-01-11 04:00:00+00:00,5722,5671,44.5,51,51,0.8993122906013049,4
2024-01-09 07:30:00+00:00,2024-01-11 05:00:00+00:00,6089,5605,45.5,484,484,8.63514719000892,5
2024-01-09 07:30:00+00:00,2024-01-11 06:00:00+00:00,6473,6036,46.5,437,437,7.239893969516236,6
2024-01-09 07:30:00+00:00,2024-01-11 07:00:00+00:00,6624,5536,47.5,1088,1088,19.653179190751445,7
2024-01-09 04:30:00+00:00,2024-01-09 21:00:00+00:00,8695,11128,16.5,-2433,2433,21.863767074047445,21
2024-01-09 04:30:00+00:00,2024-01-09 22:00:00+00:00,8331,11005,17.5,-2674,2674,24.29804634257156,22
2024-01-09 04:30:00+00:00,2024-01-09 23:00:00+00:00,8063,10685,18.5,-2622,2622,24.539073467477774,23
2024-01-09 04:30:00+00:00,2024-01-10 00:00:00+00:00,7849,10003,19.5,-2154,2154,21.533539938018595,0
2024-01-09 04:30:00+00:00,2024-01-10 01:00:00+00:00,7541,9662,20.5,-2121,2121,21.951976816394122,1
2024-01-09 04:30:00+00:00,2024-01-10 02:00:00+00:00,7292,8765,21.5,-1473,1473,16.805476326297775,2
2024-01-09 04:30:00+00:00,2024-01-10 03:00:00+00:00,6981,7933,22.5,-952,952,12.000504222866507,3
2024-01-09 04:30:00+00:00,2024-01-10 04:00:00+00:00,6687,7728,23.5,-1041,1041,13.470496894409939,4
2024-01-09 04:30:00+00:00,2024-01-10 05:00:00+00:00,6662,7538,24.5,-876,876,11.62111966038737,5
2024-01-09 04:30:00+00:00,2024-01-10 06:00:00+00:00,6657,7277,25.5,-620,620,8.519994503229352,6
2024-01-09 04:30:00+00:00,2024-01-10 07:00:00+00:00,6460,6908,26.5,-448,448,6.485234510712218,7
2024-01-09 04:30:00+00:00,2024-01-10 08:00:00+00:00,6295,6625,27.5,-330,330,4.981132075471698,8
2024-01-09 04:30:00+00:00,2024-01-10 09:00:00+00:00,6191,6420,28.5,-229,229,3.5669781931464173,9
2024-01-09 04:30:00+00:00,2024-01-10 10:00:00+00:00,5761,6564,29.5,-803,803,12.233394271785498,10
2024-01-09 04:30:00+00:00,2024-01-10 11:00:00+00:00,5594,6752,30.5,-1158,1158,17.150473933649288,11
2024-01-09 04:30:00+00:00,2024-01-10 12:00:00+00:00,5504,6774,31.5,-1270,1270,18.748154709182167,12
2024-01-09 04:30:00+00:00,2024-01-10 13:00:00+00:00,5639,7172,32.5,-1533,1533,21.37479085331846,13
2024-01-09 04:30:00+00:00,2024-01-10 14:00:00+00:00,5751,7684,33.5,-1933,1933,25.156168662155125,14
2024-01-09 04:30:00+00:00,2024-01-10 15:00:00+00:00,5897,8027,34.5,-2130,2130,26.53544288027906,15
2024-01-09 04:30:00+00:00,2024-01-10 16:00:00+00:00,6019,6983,35.5,-964,964,13.804954890448231,16
2024-01-09 04:30:00+00:00,2024-01-10 17:00:00+00:00,6229,8970,36.5,-2741,2741,30.557413600891863,17
2024-01-09 04:30:00+00:00,2024-01-10 18:00:00+00:00,6446,8944,37.5,-2498,2498,27.929338103756706,18
2024-01-09 04:30:00+00:00,2024-01-10 19:00:00+00:00,6168,8831,38.5,-2663,2663,30.15513531876345,19
2024-01-09 04:30:00+00:00,2024-01-10 20:00:00+00:00,5885,8785,39.5,-2900,2900,33.01081388730791,20
2024-01-09 04:30:00+00:00,2024-01-10 21:00:00+00:00,5600,8234,40.5,-2634,2634,31.9893126062667,21
2024-01-09 04:30:00+00:00,2024-01-10 22:00:00+00:00,5338,6978,41.5,-1640,1640,23.5024362281456,22
2024-01-09 04:30:00+00:00,2024-01-10 23:00:00+00:00,5082,6690,42.5,-1608,1608,24.03587443946188,23
2024-01-09 04:30:00+00:00,2024-01-11 00:00:00+00:00,4832,6538,43.5,-1706,1706,26.09360660752524,0
2024-01-09 04:30:00+00:00,2024-01-11 01:00:00+00:00,4981,6143,44.5,-1162,1162,18.91583916653101,1
2024-01-09 04:30:00+00:00,2024-01-11 02:00:00+00:00,5153,5824,45.5,-671,671,11.521291208791208,2
2024-01-09 04:30:00+00:00,2024-01-11 03:00:00+00:00,5347,5469,46.5,-122,122,2.2307551654781497,3
2024-01-09 04:30:00+00:00,2024-01-11 04:00:00+00:00,5690,5671,47.5,19,19,0.33503791218479984,4
2024-01-09 02:30:00+00:00,2024-01-09 21:00:00+00:00,8638,11128,18.5,-2490,2490,22.375988497483824,21
2024-01-09 02:30:00+00:00,2024-01-09 22:00:00+00:00,8270,11005,19.5,-2735,2735,24.852339845524764,22
2024-01-09 02:30:00+00:00,2024-01-09 23:00:00+00:00,8004,10685,20.5,-2681,2681,25.09124941506785,23
2024-01-09 02:30:00+00:00,2024-01-10 00:00:00+00:00,7796,10003,21.5,-2207,2207,22.06338098570429,0
2024-01-09 02:30:00+00:00,2024-01-10 01:00:00+00:00,7538,9662,22.5,-2124,2124,21.983026288553095,1
2024-01-09 02:30:00+00:00,2024-01-10 02:00:00+00:00,7290,8765,23.5,-1475,1475,16.828294352538506,2
2024-01-09 02:30:00+00:00,2024-01-10 03:00:00+00:00,6942,7933,24.5,-991,991,12.492121517710828,3
2024-01-09 02:30:00+00:00,2024-01-10 04:00:00+00:00,6685,7728,25.5,-1043,1043,13.496376811594201,4
2024-01-09 02:30:00+00:00,2024-01-10 05:00:00+00:00,6662,7538,26.5,-876,876,11.62111966038737,5
2024-01-09 02:30:00+00:00,2024-01-10 06:00:00+00:00,6626,7277,27.5,-651,651,8.94599422839082,6
2024-01-09 02:30:00+00:00,2024-01-10 07:00:00+00:00,6462,6908,28.5,-446,446,6.456282570932252,7
2024-01-09 02:30:00+00:00,2024-01-10 08:00:00+00:00,6296,6625,29.5,-329,329,4.966037735849057,8
2024-01-09 02:30:00+00:00,2024-01-10 09:00:00+00:00,6158,6420,30.5,-262,262,4.080996884735202,9
2024-01-09 02:30:00+00:00,2024-01-10 10:00:00+00:00,5763,6564,31.5,-801,801,12.20292504570384,10
2024-01-09 02:30:00+00:00,2024-01-10 11:00:00+00:00,5596,6752,32.5,-1156,1156,17.120853080568722,11
2024-01-09 02:30:00+00:00,2024-01-10 12:00:00+00:00,5487,6774,33.5,-1287,1287,18.999114260407442,12
2024-01-09 02:30:00+00:00,2024-01-10 13:00:00+00:00,5640,7172,34.5,-1532,1532,21.36084774121584,13
2024-01-09 02:30:00+00:00,2024-01-10 14:00:00+00:00,5751,7684,35.5,-1933,1933,25.156168662155125,14
2024-01-09 02:30:00+00:00,2024-01-10 15:00:00+00:00,5876,8027,36.5,-2151,2151,26.797059922760685,15
2024-01-09 02:30:00+00:00,2024-01-10 16:00:00+00:00,6011,6983,37.5,-972,972,13.919518831447803,16
2024-01-09 02:30:00+00:00,2024-01-10 17:00:00+00:00,6232,8970,38.5,-2738,2738,30.523968784838353,17
2024-01-09 02:30:00+00:00,2024-01-10 18:00:00+00:00,6460,8944,39.5,-2484,2484,27.772808586762075,18
2024-01-09 02:30:00+00:00,2024-01-10 19:00:00+00:00,6185,8831,40.5,-2646,2646,29.962631638546032,19
2024-01-09 02:30:00+00:00,2024-01-10 20:00:00+00:00,5905,8785,41.5,-2880,2880,32.783153101878206,20
2024-01-09 02:30:00+00:00,2024-01-10 21:00:00+00:00,5623,8234,42.5,-2611,2611,31.70998299732815,21
2024-01-09 02:30:00+00:00,2024-01-10 22:00:00+00:00,5363,6978,43.5,-1615,1615,23.144167383204355,22
2024-01-09 02:30:00+00:00,2024-01-10 23:00:00+00:00,5109,6690,44.5,-1581,1581,23.632286995515695,23
2024-01-09 02:30:00+00:00,2024-01-11 00:00:00+00:00,4862,6538,45.5,-1676,1676,25.63475068828388,0
2024-01-09 02:30:00+00:00,2024-01-11 01:00:00+00:00,5010,6143,46.5,-1133,1133,18.443757121927398,1
2024-01-09 02:30:00+00:00,2024-01-11 02:00:00+00:00,5181,5824,47.5,-643,643,11.040521978021978,2
2024-01-08 22:30:00+00:00,2024-01-09 03:00:00+00:00,9084,11356,4.5,-2272,2272,20.00704473406129,3
2024-01-08 22:30:00+00:00,2024-01-09 04:00:00+00:00,8813,11574,5.5,-2761,2761,23.85519267323311,4
2024-01-08 22:30:00+00:00,2024-01-09 05:00:00+00:00,8865,11483,6.5,-2618,2618,22.79892014281982,5
2024-01-08 22:30:00+00:00,2024-01-09 06:00:00+00:00,9049,11659,7.5,-2610,2610,22.386139463075736,6
2024-01-08 22:30:00+00:00,2024-01-09 07:00:00+00:00,9181,12192,8.5,-3011,3011,24.696522309711284,7
2024-01-08 22:30:00+00:00,2024-01-09 08:00:00+00:00,9330,12298,9.5,-2968,2968,24.134005529354365,8
2024-01-08 22:30:00+00:00,2024-01-09 09:00:00+00:00,9425,12411,10.5,-2986,2986,24.059302231891063,9
2024-01-08 22:30:00+00:00,2024-01-09 10:00:00+00:00,9495,12481,11.5,-2986,2986,23.924365034852975,10
2024-01-08 22:30:00+00:00,2024-01-09 11:00:00+00:00,9371,12275,12.5,-2904,2904,23.65784114052953,11
2024-01-08 22:30:00+00:00,2024-01-09 12:00:00+00:00,9182,11866,13.5,-2684,2684,22.619248272374854,12
2024-01-08 22:30:00+00:00,2024-01-09 13:00:00+00:00,9130,11806,14.5,-2676,2676,22.666440792817212,13
2024-01-08 22:30:00+00:00,2024-01-09 14:00:00+00:00,9037,11493,15.5,-2456,2456,21.369529278691378,14
2024-01-08 22:30:00+00:00,2024-01-09 15:00:00+00:00,8963,10939,16.5,-1976,1976,18.063808391991955,15
2024-01-08 22:30:00+00:00,2024-01-09 16:00:00+00:00,9115,11052,17.5,-1937,1937,17.526239594643503,16
2024-01-08 22:30:00+00:00,2024-01-09 17:00:00+00:00,9363,11135,18.5,-1772,1772,15.913785361472835,17
2024-01-08 22:30:00+00:00,2024-01-09 18:00:00+00:00,9325,11240,19.5,-1915,1915,17.037366548042705,18
2024-01-08 22:30:00+00:00,2024-01-09 19:00:00+00:00,9033,11476,20.5,-2443,2443,21.287905193447195,19
2024-01-08 22:30:00+00:00,2024-01-09 20:00:00+00:00,8697,11428,21.5,-2731,2731,23.89744487224361,20
2024-01-08 22:30:00+00:00,2024-01-09 21:00:00+00:00,8470,11128,22.5,-2658,2658,23.88569374550683,21
2024-01-08 22:30:00+00:00,2024-01-09 22:00:00+00:00,8150,11005,23.5,-2855,2855,25.942753293957292,22
2024-01-08 22:30:00+00:00,2024-01-09 23:00:00+00:00,7894,10685,24.5,-2791,2791,26.12072999532054,23
2024-01-08 22:30:00+00:00,2024-01-10 00:00:00+00:00,7694,10003,25.5,-2309,2309,23.083075077476757,0
2024-01-08 22:30:00+00:00,2024-01-10 01:00:00+00:00,7416,9662,26.5,-2246,2246,23.24570482301801,1
2024-01-08 22:30:00+00:00,2024-01-10 02:00:00+00:00,7193,8765,27.5,-1572,1572,17.93496862521392,2
2024-01-08 22:30:00+00:00,2024-01-10 03:00:00+00:00,6960,7933,28.5,-973,973,12.26522122778268,3
2024-01-08 22:30:00+00:00,2024-01-10 04:00:00+00:00,6661,7728,29.5,-1067,1067,13.806935817805382,4
2024-01-08 22:30:00+00:00,2024-01-10 05:00:00+00:00,6597,7538,30.5,-941,941,12.48341735208278,5
2024-01-08 22:30:00+00:00,2024-01-10 06:00:00+00:00,6595,7277,31.5,-682,682,9.371993953552288,6
2024-01-08 22:30:00+00:00,2024-01-10 07:00:00+00:00,6365,6908,32.5,-543,543,7.8604516502605675,7
2024-01-08 22:30:00+00:00,2024-01-10 08:00:00+00:00,6235,6625,33.5,-390,390,5.886792452830188,8
2024-01-08 22:30:00+00:00,2024-01-10 09:00:00+00:00,6119,6420,34.5,-301,301,4.688473520249222,9
2024-01-08 22:30:00+00:00,2024-01-10 10:00:00+00:00,5450,6564,35.5,-1114,1114,16.971358927483244,10
2024-01-08 22:30:00+00:00,2024-01-10 11:00:00+00:00,5372,6752,36.5,-1380,1380,20.438388625592417,11
2024-01-08 22:30:00+00:00,2024-01-10 12:00:00+00:00,5290,6774,37.5,-1484,1484,21.907292589312075,12
2024-01-08 22:30:00+00:00,2024-01-10 13:00:00+00:00,5454,7172,38.5,-1718,1718,23.9542665923034,13
2024-01-08 22:30:00+00:00,2024-01-10 14:00:00+00:00,5626,7684,39.5,-2058,2058,26.78292555960437,14
2024-01-08 22:30:00+00:00,2024-01-10 15:00:00+00:00,5805,8027,40.5,-2222,2222,27.68157468543665,15
2024-01-08 22:30:00+00:00,2024-01-10 16:00:00+00:00,5974,6983,41.5,-1009,1009,14.449377058570814,16
2024-01-08 22:30:00+00:00,2024-01-10 17:00:00+00:00,6149,8970,42.5,-2821,2821,31.44927536231884,17
2024-01-08 22:30:00+00:00,2024-01-10 18:00:00+00:00,6332,8944,43.5,-2612,2612,29.203935599284435,18
2024-01-08 22:30:00+00:00,2024-01-10 19:00:00+00:00,6074,8831,44.5,-2757,2757,31.219567432906803,19
2024-01-08 22:30:00+00:00,2024-01-10 20:00:00+00:00,5811,8785,45.5,-2974,2974,33.85315879339784,20
2024-01-08 22:30:00+00:00,2024-01-10 21:00:00+00:00,5546,8234,46.5,-2688,2688,32.645129948991986,21
2024-01-08 18:30:00+00:00,2024-01-08 23:00:00+00:00,9941,11895,4.5,-1954,1954,16.427070197562003,23
2024-01-08 18:30:00+00:00,2024-01-09 00:00:00+00:00,9829,11819,5.5,-1990,1990,16.837295879516034,0
2024-01-08 18:30:00+00:00,2024-01-09 01:00:00+00:00,9604,11440,6.5,-1836,1836,16.04895104895105,1
2024-01-08 18:30:00+00:00,2024-01-09 02:00:00+00:00,9349,11298,7.5,-1949,1949,17.250840856788813,2
2024-01-08 18:30:00+00:00,2024-01-09 03:00:00+00:00,9077,11356,8.5,-2279,2279,20.06868615709757,3
2024-01-08 18:30:00+00:00,2024-01-09 04:00:00+00:00,8807,11574,9.5,-2767,2767,23.907033005011233,4
2024-01-08 18:30:00+00:00,2024-01-09 05:00:00+00:00,8859,11483,10.5,-2624,2624,22.85117129669947,5
2024-01-08 18:30:00+00:00,2024-01-09 06:00:00+00:00,9041,11659,11.5,-2618,2618,22.45475598250279,6
2024-01-08 18:30:00+00:00,2024-01-09 07:00:00+00:00,9177,12192,12.5,-3015,3015,24.72933070866142,7
2024-01-08 18:30:00+00:00,2024-01-09 08:00:00+00:00,9321,12298,13.5,-2977,2977,24.207188160676534,8
2024-01-08 18:30:00+00:00,2024-01-09 09:00:00+00:00,9415,12411,14.5,-2996,2996,24.139875916525664,9
2024-01-08 18:30:00+00:00,2024-01-09 10:00:00+00:00,9488,12481,15.5,-2993,2993,23.980450284432337,10
2024-01-08 18:30:00+00:00,2024-01-09 11:00:00+00:00,9370,12275,16.5,-2905,2905,23.665987780040734,11
2024-01-08 18:30:00+00:00,2024-01-09 12:00:00+00:00,9182,11866,17.5,-2684,2684,22.619248272374854,12
2024-01-08 18:30:00+00:00,2024-01-09 13:00:00+00:00,9130,11806,18.5,-2676,2676,22.666440792817212,13
2024-01-08 18:30:00+00:00,2024-01-09 14:00:00+00:00,9036,11493,19.5,-2457,2457,21.378230227094754,14
2024-01-08 18:30:00+00:00,2024-01-09 15:00:00+00:00,8963,10939,20.5,-1976,1976,18.063808391991955,15
2024-01-08 18:30:00+00:00,2024-01-09 16:00:00+00:00,9112,11052,21.5,-1940,1940,17.553384002895402,16
2024-01-08 18:30:00+00:00,2024-01-09 17:00:00+00:00,9360,11135,22.5,-1775,1775,15.940727436012573,17
2024-01-08 18:30:00+00:00,2024-01-09 18:00:00+00:00,9324,11240,23.5,-1916,1916,17.04626334519573,18
2024-01-08 18:30:00+00:00,2024-01-09 19:00:00+00:00,9026,11476,24.5,-2450,2450,21.34890205646567,19
2024-01-08 18:30:00+00:00,2024-01-09 20:00:00+00:00,8688,11428,25.5,-2740,2740,23.976198809940495,20
2024-01-08 18:30:00+00:00,2024-01-09 21:00:00+00:00,8462,11128,26.5,-2666,2666,23.957584471603163,21
2024-01-08 18:30:00+00:00,2024-01-09 22:00:00+00:00,8143,11005,27.5,-2862,2862,26.00636074511586,22
2024-01-08 18:30:00+00:00,2024-01-09 23:00:00+00:00,7890,10685,28.5,-2795,2795,26.158165652784277,23
2024-01-08 18:30:00+00:00,2024-01-10 00:00:00+00:00,7693,10003,29.5,-2310,2310,23.093072078376487,0
2024-01-08 18:30:00+00:00,2024-01-10 01:00:00+00:00,7413,9662,30.5,-2249,2249,23.276754295176982,1
2024-01-08 18:30:00+00:00,2024-01-10 02:00:00+00:00,7191,8765,31.5,-1574,1574,17.95778665145465,2
2024-01-08 18:30:00+00:00,2024-01-10 03:00:00+00:00,6959,7933,32.5,-974,974,12.277826799445354,3
2024-01-08 18:30:00+00:00,2024-01-10 04:00:00+00:00,6659,7728,33.5,-1069,1069,13.832815734989648,4
2024-01-08 18:30:00+00:00,2024-01-10 05:00:00+00:00,6594,7538,34.5,-944,944,12.523215707084107,5
2024-01-08 18:30:00+00:00,2024-01-10 06:00:00+00:00,6601,7277,35.5,-676,676,9.289542393843616,6
2024-01-08 18:30:00+00:00,2024-01-10 07:00:00+00:00,6363,6908,36.5,-545,545,7.889403590040532,7
2024-01-08 18:30:00+00:00,2024-01-10 08:00:00+00:00,6235,6625,37.5,-390,390,5.886792452830188,8
2024-01-08 18:30:00+00:00,2024-01-10 09:00:00+00:00,6129,6420,38.5,-291,291,4.532710280373832,9
2024-01-08 18:30:00+00:00,2024-01-10 10:00:00+00:00,5459,6564,39.5,-1105,1105,16.834247410115783,10
2024-01-08 18:30:00+00:00,2024-01-10 11:00:00+00:00,5382,6752,40.5,-1370,1370,20.290284360189574,11
2024-01-08 18:30:00+00:00,2024-01-10 12:00:00+00:00,5299,6774,41.5,-1475,1475,21.77443165042811,12
2024-01-08 18:30:00+00:00,2024-01-10 13:00:00+00:00,5465,7172,42.5,-1707,1707,23.80089235917457,13
2024-01-08 18:30:00+00:00,2024-01-10 14:00:00+00:00,5638,7684,43.5,-2046,2046,26.626756897449244,14
2024-01-08 18:30:00+00:00,2024-01-10 15:00:00+00:00,5819,8027,44.5,-2208,2208,27.507163323782237,15
2024-01-08 18:30:00+00:00,2024-01-10 16:00:00+00:00,5988,6983,45.5,-995,995,14.248890161821567,16
2024-01-08 18:30:00+00:00,2024-01-10 17:00:00+00:00,6163,8970,46.5,-2807,2807,31.29319955406912,17
2024-01-08 18:30:00+00:00,2024-01-10 18:00:00+00:00,6346,8944,47.5,-2598,2598,29.0474060822898,18
2024-01-08 15:30:00+00:00,2024-01-08 21:00:00+00:00,9821,11660,5.5,-1839,1839,15.771869639794167,21
2024-01-08 15:30:00+00:00,2024-01-08 22:00:00+00:00,9615,11616,6.5,-2001,2001,17.226239669421485,22
2024-01-08 15:30:00+00:00,2024-01-08 23:00:00+00:00,9353,11895,7.5,-2542,2542,21.370323665405632,23
2024-01-08 15:30:00+00:00,2024-01-09 00:00:00+00:00,9258,11819,8.5,-2561,2561,21.668499873085707,0
2024-01-08 15:30:00+00:00,2024-01-09 01:00:00+00:00,9062,11440,9.5,-2378,2378,20.786713286713287,1
2024-01-08 15:30:00+00:00,2024-01-09 02:00:00+00:00,8910,11298,10.5,-2388,2388,21.136484333510356,2
2024-01-08 15:30:00+00:00,2024-01-09 03:00:00+00:00,8654,11356,11.5,-2702,2702,23.793589292004228,3
2024-01-08 15:30:00+00:00,2024-01-09 04:00:00+00:00,8518,11574,12.5,-3056,3056,26.404008985657505,4
2024-01-08 15:30:00+00:00,2024-01-09 05:00:00+00:00,8598,11483,13.5,-2885,2885,25.124096490464165,5
2024-01-08 15:30:00+00:00,2024-01-09 06:00:00+00:00,8723,11659,14.5,-2936,2936,25.182262629728108,6
2024-01-08 15:30:00+00:00,2024-01-09 07:00:00+00:00,8930,12192,15.5,-3262,3262,26.75524934383202,7
2024-01-08 15:30:00+00:00,2024-01-09 08:00:00+00:00,9024,12298,16.5,-3274,3274,26.62221499430802,8
2024-01-08 15:30:00+00:00,2024-01-09 09:00:00+00:00,9097,12411,17.5,-3314,3314,26.70211908790589,9
2024-01-08 15:30:00+00:00,2024-01-09 10:00:00+00:00,9098,12481,18.5,-3383,3383,27.105199903853862,10
2024-01-08 15:30:00+00:00,2024-01-09 11:00:00+00:00,8974,12275,19.5,-3301,3301,26.89205702647658,11
2024-01-08 15:30:00+00:00,2024-01-09 12:00:00+00:00,8797,11866,20.5,-3069,3069,25.8638125737401,12
2024-01-08 15:30:00+00:00,2024-01-09 13:00:00+00:00,8785,11806,21.5,-3021,3021,25.588683720142303,13
2024-01-08 15:30:00+00:00,2024-01-09 14:00:00+00:00,8718,11493,22.5,-2775,2775,24.145131819368313,14
2024-01-08 15:30:00+00:00,2024-01-09 15:00:00+00:00,8770,10939,23.5,-2169,2169,19.828137855379836,15
2024-01-08 15:30:00+00:00,2024-01-09 16:00:00+00:00,8989,11052,24.5,-2063,2063,18.666304741223307,16
2024-01-08 15:30:00+00:00,2024-01-09 17:00:00+00:00,9259,11135,25.5,-1876,1876,16.84777727885047,17
2024-01-08 15:30:00+00:00,2024-01-09 18:00:00+00:00,9287,11240,26.5,-1953,1953,17.37544483985765,18
2024-01-08 15:30:00+00:00,2024-01-09 19:00:00+00:00,9072,11476,27.5,-2404,2404,20.948065528058557,19
2024-01-08 15:30:00+00:00,2024-01-09 20:00:00+00:00,8729,11428,28.5,-2699,2699,23.617430871543576,20
2024-01-08 15:30:00+00:00,2024-01-09 21:00:00+00:00,8565,11128,29.5,-2563,2563,23.031991373112866,21
2024-01-08 15:30:00+00:00,2024-01-09 22:00:00+00:00,8100,11005,30.5,-2905,2905,26.39709223080418,22
2024-01-08 15:30:00+00:00,2024-01-09 23:00:00+00:00,7870,10685,31.5,-2815,2815,26.34534394010295,23
2024-01-08 15:30:00+00:00,2024-01-10 00:00:00+00:00,7717,10003,32.5,-2286,2286,22.853144056782966,0
2024-01-08 15:30:00+00:00,2024-01-10 01:00:00+00:00,7335,9662,33.5,-2327,2327,24.08404057131029,1
2024-01-08 15:30:00+00:00,2024-01-10 02:00:00+00:00,7157,8765,34.5,-1608,1608,18.345693097547063,2
2024-01-08 15:30:00+00:00,2024-01-10 03:00:00+00:00,7040,7933,35.5,-893,893,11.256775494768688,3
2024-01-08 15:30:00+00:00,2024-01-10 04:00:00+00:00,6535,7728,36.5,-1193,1193,15.43737060041408,4
2024-01-08 15:30:00+00:00,2024-01-10 05:00:00+00:00,6550,7538,37.5,-988,988,13.106924913770232,5
2024-01-08 15:30:00+00:00,2024-01-10 06:00:00+00:00,6578,7277,38.5,-699,699,9.60560670606019,6
2024-01-08 15:30:00+00:00,2024-01-10 07:00:00+00:00,6404,6908,39.5,-504,504,7.295888824551245,7
2024-01-08 15:30:00+00:00,2024-01-10 08:00:00+00:00,6243,6625,40.5,-382,382,5.766037735849057,8
2024-01-08 15:30:00+00:00,2024-01-10 09:00:00+00:00,6094,6420,41.5,-326,326,5.077881619937695,9
2024-01-08 15:30:00+00:00,2024-01-10 10:00:00+00:00,5941,6564,42.5,-623,623,9.491163924436318,10
2024-01-08 15:30:00+00:00,2024-01-10 11:00:00+00:00,5793,6752,43.5,-959,959,14.203199052132701,11
2024-01-08 15:30:00+00:00,2024-01-10 12:00:00+00:00,5647,6774,44.5,-1127,1127,16.63714201358134,12
2024-01-08 15:30:00+00:00,2024-01-10 13:00:00+00:00,5845,7172,45.5,-1327,1327,18.50250976017847,13
2024-01-08 15:30:00+00:00,2024-01-10 14:00:00+00:00,6053,7684,46.5,-1631,1631,21.22592399791775,14
2024-01-08 15:30:00+00:00,2024-01-10 15:00:00+00:00,6272,8027,47.5,-1755,1755,21.863709978821475,15
2024-01-08 11:30:00+00:00,2024-01-08 21:00:00+00:00,9540,11660,9.5,-2120,2120,18.181818181818183,21
2024-01-08 11:30:00+00:00,2024-01-08 22:00:00+00:00,9357,11616,10.5,-2259,2259,19.44731404958678,22
2024-01-08 11:30:00+00:00,2024-01-08 23:00:00+00:00,9079,11895,11.5,-2816,2816,23.673812526271544,23
2024-01-08 11:30:00+00:00,2024-01-09 00:00:00+00:00,8971,11819,12.5,-2848,2848,24.09679329892546,0
2024-01-08 11:30:00+00:00,2024-01-09 01:00:00+00:00,8796,11440,13.5,-2644,2644,23.111888111888113,1
2024-01-08 11:30:00+00:00,2024-01-09 02:00:00+00:00,8707,11298,14.5,-2591,2591,22.93326252434059,2
2024-01-08 11:30:00+00:00,2024-01-09 03:00:00+00:00,8470,11356,15.5,-2886,2886,25.41387812610074,3
2024-01-08 11:30:00+00:00,2024-01-09 04:00:00+00:00,8401,11574,16.5,-3173,3173,27.414895455330914,4
2024-01-08 11:30:00+00:00,2024-01-09 05:00:00+00:00,8487,11483,17.5,-2996,2996,26.090742837237656,5
2024-01-08 11:30:00+00:00,2024-01-09 06:00:00+00:00,8619,11659,18.5,-3040,3040,26.07427738227978,6
2024-01-08 11:30:00+00:00,2024-01-09 07:00:00+00:00,8819,12192,19.5,-3373,3373,27.66568241469816,7
2024-01-08 11:30:00+00:00,2024-01-09 08:00:00+00:00,8845,12298,20.5,-3453,3453,28.0777362172711,8
2024-01-08 11:30:00+00:00,2024-01-09 09:00:00+00:00,8866,12411,21.5,-3545,3545,28.56337120296511,9
2024-01-08 11:30:00+00:00,2024-01-09 10:00:00+00:00,8893,12481,22.5,-3588,3588,28.74769649867799,10
2024-01-08 11:30:00+00:00,2024-01-09 11:00:00+00:00,8780,12275,23.5,-3495,3495,28.472505091649698,11
2024-01-08 11:30:00+00:00,2024-01-09 12:00:00+00:00,8614,11866,24.5,-3252,3252,27.406034046856565,12
2024-01-08 11:30:00+00:00,2024-01-09 13:00:00+00:00,8677,11806,25.5,-3129,3129,26.503472810435376,13
2024-01-08 11:30:00+00:00,2024-01-09 14:00:00+00:00,8649,11493,26.5,-2844,2844,24.74549725920125,14
2024-01-08 11:30:00+00:00,2024-01-09 15:00:00+00:00,8742,10939,27.5,-2197,2197,20.084102751622634,15
2024-01-08 11:30:00+00:00,2024-01-09 16:00:00+00:00,8986,11052,28.5,-2066,2066,18.693449149475207,16
2024-01-08 11:30:00+00:00,2024-01-09 17:00:00+00:00,9126,11135,29.5,-2009,2009,18.042209250112258,17
2024-01-08 11:30:00+00:00,2024-01-09 18:00:00+00:00,9176,11240,30.5,-2064,2064,18.36298932384342,18
2024-01-08 11:30:00+00:00,2024-01-09 19:00:00+00:00,9034,11476,31.5,-2442,2442,21.279191355873124,19
2024-01-08 11:30:00+00:00,2024-01-09 20:00:00+00:00,8756,11428,32.5,-2672,2672,23.381169058452922,20
2024-01-08 11:30:00+00:00,2024-01-09 21:00:00+00:00,8577,11128,33.5,-2551,2551,22.924155283968368,21
2024-01-08 11:30:00+00:00,2024-01-09 22:00:00+00:00,7924,11005,34.5,-3081,3081,27.996365288505228,22
2024-01-08 11:30:00+00:00,2024-01-09 23:00:00+00:00,7651,10685,35.5,-3034,3034,28.394946186242397,23
2024-01-08 11:30:00+00:00,2024-01-10 00:00:00+00:00,7501,10003,36.5,-2502,2502,25.01249625112466,0
2024-01-08 11:30:00+00:00,2024-01-10 01:00:00+00:00,7172,9662,37.5,-2490,2490,25.771061891947838,1
2024-01-08 11:30:00+00:00,2024-01-10 02:00:00+00:00,6960,8765,38.5,-1805,1805,20.593268682258984,2
2024-01-08 11:30:00+00:00,2024-01-10 03:00:00+00:00,6854,7933,39.5,-1079,1079,13.601411824026219,3
2024-01-08 11:30:00+00:00,2024-01-10 04:00:00+00:00,6854,7728,40.5,-874,874,11.30952380952381,4
2024-01-08 11:30:00+00:00,2024-01-10 05:00:00+00:00,6861,7538,41.5,-677,677,8.98116211196604,5
2024-01-08 11:30:00+00:00,2024-01-10 06:00:00+00:00,6880,7277,42.5,-397,397,5.455544867390408,6
2024-01-08 11:30:00+00:00,2024-01-10 07:00:00+00:00,6677,6908,43.5,-231,231,3.343949044585987,7
2024-01-08 11:30:00+00:00,2024-01-10 08:00:00+00:00,6487,6625,44.5,-138,138,2.0830188679245283,8
2024-01-08 11:30:00+00:00,2024-01-10 09:00:00+00:00,6310,6420,45.5,-110,110,1.7133956386292832,9
2024-01-08 11:30:00+00:00,2024-01-10 10:00:00+00:00,6163,6564,46.5,-401,401,6.109079829372334,10
2024-01-08 11:30:00+00:00,2024-01-10 11:00:00+00:00,6022,6752,47.5,-730,730,10.811611374407583,11
2024-01-08 09:30:00+00:00,2024-01-08 21:00:00+00:00,9527,11660,11.5,-2133,2133,18.293310463121784,21
2024-01-08 09:30:00+00:00,2024-01-08 22:00:00+00:00,9366,11616,12.5,-2250,2250,19.369834710743802,22
2024-01-08 09:30:00+00:00,2024-01-08 23:00:00+00:00,9120,11895,13.5,-2775,2775,23.329129886506937,23
2024-01-08 09:30:00+00:00,2024-01-09 00:00:00+00:00,9005,11819,14.5,-2814,2814,23.80912090701413,0
2024-01-08 09:30:00+00:00,2024-01-09 01:00:00+00:00,8830,11440,15.5,-2610,2610,22.814685314685317,1
2024-01-08 09:30:00+00:00,2024-01-09 02:00:00+00:00,8715,11298,16.5,-2583,2583,22.86245353159851,2
2024-01-08 09:30:00+00:00,2024-01-09 03:00:00+00:00,8465,11356,17.5,-2891,2891,25.457907713983797,3
2024-01-08 09:30:00+00:00,2024-01-09 04:00:00+00:00,8393,11574,18.5,-3181,3181,27.484015897701745,4
2024-01-08 09:30:00+00:00,2024-01-09 05:00:00+00:00,8485,11483,19.5,-2998,2998,26.108159888530874,5
2024-01-08 09:30:00+00:00,2024-01-09 06:00:00+00:00,8631,11659,20.5,-3028,3028,25.97135260313921,6
2024-01-08 09:30:00+00:00,2024-01-09 07:00:00+00:00,8807,12192,21.5,-3385,3385,27.764107611548557,7
2024-01-08 09:30:00+00:00,2024-01-09 08:00:00+00:00,8842,12298,22.5,-3456,3456,28.102130427711824,8
2024-01-08 09:30:00+00:00,2024-01-09 09:00:00+00:00,8891,12411,23.5,-3520,3520,28.361936991378617,9
2024-01-08 09:30:00+00:00,2024-01-09 10:00:00+00:00,8887,12481,24.5,-3594,3594,28.795769569746017,10
2024-01-08 09:30:00+00:00,2024-01-09 11:00:00+00:00,8772,12275,25.5,-3503,3503,28.537678207739308,11
2024-01-08 09:30:00+00:00,2024-01-09 12:00:00+00:00,8616,11866,26.5,-3250,3250,27.389179167368955,12
2024-01-08 09:30:00+00:00,2024-01-09 13:00:00+00:00,8677,11806,27.5,-3129,3129,26.503472810435376,13
2024-01-08 09:30:00+00:00,2024-01-09 14:00:00+00:00,8654,11493,28.5,-2839,2839,24.701992517184372,14
2024-01-08 09:30:00+00:00,2024-01-09 15:00:00+00:00,8761,10939,29.5,-2178,2178,19.91041228631502,15
2024-01-08 09:30:00+00:00,2024-01-09 16:00:00+00:00,8992,11052,30.5,-2060,2060,18.639160332971407,16
2024-01-08 09:30:00+00:00,2024-01-09 17:00:00+00:00,9143,11135,31.5,-1992,1992,17.889537494387067,17
2024-01-08 09:30:00+00:00,2024-01-09 18:00:00+00:00,9213,11240,32.5,-2027,2027,18.033807829181494,18
2024-01-08 09:30:00+00:00,2024-01-09 19:00:00+00:00,9049,11476,33.5,-2427,2427,21.148483792262113,19
2024-01-08 09:30:00+00:00,2024-01-09 20:00:00+00:00,8766,11428,34.5,-2662,2662,23.293664683234162,20
2024-01-08 09:30:00+00:00,2024-01-09 21:00:00+00:00,8622,11128,35.5,-2506,2506,22.51976994967649,21
2024-01-08 09:30:00+00:00,2024-01-09 22:00:00+00:00,8068,11005,36.5,-2937,2937,26.68786915038619,22
2024-01-08 09:30:00+00:00,2024-01-09 23:00:00+00:00,7878,10685,37.5,-2807,2807,26.27047262517548,23
2024-01-08 09:30:00+00:00,2024-01-10 00:00:00+00:00,7689,10003,38.5,-2314,2314,23.133060081975408,0
2024-01-08 09:30:00+00:00,2024-01-10 01:00:00+00:00,7458,9662,39.5,-2204,2204,22.811012212792384,1
2024-01-08 09:30:00+00:00,2024-01-10 02:00:00+00:00,7235,8765,40.5,-1530,1530,17.455790074158585,2
2024-01-08 09:30:00+00:00,2024-01-10 03:00:00+00:00,7023,7933,41.5,-910,910,11.47107021303416,3
2024-01-08 09:30:00+00:00,2024-01-10 04:00:00+00:00,6962,7728,42.5,-766,766,9.912008281573499,4
2024-01-08 09:30:00+00:00,2024-01-10 05:00:00+00:00,6918,7538,43.5,-620,620,8.224993366940833,5
2024-01-08 09:30:00+00:00,2024-01-10 06:00:00+00:00,6888,7277,44.5,-389,389,5.345609454445513,6
2024-01-08 09:30:00+00:00,2024-01-10 07:00:00+00:00,6686,6908,45.5,-222,222,3.213665315576143,7
2024-01-08 09:30:00+00:00,2024-01-10 08:00:00+00:00,6496,6625,46.5,-129,129,1.9471698113207547,8
2024-01-08 09:30:00+00:00,2024-01-10 09:00:00+00:00,6320,6420,47.5,-100,100,1.557632398753894,9
2024-01-08 07:30:00+00:00,2024-01-08 21:00:00+00:00,9528,11660,13.5,-2132,2132,18.284734133790735,21
2024-01-08 07:30:00+00:00,2024-01-08 22:00:00+00:00,9367,11616,14.5,-2249,2249,19.361225895316807,22
2024-01-08 07:30:00+00:00,2024-01-08 23:00:00+00:00,9118,11895,15.5,-2777,2777,23.345943673812528,23
2024-01-08 07:30:00+00:00,2024-01-09 00:00:00+00:00,9002,11819,16.5,-2817,2817,23.83450376512395,0
2024-01-08 07:30:00+00:00,2024-01-09 01:00:00+00:00,8826,11440,17.5,-2614,2614,22.84965034965035,1
2024-01-08 07:30:00+00:00,2024-01-09 02:00:00+00:00,8708,11298,18.5,-2590,2590,22.92441140024783,2
2024-01-08 07:30:00+00:00,2024-01-09 03:00:00+00:00,8457,11356,19.5,-2899,2899,25.52835505459669,3
2024-01-08 07:30:00+00:00,2024-01-09 04:00:00+00:00,8385,11574,20.5,-3189,3189,27.553136340072577,4
2024-01-08 07:30:00+00:00,2024-01-09 05:00:00+00:00,8476,11483,21.5,-3007,3007,26.186536619350342,5
2024-01-08 07:30:00+00:00,2024-01-09 06:00:00+00:00,8623,11659,22.5,-3036,3036,26.03996912256626,6
2024-01-08 07:30:00+00:00,2024-01-09 07:00:00+00:00,8797,12192,23.5,-3395,3395,27.846128608923888,7
2024-01-08 07:30:00+00:00,2024-01-09 08:00:00+00:00,8834,12298,24.5,-3464,3464,28.167181655553748,8
2024-01-08 07:30:00+00:00,2024-01-09 09:00:00+00:00,8889,12411,25.5,-3522,3522,28.378051728305536,9
2024-01-08 07:30:00+00:00,2024-01-09 10:00:00+00:00,8885,12481,26.5,-3596,3596,28.811793926768686,10
2024-01-08 07:30:00+00:00,2024-01-09 11:00:00+00:00,8772,12275,27.5,-3503,3503,28.537678207739308,11
2024-01-08 07:30:00+00:00,2024-01-09 12:00:00+00:00,8616,11866,28.5,-3250,3250,27.389179167368955,12
2024-01-08 07:30:00+00:00,2024-01-09 13:00:00+00:00,8677,11806,29.5,-3129,3129,26.503472810435376,13
2024-01-08 07:30:00+00:00,2024-01-09 14:00:00+00:00,8653,11493,30.5,-2840,2840,24.71069346558775,14
2024-01-08 07:30:00+00:00,2024-01-09 15:00:00+00:00,8760,10939,31.5,-2179,2179,19.91955388975226,15
2024-01-08 07:30:00+00:00,2024-01-09 16:00:00+00:00,8988,11052,32.5,-2064,2064,18.675352877307276,16
2024-01-08 07:30:00+00:00,2024-01-09 17:00:00+00:00,9138,11135,33.5,-1997,1997,17.934440951953302,17
2024-01-08 07:30:00+00:00,2024-01-09 18:00:00+00:00,9211,11240,34.5,-2029,2029,18.051601423487547,18
2024-01-08 07:30:00+00:00,2024-01-09 19:00:00+00:00,9044,11476,35.5,-2432,2432,21.192052980132452,19
2024-01-08 07:30:00+00:00,2024-01-09 20:00:00+00:00,8760,11428,36.5,-2668,2668,23.346167308365416,20
2024-01-08 07:30:00+00:00,2024-01-09 21:00:00+00:00,8622,11128,37.5,-2506,2506,22.51976994967649,21
2024-01-08 07:30:00+00:00,2024-01-09 22:00:00+00:00,8070,11005,38.5,-2935,2935,26.669695592912312,22
2024-01-08 07:30:00+00:00,2024-01-09 23:00:00+00:00,7883,10685,39.5,-2802,2802,26.22367805334581,23
2024-01-08 07:30:00+00:00,2024-01-10 00:00:00+00:00,7696,10003,40.5,-2307,2307,23.063081075677296,0
2024-01-08 07:30:00+00:00,2024-01-10 01:00:00+00:00,7465,9662,41.5,-2197,2197,22.738563444421445,1
2024-01-08 07:30:00+00:00,2024-01-10 02:00:00+00:00,7243,8765,42.5,-1522,1522,17.364517969195663,2
2024-01-08 07:30:00+00:00,2024-01-10 03:00:00+00:00,7032,7933,43.5,-901,901,11.357620068070087,3
2024-01-08 07:30:00+00:00,2024-01-10 04:00:00+00:00,6971,7728,44.5,-757,757,9.795548654244307,4
2024-01-08 07:30:00+00:00,2024-01-10 05:00:00+00:00,6926,7538,45.5,-612,612,8.11886442027063,5
2024-01-08 07:30:00+00:00,2024-01-10 06:00:00+00:00,6896,7277,46.5,-381,381,5.235674041500618,6
2024-01-08 07:30:00+00:00,2024-01-10 07:00:00+00:00,6694,6908,47.5,-214,214,3.0978575564562827,7
2024-01-08 04:30:00+00:00,2024-01-08 21:00:00+00:00,9401,11660,16.5,-2259,2259,19.37392795883362,21
2024-01-08 04:30:00+00:00,2024-01-08 22:00:00+00:00,9184,11616,17.5,-2432,2432,20.9366391184573,22
2024-01-08 04:30:00+00:00,2024-01-08 23:00:00+00:00,8943,11895,18.5,-2952,2952,24.817150063051702,23
2024-01-08 04:30:00+00:00,2024-01-09 00:00:00+00:00,8832,11819,19.5,-2987,2987,25.2728657246806,0
2024-01-08 04:30:00+00:00,2024-01-09 01:00:00+00:00,8607,11440,20.5,-2833,2833,24.763986013986013,1
2024-01-08 04:30:00+00:00,2024-01-09 02:00:00+00:00,8530,11298,21.5,-2768,2768,24.49991148875907,2
2024-01-08 04:30:00+00:00,2024-01-09 03:00:00+00:00,8351,11356,22.5,-3005,3005,26.461782317717507,3
2024-01-08 04:30:00+00:00,2024-01-09 04:00:00+00:00,8284,11574,23.5,-3290,3290,28.42578192500432,4
2024-01-08 04:30:00+00:00,2024-01-09 05:00:00+00:00,8375,11483,24.5,-3108,3108,27.066097709657754,5
2024-01-08 04:30:00+00:00,2024-01-09 06:00:00+00:00,8554,11659,25.5,-3105,3105,26.63178660262458,6
2024-01-08 04:30:00+00:00,2024-01-09 07:00:00+00:00,8654,12192,26.5,-3538,3538,29.01902887139108,7
2024-01-08 04:30:00+00:00,2024-01-09 08:00:00+00:00,8633,12298,27.5,-3665,3665,29.801593755082127,8
2024-01-08 04:30:00+00:00,2024-01-09 09:00:00+00:00,8602,12411,28.5,-3809,3809,30.690516477318507,9
2024-01-08 04:30:00+00:00,2024-01-09 10:00:00+00:00,8737,12481,29.5,-3744,3744,29.9975963464466,10
2024-01-08 04:30:00+00:00,2024-01-09 11:00:00+00:00,8660,12275,30.5,-3615,3615,29.45010183299389,11
2024-01-08 04:30:00+00:00,2024-01-09 12:00:00+00:00,8476,11866,31.5,-3390,3390,28.56902073150177,12
2024-01-08 04:30:00+00:00,2024-01-09 13:00:00+00:00,8525,11806,32.5,-3281,3281,27.790953752329322,13
2024-01-08 04:30:00+00:00,2024-01-09 14:00:00+00:00,8543,11493,33.5,-2950,2950,25.667797789959106,14
2024-01-08 04:30:00+00:00,2024-01-09 15:00:00+00:00,8632,10939,34.5,-2307,2307,21.08967912971935,15
2024-01-08 04:30:00+00:00,2024-01-09 16:00:00+00:00,8945,11052,35.5,-2107,2107,19.064422728917844,16
2024-01-08 04:30:00+00:00,2024-01-09 17:00:00+00:00,9023,11135,36.5,-2112,2112,18.96722047597665,17
2024-01-08 04:30:00+00:00,2024-01-09 18:00:00+00:00,9105,11240,37.5,-2135,2135,18.994661921708186,18
2024-01-08 04:30:00+00:00,2024-01-09 19:00:00+00:00,8942,11476,38.5,-2534,2534,22.080864412687347,19
2024-01-08 04:30:00+00:00,2024-01-09 20:00:00+00:00,8778,11428,39.5,-2650,2650,23.188659432971647,20
2024-01-08 04:30:00+00:00,2024-01-09 21:00:00+00:00,8615,11128,40.5,-2513,2513,22.582674335010783,21
2024-01-08 04:30:00+00:00,2024-01-09 22:00:00+00:00,8396,11005,41.5,-2609,2609,23.707405724670604,22
2024-01-08 04:30:00+00:00,2024-01-09 23:00:00+00:00,8171,10685,42.5,-2514,2514,23.52831071595695,23
2024-01-08 04:30:00+00:00,2024-01-10 00:00:00+00:00,7941,10003,43.5,-2062,2062,20.613815855243427,0
2024-01-08 04:30:00+00:00,2024-01-10 01:00:00+00:00,7694,9662,44.5,-1968,1968,20.368453736286483,1
2024-01-08 04:30:00+00:00,2024-01-10 02:00:00+00:00,7451,8765,45.5,-1314,1314,14.991443240159727,2
2024-01-08 04:30:00+00:00,2024-01-10 03:00:00+00:00,7212,7933,46.5,-721,721,9.088617168788604,3
2024-01-08 04:30:00+00:00,2024-01-10 04:00:00+00:00,7119,7728,47.5,-609,609,7.880434782608696,4
2024-01-08 02:30:00+00:00,2024-01-08 21:00:00+00:00,9393,11660,18.5,-2267,2267,19.442538593481988,21
2024-01-08 02:30:00+00:00,2024-01-08 22:00:00+00:00,9158,11616,19.5,-2458,2458,21.16046831955923,22
2024-01-08 02:30:00+00:00,2024-01-08 23:00:00+00:00,8936,11895,20.5,-2959,2959,24.87599831862127,23
2024-01-08 02:30:00+00:00,2024-01-09 00:00:00+00:00,8817,11819,21.5,-3002,3002,25.399780015229716,0
2024-01-08 02:30:00+00:00,2024-01-09 01:00:00+00:00,8603,11440,22.5,-2837,2837,24.79895104895105,1
2024-01-08 02:30:00+00:00,2024-01-09 02:00:00+00:00,8525,11298,23.5,-2773,2773,24.544167109222872,2
2024-01-08 02:30:00+00:00,2024-01-09 03:00:00+00:00,8335,11356,24.5,-3021,3021,26.60267699894329,3
2024-01-08 02:30:00+00:00,2024-01-09 04:00:00+00:00,8278,11574,25.5,-3296,3296,28.477622256782443,4
2024-01-08 02:30:00+00:00,2024-01-09 05:00:00+00:00,8368,11483,26.5,-3115,3115,27.12705738918401,5
2024-01-08 02:30:00+00:00,2024-01-09 06:00:00+00:00,8535,11659,27.5,-3124,3124,26.79475083626383,6
2024-01-08 02:30:00+00:00,2024-01-09 07:00:00+00:00,8652,12192,28.5,-3540,3540,29.03543307086614,7
2024-01-08 02:30:00+00:00,2024-01-09 08:00:00+00:00,8631,12298,29.5,-3667,3667,29.81785656204261,8
2024-01-08 02:30:00+00:00,2024-01-09 09:00:00+00:00,8583,12411,30.5,-3828,3828,30.843606478124247,9
2024-01-08 02:30:00+00:00,2024-01-09 10:00:00+00:00,8735,12481,31.5,-3746,3746,30.013620703469275,10
2024-01-08 02:30:00+00:00,2024-01-09 11:00:00+00:00,8659,12275,32.5,-3616,3616,29.458248472505094,11
2024-01-08 02:30:00+00:00,2024-01-09 12:00:00+00:00,8475,11866,33.5,-3391,3391,28.577448171245575,12
2024-01-08 02:30:00+00:00,2024-01-09 13:00:00+00:00,8526,11806,34.5,-3280,3280,27.782483482974758,13
2024-01-08 02:30:00+00:00,2024-01-09 14:00:00+00:00,8546,11493,35.5,-2947,2947,25.641694944748977,14
2024-01-08 02:30:00+00:00,2024-01-09 15:00:00+00:00,8632,10939,36.5,-2307,2307,21.08967912971935,15
2024-01-08 02:30:00+00:00,2024-01-09 16:00:00+00:00,8947,11052,37.5,-2105,2105,19.04632645674991,16
2024-01-08 02:30:00+00:00,2024-01-09 17:00:00+00:00,9026,11135,38.5,-2109,2109,18.94027840143691,17
2024-01-08 02:30:00+00:00,2024-01-09 18:00:00+00:00,9109,11240,39.5,-2131,2131,18.959074733096084,18
2024-01-08 02:30:00+00:00,2024-01-09 19:00:00+00:00,8946,11476,40.5,-2530,2530,22.04600906239108,19
2024-01-08 02:30:00+00:00,2024-01-09 20:00:00+00:00,8783,11428,41.5,-2645,2645,23.14490724536227,20
2024-01-08 02:30:00+00:00,2024-01-09 21:00:00+00:00,8620,11128,42.5,-2508,2508,22.537742631200576,21
2024-01-08 02:30:00+00:00,2024-01-09 22:00:00+00:00,8402,11005,43.5,-2603,2603,23.65288505224898,22
2024-01-08 02:30:00+00:00,2024-01-09 23:00:00+00:00,8179,10685,44.5,-2506,2506,23.45343940102948,23
2024-01-08 02:30:00+00:00,2024-01-10 00:00:00+00:00,7950,10003,45.5,-2053,2053,20.523842847145858,0
2024-01-08 02:30:00+00:00,2024-01-10 01:00:00+00:00,7705,9662,46.5,-1957,1957,20.254605671703583,1
2024-01-08 02:30:00+00:00,2024-01-10 02:00:00+00:00,7463,8765,47.5,-1302,1302,14.854535082715344,2
2024-01-07 22:30:00+00:00,2024-01-08 03:00:00+00:00,5479,6274,4.5,-795,795,12.671342046541282,3
2024-01-07 22:30:00+00:00,2024-01-08 04:00:00+00:00,5772,6980,5.5,-1208,1208,17.306590257879655,4
2024-01-07 22:30:00+00:00,2024-01-08 05:00:00+00:00,6485,7381,6.5,-896,896,12.13927652079664,5
2024-01-07 22:30:00+00:00,2024-01-08 06:00:00+00:00,6950,7472,7.5,-522,522,6.9860813704496785,6
2024-01-07 22:30:00+00:00,2024-01-08 07:00:00+00:00,7285,7640,8.5,-355,355,4.646596858638744,7
2024-01-07 22:30:00+00:00,2024-01-08 08:00:00+00:00,7963,8230,9.5,-267,267,3.2442284325637907,8
2024-01-07 22:30:00+00:00,2024-01-08 09:00:00+00:00,8404,8833,10.5,-429,429,4.85678704856787,9
2024-01-07 22:30:00+00:00,2024-01-08 10:00:00+00:00,8785,9334,11.5,-549,549,5.881722734090422,10
2024-01-07 22:30:00+00:00,2024-01-08 11:00:00+00:00,8648,9777,12.5,-1129,1129,11.54750946097985,11
2024-01-07 22:30:00+00:00,2024-01-08 12:00:00+00:00,8523,10111,13.5,-1588,1588,15.705667095242806,12
2024-01-07 22:30:00+00:00,2024-01-08 13:00:00+00:00,8343,10469,14.5,-2126,2126,20.307574744483713,13
2024-01-07 22:30:00+00:00,2024-01-08 14:00:00+00:00,8453,10377,15.5,-1924,1924,18.541004143779514,14
2024-01-07 22:30:00+00:00,2024-01-08 15:00:00+00:00,8635,10317,16.5,-1682,1682,16.30318891150528,15
2024-01-07 22:30:00+00:00,2024-01-08 16:00:00+00:00,8913,10769,17.5,-1856,1856,17.234655028322035,16
2024-01-07 22:30:00+00:00,2024-01-08 17:00:00+00:00,9307,10919,18.5,-1612,1612,14.763256708489788,17
2024-01-07 22:30:00+00:00,2024-01-08 18:00:00+00:00,9573,11362,19.5,-1789,1789,15.745467347298012,18
2024-01-07 22:30:00+00:00,2024-01-08 19:00:00+00:00,9627,11412,20.5,-1785,1785,15.64143007360673,19
2024-01-07 22:30:00+00:00,2024-01-08 20:00:00+00:00,9492,11536,21.5,-2044,2044,17.718446601941746,20
2024-01-07 22:30:00+00:00,2024-01-08 21:00:00+00:00,9324,11660,22.5,-2336,2336,20.034305317324186,21
2024-01-07 22:30:00+00:00,2024-01-08 22:00:00+00:00,9090,11616,23.5,-2526,2526,21.745867768595044,22
2024-01-07 22:30:00+00:00,2024-01-08 23:00:00+00:00,8875,11895,24.5,-3020,3020,25.388818831441785,23
2024-01-07 22:30:00+00:00,2024-01-09 00:00:00+00:00,8761,11819,25.5,-3058,3058,25.87359336661308,0
2024-01-07 22:30:00+00:00,2024-01-09 01:00:00+00:00,8516,11440,26.5,-2924,2924,25.55944055944056,1
2024-01-07 22:30:00+00:00,2024-01-09 02:00:00+00:00,8413,11298,27.5,-2885,2885,25.535493007611965,2
2024-01-07 22:30:00+00:00,2024-01-09 03:00:00+00:00,8309,11356,28.5,-3047,3047,26.83163085593519,3
2024-01-07 22:30:00+00:00,2024-01-09 04:00:00+00:00,8317,11574,29.5,-3257,3257,28.14066010022464,4
2024-01-07 22:30:00+00:00,2024-01-09 05:00:00+00:00,8344,11483,30.5,-3139,3139,27.336062004702605,5
2024-01-07 22:30:00+00:00,2024-01-09 06:00:00+00:00,8482,11659,31.5,-3177,3177,27.249335277468052,6
2024-01-07 22:30:00+00:00,2024-01-09 07:00:00+00:00,8503,12192,32.5,-3689,3689,30.25754593175853,7
2024-01-07 22:30:00+00:00,2024-01-09 08:00:00+00:00,8453,12298,33.5,-3845,3845,31.26524638152545,8
2024-01-07 22:30:00+00:00,2024-01-09 09:00:00+00:00,8440,12411,34.5,-3971,3971,31.995810168399004,9
2024-01-07 22:30:00+00:00,2024-01-09 10:00:00+00:00,8672,12481,35.5,-3809,3809,30.518387949683518,10
2024-01-07 22:30:00+00:00,2024-01-09 11:00:00+00:00,8535,12275,36.5,-3740,3740,30.468431771894096,11
2024-01-07 22:30:00+00:00,2024-01-09 12:00:00+00:00,8366,11866,37.5,-3500,3500,29.49603910332041,12
2024-01-07 22:30:00+00:00,2024-01-09 13:00:00+00:00,8338,11806,38.5,-3468,3468,29.374894121633066,13
2024-01-07 22:30:00+00:00,2024-01-09 14:00:00+00:00,8310,11493,39.5,-3183,3183,27.695118767945704,14
2024-01-07 22:30:00+00:00,2024-01-09 15:00:00+00:00,8285,10939,40.5,-2654,2654,24.261815522442635,15
2024-01-07 22:30:00+00:00,2024-01-09 16:00:00+00:00,8370,11052,41.5,-2682,2682,24.267100977198698,16
2024-01-07 22:30:00+00:00,2024-01-09 17:00:00+00:00,8460,11135,42.5,-2675,2675,24.02334979793444,17
2024-01-07 22:30:00+00:00,2024-01-09 18:00:00+00:00,8554,11240,43.5,-2686,2686,23.896797153024913,18
2024-01-07 22:30:00+00:00,2024-01-09 19:00:00+00:00,8437,11476,44.5,-3039,3039,26.481352387591496,19
2024-01-07 22:30:00+00:00,2024-01-09 20:00:00+00:00,8322,11428,45.5,-3106,3106,27.178858942947148,20
2024-01-07 22:30:00+00:00,2024-01-09 21:00:00+00:00,8209,11128,46.5,-2919,2919,26.231128684399714,21
2024-01-07 18:30:00+00:00,2024-01-07 23:00:00+00:00,4252,4242,4.5,10,10,0.23573785950023576,23
2024-01-07 18:30:00+00:00,2024-01-08 00:00:00+00:00,4593,4629,5.5,-36,36,0.7777057679844459,0
2024-01-07 18:30:00+00:00,2024-01-08 01:00:00+00:00,4819,5033,6.5,-214,214,4.251937214385058,1
2024-01-07 18:30:00+00:00,2024-01-08 02:00:00+00:00,5105,5342,7.5,-237,237,4.436540621490079,2
2024-01-07 18:30:00+00:00,2024-01-08 03:00:00+00:00,5482,6274,8.5,-792,792,12.623525661459995,3
2024-01-07 18:30:00+00:00,2024-01-08 04:00:00+00:00,5780,6980,9.5,-1200,1200,17.191977077363894,4
2024-01-07 18:30:00+00:00,2024-01-08 05:00:00+00:00,6483,7381,10.5,-898,898,12.166373120173418,5
2024-01-07 18:30:00+00:00,2024-01-08 06:00:00+00:00,6951,7472,11.5,-521,521,6.972698072805139,6
2024-01-07 18:30:00+00:00,2024-01-08 07:00:00+00:00,7283,7640,12.5,-357,357,4.672774869109948,7
2024-01-07 18:30:00+00:00,2024-01-08 08:00:00+00:00,7960,8230,13.5,-270,270,3.2806804374240586,8
2024-01-07 18:30:00+00:00,2024-01-08 09:00:00+00:00,8403,8833,14.5,-430,430,4.868108230499264,9
2024-01-07 18:30:00+00:00,2024-01-08 10:00:00+00:00,8783,9334,15.5,-551,551,5.90314977501607,10
2024-01-07 18:30:00+00:00,2024-01-08 11:00:00+00:00,8646,9777,16.5,-1131,1131,11.567965633629948,11
2024-01-07 18:30:00+00:00,2024-01-08 12:00:00+00:00,8526,10111,17.5,-1585,1585,15.675996439521315,12
2024-01-07 18:30:00+00:00,2024-01-08 13:00:00+00:00,8353,10469,18.5,-2116,2116,20.212054637501193,13
2024-01-07 18:30:00+00:00,2024-01-08 14:00:00+00:00,8459,10377,19.5,-1918,1918,18.483183964536956,14
2024-01-07 18:30:00+00:00,2024-01-08 15:00:00+00:00,8628,10317,20.5,-1689,1689,16.37103809246874,15
2024-01-07 18:30:00+00:00,2024-01-08 16:00:00+00:00,8900,10769,21.5,-1869,1869,17.355371900826448,16
2024-01-07 18:30:00+00:00,2024-01-08 17:00:00+00:00,9302,10919,22.5,-1617,1617,14.809048447660041,17
2024-01-07 18:30:00+00:00,2024-01-08 18:00:00+00:00,9568,11362,23.5,-1794,1794,15.789473684210526,18
2024-01-07 18:30:00+00:00,2024-01-08 19:00:00+00:00,9618,11412,24.5,-1794,1794,15.720294426919033,19
2024-01-07 18:30:00+00:00,2024-01-08 20:00:00+00:00,9482,11536,25.5,-2054,2054,17.805131761442443,20
2024-01-07 18:30:00+00:00,2024-01-08 21:00:00+00:00,9327,11660,26.5,-2333,2333,20.008576329331046,21
2024-01-07 18:30:00+00:00,2024-01-08 22:00:00+00:00,9088,11616,27.5,-2528,2528,21.763085399449036,22
2024-01-07 18:30:00+00:00,2024-01-08 23:00:00+00:00,8870,11895,28.5,-3025,3025,25.43085329970576,23
2024-01-07 18:30:00+00:00,2024-01-09 00:00:00+00:00,8756,11819,29.5,-3063,3063,25.91589813012945,0
2024-01-07 18:30:00+00:00,2024-01-09 01:00:00+00:00,8507,11440,30.5,-2933,2933,25.638111888111887,1
2024-01-07 18:30:00+00:00,2024-01-09 02:00:00+00:00,8403,11298,31.5,-2895,2895,25.624004248539567,2
2024-01-07 18:30:00+00:00,2024-01-09 03:00:00+00:00,8302,11356,32.5,-3054,3054,26.89327227897147,3
2024-01-07 18:30:00+00:00,2024-01-09 04:00:00+00:00,8303,11574,33.5,-3271,3271,28.261620874373595,4
2024-01-07 18:30:00+00:00,2024-01-09 05:00:00+00:00,8325,11483,34.5,-3158,3158,27.501523991988158,5
2024-01-07 18:30:00+00:00,2024-01-09 06:00:00+00:00,8475,11659,35.5,-3184,3184,27.309374731966724,6
2024-01-07 18:30:00+00:00,2024-01-09 07:00:00+00:00,8485,12192,36.5,-3707,3707,30.405183727034117,7
2024-01-07 18:30:00+00:00,2024-01-09 08:00:00+00:00,8440,12298,37.5,-3858,3858,31.370954626768583,8
2024-01-07 18:30:00+00:00,2024-01-09 09:00:00+00:00,8439,12411,38.5,-3972,3972,32.003867536862465,9
2024-01-07 18:30:00+00:00,2024-01-09 10:00:00+00:00,8674,12481,39.5,-3807,3807,30.502363592660846,10
2024-01-07 18:30:00+00:00,2024-01-09 11:00:00+00:00,8536,12275,40.5,-3739,3739,30.460285132382893,11
2024-01-07 18:30:00+00:00,2024-01-09 12:00:00+00:00,8367,11866,41.5,-3499,3499,29.487611663576608,12
2024-01-07 18:30:00+00:00,2024-01-09 13:00:00+00:00,8338,11806,42.5,-3468,3468,29.374894121633066,13
2024-01-07 18:30:00+00:00,2024-01-09 14:00:00+00:00,8311,11493,43.5,-3182,3182,27.68641781954233,14
2024-01-07 18:30:00+00:00,2024-01-09 15:00:00+00:00,8286,10939,44.5,-2653,2653,24.252673919005392,15
2024-01-07 18:30:00+00:00,2024-01-09 16:00:00+00:00,8371,11052,45.5,-2681,2681,24.25805284111473,16
2024-01-07 18:30:00+00:00,2024-01-09 17:00:00+00:00,8461,11135,46.5,-2674,2674,24.014369106421192,17
2024-01-07 18:30:00+00:00,2024-01-09 18:00:00+00:00,8556,11240,47.5,-2684,2684,23.87900355871886,18
2024-01-07 15:30:00+00:00,2024-01-07 21:00:00+00:00,4467,3992,5.5,475,475,11.89879759519038,21
2024-01-07 15:30:00+00:00,2024-01-07 22:00:00+00:00,4342,3994,6.5,348,348,8.713069604406611,22
2024-01-07 15:30:00+00:00,2024-01-07 23:00:00+00:00,4566,4242,7.5,324,324,7.637906647807638,23
2024-01-07 15:30:00+00:00,2024-01-08 00:00:00+00:00,4943,4629,8.5,314,314,6.783322531864333,0
2024-01-07 15:30:00+00:00,2024-01-08 01:00:00+00:00,5280,5033,9.5,247,247,4.90760977548182,1
2024-01-07 15:30:00+00:00,2024-01-08 02:00:00+00:00,5573,5342,10.5,231,231,4.324223137401722,2
2024-01-07 15:30:00+00:00,2024-01-08 03:00:00+00:00,5802,6274,11.5,-472,472,7.523111252789288,3
2024-01-07 15:30:00+00:00,2024-01-08 04:00:00+00:00,6258,6980,12.5,-722,722,10.343839541547279,4
2024-01-07 15:30:00+00:00,2024-01-08 05:00:00+00:00,6762,7381,13.5,-619,619,8.386397507112857,5
2024-01-07 15:30:00+00:00,2024-01-08 06:00:00+00:00,7104,7472,14.5,-368,368,4.925053533190578,6
2024-01-07 15:30:00+00:00,2024-01-08 07:00:00+00:00,7334,7640,15.5,-306,306,4.005235602094241,7
2024-01-07 15:30:00+00:00,2024-01-08 08:00:00+00:00,7810,8230,16.5,-420,420,5.103280680437424,8
2024-01-07 15:30:00+00:00,2024-01-08 09:00:00+00:00,8079,8833,17.5,-754,754,8.536171176270804,9
2024-01-07 15:30:00+00:00,2024-01-08 10:00:00+00:00,8401,9334,18.5,-933,933,9.99571459181487,10
2024-01-07 15:30:00+00:00,2024-01-08 11:00:00+00:00,8371,9777,19.5,-1406,1406,14.380689373018306,11
2024-01-07 15:30:00+00:00,2024-01-08 12:00:00+00:00,8302,10111,20.5,-1809,1809,17.89140540005934,12
2024-01-07 15:30:00+00:00,2024-01-08 13:00:00+00:00,8123,10469,21.5,-2346,2346,22.40901709809915,13
2024-01-07 15:30:00+00:00,2024-01-08 14:00:00+00:00,8295,10377,22.5,-2082,2082,20.063602197166812,14
2024-01-07 15:30:00+00:00,2024-01-08 15:00:00+00:00,8524,10317,23.5,-1793,1793,17.37908306678298,15
2024-01-07 15:30:00+00:00,2024-01-08 16:00:00+00:00,8754,10769,24.5,-2015,2015,18.711115238183677,16
2024-01-07 15:30:00+00:00,2024-01-08 17:00:00+00:00,9135,10919,25.5,-1784,1784,16.338492535946518,17
2024-01-07 15:30:00+00:00,2024-01-08 18:00:00+00:00,9441,11362,26.5,-1921,1921,16.907234641788417,18
2024-01-07 15:30:00+00:00,2024-01-08 19:00:00+00:00,9505,11412,27.5,-1907,1907,16.710480196284614,19
2024-01-07 15:30:00+00:00,2024-01-08 20:00:00+00:00,9381,11536,28.5,-2155,2155,18.680651872399444,20
2024-01-07 15:30:00+00:00,2024-01-08 21:00:00+00:00,9338,11660,29.5,-2322,2322,19.914236706689536,21
2024-01-07 15:30:00+00:00,2024-01-08 22:00:00+00:00,9200,11616,30.5,-2416,2416,20.798898071625345,22
2024-01-07 15:30:00+00:00,2024-01-08 23:00:00+00:00,8969,11895,31.5,-2926,2926,24.598570828079026,23
2024-01-07 15:30:00+00:00,2024-01-09 00:00:00+00:00,8833,11819,32.5,-2986,2986,25.264404771977322,0
2024-01-07 15:30:00+00:00,2024-01-09 01:00:00+00:00,8567,11440,33.5,-2873,2873,25.113636363636367,1
2024-01-07 15:30:00+00:00,2024-01-09 02:00:00+00:00,8401,11298,34.5,-2897,2897,25.641706496725085,2
2024-01-07 15:30:00+00:00,2024-01-09 03:00:00+00:00,8387,11356,35.5,-2969,2969,26.14476928495949,3
2024-01-07 15:30:00+00:00,2024-01-09 04:00:00+00:00,8530,11574,36.5,-3044,3044,26.30032832210126,4
2024-01-07 15:30:00+00:00,2024-01-09 05:00:00+00:00,8580,11483,37.5,-2903,2903,25.280849952103107,5
2024-01-07 15:30:00+00:00,2024-01-09 06:00:00+00:00,8621,11659,38.5,-3038,3038,26.05712325242302,6
2024-01-07 15:30:00+00:00,2024-01-09 07:00:00+00:00,8610,12192,39.5,-3582,3582,29.37992125984252,7
2024-01-07 15:30:00+00:00,2024-01-09 08:00:00+00:00,8597,12298,40.5,-3701,3701,30.09432428037079,8
2024-01-07 15:30:00+00:00,2024-01-09 09:00:00+00:00,8583,12411,41.5,-3828,3828,30.843606478124247,9
2024-01-07 15:30:00+00:00,2024-01-09 10:00:00+00:00,8434,12481,42.5,-4047,4047,32.42528643538178,10
2024-01-07 15:30:00+00:00,2024-01-09 11:00:00+00:00,8277,12275,43.5,-3998,3998,32.57026476578411,11
2024-01-07 15:30:00+00:00,2024-01-09 12:00:00+00:00,8114,11866,44.5,-3752,3752,31.61975391875948,12
2024-01-07 15:30:00+00:00,2024-01-09 13:00:00+00:00,8121,11806,45.5,-3685,3685,31.212942571573777,13
2024-01-07 15:30:00+00:00,2024-01-09 14:00:00+00:00,8129,11493,46.5,-3364,3364,29.269990428956756,14
2024-01-07 15:30:00+00:00,2024-01-09 15:00:00+00:00,8140,10939,47.5,-2799,2799,25.587348020842853,15
2024-01-07 11:30:00+00:00,2024-01-07 21:00:00+00:00,4612,3992,9.5,620,620,15.531062124248496,21
2024-01-07 11:30:00+00:00,2024-01-07 22:00:00+00:00,4586,3994,10.5,592,592,14.822233350025037,22
2024-01-07 11:30:00+00:00,2024-01-07 23:00:00+00:00,4778,4242,11.5,536,536,12.635549269212634,23
2024-01-07 11:30:00+00:00,2024-01-08 00:00:00+00:00,4999,4629,12.5,370,370,7.993087059840138,0
2024-01-07 11:30:00+00:00,2024-01-08 01:00:00+00:00,5304,5033,13.5,271,271,5.384462547188556,1
2024-01-07 11:30:00+00:00,2024-01-08 02:00:00+00:00,5653,5342,14.5,311,311,5.821789591913141,2
2024-01-07 11:30:00+00:00,2024-01-08 03:00:00+00:00,5841,6274,15.5,-433,433,6.901498246732547,3
2024-01-07 11:30:00+00:00,2024-01-08 04:00:00+00:00,6242,6980,16.5,-738,738,10.573065902578795,4
2024-01-07 11:30:00+00:00,2024-01-08 05:00:00+00:00,6651,7381,17.5,-730,730,9.890258772524048,5
2024-01-07 11:30:00+00:00,2024-01-08 06:00:00+00:00,6901,7472,18.5,-571,571,7.641862955032119,6
2024-01-07 11:30:00+00:00,2024-01-08 07:00:00+00:00,7096,7640,19.5,-544,544,7.12041884816754,7
2024-01-07 11:30:00+00:00,2024-01-08 08:00:00+00:00,7415,8230,20.5,-815,815,9.902794653705953,8
2024-01-07 11:30:00+00:00,2024-01-08 09:00:00+00:00,7573,8833,21.5,-1260,1260,14.264689233555982,9
2024-01-07 11:30:00+00:00,2024-01-08 10:00:00+00:00,7819,9334,22.5,-1515,1515,16.230983501178486,10
2024-01-07 11:30:00+00:00,2024-01-08 11:00:00+00:00,7890,9777,23.5,-1887,1887,19.300398895366676,11
2024-01-07 11:30:00+00:00,2024-01-08 12:00:00+00:00,7935,10111,24.5,-2176,2176,21.52111561665513,12
2024-01-07 11:30:00+00:00,2024-01-08 13:00:00+00:00,7888,10469,25.5,-2581,2581,24.653739612188367,13
2024-01-07 11:30:00+00:00,2024-01-08 14:00:00+00:00,8112,10377,26.5,-2265,2265,21.827117664064758,14
2024-01-07 11:30:00+00:00,2024-01-08 15:00:00+00:00,8350,10317,27.5,-1967,1967,19.065619850731803,15
2024-01-07 11:30:00+00:00,2024-01-08 16:00:00+00:00,8625,10769,28.5,-2144,2144,19.908998049958214,16
2024-01-07 11:30:00+00:00,2024-01-08 17:00:00+00:00,8962,10919,29.5,-1957,1957,17.922886711237293,17
2024-01-07 11:30:00+00:00,2024-01-08 18:00:00+00:00,9260,11362,30.5,-2102,2102,18.500264038021474,18
2024-01-07 11:30:00+00:00,2024-01-08 19:00:00+00:00,9283,11412,31.5,-2129,2129,18.655800911321414,19
2024-01-07 11:30:00+00:00,2024-01-08 20:00:00+00:00,9189,11536,32.5,-2347,2347,20.34500693481276,20
2024-01-07 11:30:00+00:00,2024-01-08 21:00:00+00:00,9188,11660,33.5,-2472,2472,21.200686106346485,21
2024-01-07 11:30:00+00:00,2024-01-08 22:00:00+00:00,9162,11616,34.5,-2454,2454,21.12603305785124,22
2024-01-07 11:30:00+00:00,2024-01-08 23:00:00+00:00,8970,11895,35.5,-2925,2925,24.59016393442623,23
2024-01-07 11:30:00+00:00,2024-01-09 00:00:00+00:00,8856,11819,36.5,-2963,2963,25.069802859802014,0
2024-01-07 11:30:00+00:00,2024-01-09 01:00:00+00:00,8597,11440,37.5,-2843,2843,24.851398601398603,1
2024-01-07 11:30:00+00:00,2024-01-09 02:00:00+00:00,8438,11298,38.5,-2860,2860,25.31421490529297,2
2024-01-07 11:30:00+00:00,2024-01-09 03:00:00+00:00,8377,11356,39.5,-2979,2979,26.23282846072561,3
2024-01-07 11:30:00+00:00,2024-01-09 04:00:00+00:00,8442,11574,40.5,-3132,3132,27.060653188180407,4
2024-01-07 11:30:00+00:00,2024-01-09 05:00:00+00:00,8493,11483,41.5,-2990,2990,26.038491683358007,5
2024-01-07 11:30:00+00:00,2024-01-09 06:00:00+00:00,8538,11659,42.5,-3121,3121,26.769019641478685,6
2024-01-07 11:30:00+00:00,2024-01-09 07:00:00+00:00,8527,12192,43.5,-3665,3665,30.06069553805774,7
2024-01-07 11:30:00+00:00,2024-01-09 08:00:00+00:00,8516,12298,44.5,-3782,3782,30.75296796227029,8
2024-01-07 11:30:00+00:00,2024-01-09 09:00:00+00:00,8505,12411,45.5,-3906,3906,31.472081218274113,9
2024-01-07 11:30:00+00:00,2024-01-09 10:00:00+00:00,8420,12481,46.5,-4061,4061,32.5374569345405,10
2024-01-07 11:30:00+00:00,2024-01-09 11:00:00+00:00,8331,12275,47.5,-3944,3944,32.13034623217922,11
2024-01-07 09:30:00+00:00,2024-01-07 21:00:00+00:00,4611,3992,11.5,619,619,15.506012024048097,21
2024-01-07 09:30:00+00:00,2024-01-07 22:00:00+00:00,4588,3994,12.5,594,594,14.872308462694042,22
2024-01-07 09:30:00+00:00,2024-01-07 23:00:00+00:00,4791,4242,13.5,549,549,12.942008486562942,23
2024-01-07 09:30:00+00:00,2024-01-08 00:00:00+00:00,5023,4629,14.5,394,394,8.51155757182977,0
2024-01-07 09:30:00+00:00,2024-01-08 01:00:00+00:00,5339,5033,15.5,306,306,6.0798728392608785,1
2024-01-07 09:30:00+00:00,2024-01-08 02:00:00+00:00,5670,5342,16.5,328,328,6.140022463496818,2
2024-01-07 09:30:00+00:00,2024-01-08 03:00:00+00:00,5865,6274,17.5,-409,409,6.518967166082244,3
2024-01-07 09:30:00+00:00,2024-01-08 04:00:00+00:00,6272,6980,18.5,-708,708,10.1432664756447,4
2024-01-07 09:30:00+00:00,2024-01-08 05:00:00+00:00,6653,7381,19.5,-728,728,9.86316217314727,5
2024-01-07 09:30:00+00:00,2024-01-08 06:00:00+00:00,6887,7472,20.5,-585,585,7.829229122055674,6
2024-01-07 09:30:00+00:00,2024-01-08 07:00:00+00:00,7088,7640,21.5,-552,552,7.225130890052355,7
2024-01-07 09:30:00+00:00,2024-01-08 08:00:00+00:00,7398,8230,22.5,-832,832,10.109356014580802,8
2024-01-07 09:30:00+00:00,2024-01-08 09:00:00+00:00,7590,8833,23.5,-1243,1243,14.072229140722293,9
2024-01-07 09:30:00+00:00,2024-01-08 10:00:00+00:00,7822,9334,24.5,-1512,1512,16.198842939790016,10
2024-01-07 09:30:00+00:00,2024-01-08 11:00:00+00:00,7875,9777,25.5,-1902,1902,19.453820190242403,11
2024-01-07 09:30:00+00:00,2024-01-08 12:00:00+00:00,7931,10111,26.5,-2180,2180,21.56067649095045,12
2024-01-07 09:30:00+00:00,2024-01-08 13:00:00+00:00,7895,10469,27.5,-2574,2574,24.5868755373006,13
2024-01-07 09:30:00+00:00,2024-01-08 14:00:00+00:00,8107,10377,28.5,-2270,2270,21.875301146766887,14
2024-01-07 09:30:00+00:00,2024-01-08 15:00:00+00:00,8359,10317,29.5,-1958,1958,18.978385189493068,15
2024-01-07 09:30:00+00:00,2024-01-08 16:00:00+00:00,8630,10769,30.5,-2139,2139,19.862568483610364,16
2024-01-07 09:30:00+00:00,2024-01-08 17:00:00+00:00,8962,10919,31.5,-1957,1957,17.922886711237293,17
2024-01-07 09:30:00+00:00,2024-01-08 18:00:00+00:00,9268,11362,32.5,-2094,2094,18.42985389896145,18
2024-01-07 09:30:00+00:00,2024-01-08 19:00:00+00:00,9293,11412,33.5,-2119,2119,18.568173852085522,19
2024-01-07 09:30:00+00:00,2024-01-08 20:00:00+00:00,9211,11536,34.5,-2325,2325,20.154299583911232,20
2024-01-07 09:30:00+00:00,2024-01-08 21:00:00+00:00,9218,11660,35.5,-2442,2442,20.943396226415096,21
2024-01-07 09:30:00+00:00,2024-01-08 22:00:00+00:00,9274,11616,36.5,-2342,2342,20.161845730027547,22
2024-01-07 09:30:00+00:00,2024-01-08 23:00:00+00:00,9122,11895,37.5,-2773,2773,23.312316099201343,23
2024-01-07 09:30:00+00:00,2024-01-09 00:00:00+00:00,8953,11819,38.5,-2866,2866,24.249090447584397,0
2024-01-07 09:30:00+00:00,2024-01-09 01:00:00+00:00,8796,11440,39.5,-2644,2644,23.111888111888113,1
2024-01-07 09:30:00+00:00,2024-01-09 02:00:00+00:00,8631,11298,40.5,-2667,2667,23.605947955390334,2
2024-01-07 09:30:00+00:00,2024-01-09 03:00:00+00:00,8457,11356,41.5,-2899,2899,25.52835505459669,3
2024-01-07 09:30:00+00:00,2024-01-09 04:00:00+00:00,8483,11574,42.5,-3091,3091,26.706410921029892,4
2024-01-07 09:30:00+00:00,2024-01-09 05:00:00+00:00,8510,11483,43.5,-2973,2973,25.89044674736567,5
2024-01-07 09:30:00+00:00,2024-01-09 06:00:00+00:00,8539,11659,44.5,-3120,3120,26.760442576550304,6
2024-01-07 09:30:00+00:00,2024-01-09 07:00:00+00:00,8527,12192,45.5,-3665,3665,30.06069553805774,7
2024-01-07 09:30:00+00:00,2024-01-09 08:00:00+00:00,8516,12298,46.5,-3782,3782,30.75296796227029,8
2024-01-07 09:30:00+00:00,2024-01-09 09:00:00+00:00,8505,12411,47.5,-3906,3906,31.472081218274113,9
2024-01-07 07:30:00+00:00,2024-01-07 21:00:00+00:00,4611,3992,13.5,619,619,15.506012024048097,21
2024-01-07 07:30:00+00:00,2024-01-07 22:00:00+00:00,4586,3994,14.5,592,592,14.822233350025037,22
2024-01-07 07:30:00+00:00,2024-01-07 23:00:00+00:00,4789,4242,15.5,547,547,12.894860914662894,23
2024-01-07 07:30:00+00:00,2024-01-08 00:00:00+00:00,5023,4629,16.5,394,394,8.51155757182977,0
2024-01-07 07:30:00+00:00,2024-01-08 01:00:00+00:00,5340,5033,17.5,307,307,6.099741704748659,1
2024-01-07 07:30:00+00:00,2024-01-08 02:00:00+00:00,5670,5342,18.5,328,328,6.140022463496818,2
2024-01-07 07:30:00+00:00,2024-01-08 03:00:00+00:00,5865,6274,19.5,-409,409,6.518967166082244,3
2024-01-07 07:30:00+00:00,2024-01-08 04:00:00+00:00,6272,6980,20.5,-708,708,10.1432664756447,4
2024-01-07 07:30:00+00:00,2024-01-08 05:00:00+00:00,6650,7381,21.5,-731,731,9.903807072212437,5
2024-01-07 07:30:00+00:00,2024-01-08 06:00:00+00:00,6884,7472,22.5,-588,588,7.869379014989293,6
2024-01-07 07:30:00+00:00,2024-01-08 07:00:00+00:00,7080,7640,23.5,-560,560,7.329842931937172,7
2024-01-07 07:30:00+00:00,2024-01-08 08:00:00+00:00,7388,8230,24.5,-842,842,10.230862697448359,8
2024-01-07 07:30:00+00:00,2024-01-08 09:00:00+00:00,7584,8833,25.5,-1249,1249,14.140156232310652,9
2024-01-07 07:30:00+00:00,2024-01-08 10:00:00+00:00,7819,9334,26.5,-1515,1515,16.230983501178486,10
2024-01-07 07:30:00+00:00,2024-01-08 11:00:00+00:00,7873,9777,27.5,-1904,1904,19.474276362892503,11
2024-01-07 07:30:00+00:00,2024-01-08 12:00:00+00:00,7930,10111,28.5,-2181,2181,21.57056670952428,12
2024-01-07 07:30:00+00:00,2024-01-08 13:00:00+00:00,7895,10469,29.5,-2574,2574,24.5868755373006,13
2024-01-07 07:30:00+00:00,2024-01-08 14:00:00+00:00,8106,10377,30.5,-2271,2271,21.884937843307313,14
2024-01-07 07:30:00+00:00,2024-01-08 15:00:00+00:00,8358,10317,31.5,-1959,1959,18.988077929630705,15
2024-01-07 07:30:00+00:00,2024-01-08 16:00:00+00:00,8627,10769,32.5,-2142,2142,19.890426223419073,16
2024-01-07 07:30:00+00:00,2024-01-08 17:00:00+00:00,8959,10919,33.5,-1960,1960,17.950361754739443,17
2024-01-07 07:30:00+00:00,2024-01-08 18:00:00+00:00,9268,11362,34.5,-2094,2094,18.42985389896145,18
2024-01-07 07:30:00+00:00,2024-01-08 19:00:00+00:00,9288,11412,35.5,-2124,2124,18.61198738170347,19
2024-01-07 07:30:00+00:00,2024-01-08 20:00:00+00:00,9202,11536,36.5,-2334,2334,20.232316227461858,20
2024-01-07 07:30:00+00:00,2024-01-08 21:00:00+00:00,9215,11660,37.5,-2445,2445,20.969125214408233,21
2024-01-07 07:30:00+00:00,2024-01-08 22:00:00+00:00,9273,11616,38.5,-2343,2343,20.170454545454543,22
2024-01-07 07:30:00+00:00,2024-01-08 23:00:00+00:00,9122,11895,39.5,-2773,2773,23.312316099201343,23
2024-01-07 07:30:00+00:00,2024-01-09 00:00:00+00:00,8954,11819,40.5,-2865,2865,24.240629494881123,0
2024-01-07 07:30:00+00:00,2024-01-09 01:00:00+00:00,8797,11440,41.5,-2643,2643,23.103146853146853,1
2024-01-07 07:30:00+00:00,2024-01-09 02:00:00+00:00,8632,11298,42.5,-2666,2666,23.597096831297577,2
2024-01-07 07:30:00+00:00,2024-01-09 03:00:00+00:00,8459,11356,43.5,-2897,2897,25.510743219443466,3
2024-01-07 07:30:00+00:00,2024-01-09 04:00:00+00:00,8484,11574,44.5,-3090,3090,26.69777086573354,4
2024-01-07 07:30:00+00:00,2024-01-09 05:00:00+00:00,8511,11483,45.5,-2972,2972,25.881738221719065,5
2024-01-07 07:30:00+00:00,2024-01-09 06:00:00+00:00,8540,11659,46.5,-3119,3119,26.751865511621926,6
2024-01-07 07:30:00+00:00,2024-01-09 07:00:00+00:00,8528,12192,47.5,-3664,3664,30.05249343832021,7
2024-01-07 04:30:00+00:00,2024-01-07 21:00:00+00:00,4685,3992,16.5,693,693,17.359719438877754,21
2024-01-07 04:30:00+00:00,2024-01-07 22:00:00+00:00,4808,3994,17.5,814,814,20.38057085628443,22
2024-01-07 04:30:00+00:00,2024-01-07 23:00:00+00:00,4981,4242,18.5,739,739,17.421027817067422,23
2024-01-07 04:30:00+00:00,2024-01-08 00:00:00+00:00,5338,4629,19.5,709,709,15.31648304169367,0
2024-01-07 04:30:00+00:00,2024-01-08 01:00:00+00:00,5551,5033,20.5,518,518,10.292072322670375,1
2024-01-07 04:30:00+00:00,2024-01-08 02:00:00+00:00,5899,5342,21.5,557,557,10.426806439535754,2
2024-01-07 04:30:00+00:00,2024-01-08 03:00:00+00:00,6042,6274,22.5,-232,232,3.6978004462862604,3
2024-01-07 04:30:00+00:00,2024-01-08 04:00:00+00:00,6449,6980,23.5,-531,531,7.607449856733524,4
2024-01-07 04:30:00+00:00,2024-01-08 05:00:00+00:00,6824,7381,24.5,-557,557,7.546402926432733,5
2024-01-07 04:30:00+00:00,2024-01-08 06:00:00+00:00,6991,7472,25.5,-481,481,6.437366167023555,6
2024-01-07 04:30:00+00:00,2024-01-08 07:00:00+00:00,7095,7640,26.5,-545,545,7.133507853403141,7
2024-01-07 04:30:00+00:00,2024-01-08 08:00:00+00:00,7341,8230,27.5,-889,889,10.801944106925882,8
2024-01-07 04:30:00+00:00,2024-01-08 09:00:00+00:00,7546,8833,28.5,-1287,1287,14.570361145703611,9
2024-01-07 04:30:00+00:00,2024-01-08 10:00:00+00:00,7728,9334,29.5,-1606,1606,17.20591386329548,10
2024-01-07 04:30:00+00:00,2024-01-08 11:00:00+00:00,7814,9777,30.5,-1963,1963,20.07773345607037,11
2024-01-07 04:30:00+00:00,2024-01-08 12:00:00+00:00,7900,10111,31.5,-2211,2211,21.867273266739197,12
2024-01-07 04:30:00+00:00,2024-01-08 13:00:00+00:00,7932,10469,32.5,-2537,2537,24.233451141465277,13
2024-01-07 04:30:00+00:00,2024-01-08 14:00:00+00:00,8090,10377,33.5,-2287,2287,22.03912498795413,14
2024-01-07 04:30:00+00:00,2024-01-08 15:00:00+00:00,8295,10317,34.5,-2022,2022,19.59872055830183,15
2024-01-07 04:30:00+00:00,2024-01-08 16:00:00+00:00,8635,10769,35.5,-2134,2134,19.816138917262514,16
2024-01-07 04:30:00+00:00,2024-01-08 17:00:00+00:00,8900,10919,36.5,-2019,2019,18.49070427694844,17
2024-01-07 04:30:00+00:00,2024-01-08 18:00:00+00:00,9168,11362,37.5,-2194,2194,19.30998063721176,18
2024-01-07 04:30:00+00:00,2024-01-08 19:00:00+00:00,9191,11412,38.5,-2221,2221,19.46196985629162,19
2024-01-07 04:30:00+00:00,2024-01-08 20:00:00+00:00,9214,11536,39.5,-2322,2322,20.128294036061025,20
2024-01-07 04:30:00+00:00,2024-01-08 21:00:00+00:00,9238,11660,40.5,-2422,2422,20.77186963979417,21
2024-01-07 04:30:00+00:00,2024-01-08 22:00:00+00:00,9083,11616,41.5,-2533,2533,21.806129476584022,22
2024-01-07 04:30:00+00:00,2024-01-08 23:00:00+00:00,8914,11895,42.5,-2981,2981,25.060949978982766,23
2024-01-07 04:30:00+00:00,2024-01-09 00:00:00+00:00,8732,11819,43.5,-3087,3087,26.118960995008038,0
2024-01-07 04:30:00+00:00,2024-01-09 01:00:00+00:00,8588,11440,44.5,-2852,2852,24.93006993006993,1
2024-01-07 04:30:00+00:00,2024-01-09 02:00:00+00:00,8437,11298,45.5,-2861,2861,25.323066029385732,2
2024-01-07 04:30:00+00:00,2024-01-09 03:00:00+00:00,8278,11356,46.5,-3078,3078,27.10461430081014,3
2024-01-07 04:30:00+00:00,2024-01-09 04:00:00+00:00,8278,11574,47.5,-3296,3296,28.477622256782443,4
2024-01-07 02:30:00+00:00,2024-01-07 21:00:00+00:00,4664,3992,18.5,672,672,16.83366733466934,21
2024-01-07 02:30:00+00:00,2024-01-07 22:00:00+00:00,4787,3994,19.5,793,793,19.854782173259892,22
2024-01-07 02:30:00+00:00,2024-01-07 23:00:00+00:00,4959,4242,20.5,717,717,16.902404526166904,23
2024-01-07 02:30:00+00:00,2024-01-08 00:00:00+00:00,5323,4629,21.5,694,694,14.99243897170015,0
2024-01-07 02:30:00+00:00,2024-01-08 01:00:00+00:00,5548,5033,22.5,515,515,10.232465726207034,1
2024-01-07 02:30:00+00:00,2024-01-08 02:00:00+00:00,5891,5342,23.5,549,549,10.277049794084613,2
2024-01-07 02:30:00+00:00,2024-01-08 03:00:00+00:00,6036,6274,24.5,-238,238,3.793433216448836,3
2024-01-07 02:30:00+00:00,2024-01-08 04:00:00+00:00,6442,6980,25.5,-538,538,7.707736389684813,4
2024-01-07 02:30:00+00:00,2024-01-08 05:00:00+00:00,6822,7381,26.5,-559,559,7.5734995258095115,5
2024-01-07 02:30:00+00:00,2024-01-08 06:00:00+00:00,6979,7472,27.5,-493,493,6.59796573875803,6
2024-01-07 02:30:00+00:00,2024-01-08 07:00:00+00:00,7092,7640,28.5,-548,548,7.172774869109948,7
2024-01-07 02:30:00+00:00,2024-01-08 08:00:00+00:00,7339,8230,29.5,-891,891,10.826245443499392,8
2024-01-07 02:30:00+00:00,2024-01-08 09:00:00+00:00,7518,8833,30.5,-1315,1315,14.887354239782633,9
2024-01-07 02:30:00+00:00,2024-01-08 10:00:00+00:00,7727,9334,31.5,-1607,1607,17.216627383758304,10
2024-01-07 02:30:00+00:00,2024-01-08 11:00:00+00:00,7815,9777,32.5,-1962,1962,20.06750536974532,11
2024-01-07 02:30:00+00:00,2024-01-08 12:00:00+00:00,7894,10111,33.5,-2217,2217,21.92661457818218,12
2024-01-07 02:30:00+00:00,2024-01-08 13:00:00+00:00,7931,10469,34.5,-2538,2538,24.24300315216353,13
2024-01-07 02:30:00+00:00,2024-01-08 14:00:00+00:00,8086,10377,35.5,-2291,2291,22.077671774115835,14
2024-01-07 02:30:00+00:00,2024-01-08 15:00:00+00:00,8292,10317,36.5,-2025,2025,19.62779877871474,15
2024-01-07 02:30:00+00:00,2024-01-08 16:00:00+00:00,8637,10769,37.5,-2132,2132,19.797567090723373,16
2024-01-07 02:30:00+00:00,2024-01-08 17:00:00+00:00,8907,10919,38.5,-2012,2012,18.426595842110082,17
2024-01-07 02:30:00+00:00,2024-01-08 18:00:00+00:00,9178,11362,39.5,-2184,2184,19.221967963386728,18
2024-01-07 02:30:00+00:00,2024-01-08 19:00:00+00:00,9201,11412,40.5,-2211,2211,19.37434279705573,19
2024-01-07 02:30:00+00:00,2024-01-08 20:00:00+00:00,9225,11536,41.5,-2311,2311,20.03294036061026,20
2024-01-07 02:30:00+00:00,2024-01-08 21:00:00+00:00,9249,11660,42.5,-2411,2411,20.67753001715266,21
2024-01-07 02:30:00+00:00,2024-01-08 22:00:00+00:00,9094,11616,43.5,-2522,2522,21.71143250688705,22
2024-01-07 02:30:00+00:00,2024-01-08 23:00:00+00:00,8925,11895,44.5,-2970,2970,24.968474148802017,23
2024-01-07 02:30:00+00:00,2024-01-09 00:00:00+00:00,8742,11819,45.5,-3077,3077,26.03435146797529,0
2024-01-07 02:30:00+00:00,2024-01-09 01:00:00+00:00,8598,11440,46.5,-2842,2842,24.842657342657343,1
2024-01-07 02:30:00+00:00,2024-01-09 02:00:00+00:00,8447,11298,47.5,-2851,2851,25.234554788458137,2
2024-01-06 22:30:00+00:00,2024-01-07 03:00:00+00:00,6274,5881,4.5,393,393,6.682536983506207,3
2024-01-06 22:30:00+00:00,2024-01-07 04:00:00+00:00,6360,6342,5.5,18,18,0.28382213812677387,4
2024-01-06 22:30:00+00:00,2024-01-07 05:00:00+00:00,6321,6290,6.5,31,31,0.492845786963434,5
2024-01-06 22:30:00+00:00,2024-01-07 06:00:00+00:00,6166,6402,7.5,-236,236,3.6863480162449234,6
2024-01-06 22:30:00+00:00,2024-01-07 07:00:00+00:00,6022,6138,8.5,-116,116,1.8898664059954384,7
2024-01-06 22:30:00+00:00,2024-01-07 08:00:00+00:00,5766,6044,9.5,-278,278,4.599602911978822,8
2024-01-06 22:30:00+00:00,2024-01-07 09:00:00+00:00,5570,5549,10.5,21,21,0.3784465669489998,9
2024-01-06 22:30:00+00:00,2024-01-07 10:00:00+00:00,5275,5311,11.5,-36,36,0.6778384485031067,10
2024-01-06 22:30:00+00:00,2024-01-07 11:00:00+00:00,4899,4848,12.5,51,51,1.051980198019802,11
2024-01-06 22:30:00+00:00,2024-01-07 12:00:00+00:00,4657,4435,13.5,222,222,5.005636978579481,12
2024-01-06 22:30:00+00:00,2024-01-07 13:00:00+00:00,4556,4437,14.5,119,119,2.681992337164751,13
2024-01-06 22:30:00+00:00,2024-01-07 14:00:00+00:00,4474,4332,15.5,142,142,3.2779316712834716,14
2024-01-06 22:30:00+00:00,2024-01-07 15:00:00+00:00,4459,4325,16.5,134,134,3.098265895953757,15
2024-01-06 22:30:00+00:00,2024-01-07 16:00:00+00:00,4471,4299,17.5,172,172,4.000930448941614,16
2024-01-06 22:30:00+00:00,2024-01-07 17:00:00+00:00,4456,4316,18.5,140,140,3.243744207599629,17
2024-01-06 22:30:00+00:00,2024-01-07 18:00:00+00:00,4535,4324,19.5,211,211,4.879740980573543,18
2024-01-06 22:30:00+00:00,2024-01-07 19:00:00+00:00,4545,4202,20.5,343,343,8.162779628748215,19
2024-01-06 22:30:00+00:00,2024-01-07 20:00:00+00:00,4591,4032,21.5,559,559,13.864087301587302,20
2024-01-06 22:30:00+00:00,2024-01-07 21:00:00+00:00,4682,3992,22.5,690,690,17.284569138276552,21
2024-01-06 22:30:00+00:00,2024-01-07 22:00:00+00:00,4673,3994,23.5,679,679,17.00050075112669,22
2024-01-06 22:30:00+00:00,2024-01-07 23:00:00+00:00,4791,4242,24.5,549,549,12.942008486562942,23
2024-01-06 22:30:00+00:00,2024-01-08 00:00:00+00:00,5176,4629,25.5,547,547,11.816807085763664,0
2024-01-06 22:30:00+00:00,2024-01-08 01:00:00+00:00,5376,5033,26.5,343,343,6.815020862308763,1
2024-01-06 22:30:00+00:00,2024-01-08 02:00:00+00:00,5739,5342,27.5,397,397,7.431673530512917,2
2024-01-06 22:30:00+00:00,2024-01-08 03:00:00+00:00,5904,6274,28.5,-370,370,5.897354160025502,3
2024-01-06 22:30:00+00:00,2024-01-08 04:00:00+00:00,6389,6980,29.5,-591,591,8.46704871060172,4
2024-01-06 22:30:00+00:00,2024-01-08 05:00:00+00:00,6775,7381,30.5,-606,606,8.210269611163799,5
2024-01-06 22:30:00+00:00,2024-01-08 06:00:00+00:00,6989,7472,31.5,-483,483,6.464132762312634,6
2024-01-06 22:30:00+00:00,2024-01-08 07:00:00+00:00,7059,7640,32.5,-581,581,7.6047120418848175,7
2024-01-06 22:30:00+00:00,2024-01-08 08:00:00+00:00,7207,8230,33.5,-1023,1023,12.430133657351154,8
2024-01-06 22:30:00+00:00,2024-01-08 09:00:00+00:00,7361,8833,34.5,-1472,1472,16.664779803011434,9
2024-01-06 22:30:00+00:00,2024-01-08 10:00:00+00:00,7722,9334,35.5,-1612,1612,17.270194986072422,10
2024-01-06 22:30:00+00:00,2024-01-08 11:00:00+00:00,7772,9777,36.5,-2005,2005,20.50731308172241,11
2024-01-06 22:30:00+00:00,2024-01-08 12:00:00+00:00,7819,10111,37.5,-2292,2292,22.668380971219467,12
2024-01-06 22:30:00+00:00,2024-01-08 13:00:00+00:00,7966,10469,38.5,-2503,2503,23.90868277772471,13
2024-01-06 22:30:00+00:00,2024-01-08 14:00:00+00:00,8113,10377,39.5,-2264,2264,21.817480967524332,14
2024-01-06 22:30:00+00:00,2024-01-08 15:00:00+00:00,8263,10317,40.5,-2054,2054,19.90888824270621,15
2024-01-06 22:30:00+00:00,2024-01-08 16:00:00+00:00,8511,10769,41.5,-2258,2258,20.9675921626892,16
2024-01-06 22:30:00+00:00,2024-01-08 17:00:00+00:00,8761,10919,42.5,-2158,2158,19.76371462588149,17
2024-01-06 22:30:00+00:00,2024-01-08 18:00:00+00:00,9011,11362,43.5,-2351,2351,20.691779616264743,18
2024-01-06 22:30:00+00:00,2024-01-08 19:00:00+00:00,9009,11412,44.5,-2403,2403,21.056782334384856,19
2024-01-06 22:30:00+00:00,2024-01-08 20:00:00+00:00,9007,11536,45.5,-2529,2529,21.922676837725383,20
2024-01-06 22:30:00+00:00,2024-01-08 21:00:00+00:00,9004,11660,46.5,-2656,2656,22.778730703259008,21
2024-01-06 18:30:00+00:00,2024-01-06 23:00:00+00:00,6163,5175,4.5,988,988,19.091787439613526,23
2024-01-06 18:30:00+00:00,2024-01-07 00:00:00+00:00,6228,5708,5.5,520,520,9.110021023125437,0
2024-01-06 18:30:00+00:00,2024-01-07 01:00:00+00:00,6278,5803,6.5,475,475,8.185421333792865,1
2024-01-06 18:30:00+00:00,2024-01-07 02:00:00+00:00,6301,5904,7.5,397,397,6.7242547425474255,2
2024-01-06 18:30:00+00:00,2024-01-07 03:00:00+00:00,6271,5881,8.5,390,390,6.6315252508076865,3
2024-01-06 18:30:00+00:00,2024-01-07 04:00:00+00:00,6361,6342,9.5,19,19,0.29959003468937245,4
2024-01-06 18:30:00+00:00,2024-01-07 05:00:00+00:00,6322,6290,10.5,32,32,0.5087440381558028,5
2024-01-06 18:30:00+00:00,2024-01-07 06:00:00+00:00,6167,6402,11.5,-235,235,3.670727897532021,6
2024-01-06 18:30:00+00:00,2024-01-07 07:00:00+00:00,6023,6138,12.5,-115,115,1.8735744542196155,7
2024-01-06 18:30:00+00:00,2024-01-07 08:00:00+00:00,5768,6044,13.5,-276,276,4.5665122435473195,8
2024-01-06 18:30:00+00:00,2024-01-07 09:00:00+00:00,5574,5549,14.5,25,25,0.4505316273202379,9
2024-01-06 18:30:00+00:00,2024-01-07 10:00:00+00:00,5276,5311,15.5,-35,35,0.6590096027113538,10
2024-01-06 18:30:00+00:00,2024-01-07 11:00:00+00:00,4899,4848,16.5,51,51,1.051980198019802,11
2024-01-06 18:30:00+00:00,2024-01-07 12:00:00+00:00,4657,4435,17.5,222,222,5.005636978579481,12
2024-01-06 18:30:00+00:00,2024-01-07 13:00:00+00:00,4557,4437,18.5,120,120,2.704530087897228,13
2024-01-06 18:30:00+00:00,2024-01-07 14:00:00+00:00,4475,4332,19.5,143,143,3.3010156971375806,14
2024-01-06 18:30:00+00:00,2024-01-07 15:00:00+00:00,4458,4325,20.5,133,133,3.0751445086705202,15
2024-01-06 18:30:00+00:00,2024-01-07 16:00:00+00:00,4470,4299,21.5,171,171,3.9776692254012564,16
2024-01-06 18:30:00+00:00,2024-01-07 17:00:00+00:00,4450,4316,22.5,134,134,3.104726598702502,17
2024-01-06 18:30:00+00:00,2024-01-07 18:00:00+00:00,4530,4324,23.5,206,206,4.764107308048104,18
2024-01-06 18:30:00+00:00,2024-01-07 19:00:00+00:00,4538,4202,24.5,336,336,7.996192289386006,19
2024-01-06 18:30:00+00:00,2024-01-07 20:00:00+00:00,4588,4032,25.5,556,556,13.789682539682541,20
2024-01-06 18:30:00+00:00,2024-01-07 21:00:00+00:00,4677,3992,26.5,685,685,17.15931863727455,21
2024-01-06 18:30:00+00:00,2024-01-07 22:00:00+00:00,4670,3994,27.5,676,676,16.925388082123185,22
2024-01-06 18:30:00+00:00,2024-01-07 23:00:00+00:00,4793,4242,28.5,551,551,12.989156058462989,23
2024-01-06 18:30:00+00:00,2024-01-08 00:00:00+00:00,5184,4629,29.5,555,555,11.989630589760207,0
2024-01-06 18:30:00+00:00,2024-01-08 01:00:00+00:00,5376,5033,30.5,343,343,6.815020862308763,1
2024-01-06 18:30:00+00:00,2024-01-08 02:00:00+00:00,5729,5342,31.5,387,387,7.244477723698989,2
2024-01-06 18:30:00+00:00,2024-01-08 03:00:00+00:00,5906,6274,32.5,-368,368,5.86547656997131,3
2024-01-06 18:30:00+00:00,2024-01-08 04:00:00+00:00,6387,6980,33.5,-593,593,8.495702005730658,4
2024-01-06 18:30:00+00:00,2024-01-08 05:00:00+00:00,6757,7381,34.5,-624,624,8.454139005554802,5
2024-01-06 18:30:00+00:00,2024-01-08 06:00:00+00:00,6987,7472,35.5,-485,485,6.490899357601713,6
2024-01-06 18:30:00+00:00,2024-01-08 07:00:00+00:00,7048,7640,36.5,-592,592,7.74869109947644,7
2024-01-06 18:30:00+00:00,2024-01-08 08:00:00+00:00,7191,8230,37.5,-1039,1039,12.624544349939246,8
2024-01-06 18:30:00+00:00,2024-01-08 09:00:00+00:00,7352,8833,38.5,-1481,1481,16.766670440393977,9
2024-01-06 18:30:00+00:00,2024-01-08 10:00:00+00:00,7720,9334,39.5,-1614,1614,17.29162202699807,10
2024-01-06 18:30:00+00:00,2024-01-08 11:00:00+00:00,7773,9777,40.5,-2004,2004,20.497084995397362,11
2024-01-06 18:30:00+00:00,2024-01-08 12:00:00+00:00,7821,10111,41.5,-2290,2290,22.648600534071804,12
2024-01-06 18:30:00+00:00,2024-01-08 13:00:00+00:00,7969,10469,42.5,-2500,2500,23.880026745629955,13
2024-01-06 18:30:00+00:00,2024-01-08 14:00:00+00:00,8116,10377,43.5,-2261,2261,21.788570877903055,14
2024-01-06 18:30:00+00:00,2024-01-08 15:00:00+00:00,8265,10317,44.5,-2052,2052,19.88950276243094,15
2024-01-06 18:30:00+00:00,2024-01-08 16:00:00+00:00,8515,10769,45.5,-2254,2254,20.93044850961092,16
2024-01-06 18:30:00+00:00,2024-01-08 17:00:00+00:00,8766,10919,46.5,-2153,2153,19.717922886711236,17
2024-01-06 18:30:00+00:00,2024-01-08 18:00:00+00:00,9018,11362,47.5,-2344,2344,20.63017074458722,18
2024-01-06 15:30:00+00:00,2024-01-06 21:00:00+00:00,6078,4916,5.5,1162,1162,23.637103336045566,21
2024-01-06 15:30:00+00:00,2024-01-06 22:00:00+00:00,6181,5090,6.5,1091,1091,21.43418467583497,22
2024-01-06 15:30:00+00:00,2024-01-06 23:00:00+00:00,6214,5175,7.5,1039,1039,20.07729468599034,23
2024-01-06 15:30:00+00:00,2024-01-07 00:00:00+00:00,6228,5708,8.5,520,520,9.110021023125437,0
2024-01-06 15:30:00+00:00,2024-01-07 01:00:00+00:00,6305,5803,9.5,502,502,8.650697914871618,1
2024-01-06 15:30:00+00:00,2024-01-07 02:00:00+00:00,6272,5904,10.5,368,368,6.233062330623306,2
2024-01-06 15:30:00+00:00,2024-01-07 03:00:00+00:00,6437,5881,11.5,556,556,9.454174460125829,3
2024-01-06 15:30:00+00:00,2024-01-07 04:00:00+00:00,6311,6342,12.5,-31,31,0.48880479344055505,4
2024-01-06 15:30:00+00:00,2024-01-07 05:00:00+00:00,6269,6290,13.5,-21,21,0.3338632750397456,5
2024-01-06 15:30:00+00:00,2024-01-07 06:00:00+00:00,6160,6402,14.5,-242,242,3.7800687285223367,6
2024-01-06 15:30:00+00:00,2024-01-07 07:00:00+00:00,5988,6138,15.5,-150,150,2.4437927663734116,7
2024-01-06 15:30:00+00:00,2024-01-07 08:00:00+00:00,5798,6044,16.5,-246,246,4.070152217074785,8
2024-01-06 15:30:00+00:00,2024-01-07 09:00:00+00:00,5559,5549,17.5,10,10,0.18021265092809513,9
2024-01-06 15:30:00+00:00,2024-01-07 10:00:00+00:00,5284,5311,18.5,-27,27,0.5083788363773301,10
2024-01-06 15:30:00+00:00,2024-01-07 11:00:00+00:00,4977,4848,19.5,129,129,2.660891089108911,11
2024-01-06 15:30:00+00:00,2024-01-07 12:00:00+00:00,4763,4435,20.5,328,328,7.395715896279594,12
2024-01-06 15:30:00+00:00,2024-01-07 13:00:00+00:00,4605,4437,21.5,168,168,3.786342123056119,13
2024-01-06 15:30:00+00:00,2024-01-07 14:00:00+00:00,4547,4332,22.5,215,215,4.963065558633425,14
2024-01-06 15:30:00+00:00,2024-01-07 15:00:00+00:00,4542,4325,23.5,217,217,5.017341040462428,15
2024-01-06 15:30:00+00:00,2024-01-07 16:00:00+00:00,4601,4299,24.5,302,302,7.024889509188183,16
2024-01-06 15:30:00+00:00,2024-01-07 17:00:00+00:00,4650,4316,25.5,334,334,7.738646895273401,17
2024-01-06 15:30:00+00:00,2024-01-07 18:00:00+00:00,4713,4324,26.5,389,389,8.996299722479186,18
2024-01-06 15:30:00+00:00,2024-01-07 19:00:00+00:00,4796,4202,27.5,594,594,14.136125654450263,19
2024-01-06 15:30:00+00:00,2024-01-07 20:00:00+00:00,4815,4032,28.5,783,783,19.419642857142858,20
2024-01-06 15:30:00+00:00,2024-01-07 21:00:00+00:00,4984,3992,29.5,992,992,24.849699398797593,21
2024-01-06 15:30:00+00:00,2024-01-07 22:00:00+00:00,4975,3994,30.5,981,981,24.56184276414622,22
2024-01-06 15:30:00+00:00,2024-01-07 23:00:00+00:00,5060,4242,31.5,818,818,19.283356907119284,23
2024-01-06 15:30:00+00:00,2024-01-08 00:00:00+00:00,5382,4629,32.5,753,753,16.26701231367466,0
2024-01-06 15:30:00+00:00,2024-01-08 01:00:00+00:00,5454,5033,33.5,421,421,8.364792370355653,1
2024-01-06 15:30:00+00:00,2024-01-08 02:00:00+00:00,5816,5342,34.5,474,474,8.873081242980158,2
2024-01-06 15:30:00+00:00,2024-01-08 03:00:00+00:00,5996,6274,35.5,-278,278,4.430985017532675,3
2024-01-06 15:30:00+00:00,2024-01-08 04:00:00+00:00,7012,6980,36.5,32,32,0.4584527220630372,4
2024-01-06 15:30:00+00:00,2024-01-08 05:00:00+00:00,7256,7381,37.5,-125,125,1.6935374610486382,5
2024-01-06 15:30:00+00:00,2024-01-08 06:00:00+00:00,7484,7472,38.5,12,12,0.16059957173447537,6
2024-01-06 15:30:00+00:00,2024-01-08 07:00:00+00:00,7564,7640,39.5,-76,76,0.9947643979057591,7
2024-01-06 15:30:00+00:00,2024-01-08 08:00:00+00:00,7645,8230,40.5,-585,585,7.108140947752125,8
2024-01-06 15:30:00+00:00,2024-01-08 09:00:00+00:00,7728,8833,41.5,-1105,1105,12.509906034189969,9
2024-01-06 15:30:00+00:00,2024-01-08 10:00:00+00:00,7709,9334,42.5,-1625,1625,17.40947075208914,10
2024-01-06 15:30:00+00:00,2024-01-08 11:00:00+00:00,7688,9777,43.5,-2089,2089,21.36647233302649,11
2024-01-06 15:30:00+00:00,2024-01-08 12:00:00+00:00,7665,10111,44.5,-2446,2446,24.191474631589358,12
2024-01-06 15:30:00+00:00,2024-01-08 13:00:00+00:00,7774,10469,45.5,-2695,2695,25.74266883178909,13
2024-01-06 15:30:00+00:00,2024-01-08 14:00:00+00:00,7888,10377,46.5,-2489,2489,23.98573768912017,14
2024-01-06 15:30:00+00:00,2024-01-08 15:00:00+00:00,8010,10317,47.5,-2307,2307,22.36115149752835,15
2024-01-06 11:30:00+00:00,2024-01-06 21:00:00+00:00,6031,4916,9.5,1115,1115,22.681041497152158,21
2024-01-06 11:30:00+00:00,2024-01-06 22:00:00+00:00,6021,5090,10.5,931,931,18.290766208251476,22
2024-01-06 11:30:00+00:00,2024-01-06 23:00:00+00:00,6019,5175,11.5,844,844,16.309178743961354,23
2024-01-06 11:30:00+00:00,2024-01-07 00:00:00+00:00,5995,5708,12.5,287,287,5.028030833917309,0
2024-01-06 11:30:00+00:00,2024-01-07 01:00:00+00:00,6049,5803,13.5,246,246,4.2391866276064105,1
2024-01-06 11:30:00+00:00,2024-01-07 02:00:00+00:00,6078,5904,14.5,174,174,2.9471544715447155,2
2024-01-06 11:30:00+00:00,2024-01-07 03:00:00+00:00,6152,5881,15.5,271,271,4.608059853766367,3
2024-01-06 11:30:00+00:00,2024-01-07 04:00:00+00:00,6020,6342,16.5,-322,322,5.077262693156733,4
2024-01-06 11:30:00+00:00,2024-01-07 05:00:00+00:00,6025,6290,17.5,-265,265,4.213036565977743,5
2024-01-06 11:30:00+00:00,2024-01-07 06:00:00+00:00,5974,6402,18.5,-428,428,6.68541080912215,6
2024-01-06 11:30:00+00:00,2024-01-07 07:00:00+00:00,5861,6138,19.5,-277,277,4.5128706419029,7
2024-01-06 11:30:00+00:00,2024-01-07 08:00:00+00:00,5683,6044,20.5,-361,361,5.972865651886168,8
2024-01-06 11:30:00+00:00,2024-01-07 09:00:00+00:00,5493,5549,21.5,-56,56,1.0091908451973328,9
2024-01-06 11:30:00+00:00,2024-01-07 10:00:00+00:00,5247,5311,22.5,-64,64,1.2050461306721898,10
2024-01-06 11:30:00+00:00,2024-01-07 11:00:00+00:00,4979,4848,23.5,131,131,2.7021452145214524,11
2024-01-06 11:30:00+00:00,2024-01-07 12:00:00+00:00,4716,4435,24.5,281,281,6.335963923337092,12
2024-01-06 11:30:00+00:00,2024-01-07 13:00:00+00:00,4598,4437,25.5,161,161,3.6285778679287803,13
2024-01-06 11:30:00+00:00,2024-01-07 14:00:00+00:00,4515,4332,26.5,183,183,4.224376731301939,14
2024-01-06 11:30:00+00:00,2024-01-07 15:00:00+00:00,4509,4325,27.5,184,184,4.254335260115607,15
2024-01-06 11:30:00+00:00,2024-01-07 16:00:00+00:00,4689,4299,28.5,390,390,9.071877180739707,16
2024-01-06 11:30:00+00:00,2024-01-07 17:00:00+00:00,4840,4316,29.5,524,524,12.140871177015756,17
2024-01-06 11:30:00+00:00,2024-01-07 18:00:00+00:00,4971,4324,30.5,647,647,14.96299722479186,18
2024-01-06 11:30:00+00:00,2024-01-07 19:00:00+00:00,5094,4202,31.5,892,892,21.22798667301285,19
2024-01-06 11:30:00+00:00,2024-01-07 20:00:00+00:00,5135,4032,32.5,1103,1103,27.356150793650798,20
2024-01-06 11:30:00+00:00,2024-01-07 21:00:00+00:00,5274,3992,33.5,1282,1282,32.11422845691383,21
2024-01-06 11:30:00+00:00,2024-01-07 22:00:00+00:00,5580,3994,34.5,1586,1586,39.709564346519784,22
2024-01-06 11:30:00+00:00,2024-01-07 23:00:00+00:00,5699,4242,35.5,1457,1457,34.34700612918435,23
2024-01-06 11:30:00+00:00,2024-01-08 00:00:00+00:00,5925,4629,36.5,1296,1296,27.997407647440053,0
2024-01-06 11:30:00+00:00,2024-01-08 01:00:00+00:00,6034,5033,37.5,1001,1001,19.88873435326843,1
2024-01-06 11:30:00+00:00,2024-01-08 02:00:00+00:00,6230,5342,38.5,888,888,16.62298764507675,2
2024-01-06 11:30:00+00:00,2024-01-08 03:00:00+00:00,6508,6274,39.5,234,234,3.7296780363404523,3
2024-01-06 11:30:00+00:00,2024-01-08 04:00:00+00:00,6764,6980,40.5,-216,216,3.0945558739255015,4
2024-01-06 11:30:00+00:00,2024-01-08 05:00:00+00:00,7001,7381,41.5,-380,380,5.148353881587861,5
2024-01-06 11:30:00+00:00,2024-01-08 06:00:00+00:00,7225,7472,42.5,-247,247,3.3056745182012848,6
2024-01-06 11:30:00+00:00,2024-01-08 07:00:00+00:00,7275,7640,43.5,-365,365,4.777486910994765,7
2024-01-06 11:30:00+00:00,2024-01-08 08:00:00+00:00,7325,8230,44.5,-905,905,10.996354799513973,8
2024-01-06 11:30:00+00:00,2024-01-08 09:00:00+00:00,7377,8833,45.5,-1456,1456,16.483640892109136,9
2024-01-06 11:30:00+00:00,2024-01-08 10:00:00+00:00,7277,9334,46.5,-2057,2057,22.03771159202914,10
2024-01-06 11:30:00+00:00,2024-01-08 11:00:00+00:00,7172,9777,47.5,-2605,2605,26.644164876751557,11
2024-01-06 09:30:00+00:00,2024-01-06 21:00:00+00:00,6039,4916,11.5,1123,1123,22.843775427176567,21
2024-01-06 09:30:00+00:00,2024-01-06 22:00:00+00:00,6045,5090,12.5,955,955,18.762278978389,22
2024-01-06 09:30:00+00:00,2024-01-06 23:00:00+00:00,6029,5175,13.5,854,854,16.502415458937197,23
2024-01-06 09:30:00+00:00,2024-01-07 00:00:00+00:00,6020,5708,14.5,312,312,5.466012613875263,0
2024-01-06 09:30:00+00:00,2024-01-07 01:00:00+00:00,6070,5803,15.5,267,267,4.601068412889885,1
2024-01-06 09:30:00+00:00,2024-01-07 02:00:00+00:00,6093,5904,16.5,189,189,3.201219512195122,2
2024-01-06 09:30:00+00:00,2024-01-07 03:00:00+00:00,6170,5881,17.5,289,289,4.91413024995749,3
2024-01-06 09:30:00+00:00,2024-01-07 04:00:00+00:00,6039,6342,18.5,-303,303,4.7776726584673606,4
2024-01-06 09:30:00+00:00,2024-01-07 05:00:00+00:00,6032,6290,19.5,-258,258,4.101748807631161,5
2024-01-06 09:30:00+00:00,2024-01-07 06:00:00+00:00,5985,6402,20.5,-417,417,6.513589503280224,6
2024-01-06 09:30:00+00:00,2024-01-07 07:00:00+00:00,5862,6138,21.5,-276,276,4.496578690127078,7
2024-01-06 09:30:00+00:00,2024-01-07 08:00:00+00:00,5687,6044,22.5,-357,357,5.906684315023163,8
2024-01-06 09:30:00+00:00,2024-01-07 09:00:00+00:00,5498,5549,23.5,-51,51,0.9190845197332853,9
2024-01-06 09:30:00+00:00,2024-01-07 10:00:00+00:00,5250,5311,24.5,-61,61,1.1485595932969308,10
2024-01-06 09:30:00+00:00,2024-01-07 11:00:00+00:00,4982,4848,25.5,134,134,2.764026402640264,11
2024-01-06 09:30:00+00:00,2024-01-07 12:00:00+00:00,4721,4435,26.5,286,286,6.448703494926719,12
2024-01-06 09:30:00+00:00,2024-01-07 13:00:00+00:00,4595,4437,27.5,158,158,3.5609646157313497,13
2024-01-06 09:30:00+00:00,2024-01-07 14:00:00+00:00,4516,4332,28.5,184,184,4.247460757156047,14
2024-01-06 09:30:00+00:00,2024-01-07 15:00:00+00:00,4510,4325,29.5,185,185,4.277456647398844,15
2024-01-06 09:30:00+00:00,2024-01-07 16:00:00+00:00,4692,4299,30.5,393,393,9.141660851360783,16
2024-01-06 09:30:00+00:00,2024-01-07 17:00:00+00:00,4841,4316,31.5,525,525,12.16404077849861,17
2024-01-06 09:30:00+00:00,2024-01-07 18:00:00+00:00,4993,4324,32.5,669,669,15.471785383903795,18
2024-01-06 09:30:00+00:00,2024-01-07 19:00:00+00:00,5091,4202,33.5,889,889,21.156592099000477,19
2024-01-06 09:30:00+00:00,2024-01-07 20:00:00+00:00,5138,4032,34.5,1106,1106,27.430555555555557,20
2024-01-06 09:30:00+00:00,2024-01-07 21:00:00+00:00,5315,3992,35.5,1323,1323,33.14128256513026,21
2024-01-06 09:30:00+00:00,2024-01-07 22:00:00+00:00,5722,3994,36.5,1728,1728,43.264897346019026,22
2024-01-06 09:30:00+00:00,2024-01-07 23:00:00+00:00,5876,4242,37.5,1634,1634,38.51956624233852,23
2024-01-06 09:30:00+00:00,2024-01-08 00:00:00+00:00,6026,4629,38.5,1397,1397,30.179304385396417,0
2024-01-06 09:30:00+00:00,2024-01-08 01:00:00+00:00,6219,5033,39.5,1186,1186,23.56447446850785,1
2024-01-06 09:30:00+00:00,2024-01-08 02:00:00+00:00,6408,5342,40.5,1066,1066,19.955073006364657,2
2024-01-06 09:30:00+00:00,2024-01-08 03:00:00+00:00,6591,6274,41.5,317,317,5.052598023589416,3
2024-01-06 09:30:00+00:00,2024-01-08 04:00:00+00:00,6809,6980,42.5,-171,171,2.4498567335243555,4
2024-01-06 09:30:00+00:00,2024-01-08 05:00:00+00:00,7021,7381,43.5,-360,360,4.8773878878200785,5
2024-01-06 09:30:00+00:00,2024-01-08 06:00:00+00:00,7226,7472,44.5,-246,246,3.292291220556745,6
2024-01-06 09:30:00+00:00,2024-01-08 07:00:00+00:00,7276,7640,45.5,-364,364,4.7643979057591626,7
2024-01-06 09:30:00+00:00,2024-01-08 08:00:00+00:00,7327,8230,46.5,-903,903,10.972053462940462,8
2024-01-06 09:30:00+00:00,2024-01-08 09:00:00+00:00,7379,8833,47.5,-1454,1454,16.46099852824635,9
2024-01-06 07:30:00+00:00,2024-01-06 21:00:00+00:00,6039,4916,13.5,1123,1123,22.843775427176567,21
2024-01-06 07:30:00+00:00,2024-01-06 22:00:00+00:00,6042,5090,14.5,952,952,18.70333988212181,22
2024-01-06 07:30:00+00:00,2024-01-06 23:00:00+00:00,6023,5175,15.5,848,848,16.38647342995169,23
2024-01-06 07:30:00+00:00,2024-01-07 00:00:00+00:00,6013,5708,16.5,305,305,5.343377715487035,0
2024-01-06 07:30:00+00:00,2024-01-07 01:00:00+00:00,6063,5803,17.5,260,260,4.480441151128726,1
2024-01-06 07:30:00+00:00,2024-01-07 02:00:00+00:00,6087,5904,18.5,183,183,3.0995934959349594,2
2024-01-06 07:30:00+00:00,2024-01-07 03:00:00+00:00,6164,5881,19.5,283,283,4.812106784560449,3
2024-01-06 07:30:00+00:00,2024-01-07 04:00:00+00:00,6035,6342,20.5,-307,307,4.840744244717754,4
2024-01-06 07:30:00+00:00,2024-01-07 05:00:00+00:00,6028,6290,21.5,-262,262,4.165341812400635,5
2024-01-06 07:30:00+00:00,2024-01-07 06:00:00+00:00,5982,6402,22.5,-420,420,6.560449859418932,6
2024-01-06 07:30:00+00:00,2024-01-07 07:00:00+00:00,5860,6138,23.5,-278,278,4.5291625936787225,7
2024-01-06 07:30:00+00:00,2024-01-07 08:00:00+00:00,5686,6044,24.5,-358,358,5.923229649238914,8
2024-01-06 07:30:00+00:00,2024-01-07 09:00:00+00:00,5498,5549,25.5,-51,51,0.9190845197332853,9
2024-01-06 07:30:00+00:00,2024-01-07 10:00:00+00:00,5249,5311,26.5,-62,62,1.167388439088684,10
2024-01-06 07:30:00+00:00,2024-01-07 11:00:00+00:00,4982,4848,27.5,134,134,2.764026402640264,11
2024-01-06 07:30:00+00:00,2024-01-07 12:00:00+00:00,4720,4435,28.5,285,285,6.426155580608793,12
2024-01-06 07:30:00+00:00,2024-01-07 13:00:00+00:00,4595,4437,29.5,158,158,3.5609646157313497,13
2024-01-06 07:30:00+00:00,2024-01-07 14:00:00+00:00,4516,4332,30.5,184,184,4.247460757156047,14
2024-01-06 07:30:00+00:00,2024-01-07 15:00:00+00:00,4509,4325,31.5,184,184,4.254335260115607,15
2024-01-06 07:30:00+00:00,2024-01-07 16:00:00+00:00,4690,4299,32.5,391,391,9.095138404280064,16
2024-01-06 07:30:00+00:00,2024-01-07 17:00:00+00:00,4835,4316,33.5,519,519,12.025023169601482,17
2024-01-06 07:30:00+00:00,2024-01-07 18:00:00+00:00,4990,4324,34.5,666,666,15.402405180388529,18
2024-01-06 07:30:00+00:00,2024-01-07 19:00:00+00:00,5082,4202,35.5,880,880,20.94240837696335,19
2024-01-06 07:30:00+00:00,2024-01-07 20:00:00+00:00,5129,4032,36.5,1097,1097,27.20734126984127,20
2024-01-06 07:30:00+00:00,2024-01-07 21:00:00+00:00,5310,3992,37.5,1318,1318,33.01603206412826,21
2024-01-06 07:30:00+00:00,2024-01-07 22:00:00+00:00,5721,3994,38.5,1727,1727,43.23985978968452,22
2024-01-06 07:30:00+00:00,2024-01-07 23:00:00+00:00,5876,4242,39.5,1634,1634,38.51956624233852,23
2024-01-06 07:30:00+00:00,2024-01-08 00:00:00+00:00,6028,4629,40.5,1399,1399,30.222510261395552,0
2024-01-06 07:30:00+00:00,2024-01-08 01:00:00+00:00,6221,5033,41.5,1188,1188,23.60421219948341,1
2024-01-06 07:30:00+00:00,2024-01-08 02:00:00+00:00,6409,5342,42.5,1067,1067,19.97379258704605,2
2024-01-06 07:30:00+00:00,2024-01-08 03:00:00+00:00,6593,6274,43.5,319,319,5.084475613643608,3
2024-01-06 07:30:00+00:00,2024-01-08 04:00:00+00:00,6810,6980,44.5,-170,170,2.4355300859598854,4
2024-01-06 07:30:00+00:00,2024-01-08 05:00:00+00:00,7022,7381,45.5,-359,359,4.86383958813169,5
2024-01-06 07:30:00+00:00,2024-01-08 06:00:00+00:00,7227,7472,46.5,-245,245,3.2789079229122056,6
2024-01-06 07:30:00+00:00,2024-01-08 07:00:00+00:00,7277,7640,47.5,-363,363,4.7513089005235605,7
2024-01-06 04:30:00+00:00,2024-01-06 21:00:00+00:00,6267,4916,16.5,1351,1351,27.48169243287225,21
2024-01-06 04:30:00+00:00,2024-01-06 22:00:00+00:00,6257,5090,17.5,1167,1167,22.92730844793713,22
2024-01-06 04:30:00+00:00,2024-01-06 23:00:00+00:00,6238,5175,18.5,1063,1063,20.541062801932366,23
2024-01-06 04:30:00+00:00,2024-01-07 00:00:00+00:00,6155,5708,19.5,447,447,7.8311142256482125,0
2024-01-06 04:30:00+00:00,2024-01-07 01:00:00+00:00,6233,5803,20.5,430,430,7.409960365328279,1
2024-01-06 04:30:00+00:00,2024-01-07 02:00:00+00:00,6155,5904,21.5,251,251,4.2513550135501355,2
2024-01-06 04:30:00+00:00,2024-01-07 03:00:00+00:00,6015,5881,22.5,134,134,2.2785240605339228,3
2024-01-06 04:30:00+00:00,2024-01-07 04:00:00+00:00,6013,6342,23.5,-329,329,5.187637969094923,4
2024-01-06 04:30:00+00:00,2024-01-07 05:00:00+00:00,6004,6290,24.5,-286,286,4.546899841017488,5
2024-01-06 04:30:00+00:00,2024-01-07 06:00:00+00:00,5959,6402,25.5,-443,443,6.919712589815682,6
2024-01-06 04:30:00+00:00,2024-01-07 07:00:00+00:00,5822,6138,26.5,-316,316,5.1482567611599865,7
2024-01-06 04:30:00+00:00,2024-01-07 08:00:00+00:00,5615,6044,27.5,-429,429,7.097948378557247,8
2024-01-06 04:30:00+00:00,2024-01-07 09:00:00+00:00,5416,5549,28.5,-133,133,2.3968282573436657,9
2024-01-06 04:30:00+00:00,2024-01-07 10:00:00+00:00,5134,5311,29.5,-177,177,3.332705705140275,10
2024-01-06 04:30:00+00:00,2024-01-07 11:00:00+00:00,4890,4848,30.5,42,42,0.8663366336633664,11
2024-01-06 04:30:00+00:00,2024-01-07 12:00:00+00:00,4650,4435,31.5,215,215,4.8478015783540025,12
2024-01-06 04:30:00+00:00,2024-01-07 13:00:00+00:00,4552,4437,32.5,115,115,2.5918413342348434,13
2024-01-06 04:30:00+00:00,2024-01-07 14:00:00+00:00,4497,4332,33.5,165,165,3.8088642659279777,14
2024-01-06 04:30:00+00:00,2024-01-07 15:00:00+00:00,4522,4325,34.5,197,197,4.554913294797688,15
2024-01-06 04:30:00+00:00,2024-01-07 16:00:00+00:00,5110,4299,35.5,811,811,18.86485229123052,16
2024-01-06 04:30:00+00:00,2024-01-07 17:00:00+00:00,5331,4316,36.5,1015,1015,23.51714550509731,17
2024-01-06 04:30:00+00:00,2024-01-07 18:00:00+00:00,5560,4324,37.5,1236,1236,28.58464384828862,18
2024-01-06 04:30:00+00:00,2024-01-07 19:00:00+00:00,5736,4202,38.5,1534,1534,36.506425511661114,19
2024-01-06 04:30:00+00:00,2024-01-07 20:00:00+00:00,5919,4032,39.5,1887,1887,46.80059523809524,20
2024-01-06 04:30:00+00:00,2024-01-07 21:00:00+00:00,6109,3992,40.5,2117,2117,53.03106212424849,21
2024-01-06 04:30:00+00:00,2024-01-07 22:00:00+00:00,6235,3994,41.5,2241,2241,56.10916374561843,22
2024-01-06 04:30:00+00:00,2024-01-07 23:00:00+00:00,6363,4242,42.5,2121,2121,50.0,23
2024-01-06 04:30:00+00:00,2024-01-08 00:00:00+00:00,6494,4629,43.5,1865,1865,40.28947936919421,0
2024-01-06 04:30:00+00:00,2024-01-08 01:00:00+00:00,6632,5033,44.5,1599,1599,31.770315914961255,1
2024-01-06 04:30:00+00:00,2024-01-08 02:00:00+00:00,6767,5342,45.5,1425,1425,26.67540247098465,2
2024-01-06 04:30:00+00:00,2024-01-08 03:00:00+00:00,6899,6274,46.5,625,625,9.96174689193497,3
2024-01-06 04:30:00+00:00,2024-01-08 04:00:00+00:00,7112,6980,47.5,132,132,1.8911174785100286,4
2024-01-06 02:30:00+00:00,2024-01-06 21:00:00+00:00,6271,4916,18.5,1355,1355,27.56305939788446,21
2024-01-06 02:30:00+00:00,2024-01-06 22:00:00+00:00,6255,5090,19.5,1165,1165,22.88801571709234,22
2024-01-06 02:30:00+00:00,2024-01-06 23:00:00+00:00,6239,5175,20.5,1064,1064,20.56038647342995,23
2024-01-06 02:30:00+00:00,2024-01-07 00:00:00+00:00,6157,5708,21.5,449,449,7.8661527680448495,0
2024-01-06 02:30:00+00:00,2024-01-07 01:00:00+00:00,6236,5803,22.5,433,433,7.461657763225918,1
2024-01-06 02:30:00+00:00,2024-01-07 02:00:00+00:00,6155,5904,23.5,251,251,4.2513550135501355,2
2024-01-06 02:30:00+00:00,2024-01-07 03:00:00+00:00,6005,5881,24.5,124,124,2.108484951538854,3
2024-01-06 02:30:00+00:00,2024-01-07 04:00:00+00:00,6015,6342,25.5,-327,327,5.156102175969726,4
2024-01-06 02:30:00+00:00,2024-01-07 05:00:00+00:00,6004,6290,26.5,-286,286,4.546899841017488,5
2024-01-06 02:30:00+00:00,2024-01-07 06:00:00+00:00,5952,6402,27.5,-450,450,7.029053420805999,6
2024-01-06 02:30:00+00:00,2024-01-07 07:00:00+00:00,5822,6138,28.5,-316,316,5.1482567611599865,7
2024-01-06 02:30:00+00:00,2024-01-07 08:00:00+00:00,5616,6044,29.5,-428,428,7.081403044341496,8
2024-01-06 02:30:00+00:00,2024-01-07 09:00:00+00:00,5413,5549,30.5,-136,136,2.4508920526220943,9
2024-01-06 02:30:00+00:00,2024-01-07 10:00:00+00:00,5135,5311,31.5,-176,176,3.3138768593485217,10
2024-01-06 02:30:00+00:00,2024-01-07 11:00:00+00:00,4890,4848,32.5,42,42,0.8663366336633664,11
2024-01-06 02:30:00+00:00,2024-01-07 12:00:00+00:00,4651,4435,33.5,216,216,4.870349492671928,12
2024-01-06 02:30:00+00:00,2024-01-07 13:00:00+00:00,4551,4437,34.5,114,114,2.5693035835023665,13
2024-01-06 02:30:00+00:00,2024-01-07 14:00:00+00:00,4497,4332,35.5,165,165,3.8088642659279777,14
2024-01-06 02:30:00+00:00,2024-01-07 15:00:00+00:00,4520,4325,36.5,195,195,4.508670520231214,15
2024-01-06 02:30:00+00:00,2024-01-07 16:00:00+00:00,5111,4299,37.5,812,812,18.888113514770875,16
2024-01-06 02:30:00+00:00,2024-01-07 17:00:00+00:00,5335,4316,38.5,1019,1019,23.60982391102873,17
2024-01-06 02:30:00+00:00,2024-01-07 18:00:00+00:00,5567,4324,39.5,1243,1243,28.746530989824237,18
2024-01-06 02:30:00+00:00,2024-01-07 19:00:00+00:00,5745,4202,40.5,1543,1543,36.720609233698234,19
2024-01-06 02:30:00+00:00,2024-01-07 20:00:00+00:00,5929,4032,41.5,1897,1897,47.04861111111111,20
2024-01-06 02:30:00+00:00,2024-01-07 21:00:00+00:00,6121,3992,42.5,2129,2129,53.33166332665331,21
2024-01-06 02:30:00+00:00,2024-01-07 22:00:00+00:00,6249,3994,43.5,2255,2255,56.45968953430145,22
2024-01-06 02:30:00+00:00,2024-01-07 23:00:00+00:00,6378,4242,44.5,2136,2136,50.35360678925035,23
2024-01-06 02:30:00+00:00,2024-01-08 00:00:00+00:00,6510,4629,45.5,1881,1881,40.6351263771873,0
2024-01-06 02:30:00+00:00,2024-01-08 01:00:00+00:00,6650,5033,46.5,1617,1617,32.127955493741304,1
2024-01-06 02:30:00+00:00,2024-01-08 02:00:00+00:00,6786,5342,47.5,1444,1444,27.031074503931112,2
2024-01-05 22:30:00+00:00,2024-01-06 03:00:00+00:00,6457,6074,4.5,383,383,6.305564702008561,3
2024-01-05 22:30:00+00:00,2024-01-06 04:00:00+00:00,6410,5871,5.5,539,539,9.18071878725941,4
2024-01-05 22:30:00+00:00,2024-01-06 05:00:00+00:00,6524,5734,6.5,790,790,13.777467736309731,5
2024-01-05 22:30:00+00:00,2024-01-06 06:00:00+00:00,6631,5712,7.5,919,919,16.088935574229694,6
2024-01-05 22:30:00+00:00,2024-01-06 07:00:00+00:00,6390,6033,8.5,357,357,5.9174540029835905,7
2024-01-05 22:30:00+00:00,2024-01-06 08:00:00+00:00,6442,5771,9.5,671,671,11.627101022353145,8
2024-01-05 22:30:00+00:00,2024-01-06 09:00:00+00:00,6517,5244,10.5,1273,1273,24.27536231884058,9
2024-01-05 22:30:00+00:00,2024-01-06 10:00:00+00:00,6359,4940,11.5,1419,1419,28.724696356275302,10
2024-01-05 22:30:00+00:00,2024-01-06 11:00:00+00:00,6332,4696,12.5,1636,1636,34.8381601362862,11
2024-01-05 22:30:00+00:00,2024-01-06 12:00:00+00:00,6235,4362,13.5,1873,1873,42.939018798716184,12
2024-01-05 22:30:00+00:00,2024-01-06 13:00:00+00:00,6463,4591,14.5,1872,1872,40.7754301895012,13
2024-01-05 22:30:00+00:00,2024-01-06 14:00:00+00:00,6627,4539,15.5,2088,2088,46.00132187706543,14
2024-01-05 22:30:00+00:00,2024-01-06 15:00:00+00:00,6747,4631,16.5,2116,2116,45.69207514575685,15
2024-01-05 22:30:00+00:00,2024-01-06 16:00:00+00:00,6772,5248,17.5,1524,1524,29.039634146341463,16
2024-01-05 22:30:00+00:00,2024-01-06 17:00:00+00:00,6830,5212,18.5,1618,1618,31.043745203376822,17
2024-01-05 22:30:00+00:00,2024-01-06 18:00:00+00:00,6815,5050,19.5,1765,1765,34.95049504950495,18
2024-01-05 22:30:00+00:00,2024-01-06 19:00:00+00:00,6594,4878,20.5,1716,1716,35.17835178351783,19
2024-01-05 22:30:00+00:00,2024-01-06 20:00:00+00:00,6488,5132,21.5,1356,1356,26.42244738893219,20
2024-01-05 22:30:00+00:00,2024-01-06 21:00:00+00:00,6480,4916,22.5,1564,1564,31.814483319772176,21
2024-01-05 22:30:00+00:00,2024-01-06 22:00:00+00:00,6378,5090,23.5,1288,1288,25.304518664047148,22
2024-01-05 22:30:00+00:00,2024-01-06 23:00:00+00:00,6434,5175,24.5,1259,1259,24.32850241545894,23
2024-01-05 22:30:00+00:00,2024-01-07 00:00:00+00:00,6334,5708,25.5,626,626,10.967063770147162,0
2024-01-05 22:30:00+00:00,2024-01-07 01:00:00+00:00,6394,5803,26.5,591,591,10.184387385834913,1
2024-01-05 22:30:00+00:00,2024-01-07 02:00:00+00:00,6226,5904,27.5,322,322,5.453929539295393,2
2024-01-05 22:30:00+00:00,2024-01-07 03:00:00+00:00,6083,5881,28.5,202,202,3.4347900017003914,3
2024-01-05 22:30:00+00:00,2024-01-07 04:00:00+00:00,6113,6342,29.5,-229,229,3.610848312835068,4
2024-01-05 22:30:00+00:00,2024-01-07 05:00:00+00:00,6023,6290,30.5,-267,267,4.24483306836248,5
2024-01-05 22:30:00+00:00,2024-01-07 06:00:00+00:00,5959,6402,31.5,-443,443,6.919712589815682,6
2024-01-05 22:30:00+00:00,2024-01-07 07:00:00+00:00,5786,6138,32.5,-352,352,5.734767025089606,7
2024-01-05 22:30:00+00:00,2024-01-07 08:00:00+00:00,5622,6044,33.5,-422,422,6.982131039046989,8
2024-01-05 22:30:00+00:00,2024-01-07 09:00:00+00:00,5426,5549,34.5,-123,123,2.2166156064155706,9
2024-01-05 22:30:00+00:00,2024-01-07 10:00:00+00:00,5050,5311,35.5,-261,261,4.914328751647524,10
2024-01-05 22:30:00+00:00,2024-01-07 11:00:00+00:00,4900,4848,36.5,52,52,1.0726072607260726,11
2024-01-05 22:30:00+00:00,2024-01-07 12:00:00+00:00,4752,4435,37.5,317,317,7.147688838782412,12
2024-01-05 22:30:00+00:00,2024-01-07 13:00:00+00:00,4773,4437,38.5,336,336,7.572684246112238,13
2024-01-05 22:30:00+00:00,2024-01-07 14:00:00+00:00,4796,4332,39.5,464,464,10.710987996306557,14
2024-01-05 22:30:00+00:00,2024-01-07 15:00:00+00:00,4822,4325,40.5,497,497,11.491329479768787,15
2024-01-05 22:30:00+00:00,2024-01-07 16:00:00+00:00,5055,4299,41.5,756,756,17.585484996510818,16
2024-01-05 22:30:00+00:00,2024-01-07 17:00:00+00:00,5299,4316,42.5,983,983,22.77571825764597,17
2024-01-05 22:30:00+00:00,2024-01-07 18:00:00+00:00,5554,4324,43.5,1230,1230,28.445883441258097,18
2024-01-05 22:30:00+00:00,2024-01-07 19:00:00+00:00,5775,4202,44.5,1573,1573,37.43455497382199,19
2024-01-05 22:30:00+00:00,2024-01-07 20:00:00+00:00,6005,4032,45.5,1973,1973,48.93353174603175,20
2024-01-05 22:30:00+00:00,2024-01-07 21:00:00+00:00,6245,3992,46.5,2253,2253,56.43787575150301,21
2024-01-05 18:30:00+00:00,2024-01-05 23:00:00+00:00,6565,5845,4.5,720,720,12.318220701454234,23
2024-01-05 18:30:00+00:00,2024-01-06 00:00:00+00:00,6586,5741,5.5,845,845,14.718690123671834,0
2024-01-05 18:30:00+00:00,2024-01-06 01:00:00+00:00,6377,5877,6.5,500,500,8.507742045261187,1
2024-01-05 18:30:00+00:00,2024-01-06 02:00:00+00:00,6578,6107,7.5,471,471,7.712461110201409,2
2024-01-05 18:30:00+00:00,2024-01-06 03:00:00+00:00,6460,6074,8.5,386,386,6.354955548238393,3
2024-01-05 18:30:00+00:00,2024-01-06 04:00:00+00:00,6419,5871,9.5,548,548,9.334014648271163,4
2024-01-05 18:30:00+00:00,2024-01-06 05:00:00+00:00,6538,5734,10.5,804,804,14.021625392396233,5
2024-01-05 18:30:00+00:00,2024-01-06 06:00:00+00:00,6636,5712,11.5,924,924,16.176470588235293,6
2024-01-05 18:30:00+00:00,2024-01-06 07:00:00+00:00,6396,6033,12.5,363,363,6.016907011437096,7
2024-01-05 18:30:00+00:00,2024-01-06 08:00:00+00:00,6439,5771,13.5,668,668,11.575116964130999,8
2024-01-05 18:30:00+00:00,2024-01-06 09:00:00+00:00,6518,5244,14.5,1274,1274,24.29443173150267,9
2024-01-05 18:30:00+00:00,2024-01-06 10:00:00+00:00,6358,4940,15.5,1418,1418,28.704453441295545,10
2024-01-05 18:30:00+00:00,2024-01-06 11:00:00+00:00,6336,4696,16.5,1640,1640,34.923339011925044,11
2024-01-05 18:30:00+00:00,2024-01-06 12:00:00+00:00,6238,4362,17.5,1876,1876,43.00779458963778,12
2024-01-05 18:30:00+00:00,2024-01-06 13:00:00+00:00,6467,4591,18.5,1876,1876,40.8625571770856,13
2024-01-05 18:30:00+00:00,2024-01-06 14:00:00+00:00,6635,4539,19.5,2096,2096,46.177572152456484,14
2024-01-05 18:30:00+00:00,2024-01-06 15:00:00+00:00,6755,4631,20.5,2124,2124,45.86482401209242,15
2024-01-05 18:30:00+00:00,2024-01-06 16:00:00+00:00,6782,5248,21.5,1534,1534,29.23018292682927,16
2024-01-05 18:30:00+00:00,2024-01-06 17:00:00+00:00,6839,5212,22.5,1627,1627,31.216423637759018,17
2024-01-05 18:30:00+00:00,2024-01-06 18:00:00+00:00,6819,5050,23.5,1769,1769,35.02970297029703,18
2024-01-05 18:30:00+00:00,2024-01-06 19:00:00+00:00,6600,4878,24.5,1722,1722,35.30135301353013,19
2024-01-05 18:30:00+00:00,2024-01-06 20:00:00+00:00,6491,5132,25.5,1359,1359,26.4809041309431,20
2024-01-05 18:30:00+00:00,2024-01-06 21:00:00+00:00,6493,4916,26.5,1577,1577,32.07892595606184,21
2024-01-05 18:30:00+00:00,2024-01-06 22:00:00+00:00,6386,5090,27.5,1296,1296,25.461689587426328,22
2024-01-05 18:30:00+00:00,2024-01-06 23:00:00+00:00,6439,5175,28.5,1264,1264,24.42512077294686,23
2024-01-05 18:30:00+00:00,2024-01-07 00:00:00+00:00,6340,5708,29.5,632,632,11.07217939733707,0
2024-01-05 18:30:00+00:00,2024-01-07 01:00:00+00:00,6397,5803,30.5,594,594,10.236084783732553,1
2024-01-05 18:30:00+00:00,2024-01-07 02:00:00+00:00,6226,5904,31.5,322,322,5.453929539295393,2
2024-01-05 18:30:00+00:00,2024-01-07 03:00:00+00:00,6084,5881,32.5,203,203,3.4517939125998978,3
2024-01-05 18:30:00+00:00,2024-01-07 04:00:00+00:00,6111,6342,33.5,-231,231,3.642384105960265,4
2024-01-05 18:30:00+00:00,2024-01-07 05:00:00+00:00,6022,6290,34.5,-268,268,4.260731319554849,5
2024-01-05 18:30:00+00:00,2024-01-07 06:00:00+00:00,5958,6402,35.5,-444,444,6.935332708528586,6
2024-01-05 18:30:00+00:00,2024-01-07 07:00:00+00:00,5784,6138,36.5,-354,354,5.7673509286412505,7
2024-01-05 18:30:00+00:00,2024-01-07 08:00:00+00:00,5619,6044,37.5,-425,425,7.031767041694242,8
2024-01-05 18:30:00+00:00,2024-01-07 09:00:00+00:00,5424,5549,38.5,-125,125,2.2526581366011893,9
2024-01-05 18:30:00+00:00,2024-01-07 10:00:00+00:00,5049,5311,39.5,-262,262,4.933157597439277,10
2024-01-05 18:30:00+00:00,2024-01-07 11:00:00+00:00,4899,4848,40.5,51,51,1.051980198019802,11
2024-01-05 18:30:00+00:00,2024-01-07 12:00:00+00:00,4751,4435,41.5,316,316,7.125140924464487,12
2024-01-05 18:30:00+00:00,2024-01-07 13:00:00+00:00,4772,4437,42.5,335,335,7.550146495379762,13
2024-01-05 18:30:00+00:00,2024-01-07 14:00:00+00:00,4796,4332,43.5,464,464,10.710987996306557,14
2024-01-05 18:30:00+00:00,2024-01-07 15:00:00+00:00,4822,4325,44.5,497,497,11.491329479768787,15
2024-01-05 18:30:00+00:00,2024-01-07 16:00:00+00:00,5055,4299,45.5,756,756,17.585484996510818,16
2024-01-05 18:30:00+00:00,2024-01-07 17:00:00+00:00,5301,4316,46.5,985,985,22.822057460611678,17
2024-01-05 18:30:00+00:00,2024-01-07 18:00:00+00:00,5558,4324,47.5,1234,1234,28.538390379278443,18
2024-01-05 15:30:00+00:00,2024-01-05 21:00:00+00:00,7088,6579,5.5,509,509,7.73673810609515,21
2024-01-05 15:30:00+00:00,2024-01-05 22:00:00+00:00,6791,6280,6.5,511,511,8.136942675159235,22
2024-01-05 15:30:00+00:00,2024-01-05 23:00:00+00:00,6668,5845,7.5,823,823,14.080410607356717,23
2024-01-05 15:30:00+00:00,2024-01-06 00:00:00+00:00,6613,5741,8.5,872,872,15.188991464901585,0
2024-01-05 15:30:00+00:00,2024-01-06 01:00:00+00:00,6525,5877,9.5,648,648,11.0260336906585,1
2024-01-05 15:30:00+00:00,2024-01-06 02:00:00+00:00,6649,6107,10.5,542,542,8.875061404945145,2
2024-01-05 15:30:00+00:00,2024-01-06 03:00:00+00:00,6509,6074,11.5,435,435,7.1616727033256495,3
2024-01-05 15:30:00+00:00,2024-01-06 04:00:00+00:00,6578,5871,12.5,707,707,12.042241526145462,4
2024-01-05 15:30:00+00:00,2024-01-06 05:00:00+00:00,6610,5734,13.5,876,876,15.277293337983956,5
2024-01-05 15:30:00+00:00,2024-01-06 06:00:00+00:00,6727,5712,14.5,1015,1015,17.769607843137255,6
2024-01-05 15:30:00+00:00,2024-01-06 07:00:00+00:00,6491,6033,15.5,458,458,7.59157964528427,7
2024-01-05 15:30:00+00:00,2024-01-06 08:00:00+00:00,6578,5771,16.5,807,807,13.983711661757061,8
2024-01-05 15:30:00+00:00,2024-01-06 09:00:00+00:00,6574,5244,17.5,1330,1330,25.36231884057971,9
2024-01-05 15:30:00+00:00,2024-01-06 10:00:00+00:00,6473,4940,18.5,1533,1533,31.032388663967613,10
2024-01-05 15:30:00+00:00,2024-01-06 11:00:00+00:00,6381,4696,19.5,1685,1685,35.88160136286201,11
2024-01-05 15:30:00+00:00,2024-01-06 12:00:00+00:00,6328,4362,20.5,1966,1966,45.07106831728565,12
2024-01-05 15:30:00+00:00,2024-01-06 13:00:00+00:00,6573,4591,21.5,1982,1982,43.17142234807231,13
2024-01-05 15:30:00+00:00,2024-01-06 14:00:00+00:00,6725,4539,22.5,2186,2186,48.16038775060586,14
2024-01-05 15:30:00+00:00,2024-01-06 15:00:00+00:00,6893,4631,23.5,2262,2262,48.84474195638091,15
2024-01-05 15:30:00+00:00,2024-01-06 16:00:00+00:00,6790,5248,24.5,1542,1542,29.382621951219512,16
2024-01-05 15:30:00+00:00,2024-01-06 17:00:00+00:00,6860,5212,25.5,1648,1648,31.619339984650807,17
2024-01-05 15:30:00+00:00,2024-01-06 18:00:00+00:00,6967,5050,26.5,1917,1917,37.960396039603964,18
2024-01-05 15:30:00+00:00,2024-01-06 19:00:00+00:00,6685,4878,27.5,1807,1807,37.04387043870439,19
2024-01-05 15:30:00+00:00,2024-01-06 20:00:00+00:00,6457,5132,28.5,1325,1325,25.818394388152765,20
2024-01-05 15:30:00+00:00,2024-01-06 21:00:00+00:00,6444,4916,29.5,1528,1528,31.082180634662326,21
2024-01-05 15:30:00+00:00,2024-01-06 22:00:00+00:00,6182,5090,30.5,1092,1092,21.453831041257367,22
2024-01-05 15:30:00+00:00,2024-01-06 23:00:00+00:00,6286,5175,31.5,1111,1111,21.468599033816425,23
2024-01-05 15:30:00+00:00,2024-01-07 00:00:00+00:00,6167,5708,32.5,459,459,8.041345480028031,0
2024-01-05 15:30:00+00:00,2024-01-07 01:00:00+00:00,6104,5803,33.5,301,301,5.1869722557297955,1
2024-01-05 15:30:00+00:00,2024-01-07 02:00:00+00:00,5942,5904,34.5,38,38,0.6436314363143631,2
2024-01-05 15:30:00+00:00,2024-01-07 03:00:00+00:00,5859,5881,35.5,-22,22,0.3740860397891515,3
2024-01-05 15:30:00+00:00,2024-01-07 04:00:00+00:00,5423,6342,36.5,-919,919,14.490696941028066,4
2024-01-05 15:30:00+00:00,2024-01-07 05:00:00+00:00,5364,6290,37.5,-926,926,14.721780604133544,5
2024-01-05 15:30:00+00:00,2024-01-07 06:00:00+00:00,5308,6402,38.5,-1094,1094,17.08840987191503,6
2024-01-05 15:30:00+00:00,2024-01-07 07:00:00+00:00,5211,6138,39.5,-927,927,15.102639296187684,7
2024-01-05 15:30:00+00:00,2024-01-07 08:00:00+00:00,5117,6044,40.5,-927,927,15.337524818001324,8
2024-01-05 15:30:00+00:00,2024-01-07 09:00:00+00:00,5027,5549,41.5,-522,522,9.407100378446568,9
2024-01-05 15:30:00+00:00,2024-01-07 10:00:00+00:00,4924,5311,42.5,-387,387,7.286763321408397,10
2024-01-05 15:30:00+00:00,2024-01-07 11:00:00+00:00,4823,4848,43.5,-25,25,0.5156765676567656,11
2024-01-05 15:30:00+00:00,2024-01-07 12:00:00+00:00,4724,4435,44.5,289,289,6.516347237880496,12
2024-01-05 15:30:00+00:00,2024-01-07 13:00:00+00:00,4794,4437,45.5,357,357,8.045977011494253,13
2024-01-05 15:30:00+00:00,2024-01-07 14:00:00+00:00,4868,4332,46.5,536,536,12.3730378578024,14
2024-01-05 15:30:00+00:00,2024-01-07 15:00:00+00:00,4946,4325,47.5,621,621,14.358381502890175,15
2024-01-05 11:30:00+00:00,2024-01-05 21:00:00+00:00,6765,6579,9.5,186,186,2.827177382580939,21
2024-01-05 11:30:00+00:00,2024-01-05 22:00:00+00:00,6466,6280,10.5,186,186,2.961783439490446,22
2024-01-05 11:30:00+00:00,2024-01-05 23:00:00+00:00,6257,5845,11.5,412,412,7.048759623609923,23
2024-01-05 11:30:00+00:00,2024-01-06 00:00:00+00:00,6147,5741,12.5,406,406,7.0719386866399585,0
2024-01-05 11:30:00+00:00,2024-01-06 01:00:00+00:00,6153,5877,13.5,276,276,4.696273608984176,1
2024-01-05 11:30:00+00:00,2024-01-06 02:00:00+00:00,6166,6107,14.5,59,59,0.9661044702800066,2
2024-01-05 11:30:00+00:00,2024-01-06 03:00:00+00:00,6045,6074,15.5,-29,29,0.4774448468883767,3
2024-01-05 11:30:00+00:00,2024-01-06 04:00:00+00:00,6244,5871,16.5,373,373,6.353261795264861,4
2024-01-05 11:30:00+00:00,2024-01-06 05:00:00+00:00,6223,5734,17.5,489,489,8.528078130449948,5
2024-01-05 11:30:00+00:00,2024-01-06 06:00:00+00:00,6353,5712,18.5,641,641,11.221988795518207,6
2024-01-05 11:30:00+00:00,2024-01-06 07:00:00+00:00,6139,6033,19.5,106,106,1.7570031493452678,7
2024-01-05 11:30:00+00:00,2024-01-06 08:00:00+00:00,6196,5771,20.5,425,425,7.364408248137239,8
2024-01-05 11:30:00+00:00,2024-01-06 09:00:00+00:00,6212,5244,21.5,968,968,18.459191456903127,9
2024-01-05 11:30:00+00:00,2024-01-06 10:00:00+00:00,6156,4940,22.5,1216,1216,24.615384615384617,10
2024-01-05 11:30:00+00:00,2024-01-06 11:00:00+00:00,6027,4696,23.5,1331,1331,28.343270868824533,11
2024-01-05 11:30:00+00:00,2024-01-06 12:00:00+00:00,5925,4362,24.5,1563,1563,35.832187070151306,12
2024-01-05 11:30:00+00:00,2024-01-06 13:00:00+00:00,6030,4591,25.5,1439,1439,31.343933783489437,13
2024-01-05 11:30:00+00:00,2024-01-06 14:00:00+00:00,6258,4539,26.5,1719,1719,37.871777924653,14
2024-01-05 11:30:00+00:00,2024-01-06 15:00:00+00:00,6306,4631,27.5,1675,1675,36.169293889008856,15
2024-01-05 11:30:00+00:00,2024-01-06 16:00:00+00:00,6196,5248,28.5,948,948,18.0640243902439,16
2024-01-05 11:30:00+00:00,2024-01-06 17:00:00+00:00,6237,5212,29.5,1025,1025,19.66615502686109,17
2024-01-05 11:30:00+00:00,2024-01-06 18:00:00+00:00,6313,5050,30.5,1263,1263,25.00990099009901,18
2024-01-05 11:30:00+00:00,2024-01-06 19:00:00+00:00,6113,4878,31.5,1235,1235,25.317753177531777,19
2024-01-05 11:30:00+00:00,2024-01-06 20:00:00+00:00,5828,5132,32.5,696,696,13.561964146531565,20
2024-01-05 11:30:00+00:00,2024-01-06 21:00:00+00:00,5784,4916,33.5,868,868,17.656631407648497,21
2024-01-05 11:30:00+00:00,2024-01-06 22:00:00+00:00,5345,5090,34.5,255,255,5.009823182711198,22
2024-01-05 11:30:00+00:00,2024-01-06 23:00:00+00:00,5210,5175,35.5,35,35,0.6763285024154589,23
2024-01-05 11:30:00+00:00,2024-01-07 00:00:00+00:00,5117,5708,36.5,-591,591,10.353889278206028,0
2024-01-05 11:30:00+00:00,2024-01-07 01:00:00+00:00,5045,5803,37.5,-758,758,13.062209202136826,1
2024-01-05 11:30:00+00:00,2024-01-07 02:00:00+00:00,4998,5904,38.5,-906,906,15.345528455284551,2
2024-01-05 11:30:00+00:00,2024-01-07 03:00:00+00:00,4959,5881,39.5,-922,922,15.67760584934535,3
2024-01-05 11:30:00+00:00,2024-01-07 04:00:00+00:00,4891,6342,40.5,-1451,1451,22.879217912330496,4
2024-01-05 11:30:00+00:00,2024-01-07 05:00:00+00:00,4824,6290,41.5,-1466,1466,23.30683624801272,5
2024-01-05 11:30:00+00:00,2024-01-07 06:00:00+00:00,4760,6402,42.5,-1642,1642,25.648234926585445,6
2024-01-05 11:30:00+00:00,2024-01-07 07:00:00+00:00,4658,6138,43.5,-1480,1480,24.11208862821766,7
2024-01-05 11:30:00+00:00,2024-01-07 08:00:00+00:00,4560,6044,44.5,-1484,1484,24.553275976174717,8
2024-01-05 11:30:00+00:00,2024-01-07 09:00:00+00:00,4467,5549,45.5,-1082,1082,19.499008830419896,9
2024-01-05 11:30:00+00:00,2024-01-07 10:00:00+00:00,4386,5311,46.5,-925,925,17.416682357371492,10
2024-01-05 11:30:00+00:00,2024-01-07 11:00:00+00:00,4306,4848,47.5,-542,542,11.17986798679868,11
2024-01-05 09:30:00+00:00,2024-01-05 21:00:00+00:00,6756,6579,11.5,177,177,2.6903784769721844,21
2024-01-05 09:30:00+00:00,2024-01-05 22:00:00+00:00,6457,6280,12.5,177,177,2.8184713375796178,22
2024-01-05 09:30:00+00:00,2024-01-05 23:00:00+00:00,6244,5845,13.5,399,399,6.826347305389222,23
2024-01-05 09:30:00+00:00,2024-01-06 00:00:00+00:00,6131,5741,14.5,390,390,6.793241595540847,0
2024-01-05 09:30:00+00:00,2024-01-06 01:00:00+00:00,6150,5877,15.5,273,273,4.645227156712608,1
2024-01-05 09:30:00+00:00,2024-01-06 02:00:00+00:00,6158,6107,16.5,51,51,0.8351072539708531,2
2024-01-05 09:30:00+00:00,2024-01-06 03:00:00+00:00,6041,6074,17.5,-33,33,0.5432993085281528,3
2024-01-05 09:30:00+00:00,2024-01-06 04:00:00+00:00,6239,5871,18.5,368,368,6.26809742803611,4
2024-01-05 09:30:00+00:00,2024-01-06 05:00:00+00:00,6210,5734,19.5,476,476,8.301360306941055,5
2024-01-05 09:30:00+00:00,2024-01-06 06:00:00+00:00,6349,5712,20.5,637,637,11.151960784313726,6
2024-01-05 09:30:00+00:00,2024-01-06 07:00:00+00:00,6139,6033,21.5,106,106,1.7570031493452678,7
2024-01-05 09:30:00+00:00,2024-01-06 08:00:00+00:00,6188,5771,22.5,417,417,7.225784092878184,8
2024-01-05 09:30:00+00:00,2024-01-06 09:00:00+00:00,6204,5244,23.5,960,960,18.306636155606405,9
2024-01-05 09:30:00+00:00,2024-01-06 10:00:00+00:00,6154,4940,24.5,1214,1214,24.574898785425102,10
2024-01-05 09:30:00+00:00,2024-01-06 11:00:00+00:00,6035,4696,25.5,1339,1339,28.513628620102217,11
2024-01-05 09:30:00+00:00,2024-01-06 12:00:00+00:00,5931,4362,26.5,1569,1569,35.9697386519945,12
2024-01-05 09:30:00+00:00,2024-01-06 13:00:00+00:00,6034,4591,27.5,1443,1443,31.431060771073838,13
2024-01-05 09:30:00+00:00,2024-01-06 14:00:00+00:00,6259,4539,28.5,1720,1720,37.89380920907689,14
2024-01-05 09:30:00+00:00,2024-01-06 15:00:00+00:00,6295,4631,29.5,1664,1664,35.93176419779745,15
2024-01-05 09:30:00+00:00,2024-01-06 16:00:00+00:00,6189,5248,30.5,941,941,17.93064024390244,16
2024-01-05 09:30:00+00:00,2024-01-06 17:00:00+00:00,6225,5212,31.5,1013,1013,19.435917114351497,17
2024-01-05 09:30:00+00:00,2024-01-06 18:00:00+00:00,6331,5050,32.5,1281,1281,25.366336633663366,18
2024-01-05 09:30:00+00:00,2024-01-06 19:00:00+00:00,6103,4878,33.5,1225,1225,25.112751127511274,19
2024-01-05 09:30:00+00:00,2024-01-06 20:00:00+00:00,5807,5132,34.5,675,675,13.152766952455183,20
2024-01-05 09:30:00+00:00,2024-01-06 21:00:00+00:00,5783,4916,35.5,867,867,17.636289666395445,21
2024-01-05 09:30:00+00:00,2024-01-06 22:00:00+00:00,5381,5090,36.5,291,291,5.717092337917485,22
2024-01-05 09:30:00+00:00,2024-01-06 23:00:00+00:00,5263,5175,37.5,88,88,1.7004830917874396,23
2024-01-05 09:30:00+00:00,2024-01-07 00:00:00+00:00,5150,5708,38.5,-558,558,9.775753328661528,0
2024-01-05 09:30:00+00:00,2024-01-07 01:00:00+00:00,5095,5803,39.5,-708,708,12.200585903842839,1
2024-01-05 09:30:00+00:00,2024-01-07 02:00:00+00:00,5042,5904,40.5,-862,862,14.600271002710027,2
2024-01-05 09:30:00+00:00,2024-01-07 03:00:00+00:00,4992,5881,41.5,-889,889,15.116476789661624,3
2024-01-05 09:30:00+00:00,2024-01-07 04:00:00+00:00,4910,6342,42.5,-1432,1432,22.579627877641123,4
2024-01-05 09:30:00+00:00,2024-01-07 05:00:00+00:00,4832,6290,43.5,-1458,1458,23.179650238473766,5
2024-01-05 09:30:00+00:00,2024-01-07 06:00:00+00:00,4758,6402,44.5,-1644,1644,25.679475164011244,6
2024-01-05 09:30:00+00:00,2024-01-07 07:00:00+00:00,4654,6138,45.5,-1484,1484,24.177256435320952,7
2024-01-05 09:30:00+00:00,2024-01-07 08:00:00+00:00,4554,6044,46.5,-1490,1490,24.652547981469226,8
2024-01-05 09:30:00+00:00,2024-01-07 09:00:00+00:00,4459,5549,47.5,-1090,1090,19.643178951162373,9
2024-01-05 07:30:00+00:00,2024-01-05 21:00:00+00:00,6757,6579,13.5,178,178,2.705578355373157,21
2024-01-05 07:30:00+00:00,2024-01-05 22:00:00+00:00,6458,6280,14.5,178,178,2.8343949044585988,22
2024-01-05 07:30:00+00:00,2024-01-05 23:00:00+00:00,6246,5845,15.5,401,401,6.860564585115483,23
2024-01-05 07:30:00+00:00,2024-01-06 00:00:00+00:00,6134,5741,16.5,393,393,6.845497300121931,0
2024-01-05 07:30:00+00:00,2024-01-06 01:00:00+00:00,6153,5877,17.5,276,276,4.696273608984176,1
2024-01-05 07:30:00+00:00,2024-01-06 02:00:00+00:00,6161,6107,18.5,54,54,0.8842312100867857,2
2024-01-05 07:30:00+00:00,2024-01-06 03:00:00+00:00,6045,6074,19.5,-29,29,0.4774448468883767,3
2024-01-05 07:30:00+00:00,2024-01-06 04:00:00+00:00,6243,5871,20.5,372,372,6.336228921819111,4
2024-01-05 07:30:00+00:00,2024-01-06 05:00:00+00:00,6214,5734,21.5,480,480,8.371119637251482,5
2024-01-05 07:30:00+00:00,2024-01-06 06:00:00+00:00,6352,5712,22.5,640,640,11.204481792717088,6
2024-01-05 07:30:00+00:00,2024-01-06 07:00:00+00:00,6142,6033,23.5,109,109,1.8067296535720205,7
2024-01-05 07:30:00+00:00,2024-01-06 08:00:00+00:00,6191,5771,24.5,420,420,7.27776815110033,8
2024-01-05 07:30:00+00:00,2024-01-06 09:00:00+00:00,6209,5244,25.5,965,965,18.401983218916858,9
2024-01-05 07:30:00+00:00,2024-01-06 10:00:00+00:00,6158,4940,26.5,1218,1218,24.65587044534413,10
2024-01-05 07:30:00+00:00,2024-01-06 11:00:00+00:00,6038,4696,27.5,1342,1342,28.577512776831345,11
2024-01-05 07:30:00+00:00,2024-01-06 12:00:00+00:00,5933,4362,28.5,1571,1571,36.01558917927556,12
2024-01-05 07:30:00+00:00,2024-01-06 13:00:00+00:00,6036,4591,29.5,1445,1445,31.47462426486604,13
2024-01-05 07:30:00+00:00,2024-01-06 14:00:00+00:00,6261,4539,30.5,1722,1722,37.937871777924656,14
2024-01-05 07:30:00+00:00,2024-01-06 15:00:00+00:00,6296,4631,31.5,1665,1665,35.9533578060894,15
2024-01-05 07:30:00+00:00,2024-01-06 16:00:00+00:00,6191,5248,32.5,943,943,17.96875,16
2024-01-05 07:30:00+00:00,2024-01-06 17:00:00+00:00,6228,5212,33.5,1016,1016,19.493476592478896,17
2024-01-05 07:30:00+00:00,2024-01-06 18:00:00+00:00,6337,5050,34.5,1287,1287,25.485148514851485,18
2024-01-05 07:30:00+00:00,2024-01-06 19:00:00+00:00,6106,4878,35.5,1228,1228,25.174251742517423,19
2024-01-05 07:30:00+00:00,2024-01-06 20:00:00+00:00,5807,5132,36.5,675,675,13.152766952455183,20
2024-01-05 07:30:00+00:00,2024-01-06 21:00:00+00:00,5784,4916,37.5,868,868,17.656631407648497,21
2024-01-05 07:30:00+00:00,2024-01-06 22:00:00+00:00,5382,5090,38.5,292,292,5.736738703339882,22
2024-01-05 07:30:00+00:00,2024-01-06 23:00:00+00:00,5264,5175,39.5,89,89,1.7198067632850242,23
2024-01-05 07:30:00+00:00,2024-01-07 00:00:00+00:00,5152,5708,40.5,-556,556,9.74071478626489,0
2024-01-05 07:30:00+00:00,2024-01-07 01:00:00+00:00,5096,5803,41.5,-707,707,12.18335343787696,1
2024-01-05 07:30:00+00:00,2024-01-07 02:00:00+00:00,5043,5904,42.5,-861,861,14.583333333333334,2
2024-01-05 07:30:00+00:00,2024-01-07 03:00:00+00:00,4992,5881,43.5,-889,889,15.116476789661624,3
2024-01-05 07:30:00+00:00,2024-01-07 04:00:00+00:00,4910,6342,44.5,-1432,1432,22.579627877641123,4
2024-01-05 07:30:00+00:00,2024-01-07 05:00:00+00:00,4832,6290,45.5,-1458,1458,23.179650238473766,5
2024-01-05 07:30:00+00:00,2024-01-07 06:00:00+00:00,4758,6402,46.5,-1644,1644,25.679475164011244,6
2024-01-05 07:30:00+00:00,2024-01-07 07:00:00+00:00,4654,6138,47.5,-1484,1484,24.177256435320952,7
2024-01-05 04:30:00+00:00,2024-01-05 21:00:00+00:00,6866,6579,16.5,287,287,4.362365101079192,21
2024-01-05 04:30:00+00:00,2024-01-05 22:00:00+00:00,6563,6280,17.5,283,283,4.506369426751592,22
2024-01-05 04:30:00+00:00,2024-01-05 23:00:00+00:00,6375,5845,18.5,530,530,9.067579127459368,23
2024-01-05 04:30:00+00:00,2024-01-06 00:00:00+00:00,6411,5741,19.5,670,670,11.670440689775301,0
2024-01-05 04:30:00+00:00,2024-01-06 01:00:00+00:00,6348,5877,20.5,471,471,8.01429300663604,1
2024-01-05 04:30:00+00:00,2024-01-06 02:00:00+00:00,6273,6107,21.5,166,166,2.7181922384149337,2
2024-01-05 04:30:00+00:00,2024-01-06 03:00:00+00:00,6287,6074,22.5,213,213,3.5067500823180766,3
2024-01-05 04:30:00+00:00,2024-01-06 04:00:00+00:00,6354,5871,23.5,483,483,8.226877874297394,4
2024-01-05 04:30:00+00:00,2024-01-06 05:00:00+00:00,6387,5734,24.5,653,653,11.388210673177538,5
2024-01-05 04:30:00+00:00,2024-01-06 06:00:00+00:00,6495,5712,25.5,783,783,13.707983193277313,6
2024-01-05 04:30:00+00:00,2024-01-06 07:00:00+00:00,6267,6033,26.5,234,234,3.8786673296867233,7
2024-01-05 04:30:00+00:00,2024-01-06 08:00:00+00:00,6277,5771,27.5,506,506,8.767977820135158,8
2024-01-05 04:30:00+00:00,2024-01-06 09:00:00+00:00,6249,5244,28.5,1005,1005,19.164759725400458,9
2024-01-05 04:30:00+00:00,2024-01-06 10:00:00+00:00,6155,4940,29.5,1215,1215,24.595141700404856,10
2024-01-05 04:30:00+00:00,2024-01-06 11:00:00+00:00,5953,4696,30.5,1257,1257,26.767461669505966,11
2024-01-05 04:30:00+00:00,2024-01-06 12:00:00+00:00,5940,4362,31.5,1578,1578,36.17606602475929,12
2024-01-05 04:30:00+00:00,2024-01-06 13:00:00+00:00,6011,4591,32.5,1420,1420,30.930080592463515,13
2024-01-05 04:30:00+00:00,2024-01-06 14:00:00+00:00,6181,4539,33.5,1642,1642,36.175369024014095,14
2024-01-05 04:30:00+00:00,2024-01-06 15:00:00+00:00,6157,4631,34.5,1526,1526,32.95184625350896,15
2024-01-05 04:30:00+00:00,2024-01-06 16:00:00+00:00,5754,5248,35.5,506,506,9.641768292682928,16
2024-01-05 04:30:00+00:00,2024-01-06 17:00:00+00:00,5763,5212,36.5,551,551,10.571757482732156,17
2024-01-05 04:30:00+00:00,2024-01-06 18:00:00+00:00,5777,5050,37.5,727,727,14.396039603960395,18
2024-01-05 04:30:00+00:00,2024-01-06 19:00:00+00:00,5617,4878,38.5,739,739,15.149651496514965,19
2024-01-05 04:30:00+00:00,2024-01-06 20:00:00+00:00,5467,5132,39.5,335,335,6.527669524551831,20
2024-01-05 04:30:00+00:00,2024-01-06 21:00:00+00:00,5324,4916,40.5,408,408,8.299430431244915,21
2024-01-05 04:30:00+00:00,2024-01-06 22:00:00+00:00,5095,5090,41.5,5,5,0.09823182711198428,22
2024-01-05 04:30:00+00:00,2024-01-06 23:00:00+00:00,4877,5175,42.5,-298,298,5.758454106280193,23
2024-01-05 04:30:00+00:00,2024-01-07 00:00:00+00:00,4671,5708,43.5,-1037,1037,18.167484232655923,0
2024-01-05 04:30:00+00:00,2024-01-07 01:00:00+00:00,4539,5803,44.5,-1264,1264,21.78183698087196,1
2024-01-05 04:30:00+00:00,2024-01-07 02:00:00+00:00,4413,5904,45.5,-1491,1491,25.25406504065041,2
2024-01-05 04:30:00+00:00,2024-01-07 03:00:00+00:00,4294,5881,46.5,-1587,1587,26.98520659751743,3
2024-01-05 04:30:00+00:00,2024-01-07 04:00:00+00:00,4178,6342,47.5,-2164,2164,34.12172816146326,4
2024-01-05 02:30:00+00:00,2024-01-05 21:00:00+00:00,6864,6579,18.5,285,285,4.331965344277246,21
2024-01-05 02:30:00+00:00,2024-01-05 22:00:00+00:00,6564,6280,19.5,284,284,4.522292993630573,22
2024-01-05 02:30:00+00:00,2024-01-05 23:00:00+00:00,6380,5845,20.5,535,535,9.153122326775023,23
2024-01-05 02:30:00+00:00,2024-01-06 00:00:00+00:00,6418,5741,21.5,677,677,11.792370667131163,0
2024-01-05 02:30:00+00:00,2024-01-06 01:00:00+00:00,6350,5877,22.5,473,473,8.048323974817082,1
2024-01-05 02:30:00+00:00,2024-01-06 02:00:00+00:00,6277,6107,23.5,170,170,2.7836908465695105,2
2024-01-05 02:30:00+00:00,2024-01-06 03:00:00+00:00,6301,6074,24.5,227,227,3.737240698057293,3
2024-01-05 02:30:00+00:00,2024-01-06 04:00:00+00:00,6357,5871,25.5,486,486,8.277976494634645,4
2024-01-05 02:30:00+00:00,2024-01-06 05:00:00+00:00,6394,5734,26.5,660,660,11.510289501220788,5
2024-01-05 02:30:00+00:00,2024-01-06 06:00:00+00:00,6507,5712,27.5,795,795,13.918067226890757,6
2024-01-05 02:30:00+00:00,2024-01-06 07:00:00+00:00,6268,6033,28.5,235,235,3.8952428310956404,7
2024-01-05 02:30:00+00:00,2024-01-06 08:00:00+00:00,6276,5771,29.5,505,505,8.750649800727777,8
2024-01-05 02:30:00+00:00,2024-01-06 09:00:00+00:00,6252,5244,30.5,1008,1008,19.221967963386728,9
2024-01-05 02:30:00+00:00,2024-01-06 10:00:00+00:00,6154,4940,31.5,1214,1214,24.574898785425102,10
2024-01-05 02:30:00+00:00,2024-01-06 11:00:00+00:00,5955,4696,32.5,1259,1259,26.810051107325382,11
2024-01-05 02:30:00+00:00,2024-01-06 12:00:00+00:00,5949,4362,33.5,1587,1587,36.38239339752407,12
2024-01-05 02:30:00+00:00,2024-01-06 13:00:00+00:00,6013,4591,34.5,1422,1422,30.97364408625572,13
2024-01-05 02:30:00+00:00,2024-01-06 14:00:00+00:00,6182,4539,35.5,1643,1643,36.197400308437985,14
2024-01-05 02:30:00+00:00,2024-01-06 15:00:00+00:00,6155,4631,36.5,1524,1524,32.90865903692507,15
2024-01-05 02:30:00+00:00,2024-01-06 16:00:00+00:00,5758,5248,37.5,510,510,9.71798780487805,16
2024-01-05 02:30:00+00:00,2024-01-06 17:00:00+00:00,5774,5212,38.5,562,562,10.782808902532617,17
2024-01-05 02:30:00+00:00,2024-01-06 18:00:00+00:00,5792,5050,39.5,742,742,14.693069306930692,18
2024-01-05 02:30:00+00:00,2024-01-06 19:00:00+00:00,5633,4878,40.5,755,755,15.477654776547766,19
2024-01-05 02:30:00+00:00,2024-01-06 20:00:00+00:00,5483,5132,41.5,351,351,6.839438815276695,20
2024-01-05 02:30:00+00:00,2024-01-06 21:00:00+00:00,5341,4916,42.5,425,425,8.645240032546786,21
2024-01-05 02:30:00+00:00,2024-01-06 22:00:00+00:00,5111,5090,43.5,21,21,0.41257367387033395,22
2024-01-05 02:30:00+00:00,2024-01-06 23:00:00+00:00,4892,5175,44.5,-283,283,5.468599033816425,23
2024-01-05 02:30:00+00:00,2024-01-07 00:00:00+00:00,4686,5708,45.5,-1022,1022,17.90469516468115,0
2024-01-05 02:30:00+00:00,2024-01-07 01:00:00+00:00,4551,5803,46.5,-1252,1252,21.57504738928141,1
2024-01-05 02:30:00+00:00,2024-01-07 02:00:00+00:00,4423,5904,47.5,-1481,1481,25.08468834688347,2
2024-01-04 22:30:00+00:00,2024-01-05 03:00:00+00:00,7889,6547,4.5,1342,1342,20.497937986864212,3
2024-01-04 22:30:00+00:00,2024-01-05 04:00:00+00:00,7904,6416,5.5,1488,1488,23.19201995012469,4
2024-01-04 22:30:00+00:00,2024-01-05 05:00:00+00:00,7782,6485,6.5,1297,1297,20.0,5
2024-01-04 22:30:00+00:00,2024-01-05 06:00:00+00:00,8101,7916,7.5,185,185,2.3370389085396663,6
2024-01-04 22:30:00+00:00,2024-01-05 07:00:00+00:00,8211,8250,8.5,-39,39,0.4727272727272728,7
2024-01-04 22:30:00+00:00,2024-01-05 08:00:00+00:00,8260,8316,9.5,-56,56,0.6734006734006733,8
2024-01-04 22:30:00+00:00,2024-01-05 09:00:00+00:00,8396,8545,10.5,-149,149,1.743709771796372,9
2024-01-04 22:30:00+00:00,2024-01-05 10:00:00+00:00,8436,8007,11.5,429,429,5.357811914574747,10
2024-01-04 22:30:00+00:00,2024-01-05 11:00:00+00:00,8360,8164,12.5,196,196,2.4007839294463498,11
2024-01-04 22:30:00+00:00,2024-01-05 12:00:00+00:00,8255,8539,13.5,-284,284,3.3259163836514816,12
2024-01-04 22:30:00+00:00,2024-01-05 13:00:00+00:00,8198,8724,14.5,-526,526,6.0293443374598805,13
2024-01-04 22:30:00+00:00,2024-01-05 14:00:00+00:00,8250,8984,15.5,-734,734,8.170080142475513,14
2024-01-04 22:30:00+00:00,2024-01-05 15:00:00+00:00,8108,8657,16.5,-549,549,6.341688806745986,15
2024-01-04 22:30:00+00:00,2024-01-05 16:00:00+00:00,7820,8416,17.5,-596,596,7.081749049429657,16
2024-01-04 22:30:00+00:00,2024-01-05 17:00:00+00:00,7960,7986,18.5,-26,26,0.32556974705735037,17
2024-01-04 22:30:00+00:00,2024-01-05 18:00:00+00:00,7929,7790,19.5,139,139,1.7843388960205393,18
2024-01-04 22:30:00+00:00,2024-01-05 19:00:00+00:00,7645,7236,20.5,409,409,5.652294085129906,19
2024-01-04 22:30:00+00:00,2024-01-05 20:00:00+00:00,7534,7104,21.5,430,430,6.052927927927928,20
2024-01-04 22:30:00+00:00,2024-01-05 21:00:00+00:00,7231,6579,22.5,652,652,9.91032071743426,21
2024-01-04 22:30:00+00:00,2024-01-05 22:00:00+00:00,7039,6280,23.5,759,759,12.085987261146498,22
2024-01-04 22:30:00+00:00,2024-01-05 23:00:00+00:00,6946,5845,24.5,1101,1101,18.8366124893071,23
2024-01-04 22:30:00+00:00,2024-01-06 00:00:00+00:00,6952,5741,25.5,1211,1211,21.093886082564016,0
2024-01-04 22:30:00+00:00,2024-01-06 01:00:00+00:00,6911,5877,26.5,1034,1034,17.594010549600135,1
2024-01-04 22:30:00+00:00,2024-01-06 02:00:00+00:00,6712,6107,27.5,605,605,9.906664483379728,2
2024-01-04 22:30:00+00:00,2024-01-06 03:00:00+00:00,6840,6074,28.5,766,766,12.611129404017122,3
2024-01-04 22:30:00+00:00,2024-01-06 04:00:00+00:00,6805,5871,29.5,934,934,15.908703798330778,4
2024-01-04 22:30:00+00:00,2024-01-06 05:00:00+00:00,6910,5734,30.5,1176,1176,20.50924311126613,5
2024-01-04 22:30:00+00:00,2024-01-06 06:00:00+00:00,6995,5712,31.5,1283,1283,22.461484593837536,6
2024-01-04 22:30:00+00:00,2024-01-06 07:00:00+00:00,6790,6033,32.5,757,757,12.547654566550639,7
2024-01-04 22:30:00+00:00,2024-01-06 08:00:00+00:00,6709,5771,33.5,938,938,16.25368220412407,8
2024-01-04 22:30:00+00:00,2024-01-06 09:00:00+00:00,6506,5244,34.5,1262,1262,24.06559877955759,9
2024-01-04 22:30:00+00:00,2024-01-06 10:00:00+00:00,5752,4940,35.5,812,812,16.437246963562753,10
2024-01-04 22:30:00+00:00,2024-01-06 11:00:00+00:00,5715,4696,36.5,1019,1019,21.699318568994887,11
2024-01-04 22:30:00+00:00,2024-01-06 12:00:00+00:00,5670,4362,37.5,1308,1308,29.98624484181568,12
2024-01-04 22:30:00+00:00,2024-01-06 13:00:00+00:00,5764,4591,38.5,1173,1173,25.549989109126553,13
2024-01-04 22:30:00+00:00,2024-01-06 14:00:00+00:00,5861,4539,39.5,1322,1322,29.125358008371887,14
2024-01-04 22:30:00+00:00,2024-01-06 15:00:00+00:00,5960,4631,40.5,1329,1329,28.697905419995685,15
2024-01-04 22:30:00+00:00,2024-01-06 16:00:00+00:00,5926,5248,41.5,678,678,12.91920731707317,16
2024-01-04 22:30:00+00:00,2024-01-06 17:00:00+00:00,5894,5212,42.5,682,682,13.08518802762855,17
2024-01-04 22:30:00+00:00,2024-01-06 18:00:00+00:00,5865,5050,43.5,815,815,16.13861386138614,18
2024-01-04 22:30:00+00:00,2024-01-06 19:00:00+00:00,5681,4878,44.5,803,803,16.461664616646164,19
2024-01-04 22:30:00+00:00,2024-01-06 20:00:00+00:00,5505,5132,45.5,373,373,7.268121590023383,20
2024-01-04 22:30:00+00:00,2024-01-06 21:00:00+00:00,5338,4916,46.5,422,422,8.584214808787632,21
2024-01-04 18:30:00+00:00,2024-01-04 23:00:00+00:00,6005,5263,4.5,742,742,14.09842295268858,23
2024-01-04 18:30:00+00:00,2024-01-05 00:00:00+00:00,6714,5740,5.5,974,974,16.968641114982578,0
2024-01-04 18:30:00+00:00,2024-01-05 01:00:00+00:00,7287,5813,6.5,1474,1474,25.356958541200758,1
2024-01-04 18:30:00+00:00,2024-01-05 02:00:00+00:00,7442,5990,7.5,1452,1452,24.24040066777963,2
2024-01-04 18:30:00+00:00,2024-01-05 03:00:00+00:00,7643,6547,8.5,1096,1096,16.740491828318312,3
2024-01-04 18:30:00+00:00,2024-01-05 04:00:00+00:00,7665,6416,9.5,1249,1249,19.466957605985037,4
2024-01-04 18:30:00+00:00,2024-01-05 05:00:00+00:00,7557,6485,10.5,1072,1072,16.530454895913646,5
2024-01-04 18:30:00+00:00,2024-01-05 06:00:00+00:00,7883,7916,11.5,-33,33,0.416877210712481,6
2024-01-04 18:30:00+00:00,2024-01-05 07:00:00+00:00,8008,8250,12.5,-242,242,2.933333333333333,7
2024-01-04 18:30:00+00:00,2024-01-05 08:00:00+00:00,8056,8316,13.5,-260,260,3.1265031265031267,8
2024-01-04 18:30:00+00:00,2024-01-05 09:00:00+00:00,8171,8545,14.5,-374,374,4.3768285547103565,9
2024-01-04 18:30:00+00:00,2024-01-05 10:00:00+00:00,8206,8007,15.5,199,199,2.4853253403272135,10
2024-01-04 18:30:00+00:00,2024-01-05 11:00:00+00:00,8138,8164,16.5,-26,26,0.3184713375796179,11
2024-01-04 18:30:00+00:00,2024-01-05 12:00:00+00:00,8043,8539,17.5,-496,496,5.808642698208221,12
2024-01-04 18:30:00+00:00,2024-01-05 13:00:00+00:00,8003,8724,18.5,-721,721,8.264557542411739,13
2024-01-04 18:30:00+00:00,2024-01-05 14:00:00+00:00,8053,8984,19.5,-931,931,10.362867319679431,14
2024-01-04 18:30:00+00:00,2024-01-05 15:00:00+00:00,7935,8657,20.5,-722,722,8.340071618343536,15
2024-01-04 18:30:00+00:00,2024-01-05 16:00:00+00:00,7649,8416,21.5,-767,767,9.113593155893536,16
2024-01-04 18:30:00+00:00,2024-01-05 17:00:00+00:00,7772,7986,22.5,-214,214,2.6796894565489606,17
2024-01-04 18:30:00+00:00,2024-01-05 18:00:00+00:00,7744,7790,23.5,-46,46,0.5905006418485238,18
2024-01-04 18:30:00+00:00,2024-01-05 19:00:00+00:00,7481,7236,24.5,245,245,3.3858485351022662,19
2024-01-04 18:30:00+00:00,2024-01-05 20:00:00+00:00,7362,7104,25.5,258,258,3.6317567567567566,20
2024-01-04 18:30:00+00:00,2024-01-05 21:00:00+00:00,7047,6579,26.5,468,468,7.113543091655266,21
2024-01-04 18:30:00+00:00,2024-01-05 22:00:00+00:00,6840,6280,27.5,560,560,8.9171974522293,22
2024-01-04 18:30:00+00:00,2024-01-05 23:00:00+00:00,6753,5845,28.5,908,908,15.534644995722841,23
2024-01-04 18:30:00+00:00,2024-01-06 00:00:00+00:00,6747,5741,29.5,1006,1006,17.523079602856644,0
2024-01-04 18:30:00+00:00,2024-01-06 01:00:00+00:00,6713,5877,30.5,836,836,14.224944699676707,1
2024-01-04 18:30:00+00:00,2024-01-06 02:00:00+00:00,6525,6107,31.5,418,418,6.844604552153266,2
2024-01-04 18:30:00+00:00,2024-01-06 03:00:00+00:00,6645,6074,32.5,571,571,9.400724399078038,3
2024-01-04 18:30:00+00:00,2024-01-06 04:00:00+00:00,6589,5871,33.5,718,718,12.229603134048714,4
2024-01-04 18:30:00+00:00,2024-01-06 05:00:00+00:00,6719,5734,34.5,985,985,17.178235088943147,5
2024-01-04 18:30:00+00:00,2024-01-06 06:00:00+00:00,6807,5712,35.5,1095,1095,19.170168067226893,6
2024-01-04 18:30:00+00:00,2024-01-06 07:00:00+00:00,6597,6033,36.5,564,564,9.348582794629538,7
2024-01-04 18:30:00+00:00,2024-01-06 08:00:00+00:00,6518,5771,37.5,747,747,12.944030497314158,8
2024-01-04 18:30:00+00:00,2024-01-06 09:00:00+00:00,6355,5244,38.5,1111,1111,21.186117467582,9
2024-01-04 18:30:00+00:00,2024-01-06 10:00:00+00:00,5576,4940,39.5,636,636,12.874493927125505,10
2024-01-04 18:30:00+00:00,2024-01-06 11:00:00+00:00,5528,4696,40.5,832,832,17.717206132879046,11
2024-01-04 18:30:00+00:00,2024-01-06 12:00:00+00:00,5473,4362,41.5,1111,1111,25.469967904630902,12
2024-01-04 18:30:00+00:00,2024-01-06 13:00:00+00:00,5566,4591,42.5,975,975,21.237203223698543,13
2024-01-04 18:30:00+00:00,2024-01-06 14:00:00+00:00,5662,4539,43.5,1123,1123,24.741132408019386,14
2024-01-04 18:30:00+00:00,2024-01-06 15:00:00+00:00,5759,4631,44.5,1128,1128,24.357590153314618,15
2024-01-04 18:30:00+00:00,2024-01-06 16:00:00+00:00,5739,5248,45.5,491,491,9.35594512195122,16
2024-01-04 18:30:00+00:00,2024-01-06 17:00:00+00:00,5722,5212,46.5,510,510,9.785111281657713,17
2024-01-04 18:30:00+00:00,2024-01-06 18:00:00+00:00,5709,5050,47.5,659,659,13.04950495049505,18
2024-01-04 15:30:00+00:00,2024-01-04 21:00:00+00:00,4711,5331,5.5,-620,620,11.630088163571562,21
2024-01-04 15:30:00+00:00,2024-01-04 22:00:00+00:00,5017,5052,6.5,-35,35,0.6927949326999208,22
2024-01-04 15:30:00+00:00,2024-01-04 23:00:00+00:00,5631,5263,7.5,368,368,6.992209766292989,23
2024-01-04 15:30:00+00:00,2024-01-05 00:00:00+00:00,6092,5740,8.5,352,352,6.132404181184669,0
2024-01-04 15:30:00+00:00,2024-01-05 01:00:00+00:00,6774,5813,9.5,961,961,16.531911233442283,1
2024-01-04 15:30:00+00:00,2024-01-05 02:00:00+00:00,7003,5990,10.5,1013,1013,16.91151919866444,2
2024-01-04 15:30:00+00:00,2024-01-05 03:00:00+00:00,7279,6547,11.5,732,732,11.180693447380479,3
2024-01-04 15:30:00+00:00,2024-01-05 04:00:00+00:00,7263,6416,12.5,847,847,13.201371571072318,4
2024-01-04 15:30:00+00:00,2024-01-05 05:00:00+00:00,7199,6485,13.5,714,714,11.010023130300695,5
2024-01-04 15:30:00+00:00,2024-01-05 06:00:00+00:00,7320,7916,14.5,-596,596,7.529055078322385,6
2024-01-04 15:30:00+00:00,2024-01-05 07:00:00+00:00,7436,8250,15.5,-814,814,9.866666666666667,7
2024-01-04 15:30:00+00:00,2024-01-05 08:00:00+00:00,7397,8316,16.5,-919,919,11.050986050986051,8
2024-01-04 15:30:00+00:00,2024-01-05 09:00:00+00:00,7518,8545,17.5,-1027,1027,12.018724400234056,9
2024-01-04 15:30:00+00:00,2024-01-05 10:00:00+00:00,7494,8007,18.5,-513,513,6.406893967778195,10
2024-01-04 15:30:00+00:00,2024-01-05 11:00:00+00:00,7468,8164,19.5,-696,696,8.525232729054386,11
2024-01-04 15:30:00+00:00,2024-01-05 12:00:00+00:00,7383,8539,20.5,-1156,1156,13.537884998243355,12
2024-01-04 15:30:00+00:00,2024-01-05 13:00:00+00:00,7326,8724,21.5,-1398,1398,16.024759284731775,13
2024-01-04 15:30:00+00:00,2024-01-05 14:00:00+00:00,7268,8984,22.5,-1716,1716,19.100623330365092,14
2024-01-04 15:30:00+00:00,2024-01-05 15:00:00+00:00,7124,8657,23.5,-1533,1533,17.708213006815292,15
2024-01-04 15:30:00+00:00,2024-01-05 16:00:00+00:00,7070,8416,24.5,-1346,1346,15.993346007604561,16
2024-01-04 15:30:00+00:00,2024-01-05 17:00:00+00:00,7284,7986,25.5,-702,702,8.790383170548461,17
2024-01-04 15:30:00+00:00,2024-01-05 18:00:00+00:00,7301,7790,26.5,-489,489,6.2772785622593075,18
2024-01-04 15:30:00+00:00,2024-01-05 19:00:00+00:00,7343,7236,27.5,107,107,1.478717523493643,19
2024-01-04 15:30:00+00:00,2024-01-05 20:00:00+00:00,7234,7104,28.5,130,130,1.829954954954955,20
2024-01-04 15:30:00+00:00,2024-01-05 21:00:00+00:00,7041,6579,29.5,462,462,7.02234382124943,21
2024-01-04 15:30:00+00:00,2024-01-05 22:00:00+00:00,7067,6280,30.5,787,787,12.531847133757962,22
2024-01-04 15:30:00+00:00,2024-01-05 23:00:00+00:00,7000,5845,31.5,1155,1155,19.760479041916167,23
2024-01-04 15:30:00+00:00,2024-01-06 00:00:00+00:00,6930,5741,32.5,1189,1189,20.710677582302733,0
2024-01-04 15:30:00+00:00,2024-01-06 01:00:00+00:00,6984,5877,33.5,1107,1107,18.83614088820827,1
2024-01-04 15:30:00+00:00,2024-01-06 02:00:00+00:00,6784,6107,34.5,677,677,11.085639430162109,2
2024-01-04 15:30:00+00:00,2024-01-06 03:00:00+00:00,6877,6074,35.5,803,803,13.220283174185052,3
2024-01-04 15:30:00+00:00,2024-01-06 04:00:00+00:00,6451,5871,36.5,580,580,9.879066598535173,4
2024-01-04 15:30:00+00:00,2024-01-06 05:00:00+00:00,6504,5734,37.5,770,770,13.428671084757587,5
2024-01-04 15:30:00+00:00,2024-01-06 06:00:00+00:00,6556,5712,38.5,844,844,14.775910364145659,6
2024-01-04 15:30:00+00:00,2024-01-06 07:00:00+00:00,6421,6033,39.5,388,388,6.431294546660037,7
2024-01-04 15:30:00+00:00,2024-01-06 08:00:00+00:00,6294,5771,40.5,523,523,9.062554150060647,8
2024-01-04 15:30:00+00:00,2024-01-06 09:00:00+00:00,6175,5244,41.5,931,931,17.753623188405797,9
2024-01-04 15:30:00+00:00,2024-01-06 10:00:00+00:00,6075,4940,42.5,1135,1135,22.975708502024293,10
2024-01-04 15:30:00+00:00,2024-01-06 11:00:00+00:00,5973,4696,43.5,1277,1277,27.193356047700167,11
2024-01-04 15:30:00+00:00,2024-01-06 12:00:00+00:00,5875,4362,44.5,1513,1513,34.68592388812471,12
2024-01-04 15:30:00+00:00,2024-01-06 13:00:00+00:00,5897,4591,45.5,1306,1306,28.446961446307995,13
2024-01-04 15:30:00+00:00,2024-01-06 14:00:00+00:00,5921,4539,46.5,1382,1382,30.4472350738048,14
2024-01-04 15:30:00+00:00,2024-01-06 15:00:00+00:00,5947,4631,47.5,1316,1316,28.417188512200386,15
2024-01-04 11:30:00+00:00,2024-01-04 21:00:00+00:00,4344,5331,9.5,-987,987,18.51435002813731,21
2024-01-04 11:30:00+00:00,2024-01-04 22:00:00+00:00,4521,5052,10.5,-531,531,10.510688836104514,22
2024-01-04 11:30:00+00:00,2024-01-04 23:00:00+00:00,4966,5263,11.5,-297,297,5.643169295078852,23
2024-01-04 11:30:00+00:00,2024-01-05 00:00:00+00:00,5488,5740,12.5,-252,252,4.390243902439024,0
2024-01-04 11:30:00+00:00,2024-01-05 01:00:00+00:00,6073,5813,13.5,260,260,4.472733528298641,1
2024-01-04 11:30:00+00:00,2024-01-05 02:00:00+00:00,6312,5990,14.5,322,322,5.375626043405676,2
2024-01-04 11:30:00+00:00,2024-01-05 03:00:00+00:00,6671,6547,15.5,124,124,1.8939972506491523,3
2024-01-04 11:30:00+00:00,2024-01-05 04:00:00+00:00,6715,6416,16.5,299,299,4.660224438902743,4
2024-01-04 11:30:00+00:00,2024-01-05 05:00:00+00:00,6767,6485,17.5,282,282,4.348496530454896,5
2024-01-04 11:30:00+00:00,2024-01-05 06:00:00+00:00,6867,7916,18.5,-1049,1049,13.251642243557352,6
2024-01-04 11:30:00+00:00,2024-01-05 07:00:00+00:00,6993,8250,19.5,-1257,1257,15.236363636363636,7
2024-01-04 11:30:00+00:00,2024-01-05 08:00:00+00:00,6891,8316,20.5,-1425,1425,17.135642135642133,8
2024-01-04 11:30:00+00:00,2024-01-05 09:00:00+00:00,6953,8545,21.5,-1592,1592,18.63077823288473,9
2024-01-04 11:30:00+00:00,2024-01-05 10:00:00+00:00,6818,8007,22.5,-1189,1189,14.849506681653555,10
2024-01-04 11:30:00+00:00,2024-01-05 11:00:00+00:00,6823,8164,23.5,-1341,1341,16.42577168054875,11
2024-01-04 11:30:00+00:00,2024-01-05 12:00:00+00:00,6654,8539,24.5,-1885,1885,22.075184447827613,12
2024-01-04 11:30:00+00:00,2024-01-05 13:00:00+00:00,6563,8724,25.5,-2161,2161,24.77074736359468,13
2024-01-04 11:30:00+00:00,2024-01-05 14:00:00+00:00,6366,8984,26.5,-2618,2618,29.140694568121106,14
2024-01-04 11:30:00+00:00,2024-01-05 15:00:00+00:00,6361,8657,27.5,-2296,2296,26.52188980016172,15
2024-01-04 11:30:00+00:00,2024-01-05 16:00:00+00:00,6520,8416,28.5,-1896,1896,22.52851711026616,16
2024-01-04 11:30:00+00:00,2024-01-05 17:00:00+00:00,6644,7986,29.5,-1342,1342,16.804407713498623,17
2024-01-04 11:30:00+00:00,2024-01-05 18:00:00+00:00,6686,7790,30.5,-1104,1104,14.172015404364572,18
2024-01-04 11:30:00+00:00,2024-01-05 19:00:00+00:00,6752,7236,31.5,-484,484,6.6887783305693755,19
2024-01-04 11:30:00+00:00,2024-01-05 20:00:00+00:00,6683,7104,32.5,-421,421,5.926238738738738,20
2024-01-04 11:30:00+00:00,2024-01-05 21:00:00+00:00,6613,6579,33.5,34,34,0.516795865633075,21
2024-01-04 11:30:00+00:00,2024-01-05 22:00:00+00:00,6733,6280,34.5,453,453,7.213375796178344,22
2024-01-04 11:30:00+00:00,2024-01-05 23:00:00+00:00,6736,5845,35.5,891,891,15.243798118049614,23
2024-01-04 11:30:00+00:00,2024-01-06 00:00:00+00:00,6755,5741,36.5,1014,1014,17.6624281484062,0
2024-01-04 11:30:00+00:00,2024-01-06 01:00:00+00:00,6683,5877,37.5,806,806,13.714480176961036,1
2024-01-04 11:30:00+00:00,2024-01-06 02:00:00+00:00,6620,6107,38.5,513,513,8.400196495824463,2
2024-01-04 11:30:00+00:00,2024-01-06 03:00:00+00:00,6635,6074,39.5,561,561,9.236088244978598,3
2024-01-04 11:30:00+00:00,2024-01-06 04:00:00+00:00,6707,5871,40.5,836,836,14.239482200647249,4
2024-01-04 11:30:00+00:00,2024-01-06 05:00:00+00:00,6775,5734,41.5,1041,1041,18.154865713289155,5
2024-01-04 11:30:00+00:00,2024-01-06 06:00:00+00:00,6837,5712,42.5,1125,1125,19.695378151260503,6
2024-01-04 11:30:00+00:00,2024-01-06 07:00:00+00:00,6705,6033,43.5,672,672,11.13873694679264,7
2024-01-04 11:30:00+00:00,2024-01-06 08:00:00+00:00,6581,5771,44.5,810,810,14.035695719979207,8
2024-01-04 11:30:00+00:00,2024-01-06 09:00:00+00:00,6465,5244,45.5,1221,1221,23.283752860411898,9
2024-01-04 11:30:00+00:00,2024-01-06 10:00:00+00:00,6328,4940,46.5,1388,1388,28.097165991902834,10
2024-01-04 11:30:00+00:00,2024-01-06 11:00:00+00:00,6196,4696,47.5,1500,1500,31.94207836456559,11
2024-01-04 09:30:00+00:00,2024-01-04 21:00:00+00:00,4334,5331,11.5,-997,997,18.70193209529169,21
2024-01-04 09:30:00+00:00,2024-01-04 22:00:00+00:00,4502,5052,12.5,-550,550,10.886777513855899,22
2024-01-04 09:30:00+00:00,2024-01-04 23:00:00+00:00,4930,5263,13.5,-333,333,6.327189815694472,23
2024-01-04 09:30:00+00:00,2024-01-05 00:00:00+00:00,5458,5740,14.5,-282,282,4.912891986062718,0
2024-01-04 09:30:00+00:00,2024-01-05 01:00:00+00:00,6057,5813,15.5,244,244,4.197488388095648,1
2024-01-04 09:30:00+00:00,2024-01-05 02:00:00+00:00,6312,5990,16.5,322,322,5.375626043405676,2
2024-01-04 09:30:00+00:00,2024-01-05 03:00:00+00:00,6673,6547,17.5,126,126,1.9245455934015578,3
2024-01-04 09:30:00+00:00,2024-01-05 04:00:00+00:00,6709,6416,18.5,293,293,4.566708229426434,4
2024-01-04 09:30:00+00:00,2024-01-05 05:00:00+00:00,6750,6485,19.5,265,265,4.086353122590594,5
2024-01-04 09:30:00+00:00,2024-01-05 06:00:00+00:00,6851,7916,20.5,-1065,1065,13.45376452753916,6
2024-01-04 09:30:00+00:00,2024-01-05 07:00:00+00:00,6969,8250,21.5,-1281,1281,15.52727272727273,7
2024-01-04 09:30:00+00:00,2024-01-05 08:00:00+00:00,6854,8316,22.5,-1462,1462,17.58056758056758,8
2024-01-04 09:30:00+00:00,2024-01-05 09:00:00+00:00,6931,8545,23.5,-1614,1614,18.888238736102984,9
2024-01-04 09:30:00+00:00,2024-01-05 10:00:00+00:00,6790,8007,24.5,-1217,1217,15.199200699388035,10
2024-01-04 09:30:00+00:00,2024-01-05 11:00:00+00:00,6809,8164,25.5,-1355,1355,16.597256246937775,11
2024-01-04 09:30:00+00:00,2024-01-05 12:00:00+00:00,6639,8539,26.5,-1900,1900,22.250849045555686,12
2024-01-04 09:30:00+00:00,2024-01-05 13:00:00+00:00,6549,8724,27.5,-2175,2175,24.931224209078405,13
2024-01-04 09:30:00+00:00,2024-01-05 14:00:00+00:00,6353,8984,28.5,-2631,2631,29.28539626001781,14
2024-01-04 09:30:00+00:00,2024-01-05 15:00:00+00:00,6342,8657,29.5,-2315,2315,26.741365369065495,15
2024-01-04 09:30:00+00:00,2024-01-05 16:00:00+00:00,6521,8416,30.5,-1895,1895,22.51663498098859,16
2024-01-04 09:30:00+00:00,2024-01-05 17:00:00+00:00,6644,7986,31.5,-1342,1342,16.804407713498623,17
2024-01-04 09:30:00+00:00,2024-01-05 18:00:00+00:00,6693,7790,32.5,-1097,1097,14.082156611039794,18
2024-01-04 09:30:00+00:00,2024-01-05 19:00:00+00:00,6748,7236,33.5,-488,488,6.7440574903261465,19
2024-01-04 09:30:00+00:00,2024-01-05 20:00:00+00:00,6681,7104,34.5,-423,423,5.954391891891892,20
2024-01-04 09:30:00+00:00,2024-01-05 21:00:00+00:00,6614,6579,35.5,35,35,0.5319957440340477,21
2024-01-04 09:30:00+00:00,2024-01-05 22:00:00+00:00,6762,6280,36.5,482,482,7.675159235668789,22
2024-01-04 09:30:00+00:00,2024-01-05 23:00:00+00:00,6780,5845,37.5,935,935,15.996578272027373,23
2024-01-04 09:30:00+00:00,2024-01-06 00:00:00+00:00,6799,5741,38.5,1058,1058,18.428845148928758,0
2024-01-04 09:30:00+00:00,2024-01-06 01:00:00+00:00,6769,5877,39.5,892,892,15.17781180874596,1
2024-01-04 09:30:00+00:00,2024-01-06 02:00:00+00:00,6741,6107,40.5,634,634,10.38152939250041,2
2024-01-04 09:30:00+00:00,2024-01-06 03:00:00+00:00,6714,6074,41.5,640,640,10.536713862364175,3
2024-01-04 09:30:00+00:00,2024-01-06 04:00:00+00:00,6757,5871,42.5,886,886,15.091125872934763,4
2024-01-04 09:30:00+00:00,2024-01-06 05:00:00+00:00,6800,5734,43.5,1066,1066,18.590861527729334,5
2024-01-04 09:30:00+00:00,2024-01-06 06:00:00+00:00,6843,5712,44.5,1131,1131,19.800420168067227,6
2024-01-04 09:30:00+00:00,2024-01-06 07:00:00+00:00,6709,6033,45.5,676,676,11.20503895242831,7
2024-01-04 09:30:00+00:00,2024-01-06 08:00:00+00:00,6583,5771,46.5,812,812,14.07035175879397,8
2024-01-04 09:30:00+00:00,2024-01-06 09:00:00+00:00,6465,5244,47.5,1221,1221,23.283752860411898,9
2024-01-04 07:30:00+00:00,2024-01-04 21:00:00+00:00,4334,5331,13.5,-997,997,18.70193209529169,21
2024-01-04 07:30:00+00:00,2024-01-04 22:00:00+00:00,4504,5052,14.5,-548,548,10.847189231987333,22
2024-01-04 07:30:00+00:00,2024-01-04 23:00:00+00:00,4933,5263,15.5,-330,330,6.270188105643169,23
2024-01-04 07:30:00+00:00,2024-01-05 00:00:00+00:00,5462,5740,16.5,-278,278,4.843205574912892,0
2024-01-04 07:30:00+00:00,2024-01-05 01:00:00+00:00,6058,5813,17.5,245,245,4.214691209358335,1
2024-01-04 07:30:00+00:00,2024-01-05 02:00:00+00:00,6309,5990,18.5,319,319,5.325542570951586,2
2024-01-04 07:30:00+00:00,2024-01-05 03:00:00+00:00,6665,6547,19.5,118,118,1.8023522223919353,3
2024-01-04 07:30:00+00:00,2024-01-05 04:00:00+00:00,6702,6416,20.5,286,286,4.457605985037406,4
2024-01-04 07:30:00+00:00,2024-01-05 05:00:00+00:00,6745,6485,21.5,260,260,4.009252120277564,5
2024-01-04 07:30:00+00:00,2024-01-05 06:00:00+00:00,6848,7916,22.5,-1068,1068,13.49166245578575,6
2024-01-04 07:30:00+00:00,2024-01-05 07:00:00+00:00,6966,8250,23.5,-1284,1284,15.563636363636363,7
2024-01-04 07:30:00+00:00,2024-01-05 08:00:00+00:00,6851,8316,24.5,-1465,1465,17.616642616642615,8
2024-01-04 07:30:00+00:00,2024-01-05 09:00:00+00:00,6930,8545,25.5,-1615,1615,18.89994148624927,9
2024-01-04 07:30:00+00:00,2024-01-05 10:00:00+00:00,6789,8007,26.5,-1218,1218,15.211689771449983,10
2024-01-04 07:30:00+00:00,2024-01-05 11:00:00+00:00,6810,8164,27.5,-1354,1354,16.58500734933856,11
2024-01-04 07:30:00+00:00,2024-01-05 12:00:00+00:00,6640,8539,28.5,-1899,1899,22.239138072373816,12
2024-01-04 07:30:00+00:00,2024-01-05 13:00:00+00:00,6552,8724,29.5,-2172,2172,24.896836313617605,13
2024-01-04 07:30:00+00:00,2024-01-05 14:00:00+00:00,6356,8984,30.5,-2628,2628,29.2520035618878,14
2024-01-04 07:30:00+00:00,2024-01-05 15:00:00+00:00,6344,8657,31.5,-2313,2313,26.71826267760194,15
2024-01-04 07:30:00+00:00,2024-01-05 16:00:00+00:00,6521,8416,32.5,-1895,1895,22.51663498098859,16
2024-01-04 07:30:00+00:00,2024-01-05 17:00:00+00:00,6644,7986,33.5,-1342,1342,16.804407713498623,17
2024-01-04 07:30:00+00:00,2024-01-05 18:00:00+00:00,6694,7790,34.5,-1096,1096,14.069319640564826,18
2024-01-04 07:30:00+00:00,2024-01-05 19:00:00+00:00,6748,7236,35.5,-488,488,6.7440574903261465,19
2024-01-04 07:30:00+00:00,2024-01-05 20:00:00+00:00,6683,7104,36.5,-421,421,5.926238738738738,20
2024-01-04 07:30:00+00:00,2024-01-05 21:00:00+00:00,6618,6579,37.5,39,39,0.5927952576379389,21
2024-01-04 07:30:00+00:00,2024-01-05 22:00:00+00:00,6768,6280,38.5,488,488,7.770700636942675,22
2024-01-04 07:30:00+00:00,2024-01-05 23:00:00+00:00,6788,5845,39.5,943,943,16.13344739093242,23
2024-01-04 07:30:00+00:00,2024-01-06 00:00:00+00:00,6809,5741,40.5,1068,1068,18.603030830865702,0
2024-01-04 07:30:00+00:00,2024-01-06 01:00:00+00:00,6779,5877,41.5,902,902,15.347966649651182,1
2024-01-04 07:30:00+00:00,2024-01-06 02:00:00+00:00,6751,6107,42.5,644,644,10.54527591288685,2
2024-01-04 07:30:00+00:00,2024-01-06 03:00:00+00:00,6723,6074,43.5,649,649,10.68488640105367,3
2024-01-04 07:30:00+00:00,2024-01-06 04:00:00+00:00,6764,5871,44.5,893,893,15.210355987055015,4
2024-01-04 07:30:00+00:00,2024-01-06 05:00:00+00:00,6806,5734,45.5,1072,1072,18.695500523194976,5
2024-01-04 07:30:00+00:00,2024-01-06 06:00:00+00:00,6849,5712,46.5,1137,1137,19.905462184873947,6
2024-01-04 07:30:00+00:00,2024-01-06 07:00:00+00:00,6715,6033,47.5,682,682,11.304491960881817,7
2024-01-04 04:30:00+00:00,2024-01-04 21:00:00+00:00,4249,5331,16.5,-1082,1082,20.29637966610392,21
2024-01-04 04:30:00+00:00,2024-01-04 22:00:00+00:00,4602,5052,17.5,-450,450,8.907363420427554,22
2024-01-04 04:30:00+00:00,2024-01-04 23:00:00+00:00,5046,5263,18.5,-217,217,4.123123693710811,23
2024-01-04 04:30:00+00:00,2024-01-05 00:00:00+00:00,5640,5740,19.5,-100,100,1.7421602787456445,0
2024-01-04 04:30:00+00:00,2024-01-05 01:00:00+00:00,5975,5813,20.5,162,162,2.7868570445553074,1
2024-01-04 04:30:00+00:00,2024-01-05 02:00:00+00:00,6234,5990,21.5,244,244,4.073455759599332,2
2024-01-04 04:30:00+00:00,2024-01-05 03:00:00+00:00,6574,6547,22.5,27,27,0.4124026271574767,3
2024-01-04 04:30:00+00:00,2024-01-05 04:00:00+00:00,6624,6416,23.5,208,208,3.2418952618453867,4
2024-01-04 04:30:00+00:00,2024-01-05 05:00:00+00:00,6589,6485,24.5,104,104,1.6037008481110253,5
2024-01-04 04:30:00+00:00,2024-01-05 06:00:00+00:00,6715,7916,25.5,-1201,1201,15.171803941384537,6
2024-01-04 04:30:00+00:00,2024-01-05 07:00:00+00:00,6744,8250,26.5,-1506,1506,18.254545454545454,7
2024-01-04 04:30:00+00:00,2024-01-05 08:00:00+00:00,6741,8316,27.5,-1575,1575,18.939393939393938,8
2024-01-04 04:30:00+00:00,2024-01-05 09:00:00+00:00,6756,8545,28.5,-1789,1789,20.93622001170275,9
2024-01-04 04:30:00+00:00,2024-01-05 10:00:00+00:00,6629,8007,29.5,-1378,1378,17.209941301361308,10
2024-01-04 04:30:00+00:00,2024-01-05 11:00:00+00:00,6513,8164,30.5,-1651,1651,20.222929936305732,11
2024-01-04 04:30:00+00:00,2024-01-05 12:00:00+00:00,6343,8539,31.5,-2196,2196,25.717297107389626,12
2024-01-04 04:30:00+00:00,2024-01-05 13:00:00+00:00,6304,8724,32.5,-2420,2420,27.739569005043556,13
2024-01-04 04:30:00+00:00,2024-01-05 14:00:00+00:00,6237,8984,33.5,-2747,2747,30.57658058771149,14
2024-01-04 04:30:00+00:00,2024-01-05 15:00:00+00:00,6311,8657,34.5,-2346,2346,27.099457086750604,15
2024-01-04 04:30:00+00:00,2024-01-05 16:00:00+00:00,6556,8416,35.5,-1860,1860,22.100760456273765,16
2024-01-04 04:30:00+00:00,2024-01-05 17:00:00+00:00,6753,7986,36.5,-1233,1233,15.439519158527423,17
2024-01-04 04:30:00+00:00,2024-01-05 18:00:00+00:00,6956,7790,37.5,-834,834,10.706033376123235,18
2024-01-04 04:30:00+00:00,2024-01-05 19:00:00+00:00,6990,7236,38.5,-246,246,3.399668325041459,19
2024-01-04 04:30:00+00:00,2024-01-05 20:00:00+00:00,7024,7104,39.5,-80,80,1.1261261261261262,20
2024-01-04 04:30:00+00:00,2024-01-05 21:00:00+00:00,7059,6579,40.5,480,480,7.29594163246694,21
2024-01-04 04:30:00+00:00,2024-01-05 22:00:00+00:00,7072,6280,41.5,792,792,12.611464968152866,22
2024-01-04 04:30:00+00:00,2024-01-05 23:00:00+00:00,7086,5845,42.5,1241,1241,21.231822070145423,23
2024-01-04 04:30:00+00:00,2024-01-06 00:00:00+00:00,7100,5741,43.5,1359,1359,23.671834175230796,0
2024-01-04 04:30:00+00:00,2024-01-06 01:00:00+00:00,7154,5877,44.5,1277,1277,21.72877318359707,1
2024-01-04 04:30:00+00:00,2024-01-06 02:00:00+00:00,7207,6107,45.5,1100,1100,18.012117242508594,2
2024-01-04 04:30:00+00:00,2024-01-06 03:00:00+00:00,7258,6074,46.5,1184,1184,19.492920645373722,3
2024-01-04 04:30:00+00:00,2024-01-06 04:00:00+00:00,7249,5871,47.5,1378,1378,23.47129960824391,4
2024-01-04 02:30:00+00:00,2024-01-04 21:00:00+00:00,4246,5331,18.5,-1085,1085,20.352654286250235,21
2024-01-04 02:30:00+00:00,2024-01-04 22:00:00+00:00,4607,5052,19.5,-445,445,8.808392715756137,22
2024-01-04 02:30:00+00:00,2024-01-04 23:00:00+00:00,5039,5263,20.5,-224,224,4.256127683830515,23
2024-01-04 02:30:00+00:00,2024-01-05 00:00:00+00:00,5629,5740,21.5,-111,111,1.9337979094076654,0
2024-01-04 02:30:00+00:00,2024-01-05 01:00:00+00:00,5969,5813,22.5,156,156,2.6836401169791846,1
2024-01-04 02:30:00+00:00,2024-01-05 02:00:00+00:00,6228,5990,23.5,238,238,3.973288814691152,2
2024-01-04 02:30:00+00:00,2024-01-05 03:00:00+00:00,6565,6547,24.5,18,18,0.27493508477165113,3
2024-01-04 02:30:00+00:00,2024-01-05 04:00:00+00:00,6620,6416,25.5,204,204,3.1795511221945136,4
2024-01-04 02:30:00+00:00,2024-01-05 05:00:00+00:00,6582,6485,26.5,97,97,1.4957594448727833,5
2024-01-04 02:30:00+00:00,2024-01-05 06:00:00+00:00,6703,7916,27.5,-1213,1213,15.323395654370895,6
2024-01-04 02:30:00+00:00,2024-01-05 07:00:00+00:00,6738,8250,28.5,-1512,1512,18.327272727272728,7
2024-01-04 02:30:00+00:00,2024-01-05 08:00:00+00:00,6733,8316,29.5,-1583,1583,19.035594035594038,8
2024-01-04 02:30:00+00:00,2024-01-05 09:00:00+00:00,6750,8545,30.5,-1795,1795,21.006436512580457,9
2024-01-04 02:30:00+00:00,2024-01-05 10:00:00+00:00,6622,8007,31.5,-1385,1385,17.297364805794928,10
2024-01-04 02:30:00+00:00,2024-01-05 11:00:00+00:00,6510,8164,32.5,-1654,1654,20.25967662910338,11
2024-01-04 02:30:00+00:00,2024-01-05 12:00:00+00:00,6345,8539,33.5,-2194,2194,25.69387516102588,12
2024-01-04 02:30:00+00:00,2024-01-05 13:00:00+00:00,6301,8724,34.5,-2423,2423,27.773956900504356,13
2024-01-04 02:30:00+00:00,2024-01-05 14:00:00+00:00,6239,8984,35.5,-2745,2745,30.554318788958145,14
2024-01-04 02:30:00+00:00,2024-01-05 15:00:00+00:00,6319,8657,36.5,-2338,2338,27.007046320896382,15
2024-01-04 02:30:00+00:00,2024-01-05 16:00:00+00:00,6573,8416,37.5,-1843,1843,21.898764258555133,16
2024-01-04 02:30:00+00:00,2024-01-05 17:00:00+00:00,6777,7986,38.5,-1209,1209,15.138993238166792,17
2024-01-04 02:30:00+00:00,2024-01-05 18:00:00+00:00,6988,7790,39.5,-802,802,10.295250320924263,18
2024-01-04 02:30:00+00:00,2024-01-05 19:00:00+00:00,7023,7236,40.5,-213,213,2.943615257048093,19
2024-01-04 02:30:00+00:00,2024-01-05 20:00:00+00:00,7059,7104,41.5,-45,45,0.6334459459459459,20
2024-01-04 02:30:00+00:00,2024-01-05 21:00:00+00:00,7095,6579,42.5,516,516,7.8431372549019605,21
2024-01-04 02:30:00+00:00,2024-01-05 22:00:00+00:00,7110,6280,43.5,830,830,13.21656050955414,22
2024-01-04 02:30:00+00:00,2024-01-05 23:00:00+00:00,7126,5845,44.5,1281,1281,21.916167664670656,23
2024-01-04 02:30:00+00:00,2024-01-06 00:00:00+00:00,7142,5741,45.5,1401,1401,24.403414039365963,0
2024-01-04 02:30:00+00:00,2024-01-06 01:00:00+00:00,7193,5877,46.5,1316,1316,22.392377063127448,1
2024-01-04 02:30:00+00:00,2024-01-06 02:00:00+00:00,7242,6107,47.5,1135,1135,18.585230063861143,2
2024-01-03 22:30:00+00:00,2024-01-04 03:00:00+00:00,9120,8118,4.5,1002,1002,12.342941611234295,3
2024-01-03 22:30:00+00:00,2024-01-04 04:00:00+00:00,9018,7666,5.5,1352,1352,17.636316201408818,4
2024-01-03 22:30:00+00:00,2024-01-04 05:00:00+00:00,8681,7859,6.5,822,822,10.459345972770071,5
2024-01-03 22:30:00+00:00,2024-01-04 06:00:00+00:00,8315,8359,7.5,-44,44,0.5263787534394067,6
2024-01-03 22:30:00+00:00,2024-01-04 07:00:00+00:00,7889,7815,8.5,74,74,0.946896992962252,7
2024-01-03 22:30:00+00:00,2024-01-04 08:00:00+00:00,7355,6880,9.5,475,475,6.90406976744186,8
2024-01-03 22:30:00+00:00,2024-01-04 09:00:00+00:00,7021,6841,10.5,180,180,2.63119426984359,9
2024-01-03 22:30:00+00:00,2024-01-04 10:00:00+00:00,6550,6394,11.5,156,156,2.439787300594307,10
2024-01-03 22:30:00+00:00,2024-01-04 11:00:00+00:00,5940,5193,12.5,747,747,14.384748700173311,11
2024-01-03 22:30:00+00:00,2024-01-04 12:00:00+00:00,5088,4421,13.5,667,667,15.087084370052025,12
2024-01-03 22:30:00+00:00,2024-01-04 13:00:00+00:00,4194,3544,14.5,650,650,18.340857787810382,13
2024-01-03 22:30:00+00:00,2024-01-04 14:00:00+00:00,3572,3394,15.5,178,178,5.244549204478491,14
2024-01-03 22:30:00+00:00,2024-01-04 15:00:00+00:00,3131,2988,16.5,143,143,4.785809906291834,15
2024-01-03 22:30:00+00:00,2024-01-04 16:00:00+00:00,2973,3039,17.5,-66,66,2.171767028627838,16
2024-01-03 22:30:00+00:00,2024-01-04 17:00:00+00:00,3003,3204,18.5,-201,201,6.273408239700375,17
2024-01-03 22:30:00+00:00,2024-01-04 18:00:00+00:00,3177,3862,19.5,-685,685,17.7369238736406,18
2024-01-03 22:30:00+00:00,2024-01-04 19:00:00+00:00,3286,4459,20.5,-1173,1173,26.30634671450998,19
2024-01-03 22:30:00+00:00,2024-01-04 20:00:00+00:00,3392,4751,21.5,-1359,1359,28.60450431488108,20
2024-01-03 22:30:00+00:00,2024-01-04 21:00:00+00:00,3650,5331,22.5,-1681,1681,31.532545488651287,21
2024-01-03 22:30:00+00:00,2024-01-04 22:00:00+00:00,3893,5052,23.5,-1159,1159,22.941409342834522,22
2024-01-03 22:30:00+00:00,2024-01-04 23:00:00+00:00,4187,5263,24.5,-1076,1076,20.444613338400153,23
2024-01-03 22:30:00+00:00,2024-01-05 00:00:00+00:00,4476,5740,25.5,-1264,1264,22.020905923344948,0
2024-01-03 22:30:00+00:00,2024-01-05 01:00:00+00:00,4688,5813,26.5,-1125,1125,19.353173920522966,1
2024-01-03 22:30:00+00:00,2024-01-05 02:00:00+00:00,5116,5990,27.5,-874,874,14.590984974958262,2
2024-01-03 22:30:00+00:00,2024-01-05 03:00:00+00:00,5226,6547,28.5,-1321,1321,20.177180387963954,3
2024-01-03 22:30:00+00:00,2024-01-05 04:00:00+00:00,5429,6416,29.5,-987,987,15.383416458852867,4
2024-01-03 22:30:00+00:00,2024-01-05 05:00:00+00:00,5441,6485,30.5,-1044,1044,16.09868928296068,5
2024-01-03 22:30:00+00:00,2024-01-05 06:00:00+00:00,5604,7916,31.5,-2312,2312,29.206670035371403,6
2024-01-03 22:30:00+00:00,2024-01-05 07:00:00+00:00,5640,8250,32.5,-2610,2610,31.636363636363633,7
2024-01-03 22:30:00+00:00,2024-01-05 08:00:00+00:00,5671,8316,33.5,-2645,2645,31.806156806156803,8
2024-01-03 22:30:00+00:00,2024-01-05 09:00:00+00:00,5812,8545,34.5,-2733,2733,31.983616149795203,9
2024-01-03 22:30:00+00:00,2024-01-05 10:00:00+00:00,5779,8007,35.5,-2228,2228,27.825652554015235,10
2024-01-03 22:30:00+00:00,2024-01-05 11:00:00+00:00,5790,8164,36.5,-2374,2374,29.07888290053895,11
2024-01-03 22:30:00+00:00,2024-01-05 12:00:00+00:00,5805,8539,37.5,-2734,2734,32.017800679236444,12
2024-01-03 22:30:00+00:00,2024-01-05 13:00:00+00:00,5823,8724,38.5,-2901,2901,33.25309491059147,13
2024-01-03 22:30:00+00:00,2024-01-05 14:00:00+00:00,5849,8984,39.5,-3135,3135,34.8953695458593,14
2024-01-03 22:30:00+00:00,2024-01-05 15:00:00+00:00,5886,8657,40.5,-2771,2771,32.00877902275615,15
2024-01-03 22:30:00+00:00,2024-01-05 16:00:00+00:00,5996,8416,41.5,-2420,2420,28.754752851711025,16
2024-01-03 22:30:00+00:00,2024-01-05 17:00:00+00:00,6112,7986,42.5,-1874,1874,23.466065614825947,17
2024-01-03 22:30:00+00:00,2024-01-05 18:00:00+00:00,6234,7790,43.5,-1556,1556,19.974326059050064,18
2024-01-03 22:30:00+00:00,2024-01-05 19:00:00+00:00,6339,7236,44.5,-897,897,12.396351575456054,19
2024-01-03 22:30:00+00:00,2024-01-05 20:00:00+00:00,6447,7104,45.5,-657,657,9.24831081081081,20
2024-01-03 22:30:00+00:00,2024-01-05 21:00:00+00:00,6559,6579,46.5,-20,20,0.3039975680194559,21
2024-01-03 18:30:00+00:00,2024-01-03 23:00:00+00:00,8928,6813,4.5,2115,2115,31.04359313077939,23
2024-01-03 18:30:00+00:00,2024-01-04 00:00:00+00:00,9132,7112,5.5,2020,2020,28.40269966254218,0
2024-01-03 18:30:00+00:00,2024-01-04 01:00:00+00:00,9116,7743,6.5,1373,1373,17.73214516337337,1
2024-01-03 18:30:00+00:00,2024-01-04 02:00:00+00:00,9085,8269,7.5,816,816,9.868182367880033,2
2024-01-03 18:30:00+00:00,2024-01-04 03:00:00+00:00,9124,8118,8.5,1006,1006,12.392214831239222,3
2024-01-03 18:30:00+00:00,2024-01-04 04:00:00+00:00,9020,7666,9.5,1354,1354,17.66240542655883,4
2024-01-03 18:30:00+00:00,2024-01-04 05:00:00+00:00,8679,7859,10.5,820,820,10.4338974424227,5
2024-01-03 18:30:00+00:00,2024-01-04 06:00:00+00:00,8315,8359,11.5,-44,44,0.5263787534394067,6
2024-01-03 18:30:00+00:00,2024-01-04 07:00:00+00:00,7887,7815,12.5,72,72,0.9213051823416507,7
2024-01-03 18:30:00+00:00,2024-01-04 08:00:00+00:00,7356,6880,13.5,476,476,6.9186046511627906,8
2024-01-03 18:30:00+00:00,2024-01-04 09:00:00+00:00,7023,6841,14.5,182,182,2.6604297617307413,9
2024-01-03 18:30:00+00:00,2024-01-04 10:00:00+00:00,6550,6394,15.5,156,156,2.439787300594307,10
2024-01-03 18:30:00+00:00,2024-01-04 11:00:00+00:00,5943,5193,16.5,750,750,14.442518775274408,11
2024-01-03 18:30:00+00:00,2024-01-04 12:00:00+00:00,5090,4421,17.5,669,669,15.132323003845283,12
2024-01-03 18:30:00+00:00,2024-01-04 13:00:00+00:00,4199,3544,18.5,655,655,18.481941309255077,13
2024-01-03 18:30:00+00:00,2024-01-04 14:00:00+00:00,3567,3394,19.5,173,173,5.097230406599882,14
2024-01-03 18:30:00+00:00,2024-01-04 15:00:00+00:00,3124,2988,20.5,136,136,4.551539491298527,15
2024-01-03 18:30:00+00:00,2024-01-04 16:00:00+00:00,2956,3039,21.5,-83,83,2.7311615663047055,16
2024-01-03 18:30:00+00:00,2024-01-04 17:00:00+00:00,2988,3204,22.5,-216,216,6.741573033707865,17
2024-01-03 18:30:00+00:00,2024-01-04 18:00:00+00:00,3164,3862,23.5,-698,698,18.073537027446918,18
2024-01-03 18:30:00+00:00,2024-01-04 19:00:00+00:00,3274,4459,24.5,-1185,1185,26.575465350975552,19
2024-01-03 18:30:00+00:00,2024-01-04 20:00:00+00:00,3378,4751,25.5,-1373,1373,28.899179120185224,20
2024-01-03 18:30:00+00:00,2024-01-04 21:00:00+00:00,3645,5331,26.5,-1686,1686,31.626336522228478,21
2024-01-03 18:30:00+00:00,2024-01-04 22:00:00+00:00,3894,5052,27.5,-1158,1158,22.921615201900238,22
2024-01-03 18:30:00+00:00,2024-01-04 23:00:00+00:00,4161,5263,28.5,-1102,1102,20.938628158844764,23
2024-01-03 18:30:00+00:00,2024-01-05 00:00:00+00:00,4456,5740,29.5,-1284,1284,22.369337979094077,0
2024-01-03 18:30:00+00:00,2024-01-05 01:00:00+00:00,4665,5813,30.5,-1148,1148,19.74883880956477,1
2024-01-03 18:30:00+00:00,2024-01-05 02:00:00+00:00,5083,5990,31.5,-907,907,15.141903171953256,2
2024-01-03 18:30:00+00:00,2024-01-05 03:00:00+00:00,5198,6547,32.5,-1349,1349,20.604857186497632,3
2024-01-03 18:30:00+00:00,2024-01-05 04:00:00+00:00,5394,6416,33.5,-1022,1022,15.928927680798004,4
2024-01-03 18:30:00+00:00,2024-01-05 05:00:00+00:00,5400,6485,34.5,-1085,1085,16.730917501927525,5
2024-01-03 18:30:00+00:00,2024-01-05 06:00:00+00:00,5573,7916,35.5,-2343,2343,29.598281960586153,6
2024-01-03 18:30:00+00:00,2024-01-05 07:00:00+00:00,5608,8250,36.5,-2642,2642,32.02424242424242,7
2024-01-03 18:30:00+00:00,2024-01-05 08:00:00+00:00,5644,8316,37.5,-2672,2672,32.13083213083213,8
2024-01-03 18:30:00+00:00,2024-01-05 09:00:00+00:00,5792,8545,38.5,-2753,2753,32.21767115272089,9
2024-01-03 18:30:00+00:00,2024-01-05 10:00:00+00:00,5762,8007,39.5,-2245,2245,28.037966779068313,10
2024-01-03 18:30:00+00:00,2024-01-05 11:00:00+00:00,5778,8164,40.5,-2386,2386,29.225869671729544,11
2024-01-03 18:30:00+00:00,2024-01-05 12:00:00+00:00,5797,8539,41.5,-2742,2742,32.11148846469142,12
2024-01-03 18:30:00+00:00,2024-01-05 13:00:00+00:00,5819,8724,42.5,-2905,2905,33.29894543787253,13
2024-01-03 18:30:00+00:00,2024-01-05 14:00:00+00:00,5850,8984,43.5,-3134,3134,34.884238646482636,14
2024-01-03 18:30:00+00:00,2024-01-05 15:00:00+00:00,5891,8657,44.5,-2766,2766,31.951022294097264,15
2024-01-03 18:30:00+00:00,2024-01-05 16:00:00+00:00,6003,8416,45.5,-2413,2413,28.67157794676806,16
2024-01-03 18:30:00+00:00,2024-01-05 17:00:00+00:00,6120,7986,46.5,-1866,1866,23.36589030803907,17
2024-01-03 18:30:00+00:00,2024-01-05 18:00:00+00:00,6244,7790,47.5,-1546,1546,19.845956354300384,18
2024-01-03 15:30:00+00:00,2024-01-03 21:00:00+00:00,9291,6945,5.5,2346,2346,33.779697624190064,21
2024-01-03 15:30:00+00:00,2024-01-03 22:00:00+00:00,9589,6611,6.5,2978,2978,45.04613522916351,22
2024-01-03 15:30:00+00:00,2024-01-03 23:00:00+00:00,9508,6813,7.5,2695,2695,39.556729781300454,23
2024-01-03 15:30:00+00:00,2024-01-04 00:00:00+00:00,9491,7112,8.5,2379,2379,33.450506186726656,0
2024-01-03 15:30:00+00:00,2024-01-04 01:00:00+00:00,9430,7743,9.5,1687,1687,21.787420896293426,1
2024-01-03 15:30:00+00:00,2024-01-04 02:00:00+00:00,9159,8269,10.5,890,890,10.76309106300641,2
2024-01-03 15:30:00+00:00,2024-01-04 03:00:00+00:00,9157,8118,11.5,1039,1039,12.798718896279873,3
2024-01-03 15:30:00+00:00,2024-01-04 04:00:00+00:00,8998,7666,12.5,1332,1332,17.37542394990869,4
2024-01-03 15:30:00+00:00,2024-01-04 05:00:00+00:00,8740,7859,13.5,881,881,11.210077618017559,5
2024-01-03 15:30:00+00:00,2024-01-04 06:00:00+00:00,8379,8359,14.5,20,20,0.23926306974518483,6
2024-01-03 15:30:00+00:00,2024-01-04 07:00:00+00:00,8007,7815,15.5,192,192,2.4568138195777354,7
2024-01-03 15:30:00+00:00,2024-01-04 08:00:00+00:00,7511,6880,16.5,631,631,9.171511627906977,8
2024-01-03 15:30:00+00:00,2024-01-04 09:00:00+00:00,7226,6841,17.5,385,385,5.627832188276568,9
2024-01-03 15:30:00+00:00,2024-01-04 10:00:00+00:00,6809,6394,18.5,415,415,6.490459806068189,10
2024-01-03 15:30:00+00:00,2024-01-04 11:00:00+00:00,6150,5193,19.5,957,957,18.428653957250145,11
2024-01-03 15:30:00+00:00,2024-01-04 12:00:00+00:00,5306,4421,20.5,885,885,20.018095453517304,12
2024-01-03 15:30:00+00:00,2024-01-04 13:00:00+00:00,4313,3544,21.5,769,769,21.69864559819413,13
2024-01-03 15:30:00+00:00,2024-01-04 14:00:00+00:00,3766,3394,22.5,372,372,10.960518562168533,14
2024-01-03 15:30:00+00:00,2024-01-04 15:00:00+00:00,3296,2988,23.5,308,308,10.307898259705489,15
2024-01-03 15:30:00+00:00,2024-01-04 16:00:00+00:00,3150,3039,24.5,111,111,3.652517275419546,16
2024-01-03 15:30:00+00:00,2024-01-04 17:00:00+00:00,3219,3204,25.5,15,15,0.46816479400749067,17
2024-01-03 15:30:00+00:00,2024-01-04 18:00:00+00:00,3266,3862,26.5,-596,596,15.432418436043502,18
2024-01-03 15:30:00+00:00,2024-01-04 19:00:00+00:00,3225,4459,27.5,-1234,1234,27.674366449876654,19
2024-01-03 15:30:00+00:00,2024-01-04 20:00:00+00:00,3182,4751,28.5,-1569,1569,33.024626394443274,20
2024-01-03 15:30:00+00:00,2024-01-04 21:00:00+00:00,3202,5331,29.5,-2129,2129,39.93622209716751,21
2024-01-03 15:30:00+00:00,2024-01-04 22:00:00+00:00,3140,5052,30.5,-1912,1912,37.84639746634996,22
2024-01-03 15:30:00+00:00,2024-01-04 23:00:00+00:00,3329,5263,31.5,-1934,1934,36.74710241307239,23
2024-01-03 15:30:00+00:00,2024-01-05 00:00:00+00:00,3496,5740,32.5,-2244,2244,39.09407665505226,0
2024-01-03 15:30:00+00:00,2024-01-05 01:00:00+00:00,3524,5813,33.5,-2289,2289,39.37725787029073,1
2024-01-03 15:30:00+00:00,2024-01-05 02:00:00+00:00,3811,5990,34.5,-2179,2179,36.37729549248748,2
2024-01-03 15:30:00+00:00,2024-01-05 03:00:00+00:00,3799,6547,35.5,-2748,2748,41.9734229418054,3
2024-01-03 15:30:00+00:00,2024-01-05 04:00:00+00:00,3900,6416,36.5,-2516,2516,39.214463840399,4
2024-01-03 15:30:00+00:00,2024-01-05 05:00:00+00:00,4098,6485,37.5,-2387,2387,36.80801850424055,5
2024-01-03 15:30:00+00:00,2024-01-05 06:00:00+00:00,4324,7916,38.5,-3592,3592,45.37645275391612,6
2024-01-03 15:30:00+00:00,2024-01-05 07:00:00+00:00,4497,8250,39.5,-3753,3753,45.49090909090909,7
2024-01-03 15:30:00+00:00,2024-01-05 08:00:00+00:00,4680,8316,40.5,-3636,3636,43.722943722943725,8
2024-01-03 15:30:00+00:00,2024-01-05 09:00:00+00:00,4871,8545,41.5,-3674,3674,42.9959040374488,9
2024-01-03 15:30:00+00:00,2024-01-05 10:00:00+00:00,4894,8007,42.5,-3113,3113,38.87848132883727,10
2024-01-03 15:30:00+00:00,2024-01-05 11:00:00+00:00,4924,8164,43.5,-3240,3240,39.68642822146007,11
2024-01-03 15:30:00+00:00,2024-01-05 12:00:00+00:00,4962,8539,44.5,-3577,3577,41.890151071554044,12
2024-01-03 15:30:00+00:00,2024-01-05 13:00:00+00:00,5048,8724,45.5,-3676,3676,42.13663457129757,13
2024-01-03 15:30:00+00:00,2024-01-05 14:00:00+00:00,5143,8984,46.5,-3841,3841,42.75378450578807,14
2024-01-03 15:30:00+00:00,2024-01-05 15:00:00+00:00,5247,8657,47.5,-3410,3410,39.39008894536214,15
2024-01-03 11:30:00+00:00,2024-01-03 21:00:00+00:00,9670,6945,9.5,2725,2725,39.23686105111591,21
2024-01-03 11:30:00+00:00,2024-01-03 22:00:00+00:00,9904,6611,10.5,3293,3293,49.81092119195281,22
2024-01-03 11:30:00+00:00,2024-01-03 23:00:00+00:00,9893,6813,11.5,3080,3080,45.20769117862909,23
2024-01-03 11:30:00+00:00,2024-01-04 00:00:00+00:00,9820,7112,12.5,2708,2708,38.07649043869517,0
2024-01-03 11:30:00+00:00,2024-01-04 01:00:00+00:00,9806,7743,13.5,2063,2063,26.643419863102157,1
2024-01-03 11:30:00+00:00,2024-01-04 02:00:00+00:00,9634,8269,14.5,1365,1365,16.507437416858146,2
2024-01-03 11:30:00+00:00,2024-01-04 03:00:00+00:00,9664,8118,15.5,1546,1546,19.04409953190441,3
2024-01-03 11:30:00+00:00,2024-01-04 04:00:00+00:00,9478,7666,16.5,1812,1812,23.636837985911818,4
2024-01-03 11:30:00+00:00,2024-01-04 05:00:00+00:00,9217,7859,17.5,1358,1358,17.279552105865886,5
2024-01-03 11:30:00+00:00,2024-01-04 06:00:00+00:00,8869,8359,18.5,510,510,6.101208278502213,6
2024-01-03 11:30:00+00:00,2024-01-04 07:00:00+00:00,8491,7815,19.5,676,676,8.650031989763276,7
2024-01-03 11:30:00+00:00,2024-01-04 08:00:00+00:00,8025,6880,20.5,1145,1145,16.642441860465116,8
2024-01-03 11:30:00+00:00,2024-01-04 09:00:00+00:00,7666,6841,21.5,825,825,12.059640403449787,9
2024-01-03 11:30:00+00:00,2024-01-04 10:00:00+00:00,7343,6394,22.5,949,949,14.8420394119487,10
2024-01-03 11:30:00+00:00,2024-01-04 11:00:00+00:00,6514,5193,23.5,1321,1321,25.438089736183322,11
2024-01-03 11:30:00+00:00,2024-01-04 12:00:00+00:00,5597,4421,24.5,1176,1176,26.600316670436552,12
2024-01-03 11:30:00+00:00,2024-01-04 13:00:00+00:00,4572,3544,25.5,1028,1028,29.006772009029348,13
2024-01-03 11:30:00+00:00,2024-01-04 14:00:00+00:00,4023,3394,26.5,629,629,18.53270477312905,14
2024-01-03 11:30:00+00:00,2024-01-04 15:00:00+00:00,3738,2988,27.5,750,750,25.100401606425706,15
2024-01-03 11:30:00+00:00,2024-01-04 16:00:00+00:00,3445,3039,28.5,406,406,13.359657782165185,16
2024-01-03 11:30:00+00:00,2024-01-04 17:00:00+00:00,3494,3204,29.5,290,290,9.051186017478152,17
2024-01-03 11:30:00+00:00,2024-01-04 18:00:00+00:00,3578,3862,30.5,-284,284,7.35370274469187,18
2024-01-03 11:30:00+00:00,2024-01-04 19:00:00+00:00,3614,4459,31.5,-845,845,18.950437317784257,19
2024-01-03 11:30:00+00:00,2024-01-04 20:00:00+00:00,3548,4751,32.5,-1203,1203,25.32098505577773,20
2024-01-03 11:30:00+00:00,2024-01-04 21:00:00+00:00,3424,5331,33.5,-1907,1907,35.77190020634028,21
2024-01-03 11:30:00+00:00,2024-01-04 22:00:00+00:00,2898,5052,34.5,-2154,2154,42.63657957244655,22
2024-01-03 11:30:00+00:00,2024-01-04 23:00:00+00:00,2958,5263,35.5,-2305,2305,43.79631388941668,23
2024-01-03 11:30:00+00:00,2024-01-05 00:00:00+00:00,3022,5740,36.5,-2718,2718,47.35191637630662,0
2024-01-03 11:30:00+00:00,2024-01-05 01:00:00+00:00,3010,5813,37.5,-2803,2803,48.21950799931189,1
2024-01-03 11:30:00+00:00,2024-01-05 02:00:00+00:00,3067,5990,38.5,-2923,2923,48.79799666110184,2
2024-01-03 11:30:00+00:00,2024-01-05 03:00:00+00:00,3141,6547,39.5,-3406,3406,52.02382770734688,3
2024-01-03 11:30:00+00:00,2024-01-05 04:00:00+00:00,3209,6416,40.5,-3207,3207,49.984413965087285,4
2024-01-03 11:30:00+00:00,2024-01-05 05:00:00+00:00,3294,6485,41.5,-3191,3191,49.20585967617579,5
2024-01-03 11:30:00+00:00,2024-01-05 06:00:00+00:00,3399,7916,42.5,-4517,4517,57.061647296614446,6
2024-01-03 11:30:00+00:00,2024-01-05 07:00:00+00:00,3530,8250,43.5,-4720,4720,57.21212121212121,7
2024-01-03 11:30:00+00:00,2024-01-05 08:00:00+00:00,3675,8316,44.5,-4641,4641,55.80808080808081,8
2024-01-03 11:30:00+00:00,2024-01-05 09:00:00+00:00,3833,8545,45.5,-4712,4712,55.143358689291986,9
2024-01-03 11:30:00+00:00,2024-01-05 10:00:00+00:00,3873,8007,46.5,-4134,4134,51.62982390408393,10
2024-01-03 11:30:00+00:00,2024-01-05 11:00:00+00:00,3917,8164,47.5,-4247,4247,52.02106810387065,11
2024-01-03 09:30:00+00:00,2024-01-03 21:00:00+00:00,9663,6945,11.5,2718,2718,39.13606911447084,21
2024-01-03 09:30:00+00:00,2024-01-03 22:00:00+00:00,9899,6611,12.5,3288,3288,49.73528966873393,22
2024-01-03 09:30:00+00:00,2024-01-03 23:00:00+00:00,9893,6813,13.5,3080,3080,45.20769117862909,23
2024-01-03 09:30:00+00:00,2024-01-04 00:00:00+00:00,9816,7112,14.5,2704,2704,38.02024746906636,0
2024-01-03 09:30:00+00:00,2024-01-04 01:00:00+00:00,9802,7743,15.5,2059,2059,26.591760299625467,1
2024-01-03 09:30:00+00:00,2024-01-04 02:00:00+00:00,9634,8269,16.5,1365,1365,16.507437416858146,2
2024-01-03 09:30:00+00:00,2024-01-04 03:00:00+00:00,9663,8118,17.5,1545,1545,19.031781226903178,3
2024-01-03 09:30:00+00:00,2024-01-04 04:00:00+00:00,9478,7666,18.5,1812,1812,23.636837985911818,4
2024-01-03 09:30:00+00:00,2024-01-04 05:00:00+00:00,9211,7859,19.5,1352,1352,17.20320651482377,5
2024-01-03 09:30:00+00:00,2024-01-04 06:00:00+00:00,8858,8359,20.5,499,499,5.9696135901423615,6
2024-01-03 09:30:00+00:00,2024-01-04 07:00:00+00:00,8484,7815,21.5,669,669,8.56046065259117,7
2024-01-03 09:30:00+00:00,2024-01-04 08:00:00+00:00,8041,6880,22.5,1161,1161,16.875,8
2024-01-03 09:30:00+00:00,2024-01-04 09:00:00+00:00,7686,6841,23.5,845,845,12.351995322321297,9
2024-01-03 09:30:00+00:00,2024-01-04 10:00:00+00:00,7348,6394,24.5,954,954,14.920237722865187,10
2024-01-03 09:30:00+00:00,2024-01-04 11:00:00+00:00,6510,5193,25.5,1317,1317,25.36106296938186,11
2024-01-03 09:30:00+00:00,2024-01-04 12:00:00+00:00,5614,4421,26.5,1193,1193,26.98484505767926,12
2024-01-03 09:30:00+00:00,2024-01-04 13:00:00+00:00,4593,3544,27.5,1049,1049,29.599322799097067,13
2024-01-03 09:30:00+00:00,2024-01-04 14:00:00+00:00,4052,3394,28.5,658,658,19.387153800824986,14
2024-01-03 09:30:00+00:00,2024-01-04 15:00:00+00:00,3756,2988,29.5,768,768,25.702811244979916,15
2024-01-03 09:30:00+00:00,2024-01-04 16:00:00+00:00,3460,3039,30.5,421,421,13.853241197762422,16
2024-01-03 09:30:00+00:00,2024-01-04 17:00:00+00:00,3463,3204,31.5,259,259,8.083645443196005,17
2024-01-03 09:30:00+00:00,2024-01-04 18:00:00+00:00,3525,3862,32.5,-337,337,8.726048679440703,18
2024-01-03 09:30:00+00:00,2024-01-04 19:00:00+00:00,3583,4459,33.5,-876,876,19.645660461986992,19
2024-01-03 09:30:00+00:00,2024-01-04 20:00:00+00:00,3547,4751,34.5,-1204,1204,25.342033256156597,20
2024-01-03 09:30:00+00:00,2024-01-04 21:00:00+00:00,3386,5331,35.5,-1945,1945,36.48471206152692,21
2024-01-03 09:30:00+00:00,2024-01-04 22:00:00+00:00,2917,5052,36.5,-2135,2135,42.26049089469517,22
2024-01-03 09:30:00+00:00,2024-01-04 23:00:00+00:00,2959,5263,37.5,-2304,2304,43.77731331939958,23
2024-01-03 09:30:00+00:00,2024-01-05 00:00:00+00:00,3011,5740,38.5,-2729,2729,47.54355400696864,0
2024-01-03 09:30:00+00:00,2024-01-05 01:00:00+00:00,3045,5813,39.5,-2768,2768,47.617409255117835,1
2024-01-03 09:30:00+00:00,2024-01-05 02:00:00+00:00,3091,5990,40.5,-2899,2899,48.397328881469114,2
2024-01-03 09:30:00+00:00,2024-01-05 03:00:00+00:00,3150,6547,41.5,-3397,3397,51.886360164961054,3
2024-01-03 09:30:00+00:00,2024-01-05 04:00:00+00:00,3203,6416,42.5,-3213,3213,50.07793017456359,4
2024-01-03 09:30:00+00:00,2024-01-05 05:00:00+00:00,3275,6485,43.5,-3210,3210,49.498843484965306,5
2024-01-03 09:30:00+00:00,2024-01-05 06:00:00+00:00,3365,7916,44.5,-4551,4551,57.4911571500758,6
2024-01-03 09:30:00+00:00,2024-01-05 07:00:00+00:00,3482,8250,45.5,-4768,4768,57.7939393939394,7
2024-01-03 09:30:00+00:00,2024-01-05 08:00:00+00:00,3612,8316,46.5,-4704,4704,56.56565656565656,8
2024-01-03 09:30:00+00:00,2024-01-05 09:00:00+00:00,3757,8545,47.5,-4788,4788,56.03276770040959,9
2024-01-03 07:30:00+00:00,2024-01-03 21:00:00+00:00,9664,6945,13.5,2719,2719,39.150467962563,21
2024-01-03 07:30:00+00:00,2024-01-03 22:00:00+00:00,9900,6611,14.5,3289,3289,49.750415973377706,22
2024-01-03 07:30:00+00:00,2024-01-03 23:00:00+00:00,9893,6813,15.5,3080,3080,45.20769117862909,23
2024-01-03 07:30:00+00:00,2024-01-04 00:00:00+00:00,9814,7112,16.5,2702,2702,37.99212598425197,0
2024-01-03 07:30:00+00:00,2024-01-04 01:00:00+00:00,9801,7743,17.5,2058,2058,26.578845408756298,1
2024-01-03 07:30:00+00:00,2024-01-04 02:00:00+00:00,9633,8269,18.5,1364,1364,16.495344056113193,2
2024-01-03 07:30:00+00:00,2024-01-04 03:00:00+00:00,9662,8118,19.5,1544,1544,19.019462921901948,3
2024-01-03 07:30:00+00:00,2024-01-04 04:00:00+00:00,9478,7666,20.5,1812,1812,23.636837985911818,4
2024-01-03 07:30:00+00:00,2024-01-04 05:00:00+00:00,9211,7859,21.5,1352,1352,17.20320651482377,5
2024-01-03 07:30:00+00:00,2024-01-04 06:00:00+00:00,8860,8359,22.5,501,501,5.99353989711688,6
2024-01-03 07:30:00+00:00,2024-01-04 07:00:00+00:00,8486,7815,23.5,671,671,8.586052463211773,7
2024-01-03 07:30:00+00:00,2024-01-04 08:00:00+00:00,8042,6880,24.5,1162,1162,16.88953488372093,8
2024-01-03 07:30:00+00:00,2024-01-04 09:00:00+00:00,7688,6841,25.5,847,847,12.381230814208449,9
2024-01-03 07:30:00+00:00,2024-01-04 10:00:00+00:00,7350,6394,26.5,956,956,14.95151704723178,10
2024-01-03 07:30:00+00:00,2024-01-04 11:00:00+00:00,6513,5193,27.5,1320,1320,25.41883304448296,11
2024-01-03 07:30:00+00:00,2024-01-04 12:00:00+00:00,5623,4421,28.5,1202,1202,27.188418909748926,12
2024-01-03 07:30:00+00:00,2024-01-04 13:00:00+00:00,4600,3544,29.5,1056,1056,29.79683972911964,13
2024-01-03 07:30:00+00:00,2024-01-04 14:00:00+00:00,4057,3394,30.5,663,663,19.534472598703594,14
2024-01-03 07:30:00+00:00,2024-01-04 15:00:00+00:00,3758,2988,31.5,770,770,25.76974564926372,15
2024-01-03 07:30:00+00:00,2024-01-04 16:00:00+00:00,3459,3039,32.5,420,420,13.820335636722605,16
2024-01-03 07:30:00+00:00,2024-01-04 17:00:00+00:00,3458,3204,33.5,254,254,7.927590511860175,17
2024-01-03 07:30:00+00:00,2024-01-04 18:00:00+00:00,3517,3862,34.5,-345,345,8.933195235629206,18
2024-01-03 07:30:00+00:00,2024-01-04 19:00:00+00:00,3572,4459,35.5,-887,887,19.892352545413768,19
2024-01-03 07:30:00+00:00,2024-01-04 20:00:00+00:00,3535,4751,36.5,-1216,1216,25.59461166070301,20
2024-01-03 07:30:00+00:00,2024-01-04 21:00:00+00:00,3367,5331,37.5,-1964,1964,36.84111798912024,21
2024-01-03 07:30:00+00:00,2024-01-04 22:00:00+00:00,2896,5052,38.5,-2156,2156,42.676167854315125,22
2024-01-03 07:30:00+00:00,2024-01-04 23:00:00+00:00,2935,5263,39.5,-2328,2328,44.23332699981,23
2024-01-03 07:30:00+00:00,2024-01-05 00:00:00+00:00,2985,5740,40.5,-2755,2755,47.99651567944251,0
2024-01-03 07:30:00+00:00,2024-01-05 01:00:00+00:00,3028,5813,41.5,-2785,2785,47.90985721658352,1
2024-01-03 07:30:00+00:00,2024-01-05 02:00:00+00:00,3082,5990,42.5,-2908,2908,48.54757929883139,2
2024-01-03 07:30:00+00:00,2024-01-05 03:00:00+00:00,3149,6547,43.5,-3398,3398,51.90163433633725,3
2024-01-03 07:30:00+00:00,2024-01-05 04:00:00+00:00,3201,6416,44.5,-3215,3215,50.10910224438903,4
2024-01-03 07:30:00+00:00,2024-01-05 05:00:00+00:00,3271,6485,45.5,-3214,3214,49.56052428681573,5
2024-01-03 07:30:00+00:00,2024-01-05 06:00:00+00:00,3361,7916,46.5,-4555,4555,57.54168772107124,6
2024-01-03 07:30:00+00:00,2024-01-05 07:00:00+00:00,3480,8250,47.5,-4770,4770,57.81818181818181,7
2024-01-03 04:30:00+00:00,2024-01-03 21:00:00+00:00,10550,6945,16.5,3605,3605,51.90784737221023,21
2024-01-03 04:30:00+00:00,2024-01-03 22:00:00+00:00,10809,6611,17.5,4198,4198,63.50022689456966,22
2024-01-03 04:30:00+00:00,2024-01-03 23:00:00+00:00,10994,6813,18.5,4181,4181,61.367972992807864,23
2024-01-03 04:30:00+00:00,2024-01-04 00:00:00+00:00,11074,7112,19.5,3962,3962,55.70866141732284,0
2024-01-03 04:30:00+00:00,2024-01-04 01:00:00+00:00,11105,7743,20.5,3362,3362,43.41986310215679,1
2024-01-03 04:30:00+00:00,2024-01-04 02:00:00+00:00,11113,8269,21.5,2844,2844,34.39351795864071,2
2024-01-03 04:30:00+00:00,2024-01-04 03:00:00+00:00,11261,8118,22.5,3143,3143,38.71643261887164,3
2024-01-03 04:30:00+00:00,2024-01-04 04:00:00+00:00,11154,7666,23.5,3488,3488,45.499608661622744,4
2024-01-03 04:30:00+00:00,2024-01-04 05:00:00+00:00,10971,7859,24.5,3112,3112,39.597913220511515,5
2024-01-03 04:30:00+00:00,2024-01-04 06:00:00+00:00,10656,8359,25.5,2297,2297,27.479363560234475,6
2024-01-03 04:30:00+00:00,2024-01-04 07:00:00+00:00,10274,7815,26.5,2459,2459,31.46513115802943,7
2024-01-03 04:30:00+00:00,2024-01-04 08:00:00+00:00,9945,6880,27.5,3065,3065,44.549418604651166,8
2024-01-03 04:30:00+00:00,2024-01-04 09:00:00+00:00,9507,6841,28.5,2666,2666,38.970910685572285,9
2024-01-03 04:30:00+00:00,2024-01-04 10:00:00+00:00,8673,6394,29.5,2279,2279,35.642790115733504,10
2024-01-03 04:30:00+00:00,2024-01-04 11:00:00+00:00,7734,5193,30.5,2541,2541,48.931253610629696,11
2024-01-03 04:30:00+00:00,2024-01-04 12:00:00+00:00,6758,4421,31.5,2337,2337,52.86134358742366,12
2024-01-03 04:30:00+00:00,2024-01-04 13:00:00+00:00,5659,3544,32.5,2115,2115,59.67832957110609,13
2024-01-03 04:30:00+00:00,2024-01-04 14:00:00+00:00,4829,3394,33.5,1435,1435,42.28049499116087,14
2024-01-03 04:30:00+00:00,2024-01-04 15:00:00+00:00,4260,2988,34.5,1272,1272,42.570281124497996,15
2024-01-03 04:30:00+00:00,2024-01-04 16:00:00+00:00,3599,3039,35.5,560,560,18.42711418229681,16
2024-01-03 04:30:00+00:00,2024-01-04 17:00:00+00:00,3406,3204,36.5,202,202,6.30461922596754,17
2024-01-03 04:30:00+00:00,2024-01-04 18:00:00+00:00,3243,3862,37.5,-619,619,16.027964785085448,18
2024-01-03 04:30:00+00:00,2024-01-04 19:00:00+00:00,3209,4459,38.5,-1250,1250,28.033191298497425,19
2024-01-03 04:30:00+00:00,2024-01-04 20:00:00+00:00,3184,4751,39.5,-1567,1567,32.98252999368554,20
2024-01-03 04:30:00+00:00,2024-01-04 21:00:00+00:00,3167,5331,40.5,-2164,2164,40.59275933220784,21
2024-01-03 04:30:00+00:00,2024-01-04 22:00:00+00:00,3204,5052,41.5,-1848,1848,36.57957244655582,22
2024-01-03 04:30:00+00:00,2024-01-04 23:00:00+00:00,3254,5263,42.5,-2009,2009,38.17214516435493,23
2024-01-03 04:30:00+00:00,2024-01-05 00:00:00+00:00,3317,5740,43.5,-2423,2423,42.21254355400697,0
2024-01-03 04:30:00+00:00,2024-01-05 01:00:00+00:00,3322,5813,44.5,-2491,2491,42.85222776535352,1
2024-01-03 04:30:00+00:00,2024-01-05 02:00:00+00:00,3329,5990,45.5,-2661,2661,44.42404006677796,2
2024-01-03 04:30:00+00:00,2024-01-05 03:00:00+00:00,3338,6547,46.5,-3209,3209,49.01481594623492,3
2024-01-03 04:30:00+00:00,2024-01-05 04:00:00+00:00,3402,6416,47.5,-3014,3014,46.97630922693266,4
2024-01-03 02:30:00+00:00,2024-01-03 21:00:00+00:00,10552,6945,18.5,3607,3607,51.936645068394526,21
2024-01-03 02:30:00+00:00,2024-01-03 22:00:00+00:00,10811,6611,19.5,4200,4200,63.53047950385721,22
2024-01-03 02:30:00+00:00,2024-01-03 23:00:00+00:00,10998,6813,20.5,4185,4185,61.42668428005285,23
2024-01-03 02:30:00+00:00,2024-01-04 00:00:00+00:00,11077,7112,21.5,3965,3965,55.75084364454443,0
2024-01-03 02:30:00+00:00,2024-01-04 01:00:00+00:00,11107,7743,22.5,3364,3364,43.445692883895134,1
2024-01-03 02:30:00+00:00,2024-01-04 02:00:00+00:00,11115,8269,23.5,2846,2846,34.417704680130605,2
2024-01-03 02:30:00+00:00,2024-01-04 03:00:00+00:00,11265,8118,24.5,3147,3147,38.76570583887657,3
2024-01-03 02:30:00+00:00,2024-01-04 04:00:00+00:00,11154,7666,25.5,3488,3488,45.499608661622744,4
2024-01-03 02:30:00+00:00,2024-01-04 05:00:00+00:00,10974,7859,26.5,3115,3115,39.63608601603257,5
2024-01-03 02:30:00+00:00,2024-01-04 06:00:00+00:00,10655,8359,27.5,2296,2296,27.467400406747217,6
2024-01-03 02:30:00+00:00,2024-01-04 07:00:00+00:00,10277,7815,28.5,2462,2462,31.503518873960335,7
2024-01-03 02:30:00+00:00,2024-01-04 08:00:00+00:00,9952,6880,29.5,3072,3072,44.651162790697676,8
2024-01-03 02:30:00+00:00,2024-01-04 09:00:00+00:00,9510,6841,30.5,2669,2669,39.01476392340301,9
2024-01-03 02:30:00+00:00,2024-01-04 10:00:00+00:00,8679,6394,31.5,2285,2285,35.736628088833285,10
2024-01-03 02:30:00+00:00,2024-01-04 11:00:00+00:00,7739,5193,32.5,2546,2546,49.02753706913152,11
2024-01-03 02:30:00+00:00,2024-01-04 12:00:00+00:00,6780,4421,33.5,2359,2359,53.35896855914951,12
2024-01-03 02:30:00+00:00,2024-01-04 13:00:00+00:00,5667,3544,34.5,2123,2123,59.904063205417614,13
2024-01-03 02:30:00+00:00,2024-01-04 14:00:00+00:00,4839,3394,35.5,1445,1445,42.57513258691809,14
2024-01-03 02:30:00+00:00,2024-01-04 15:00:00+00:00,4304,2988,36.5,1316,1316,44.042838018741634,15
2024-01-03 02:30:00+00:00,2024-01-04 16:00:00+00:00,3650,3039,37.5,611,611,20.10529779532741,16
2024-01-03 02:30:00+00:00,2024-01-04 17:00:00+00:00,3459,3204,38.5,255,255,7.9588014981273405,17
2024-01-03 02:30:00+00:00,2024-01-04 18:00:00+00:00,3295,3862,39.5,-567,567,14.681512169860175,18
2024-01-03 02:30:00+00:00,2024-01-04 19:00:00+00:00,3257,4459,40.5,-1202,1202,26.956716752635117,19
2024-01-03 02:30:00+00:00,2024-01-04 20:00:00+00:00,3228,4751,41.5,-1523,1523,32.05640917701537,20
2024-01-03 02:30:00+00:00,2024-01-04 21:00:00+00:00,3208,5331,42.5,-2123,2123,39.82367285687488,21
2024-01-03 02:30:00+00:00,2024-01-04 22:00:00+00:00,3244,5052,43.5,-1808,1808,35.78780680918448,22
2024-01-03 02:30:00+00:00,2024-01-04 23:00:00+00:00,3294,5263,44.5,-1969,1969,37.41212236367091,23
2024-01-03 02:30:00+00:00,2024-01-05 00:00:00+00:00,3355,5740,45.5,-2385,2385,41.55052264808362,0
2024-01-03 02:30:00+00:00,2024-01-05 01:00:00+00:00,3363,5813,46.5,-2450,2450,42.14691209358335,1
2024-01-03 02:30:00+00:00,2024-01-05 02:00:00+00:00,3373,5990,47.5,-2617,2617,43.68948247078464,2
2024-01-02 22:30:00+00:00,2024-01-03 03:00:00+00:00,11588,10059,4.5,1529,1529,15.200318123073863,3
2024-01-02 22:30:00+00:00,2024-01-03 04:00:00+00:00,11286,9599,5.5,1687,1687,17.574747369517656,4
2024-01-02 22:30:00+00:00,2024-01-03 05:00:00+00:00,10886,9463,6.5,1423,1423,15.03751453027581,5
2024-01-02 22:30:00+00:00,2024-01-03 06:00:00+00:00,10514,9387,7.5,1127,1127,12.005965697240866,6
2024-01-02 22:30:00+00:00,2024-01-03 07:00:00+00:00,10167,8927,8.5,1240,1240,13.890444718270414,7
2024-01-02 22:30:00+00:00,2024-01-03 08:00:00+00:00,9874,8396,9.5,1478,1478,17.603620771796095,8
2024-01-02 22:30:00+00:00,2024-01-03 09:00:00+00:00,9633,7245,10.5,2388,2388,32.96066252587992,9
2024-01-02 22:30:00+00:00,2024-01-03 10:00:00+00:00,9503,6794,11.5,2709,2709,39.87341772151899,10
2024-01-02 22:30:00+00:00,2024-01-03 11:00:00+00:00,9232,6484,12.5,2748,2748,42.38124614435533,11
2024-01-02 22:30:00+00:00,2024-01-03 12:00:00+00:00,8866,6200,13.5,2666,2666,43.0,12
2024-01-02 22:30:00+00:00,2024-01-03 13:00:00+00:00,8791,5823,14.5,2968,2968,50.9702902284046,13
2024-01-02 22:30:00+00:00,2024-01-03 14:00:00+00:00,8357,5928,15.5,2429,2429,40.975033738191634,14
2024-01-02 22:30:00+00:00,2024-01-03 15:00:00+00:00,8359,6052,16.5,2307,2307,38.119629874421676,15
2024-01-02 22:30:00+00:00,2024-01-03 16:00:00+00:00,8699,6591,17.5,2108,2108,31.983007130936127,16
2024-01-02 22:30:00+00:00,2024-01-03 17:00:00+00:00,9085,7044,18.5,2041,2041,28.975014196479272,17
2024-01-02 22:30:00+00:00,2024-01-03 18:00:00+00:00,9393,7192,19.5,2201,2201,30.603448275862068,18
2024-01-02 22:30:00+00:00,2024-01-03 19:00:00+00:00,9885,7131,20.5,2754,2754,38.620109381573414,19
2024-01-02 22:30:00+00:00,2024-01-03 20:00:00+00:00,10276,7039,21.5,3237,3237,45.98664583037363,20
2024-01-02 22:30:00+00:00,2024-01-03 21:00:00+00:00,10717,6945,22.5,3772,3772,54.312455003599716,21
2024-01-02 22:30:00+00:00,2024-01-03 22:00:00+00:00,11034,6611,23.5,4423,4423,66.90364543941915,22
2024-01-02 22:30:00+00:00,2024-01-03 23:00:00+00:00,11348,6813,24.5,4535,4535,66.56392191398797,23
2024-01-02 22:30:00+00:00,2024-01-04 00:00:00+00:00,11508,7112,25.5,4396,4396,61.811023622047244,0
2024-01-02 22:30:00+00:00,2024-01-04 01:00:00+00:00,11563,7743,26.5,3820,3820,49.334883120237635,1
2024-01-02 22:30:00+00:00,2024-01-04 02:00:00+00:00,11605,8269,27.5,3336,3336,40.34345144515661,2
2024-01-02 22:30:00+00:00,2024-01-04 03:00:00+00:00,11748,8118,28.5,3630,3630,44.71544715447154,3
2024-01-02 22:30:00+00:00,2024-01-04 04:00:00+00:00,11486,7666,29.5,3820,3820,49.83042003652491,4
2024-01-02 22:30:00+00:00,2024-01-04 05:00:00+00:00,11282,7859,30.5,3423,3423,43.555159689527926,5
2024-01-02 22:30:00+00:00,2024-01-04 06:00:00+00:00,11005,8359,31.5,2646,2646,31.654504127287954,6
2024-01-02 22:30:00+00:00,2024-01-04 07:00:00+00:00,10497,7815,32.5,2682,2682,34.31861804222649,7
2024-01-02 22:30:00+00:00,2024-01-04 08:00:00+00:00,10202,6880,33.5,3322,3322,48.28488372093023,8
2024-01-02 22:30:00+00:00,2024-01-04 09:00:00+00:00,9869,6841,34.5,3028,3028,44.262534717146615,9
2024-01-02 22:30:00+00:00,2024-01-04 10:00:00+00:00,8239,6394,35.5,1845,1845,28.85517672818267,10
2024-01-02 22:30:00+00:00,2024-01-04 11:00:00+00:00,7660,5193,36.5,2467,2467,47.50625842480262,11
2024-01-02 22:30:00+00:00,2024-01-04 12:00:00+00:00,7078,4421,37.5,2657,2657,60.09952499434517,12
2024-01-02 22:30:00+00:00,2024-01-04 13:00:00+00:00,6171,3544,38.5,2627,2627,74.1252821670429,13
2024-01-02 22:30:00+00:00,2024-01-04 14:00:00+00:00,5317,3394,39.5,1923,1923,56.65880966411314,14
2024-01-02 22:30:00+00:00,2024-01-04 15:00:00+00:00,4549,2988,40.5,1561,1561,52.24230254350736,15
2024-01-02 22:30:00+00:00,2024-01-04 16:00:00+00:00,4169,3039,41.5,1130,1130,37.183283974991774,16
2024-01-02 22:30:00+00:00,2024-01-04 17:00:00+00:00,3830,3204,42.5,626,626,19.538077403245943,17
2024-01-02 22:30:00+00:00,2024-01-04 18:00:00+00:00,3532,3862,43.5,-330,330,8.544795442775763,18
2024-01-02 22:30:00+00:00,2024-01-04 19:00:00+00:00,3406,4459,44.5,-1053,1053,23.61516034985423,19
2024-01-02 22:30:00+00:00,2024-01-04 20:00:00+00:00,3290,4751,45.5,-1461,1461,30.751420753525572,20
2024-01-02 22:30:00+00:00,2024-01-04 21:00:00+00:00,3183,5331,46.5,-2148,2148,40.29262802476084,21
2024-01-02 18:30:00+00:00,2024-01-02 23:00:00+00:00,12288,10992,4.5,1296,1296,11.790393013100436,23
2024-01-02 18:30:00+00:00,2024-01-03 00:00:00+00:00,12210,10672,5.5,1538,1538,14.411544227886056,0
2024-01-02 18:30:00+00:00,2024-01-03 01:00:00+00:00,11933,10293,6.5,1640,1640,15.933158457203925,1
2024-01-02 18:30:00+00:00,2024-01-03 02:00:00+00:00,11731,10226,7.5,1505,1505,14.717387052610992,2
2024-01-02 18:30:00+00:00,2024-01-03 03:00:00+00:00,11587,10059,8.5,1528,1528,15.190376777015608,3
2024-01-02 18:30:00+00:00,2024-01-03 04:00:00+00:00,11285,9599,9.5,1686,1686,17.564329617668506,4
2024-01-02 18:30:00+00:00,2024-01-03 05:00:00+00:00,10886,9463,10.5,1423,1423,15.03751453027581,5
2024-01-02 18:30:00+00:00,2024-01-03 06:00:00+00:00,10514,9387,11.5,1127,1127,12.005965697240866,6
2024-01-02 18:30:00+00:00,2024-01-03 07:00:00+00:00,10166,8927,12.5,1239,1239,13.879242746723422,7
2024-01-02 18:30:00+00:00,2024-01-03 08:00:00+00:00,9875,8396,13.5,1479,1479,17.615531205335873,8
2024-01-02 18:30:00+00:00,2024-01-03 09:00:00+00:00,9631,7245,14.5,2386,2386,32.93305728088337,9
2024-01-02 18:30:00+00:00,2024-01-03 10:00:00+00:00,9501,6794,15.5,2707,2707,39.84397998233736,10
2024-01-02 18:30:00+00:00,2024-01-03 11:00:00+00:00,9231,6484,16.5,2747,2747,42.36582356570018,11
2024-01-02 18:30:00+00:00,2024-01-03 12:00:00+00:00,8866,6200,17.5,2666,2666,43.0,12
2024-01-02 18:30:00+00:00,2024-01-03 13:00:00+00:00,8789,5823,18.5,2966,2966,50.935943671646925,13
2024-01-02 18:30:00+00:00,2024-01-03 14:00:00+00:00,8357,5928,19.5,2429,2429,40.975033738191634,14
2024-01-02 18:30:00+00:00,2024-01-03 15:00:00+00:00,8360,6052,20.5,2308,2308,38.13615333773959,15
2024-01-02 18:30:00+00:00,2024-01-03 16:00:00+00:00,8699,6591,21.5,2108,2108,31.983007130936127,16
2024-01-02 18:30:00+00:00,2024-01-03 17:00:00+00:00,9084,7044,22.5,2040,2040,28.960817717206133,17
2024-01-02 18:30:00+00:00,2024-01-03 18:00:00+00:00,9392,7192,23.5,2200,2200,30.589543937708562,18
2024-01-02 18:30:00+00:00,2024-01-03 19:00:00+00:00,9884,7131,24.5,2753,2753,38.60608610293087,19
2024-01-02 18:30:00+00:00,2024-01-03 20:00:00+00:00,10275,7039,25.5,3236,3236,45.97243926694133,20
2024-01-02 18:30:00+00:00,2024-01-03 21:00:00+00:00,10716,6945,26.5,3771,3771,54.29805615550756,21
2024-01-02 18:30:00+00:00,2024-01-03 22:00:00+00:00,11033,6611,27.5,4422,4422,66.88851913477536,22
2024-01-02 18:30:00+00:00,2024-01-03 23:00:00+00:00,11346,6813,28.5,4533,4533,66.53456627036547,23
2024-01-02 18:30:00+00:00,2024-01-04 00:00:00+00:00,11506,7112,29.5,4394,4394,61.782902137232846,0
2024-01-02 18:30:00+00:00,2024-01-04 01:00:00+00:00,11561,7743,30.5,3818,3818,49.30905333849929,1
2024-01-02 18:30:00+00:00,2024-01-04 02:00:00+00:00,11604,8269,31.5,3335,3335,40.331358084411654,2
2024-01-02 18:30:00+00:00,2024-01-04 03:00:00+00:00,11749,8118,32.5,3631,3631,44.72776545947278,3
2024-01-02 18:30:00+00:00,2024-01-04 04:00:00+00:00,11486,7666,33.5,3820,3820,49.83042003652491,4
2024-01-02 18:30:00+00:00,2024-01-04 05:00:00+00:00,11286,7859,34.5,3427,3427,43.60605675022268,5
2024-01-02 18:30:00+00:00,2024-01-04 06:00:00+00:00,11014,8359,35.5,2655,2655,31.762172508673288,6
2024-01-02 18:30:00+00:00,2024-01-04 07:00:00+00:00,10516,7815,36.5,2701,2701,34.5617402431222,7
2024-01-02 18:30:00+00:00,2024-01-04 08:00:00+00:00,10227,6880,37.5,3347,3347,48.64825581395349,8
2024-01-02 18:30:00+00:00,2024-01-04 09:00:00+00:00,9894,6841,38.5,3053,3053,44.627978365736006,9
2024-01-02 18:30:00+00:00,2024-01-04 10:00:00+00:00,8267,6394,39.5,1873,1873,29.29308726931498,10
2024-01-02 18:30:00+00:00,2024-01-04 11:00:00+00:00,7690,5193,40.5,2497,2497,48.0839591758136,11
2024-01-02 18:30:00+00:00,2024-01-04 12:00:00+00:00,7106,4421,41.5,2685,2685,60.732865867450805,12
2024-01-02 18:30:00+00:00,2024-01-04 13:00:00+00:00,6200,3544,42.5,2656,2656,74.94356659142211,13
2024-01-02 18:30:00+00:00,2024-01-04 14:00:00+00:00,5346,3394,43.5,1952,1952,57.51325869180908,14
2024-01-02 18:30:00+00:00,2024-01-04 15:00:00+00:00,4580,2988,44.5,1592,1592,53.279785809906286,15
2024-01-02 18:30:00+00:00,2024-01-04 16:00:00+00:00,4199,3039,45.5,1160,1160,38.170450806186246,16
2024-01-02 18:30:00+00:00,2024-01-04 17:00:00+00:00,3859,3204,46.5,655,655,20.44319600499376,17
2024-01-02 18:30:00+00:00,2024-01-04 18:00:00+00:00,3559,3862,47.5,-303,303,7.845675815639565,18
2024-01-02 15:30:00+00:00,2024-01-02 21:00:00+00:00,11827,11263,5.5,564,564,5.007546834768712,21
2024-01-02 15:30:00+00:00,2024-01-02 22:00:00+00:00,11946,11480,6.5,466,466,4.059233449477352,22
2024-01-02 15:30:00+00:00,2024-01-02 23:00:00+00:00,12054,10992,7.5,1062,1062,9.661572052401747,23
2024-01-02 15:30:00+00:00,2024-01-03 00:00:00+00:00,11999,10672,8.5,1327,1327,12.434407796101949,0
2024-01-02 15:30:00+00:00,2024-01-03 01:00:00+00:00,11753,10293,9.5,1460,1460,14.184397163120568,1
2024-01-02 15:30:00+00:00,2024-01-03 02:00:00+00:00,11613,10226,10.5,1387,1387,13.563465675728533,2
2024-01-02 15:30:00+00:00,2024-01-03 03:00:00+00:00,11390,10059,11.5,1331,1331,13.231931603539119,3
2024-01-02 15:30:00+00:00,2024-01-03 04:00:00+00:00,10971,9599,12.5,1372,1372,14.293155537035107,4
2024-01-02 15:30:00+00:00,2024-01-03 05:00:00+00:00,10549,9463,13.5,1086,1086,11.476276022403043,5
2024-01-02 15:30:00+00:00,2024-01-03 06:00:00+00:00,10173,9387,14.5,786,786,8.373282198785555,6
2024-01-02 15:30:00+00:00,2024-01-03 07:00:00+00:00,9706,8927,15.5,779,779,8.726335835106978,7
2024-01-02 15:30:00+00:00,2024-01-03 08:00:00+00:00,9435,8396,16.5,1039,1039,12.374940447832302,8
2024-01-02 15:30:00+00:00,2024-01-03 09:00:00+00:00,9089,7245,17.5,1844,1844,25.452035886818496,9
2024-01-02 15:30:00+00:00,2024-01-03 10:00:00+00:00,8856,6794,18.5,2062,2062,30.35030909626141,10
2024-01-02 15:30:00+00:00,2024-01-03 11:00:00+00:00,8776,6484,19.5,2292,2292,35.348550277606414,11
2024-01-02 15:30:00+00:00,2024-01-03 12:00:00+00:00,8650,6200,20.5,2450,2450,39.516129032258064,12
2024-01-02 15:30:00+00:00,2024-01-03 13:00:00+00:00,8600,5823,21.5,2777,2777,47.690194058045684,13
2024-01-02 15:30:00+00:00,2024-01-03 14:00:00+00:00,8236,5928,22.5,2308,2308,38.93387314439946,14
2024-01-02 15:30:00+00:00,2024-01-03 15:00:00+00:00,8445,6052,23.5,2393,2393,39.54064771976206,15
2024-01-02 15:30:00+00:00,2024-01-03 16:00:00+00:00,8730,6591,24.5,2139,2139,32.45334547109695,16
2024-01-02 15:30:00+00:00,2024-01-03 17:00:00+00:00,9125,7044,25.5,2081,2081,29.54287336740488,17
2024-01-02 15:30:00+00:00,2024-01-03 18:00:00+00:00,9520,7192,26.5,2328,2328,32.36929922135706,18
2024-01-02 15:30:00+00:00,2024-01-03 19:00:00+00:00,10123,7131,27.5,2992,2992,41.95764969849951,19
2024-01-02 15:30:00+00:00,2024-01-03 20:00:00+00:00,10548,7039,28.5,3509,3509,49.85083108396079,20
2024-01-02 15:30:00+00:00,2024-01-03 21:00:00+00:00,10901,6945,29.5,3956,3956,56.96184305255579,21
2024-01-02 15:30:00+00:00,2024-01-03 22:00:00+00:00,11029,6611,30.5,4418,4418,66.82801391620026,22
2024-01-02 15:30:00+00:00,2024-01-03 23:00:00+00:00,11407,6813,31.5,4594,4594,67.42991340085132,23
2024-01-02 15:30:00+00:00,2024-01-04 00:00:00+00:00,11492,7112,32.5,4380,4380,61.58605174353205,0
2024-01-02 15:30:00+00:00,2024-01-04 01:00:00+00:00,11560,7743,33.5,3817,3817,49.29613844763011,1
2024-01-02 15:30:00+00:00,2024-01-04 02:00:00+00:00,11769,8269,34.5,3500,3500,42.326762607328575,2
2024-01-02 15:30:00+00:00,2024-01-04 03:00:00+00:00,11871,8118,35.5,3753,3753,46.230598669623056,3
2024-01-02 15:30:00+00:00,2024-01-04 04:00:00+00:00,10872,7666,36.5,3206,3206,41.82102791547091,4
2024-01-02 15:30:00+00:00,2024-01-04 05:00:00+00:00,10764,7859,37.5,2905,2905,36.96399032955846,5
2024-01-02 15:30:00+00:00,2024-01-04 06:00:00+00:00,10639,8359,38.5,2280,2280,27.275989950951068,6
2024-01-02 15:30:00+00:00,2024-01-04 07:00:00+00:00,10298,7815,39.5,2483,2483,31.772232885476647,7
2024-01-02 15:30:00+00:00,2024-01-04 08:00:00+00:00,9931,6880,40.5,3051,3051,44.34593023255814,8
2024-01-02 15:30:00+00:00,2024-01-04 09:00:00+00:00,9543,6841,41.5,2702,2702,39.497149539541006,9
2024-01-02 15:30:00+00:00,2024-01-04 10:00:00+00:00,8955,6394,42.5,2561,2561,40.05317485142321,10
2024-01-02 15:30:00+00:00,2024-01-04 11:00:00+00:00,8340,5193,43.5,3147,3147,60.60080878105142,11
2024-01-02 15:30:00+00:00,2024-01-04 12:00:00+00:00,7715,4421,44.5,3294,3294,74.5080298574983,12
2024-01-02 15:30:00+00:00,2024-01-04 13:00:00+00:00,6809,3544,45.5,3265,3265,92.127539503386,13
2024-01-02 15:30:00+00:00,2024-01-04 14:00:00+00:00,5912,3394,46.5,2518,2518,74.18974661166764,14
2024-01-02 15:30:00+00:00,2024-01-04 15:00:00+00:00,5065,2988,47.5,2077,2077,69.51137884872824,15
2024-01-02 11:30:00+00:00,2024-01-02 21:00:00+00:00,11422,11263,9.5,159,159,1.411702033206073,21
2024-01-02 11:30:00+00:00,2024-01-02 22:00:00+00:00,11462,11480,10.5,-18,18,0.156794425087108,22
2024-01-02 11:30:00+00:00,2024-01-02 23:00:00+00:00,11613,10992,11.5,621,621,5.649563318777292,23
2024-01-02 11:30:00+00:00,2024-01-03 00:00:00+00:00,11558,10672,12.5,886,886,8.302098950524737,0
2024-01-02 11:30:00+00:00,2024-01-03 01:00:00+00:00,11353,10293,13.5,1060,1060,10.29826095404644,1
2024-01-02 11:30:00+00:00,2024-01-03 02:00:00+00:00,11246,10226,14.5,1020,1020,9.97457461372971,2
2024-01-02 11:30:00+00:00,2024-01-03 03:00:00+00:00,10902,10059,15.5,843,843,8.38055472711005,3
2024-01-02 11:30:00+00:00,2024-01-03 04:00:00+00:00,10446,9599,16.5,847,847,8.823835816230858,4
2024-01-02 11:30:00+00:00,2024-01-03 05:00:00+00:00,9942,9463,17.5,479,479,5.06181971890521,5
2024-01-02 11:30:00+00:00,2024-01-03 06:00:00+00:00,9457,9387,18.5,70,70,0.7457121551081283,6
2024-01-02 11:30:00+00:00,2024-01-03 07:00:00+00:00,8908,8927,19.5,-19,19,0.21283745939285315,7
2024-01-02 11:30:00+00:00,2024-01-03 08:00:00+00:00,8605,8396,20.5,209,209,2.4892806098141973,8
2024-01-02 11:30:00+00:00,2024-01-03 09:00:00+00:00,8290,7245,21.5,1045,1045,14.423740510697034,9
2024-01-02 11:30:00+00:00,2024-01-03 10:00:00+00:00,8072,6794,22.5,1278,1278,18.810715337062113,10
2024-01-02 11:30:00+00:00,2024-01-03 11:00:00+00:00,8014,6484,23.5,1530,1530,23.596545342381244,11
2024-01-02 11:30:00+00:00,2024-01-03 12:00:00+00:00,8045,6200,24.5,1845,1845,29.758064516129036,12
2024-01-02 11:30:00+00:00,2024-01-03 13:00:00+00:00,8083,5823,25.5,2260,2260,38.8116091361841,13
2024-01-02 11:30:00+00:00,2024-01-03 14:00:00+00:00,7958,5928,26.5,2030,2030,34.2442645074224,14
2024-01-02 11:30:00+00:00,2024-01-03 15:00:00+00:00,8287,6052,27.5,2235,2235,36.92994051553205,15
2024-01-02 11:30:00+00:00,2024-01-03 16:00:00+00:00,8496,6591,28.5,1905,1905,28.903049613108784,16
2024-01-02 11:30:00+00:00,2024-01-03 17:00:00+00:00,8906,7044,29.5,1862,1862,26.433844406587166,17
2024-01-02 11:30:00+00:00,2024-01-03 18:00:00+00:00,9280,7192,30.5,2088,2088,29.03225806451613,18
2024-01-02 11:30:00+00:00,2024-01-03 19:00:00+00:00,9778,7131,31.5,2647,2647,37.119618566820925,19
2024-01-02 11:30:00+00:00,2024-01-03 20:00:00+00:00,10090,7039,32.5,3051,3051,43.34422503196477,20
2024-01-02 11:30:00+00:00,2024-01-03 21:00:00+00:00,10452,6945,33.5,3507,3507,50.49676025917926,21
2024-01-02 11:30:00+00:00,2024-01-03 22:00:00+00:00,10175,6611,34.5,3564,3564,53.91014975041597,22
2024-01-02 11:30:00+00:00,2024-01-03 23:00:00+00:00,10441,6813,35.5,3628,3628,53.25113753119037,23
2024-01-02 11:30:00+00:00,2024-01-04 00:00:00+00:00,10701,7112,36.5,3589,3589,50.46400449943758,0
2024-01-02 11:30:00+00:00,2024-01-04 01:00:00+00:00,10853,7743,37.5,3110,3110,40.165310603125405,1
2024-01-02 11:30:00+00:00,2024-01-04 02:00:00+00:00,11019,8269,38.5,2750,2750,33.256742048615315,2
2024-01-02 11:30:00+00:00,2024-01-04 03:00:00+00:00,11188,8118,39.5,3070,3070,37.81719635378172,3
2024-01-02 11:30:00+00:00,2024-01-04 04:00:00+00:00,11029,7666,40.5,3363,3363,43.86903208974694,4
2024-01-02 11:30:00+00:00,2024-01-04 05:00:00+00:00,10854,7859,41.5,2995,2995,38.10917419519023,5
2024-01-02 11:30:00+00:00,2024-01-04 06:00:00+00:00,10663,8359,42.5,2304,2304,27.56310563464529,6
2024-01-02 11:30:00+00:00,2024-01-04 07:00:00+00:00,10226,7815,43.5,2411,2411,30.850927703134996,7
2024-01-02 11:30:00+00:00,2024-01-04 08:00:00+00:00,9768,6880,44.5,2888,2888,41.97674418604651,8
2024-01-02 11:30:00+00:00,2024-01-04 09:00:00+00:00,9294,6841,45.5,2453,2453,35.857330799590706,9
2024-01-02 11:30:00+00:00,2024-01-04 10:00:00+00:00,8642,6394,46.5,2248,2248,35.157960588051296,10
2024-01-02 11:30:00+00:00,2024-01-04 11:00:00+00:00,7966,5193,47.5,2773,2773,53.39880608511458,11
2024-01-02 09:30:00+00:00,2024-01-02 21:00:00+00:00,11419,11263,11.5,156,156,1.3850661457870905,21
2024-01-02 09:30:00+00:00,2024-01-02 22:00:00+00:00,11463,11480,12.5,-17,17,0.1480836236933798,22
2024-01-02 09:30:00+00:00,2024-01-02 23:00:00+00:00,11616,10992,13.5,624,624,5.676855895196507,23
2024-01-02 09:30:00+00:00,2024-01-03 00:00:00+00:00,11566,10672,14.5,894,894,8.377061469265367,0
2024-01-02 09:30:00+00:00,2024-01-03 01:00:00+00:00,11347,10293,15.5,1054,1054,10.239968910910328,1
2024-01-02 09:30:00+00:00,2024-01-03 02:00:00+00:00,11244,10226,16.5,1018,1018,9.955016624291023,2
2024-01-02 09:30:00+00:00,2024-01-03 03:00:00+00:00,10908,10059,17.5,849,849,8.440202803459588,3
2024-01-02 09:30:00+00:00,2024-01-03 04:00:00+00:00,10446,9599,18.5,847,847,8.823835816230858,4
2024-01-02 09:30:00+00:00,2024-01-03 05:00:00+00:00,9947,9463,19.5,484,484,5.114657085490859,5
2024-01-02 09:30:00+00:00,2024-01-03 06:00:00+00:00,9459,9387,20.5,72,72,0.7670182166826461,6
2024-01-02 09:30:00+00:00,2024-01-03 07:00:00+00:00,8906,8927,21.5,-21,21,0.2352414024868377,7
2024-01-02 09:30:00+00:00,2024-01-03 08:00:00+00:00,8612,8396,22.5,216,216,2.572653644592663,8
2024-01-02 09:30:00+00:00,2024-01-03 09:00:00+00:00,8303,7245,23.5,1058,1058,14.603174603174605,9
2024-01-02 09:30:00+00:00,2024-01-03 10:00:00+00:00,8081,6794,24.5,1287,1287,18.943185163379454,10
2024-01-02 09:30:00+00:00,2024-01-03 11:00:00+00:00,8016,6484,25.5,1532,1532,23.627390499691547,11
2024-01-02 09:30:00+00:00,2024-01-03 12:00:00+00:00,8052,6200,26.5,1852,1852,29.870967741935484,12
2024-01-02 09:30:00+00:00,2024-01-03 13:00:00+00:00,8088,5823,27.5,2265,2265,38.89747552807831,13
2024-01-02 09:30:00+00:00,2024-01-03 14:00:00+00:00,7966,5928,28.5,2038,2038,34.37921727395412,14
2024-01-02 09:30:00+00:00,2024-01-03 15:00:00+00:00,8295,6052,29.5,2243,2243,37.062128222075344,15
2024-01-02 09:30:00+00:00,2024-01-03 16:00:00+00:00,8501,6591,30.5,1910,1910,28.978910635715373,16
2024-01-02 09:30:00+00:00,2024-01-03 17:00:00+00:00,8907,7044,31.5,1863,1863,26.44804088586031,17
2024-01-02 09:30:00+00:00,2024-01-03 18:00:00+00:00,9294,7192,32.5,2102,2102,29.226918798665185,18
2024-01-02 09:30:00+00:00,2024-01-03 19:00:00+00:00,9774,7131,33.5,2643,2643,37.06352545225074,19
2024-01-02 09:30:00+00:00,2024-01-03 20:00:00+00:00,10087,7039,34.5,3048,3048,43.30160534166785,20
2024-01-02 09:30:00+00:00,2024-01-03 21:00:00+00:00,10451,6945,35.5,3506,3506,50.48236141108712,21
2024-01-02 09:30:00+00:00,2024-01-03 22:00:00+00:00,10187,6611,36.5,3576,3576,54.091665406141274,22
2024-01-02 09:30:00+00:00,2024-01-03 23:00:00+00:00,10462,6813,37.5,3649,3649,53.55937178922648,23
2024-01-02 09:30:00+00:00,2024-01-04 00:00:00+00:00,10727,7112,38.5,3615,3615,50.82958380202475,0
2024-01-02 09:30:00+00:00,2024-01-04 01:00:00+00:00,10899,7743,39.5,3156,3156,40.75939558310732,1
2024-01-02 09:30:00+00:00,2024-01-04 02:00:00+00:00,11063,8269,40.5,2794,2794,33.78884992139316,2
2024-01-02 09:30:00+00:00,2024-01-04 03:00:00+00:00,11220,8118,41.5,3102,3102,38.21138211382114,3
2024-01-02 09:30:00+00:00,2024-01-04 04:00:00+00:00,11051,7666,42.5,3385,3385,44.15601356639708,4
2024-01-02 09:30:00+00:00,2024-01-04 05:00:00+00:00,10864,7859,43.5,3005,3005,38.23641684692709,5
2024-01-02 09:30:00+00:00,2024-01-04 06:00:00+00:00,10659,8359,44.5,2300,2300,27.515253020696257,6
2024-01-02 09:30:00+00:00,2024-01-04 07:00:00+00:00,10223,7815,45.5,2408,2408,30.812539987204097,7
2024-01-02 09:30:00+00:00,2024-01-04 08:00:00+00:00,9766,6880,46.5,2886,2886,41.94767441860465,8
2024-01-02 09:30:00+00:00,2024-01-04 09:00:00+00:00,9294,6841,47.5,2453,2453,35.857330799590706,9
2024-01-02 07:30:00+00:00,2024-01-02 21:00:00+00:00,11418,11263,13.5,155,155,1.3761875166474296,21
2024-01-02 07:30:00+00:00,2024-01-02 22:00:00+00:00,11459,11480,14.5,-21,21,0.1829268292682927,22
2024-01-02 07:30:00+00:00,2024-01-02 23:00:00+00:00,11613,10992,15.5,621,621,5.649563318777292,23
2024-01-02 07:30:00+00:00,2024-01-03 00:00:00+00:00,11564,10672,16.5,892,892,8.35832083958021,0
2024-01-02 07:30:00+00:00,2024-01-03 01:00:00+00:00,11345,10293,17.5,1052,1052,10.220538229864957,1
2024-01-02 07:30:00+00:00,2024-01-03 02:00:00+00:00,11243,10226,18.5,1017,1017,9.945237629571679,2
2024-01-02 07:30:00+00:00,2024-01-03 03:00:00+00:00,10909,10059,19.5,850,850,8.450144149517845,3
2024-01-02 07:30:00+00:00,2024-01-03 04:00:00+00:00,10446,9599,20.5,847,847,8.823835816230858,4
2024-01-02 07:30:00+00:00,2024-01-03 05:00:00+00:00,9948,9463,21.5,485,485,5.125224558807989,5
2024-01-02 07:30:00+00:00,2024-01-03 06:00:00+00:00,9460,9387,22.5,73,73,0.7776712474699051,6
2024-01-02 07:30:00+00:00,2024-01-03 07:00:00+00:00,8906,8927,23.5,-21,21,0.2352414024868377,7
2024-01-02 07:30:00+00:00,2024-01-03 08:00:00+00:00,8612,8396,24.5,216,216,2.572653644592663,8
2024-01-02 07:30:00+00:00,2024-01-03 09:00:00+00:00,8303,7245,25.5,1058,1058,14.603174603174605,9
2024-01-02 07:30:00+00:00,2024-01-03 10:00:00+00:00,8080,6794,26.5,1286,1286,18.928466293788638,10
2024-01-02 07:30:00+00:00,2024-01-03 11:00:00+00:00,8016,6484,27.5,1532,1532,23.627390499691547,11
2024-01-02 07:30:00+00:00,2024-01-03 12:00:00+00:00,8052,6200,28.5,1852,1852,29.870967741935484,12
2024-01-02 07:30:00+00:00,2024-01-03 13:00:00+00:00,8089,5823,29.5,2266,2266,38.91464880645715,13
2024-01-02 07:30:00+00:00,2024-01-03 14:00:00+00:00,7966,5928,30.5,2038,2038,34.37921727395412,14
2024-01-02 07:30:00+00:00,2024-01-03 15:00:00+00:00,8297,6052,31.5,2245,2245,37.09517514871117,15
2024-01-02 07:30:00+00:00,2024-01-03 16:00:00+00:00,8501,6591,32.5,1910,1910,28.978910635715373,16
2024-01-02 07:30:00+00:00,2024-01-03 17:00:00+00:00,8908,7044,33.5,1864,1864,26.462237365133447,17
2024-01-02 07:30:00+00:00,2024-01-03 18:00:00+00:00,9295,7192,34.5,2103,2103,29.24082313681869,18
2024-01-02 07:30:00+00:00,2024-01-03 19:00:00+00:00,9774,7131,35.5,2643,2643,37.06352545225074,19
2024-01-02 07:30:00+00:00,2024-01-03 20:00:00+00:00,10088,7039,36.5,3049,3049,43.315811905100155,20
2024-01-02 07:30:00+00:00,2024-01-03 21:00:00+00:00,10453,6945,37.5,3508,3508,50.51115910727142,21
2024-01-02 07:30:00+00:00,2024-01-03 22:00:00+00:00,10189,6611,38.5,3578,3578,54.121918015428825,22
2024-01-02 07:30:00+00:00,2024-01-03 23:00:00+00:00,10465,6813,39.5,3652,3652,53.60340525466021,23
2024-01-02 07:30:00+00:00,2024-01-04 00:00:00+00:00,10730,7112,40.5,3618,3618,50.871766029246345,0
2024-01-02 07:30:00+00:00,2024-01-04 01:00:00+00:00,10901,7743,41.5,3158,3158,40.785225364845665,1
2024-01-02 07:30:00+00:00,2024-01-04 02:00:00+00:00,11065,8269,42.5,2796,2796,33.81303664288306,2
2024-01-02 07:30:00+00:00,2024-01-04 03:00:00+00:00,11221,8118,43.5,3103,3103,38.22370041882237,3
2024-01-02 07:30:00+00:00,2024-01-04 04:00:00+00:00,11053,7666,44.5,3387,3387,44.18210279154709,4
2024-01-02 07:30:00+00:00,2024-01-04 05:00:00+00:00,10867,7859,45.5,3008,3008,38.27458964244815,5
2024-01-02 07:30:00+00:00,2024-01-04 06:00:00+00:00,10662,8359,46.5,2303,2303,27.55114248115803,6
2024-01-02 07:30:00+00:00,2024-01-04 07:00:00+00:00,10227,7815,47.5,2412,2412,30.863723608445298,7
2024-01-02 04:30:00+00:00,2024-01-02 21:00:00+00:00,11442,11263,16.5,179,179,1.5892746159992897,21
2024-01-02 04:30:00+00:00,2024-01-02 22:00:00+00:00,11398,11480,17.5,-82,82,0.7142857142857143,22
2024-01-02 04:30:00+00:00,2024-01-02 23:00:00+00:00,11399,10992,18.5,407,407,3.702692867540029,23
2024-01-02 04:30:00+00:00,2024-01-03 00:00:00+00:00,11336,10672,19.5,664,664,6.221889055472264,0
2024-01-02 04:30:00+00:00,2024-01-03 01:00:00+00:00,11206,10293,20.5,913,913,8.870105897211698,1
2024-01-02 04:30:00+00:00,2024-01-03 02:00:00+00:00,11001,10226,21.5,775,775,7.578720907490711,2
2024-01-02 04:30:00+00:00,2024-01-03 03:00:00+00:00,10740,10059,22.5,681,681,6.770056665672532,3
2024-01-02 04:30:00+00:00,2024-01-03 04:00:00+00:00,10453,9599,23.5,854,854,8.896760079174914,4
2024-01-02 04:30:00+00:00,2024-01-03 05:00:00+00:00,9886,9463,24.5,423,423,4.470041213145937,5
2024-01-02 04:30:00+00:00,2024-01-03 06:00:00+00:00,9405,9387,25.5,18,18,0.19175455417066153,6
2024-01-02 04:30:00+00:00,2024-01-03 07:00:00+00:00,8948,8927,26.5,21,21,0.2352414024868377,7
2024-01-02 04:30:00+00:00,2024-01-03 08:00:00+00:00,8629,8396,27.5,233,233,2.7751310147689376,8
2024-01-02 04:30:00+00:00,2024-01-03 09:00:00+00:00,8527,7245,28.5,1282,1282,17.694962042788127,9
2024-01-02 04:30:00+00:00,2024-01-03 10:00:00+00:00,8302,6794,29.5,1508,1508,22.196055342949663,10
2024-01-02 04:30:00+00:00,2024-01-03 11:00:00+00:00,8197,6484,30.5,1713,1713,26.418877236273907,11
2024-01-02 04:30:00+00:00,2024-01-03 12:00:00+00:00,8311,6200,31.5,2111,2111,34.04838709677419,12
2024-01-02 04:30:00+00:00,2024-01-03 13:00:00+00:00,8313,5823,32.5,2490,2490,42.76146316331788,13
2024-01-02 04:30:00+00:00,2024-01-03 14:00:00+00:00,8278,5928,33.5,2350,2350,39.64237516869096,14
2024-01-02 04:30:00+00:00,2024-01-03 15:00:00+00:00,8456,6052,34.5,2404,2404,39.72240581625909,15
2024-01-02 04:30:00+00:00,2024-01-03 16:00:00+00:00,8398,6591,35.5,1807,1807,27.416173570019726,16
2024-01-02 04:30:00+00:00,2024-01-03 17:00:00+00:00,8678,7044,36.5,1634,1634,23.197047132311187,17
2024-01-02 04:30:00+00:00,2024-01-03 18:00:00+00:00,8959,7192,37.5,1767,1767,24.568965517241377,18
2024-01-02 04:30:00+00:00,2024-01-03 19:00:00+00:00,9358,7131,38.5,2227,2227,31.22984153695134,19
2024-01-02 04:30:00+00:00,2024-01-03 20:00:00+00:00,9768,7039,39.5,2729,2729,38.76971160676233,20
2024-01-02 04:30:00+00:00,2024-01-03 21:00:00+00:00,10183,6945,40.5,3238,3238,46.62347012239021,21
2024-01-02 04:30:00+00:00,2024-01-03 22:00:00+00:00,10412,6611,41.5,3801,3801,57.495083950990775,22
2024-01-02 04:30:00+00:00,2024-01-03 23:00:00+00:00,10640,6813,42.5,3827,3827,56.17202407162777,23
2024-01-02 04:30:00+00:00,2024-01-04 00:00:00+00:00,10863,7112,43.5,3751,3751,52.741844769403826,0
2024-01-02 04:30:00+00:00,2024-01-04 01:00:00+00:00,11068,7743,44.5,3325,3325,42.942012139997416,1
2024-01-02 04:30:00+00:00,2024-01-04 02:00:00+00:00,11267,8269,45.5,2998,2998,36.255895513363164,2
2024-01-02 04:30:00+00:00,2024-01-04 03:00:00+00:00,11462,8118,46.5,3344,3344,41.19241192411924,3
2024-01-02 04:30:00+00:00,2024-01-04 04:00:00+00:00,11268,7666,47.5,3602,3602,46.986694495173495,4
2024-01-02 02:30:00+00:00,2024-01-02 21:00:00+00:00,11431,11263,18.5,168,168,1.4916096954630205,21
2024-01-02 02:30:00+00:00,2024-01-02 22:00:00+00:00,11389,11480,19.5,-91,91,0.7926829268292683,22
2024-01-02 02:30:00+00:00,2024-01-02 23:00:00+00:00,11389,10992,20.5,397,397,3.6117176128093162,23
2024-01-02 02:30:00+00:00,2024-01-03 00:00:00+00:00,11329,10672,21.5,657,657,6.156296851574213,0
2024-01-02 02:30:00+00:00,2024-01-03 01:00:00+00:00,11205,10293,22.5,912,912,8.860390556689012,1
2024-01-02 02:30:00+00:00,2024-01-03 02:00:00+00:00,11000,10226,23.5,774,774,7.568941912771367,2
2024-01-02 02:30:00+00:00,2024-01-03 03:00:00+00:00,10730,10059,24.5,671,671,6.67064320508997,3
2024-01-02 02:30:00+00:00,2024-01-03 04:00:00+00:00,10454,9599,25.5,855,855,8.907177831024066,4
2024-01-02 02:30:00+00:00,2024-01-03 05:00:00+00:00,9885,9463,26.5,422,422,4.459473739828807,5
2024-01-02 02:30:00+00:00,2024-01-03 06:00:00+00:00,9399,9387,27.5,12,12,0.1278363694471077,6
2024-01-02 02:30:00+00:00,2024-01-03 07:00:00+00:00,8948,8927,28.5,21,21,0.2352414024868377,7
2024-01-02 02:30:00+00:00,2024-01-03 08:00:00+00:00,8629,8396,29.5,233,233,2.7751310147689376,8
2024-01-02 02:30:00+00:00,2024-01-03 09:00:00+00:00,8519,7245,30.5,1274,1274,17.584541062801932,9
2024-01-02 02:30:00+00:00,2024-01-03 10:00:00+00:00,8303,6794,31.5,1509,1509,22.21077421254048,10
2024-01-02 02:30:00+00:00,2024-01-03 11:00:00+00:00,8198,6484,32.5,1714,1714,26.43429981492906,11
2024-01-02 02:30:00+00:00,2024-01-03 12:00:00+00:00,8307,6200,33.5,2107,2107,33.983870967741936,12
2024-01-02 02:30:00+00:00,2024-01-03 13:00:00+00:00,8315,5823,34.5,2492,2492,42.79580972007556,13
2024-01-02 02:30:00+00:00,2024-01-03 14:00:00+00:00,8277,5928,35.5,2349,2349,39.625506072874494,14
2024-01-02 02:30:00+00:00,2024-01-03 15:00:00+00:00,8454,6052,36.5,2402,2402,39.689358889623264,15
2024-01-02 02:30:00+00:00,2024-01-03 16:00:00+00:00,8400,6591,37.5,1809,1809,27.446517979062357,16
2024-01-02 02:30:00+00:00,2024-01-03 17:00:00+00:00,8683,7044,38.5,1639,1639,23.268029528676887,17
2024-01-02 02:30:00+00:00,2024-01-03 18:00:00+00:00,8967,7192,39.5,1775,1775,24.680200222469413,18
2024-01-02 02:30:00+00:00,2024-01-03 19:00:00+00:00,9366,7131,40.5,2235,2235,31.34202776609171,19
2024-01-02 02:30:00+00:00,2024-01-03 20:00:00+00:00,9775,7039,41.5,2736,2736,38.869157550788465,20
2024-01-02 02:30:00+00:00,2024-01-03 21:00:00+00:00,10190,6945,42.5,3245,3245,46.724262059035276,21
2024-01-02 02:30:00+00:00,2024-01-03 22:00:00+00:00,10419,6611,43.5,3808,3808,57.60096808349721,22
2024-01-02 02:30:00+00:00,2024-01-03 23:00:00+00:00,10646,6813,44.5,3833,3833,56.26009100249523,23
2024-01-02 02:30:00+00:00,2024-01-04 00:00:00+00:00,10869,7112,45.5,3757,3757,52.82620922384702,0
2024-01-02 02:30:00+00:00,2024-01-04 01:00:00+00:00,11074,7743,46.5,3331,3331,43.01950148521245,1
2024-01-02 02:30:00+00:00,2024-01-04 02:00:00+00:00,11274,8269,47.5,3005,3005,36.34054903857782,2
2024-01-01 22:30:00+00:00,2024-01-02 03:00:00+00:00,15537,13403,4.5,2134,2134,15.921808550324554,3
2024-01-01 22:30:00+00:00,2024-01-02 04:00:00+00:00,15028,13245,5.5,1783,1783,13.461683654209136,4
2024-01-01 22:30:00+00:00,2024-01-02 05:00:00+00:00,14461,12635,6.5,1826,1826,14.45191927186387,5
2024-01-01 22:30:00+00:00,2024-01-02 06:00:00+00:00,14048,12764,7.5,1284,1284,10.059542463177687,6
2024-01-01 22:30:00+00:00,2024-01-02 07:00:00+00:00,13492,11925,8.5,1567,1567,13.140461215932914,7
2024-01-01 22:30:00+00:00,2024-01-02 08:00:00+00:00,12938,11866,9.5,1072,1072,9.034215405359852,8
2024-01-01 22:30:00+00:00,2024-01-02 09:00:00+00:00,12378,11505,10.5,873,873,7.588005215123859,9
2024-01-01 22:30:00+00:00,2024-01-02 10:00:00+00:00,11633,10399,11.5,1234,1234,11.86652562746418,10
2024-01-01 22:30:00+00:00,2024-01-02 11:00:00+00:00,10729,8795,12.5,1934,1934,21.98976691301876,11
2024-01-01 22:30:00+00:00,2024-01-02 12:00:00+00:00,9778,8281,13.5,1497,1497,18.07752686873566,12
2024-01-01 22:30:00+00:00,2024-01-02 13:00:00+00:00,9216,7344,14.5,1872,1872,25.49019607843137,13
2024-01-01 22:30:00+00:00,2024-01-02 14:00:00+00:00,8783,7249,15.5,1534,1534,21.161539522692784,14
2024-01-01 22:30:00+00:00,2024-01-02 15:00:00+00:00,8802,7870,16.5,932,932,11.842439644218551,15
2024-01-01 22:30:00+00:00,2024-01-02 16:00:00+00:00,8869,8208,17.5,661,661,8.053118908382066,16
2024-01-01 22:30:00+00:00,2024-01-02 17:00:00+00:00,9219,9635,18.5,-416,416,4.317592112091333,17
2024-01-01 22:30:00+00:00,2024-01-02 18:00:00+00:00,9757,10183,19.5,-426,426,4.183442993224,18
2024-01-01 22:30:00+00:00,2024-01-02 19:00:00+00:00,10280,9919,20.5,361,361,3.639479786268777,19
2024-01-01 22:30:00+00:00,2024-01-02 20:00:00+00:00,11162,11051,21.5,111,111,1.0044339878744006,20
2024-01-01 22:30:00+00:00,2024-01-02 21:00:00+00:00,11559,11263,22.5,296,296,2.628074225339607,21
2024-01-01 22:30:00+00:00,2024-01-02 22:00:00+00:00,11435,11480,23.5,-45,45,0.39198606271777003,22
2024-01-01 22:30:00+00:00,2024-01-02 23:00:00+00:00,11268,10992,24.5,276,276,2.5109170305676853,23
2024-01-01 22:30:00+00:00,2024-01-03 00:00:00+00:00,11246,10672,25.5,574,574,5.37856071964018,0
2024-01-01 22:30:00+00:00,2024-01-03 01:00:00+00:00,11114,10293,26.5,821,821,7.976294569124648,1
2024-01-01 22:30:00+00:00,2024-01-03 02:00:00+00:00,10844,10226,27.5,618,618,6.043418736553882,2
2024-01-01 22:30:00+00:00,2024-01-03 03:00:00+00:00,10568,10059,28.5,509,509,5.06014514365245,3
2024-01-01 22:30:00+00:00,2024-01-03 04:00:00+00:00,10304,9599,29.5,705,705,7.344515053651422,4
2024-01-01 22:30:00+00:00,2024-01-03 05:00:00+00:00,9821,9463,30.5,358,358,3.783155447532495,5
2024-01-01 22:30:00+00:00,2024-01-03 06:00:00+00:00,9440,9387,31.5,53,53,0.5646106317247257,6
2024-01-01 22:30:00+00:00,2024-01-03 07:00:00+00:00,9286,8927,32.5,359,359,4.021507785370225,7
2024-01-01 22:30:00+00:00,2024-01-03 08:00:00+00:00,8990,8396,33.5,594,594,7.074797522629823,8
2024-01-01 22:30:00+00:00,2024-01-03 09:00:00+00:00,8944,7245,34.5,1699,1699,23.450655624568668,9
2024-01-01 22:30:00+00:00,2024-01-03 10:00:00+00:00,8994,6794,35.5,2200,2200,32.381513099793935,10
2024-01-01 22:30:00+00:00,2024-01-03 11:00:00+00:00,8961,6484,36.5,2477,2477,38.201727328809376,11
2024-01-01 22:30:00+00:00,2024-01-03 12:00:00+00:00,8929,6200,37.5,2729,2729,44.016129032258064,12
2024-01-01 22:30:00+00:00,2024-01-03 13:00:00+00:00,8843,5823,38.5,3020,3020,51.86330070410441,13
2024-01-01 22:30:00+00:00,2024-01-03 14:00:00+00:00,8760,5928,39.5,2832,2832,47.77327935222672,14
2024-01-01 22:30:00+00:00,2024-01-03 15:00:00+00:00,8682,6052,40.5,2630,2630,43.45670852610707,15
2024-01-01 22:30:00+00:00,2024-01-03 16:00:00+00:00,8879,6591,41.5,2288,2288,34.714003944773175,16
2024-01-01 22:30:00+00:00,2024-01-03 17:00:00+00:00,9076,7044,42.5,2032,2032,28.84724588302101,17
2024-01-01 22:30:00+00:00,2024-01-03 18:00:00+00:00,9272,7192,43.5,2080,2080,28.9210233592881,18
2024-01-01 22:30:00+00:00,2024-01-03 19:00:00+00:00,9631,7131,44.5,2500,2500,35.05819660636657,19
2024-01-01 22:30:00+00:00,2024-01-03 20:00:00+00:00,9998,7039,45.5,2959,2959,42.03722119619264,20
2024-01-01 22:30:00+00:00,2024-01-03 21:00:00+00:00,10369,6945,46.5,3424,3424,49.3016558675306,21
2024-01-01 18:30:00+00:00,2024-01-01 23:00:00+00:00,14419,14958,4.5,-539,539,3.60342291750234,23
2024-01-01 18:30:00+00:00,2024-01-02 00:00:00+00:00,15361,14690,5.5,671,671,4.567733151803948,0
2024-01-01 18:30:00+00:00,2024-01-02 01:00:00+00:00,15805,14592,6.5,1213,1213,8.312774122807017,1
2024-01-01 18:30:00+00:00,2024-01-02 02:00:00+00:00,15889,14032,7.5,1857,1857,13.234036488027364,2
2024-01-01 18:30:00+00:00,2024-01-02 03:00:00+00:00,15540,13403,8.5,2137,2137,15.944191598895769,3
2024-01-01 18:30:00+00:00,2024-01-02 04:00:00+00:00,15034,13245,9.5,1789,1789,13.506983767459419,4
2024-01-01 18:30:00+00:00,2024-01-02 05:00:00+00:00,14466,12635,10.5,1831,1831,14.491491887613773,5
2024-01-01 18:30:00+00:00,2024-01-02 06:00:00+00:00,14050,12764,11.5,1286,1286,10.075211532434974,6
2024-01-01 18:30:00+00:00,2024-01-02 07:00:00+00:00,13496,11925,12.5,1571,1571,13.174004192872118,7
2024-01-01 18:30:00+00:00,2024-01-02 08:00:00+00:00,12945,11866,13.5,1079,1079,9.093207483566493,8
2024-01-01 18:30:00+00:00,2024-01-02 09:00:00+00:00,12382,11505,14.5,877,877,7.62277270751847,9
2024-01-01 18:30:00+00:00,2024-01-02 10:00:00+00:00,11634,10399,15.5,1235,1235,11.876141936724686,10
2024-01-01 18:30:00+00:00,2024-01-02 11:00:00+00:00,10727,8795,16.5,1932,1932,21.967026719727116,11
2024-01-01 18:30:00+00:00,2024-01-02 12:00:00+00:00,9775,8281,17.5,1494,1494,18.041299359980677,12
2024-01-01 18:30:00+00:00,2024-01-02 13:00:00+00:00,9212,7344,18.5,1868,1868,25.435729847494553,13
2024-01-01 18:30:00+00:00,2024-01-02 14:00:00+00:00,8780,7249,19.5,1531,1531,21.12015450406953,14
2024-01-01 18:30:00+00:00,2024-01-02 15:00:00+00:00,8797,7870,20.5,927,927,11.778907242693775,15
2024-01-01 18:30:00+00:00,2024-01-02 16:00:00+00:00,8864,8208,21.5,656,656,7.992202729044834,16
2024-01-01 18:30:00+00:00,2024-01-02 17:00:00+00:00,9213,9635,22.5,-422,422,4.379865075246498,17
2024-01-01 18:30:00+00:00,2024-01-02 18:00:00+00:00,9757,10183,23.5,-426,426,4.183442993224,18
2024-01-01 18:30:00+00:00,2024-01-02 19:00:00+00:00,10278,9919,24.5,359,359,3.6193164633531607,19
2024-01-01 18:30:00+00:00,2024-01-02 20:00:00+00:00,11158,11051,25.5,107,107,0.9682381684915392,20
2024-01-01 18:30:00+00:00,2024-01-02 21:00:00+00:00,11559,11263,26.5,296,296,2.628074225339607,21
2024-01-01 18:30:00+00:00,2024-01-02 22:00:00+00:00,11436,11480,27.5,-44,44,0.3832752613240418,22
2024-01-01 18:30:00+00:00,2024-01-02 23:00:00+00:00,11268,10992,28.5,276,276,2.5109170305676853,23
2024-01-01 18:30:00+00:00,2024-01-03 00:00:00+00:00,11246,10672,29.5,574,574,5.37856071964018,0
2024-01-01 18:30:00+00:00,2024-01-03 01:00:00+00:00,11115,10293,30.5,822,822,7.986009909647334,1
2024-01-01 18:30:00+00:00,2024-01-03 02:00:00+00:00,10846,10226,31.5,620,620,6.062976725992568,2
2024-01-01 18:30:00+00:00,2024-01-03 03:00:00+00:00,10570,10059,32.5,511,511,5.080027835768963,3
2024-01-01 18:30:00+00:00,2024-01-03 04:00:00+00:00,10306,9599,33.5,707,707,7.365350557349724,4
2024-01-01 18:30:00+00:00,2024-01-03 05:00:00+00:00,9821,9463,34.5,358,358,3.783155447532495,5
2024-01-01 18:30:00+00:00,2024-01-03 06:00:00+00:00,9441,9387,35.5,54,54,0.5752636625119847,6
2024-01-01 18:30:00+00:00,2024-01-03 07:00:00+00:00,9285,8927,36.5,358,358,4.0103058138232335,7
2024-01-01 18:30:00+00:00,2024-01-03 08:00:00+00:00,8993,8396,37.5,597,597,7.110528823249167,8
2024-01-01 18:30:00+00:00,2024-01-03 09:00:00+00:00,8948,7245,38.5,1703,1703,23.505866114561766,9
2024-01-01 18:30:00+00:00,2024-01-03 10:00:00+00:00,8997,6794,39.5,2203,2203,32.42566970856638,10
2024-01-01 18:30:00+00:00,2024-01-03 11:00:00+00:00,8965,6484,40.5,2481,2481,38.26341764342998,11
2024-01-01 18:30:00+00:00,2024-01-03 12:00:00+00:00,8932,6200,41.5,2732,2732,44.06451612903226,12
2024-01-01 18:30:00+00:00,2024-01-03 13:00:00+00:00,8847,5823,42.5,3024,3024,51.931993817619784,13
2024-01-01 18:30:00+00:00,2024-01-03 14:00:00+00:00,8764,5928,43.5,2836,2836,47.84075573549258,14
2024-01-01 18:30:00+00:00,2024-01-03 15:00:00+00:00,8687,6052,44.5,2635,2635,43.53932584269663,15
2024-01-01 18:30:00+00:00,2024-01-03 16:00:00+00:00,8884,6591,45.5,2293,2293,34.789864967379756,16
2024-01-01 18:30:00+00:00,2024-01-03 17:00:00+00:00,9082,7044,46.5,2038,2038,28.932424758659852,17
2024-01-01 18:30:00+00:00,2024-01-03 18:00:00+00:00,9278,7192,47.5,2086,2086,29.004449388209117,18
2024-01-01 15:30:00+00:00,2024-01-01 21:00:00+00:00,10634,13953,5.5,-3319,3319,23.786999211639074,21
2024-01-01 15:30:00+00:00,2024-01-01 22:00:00+00:00,11767,14217,6.5,-2450,2450,17.232890201870998,22
2024-01-01 15:30:00+00:00,2024-01-01 23:00:00+00:00,13017,14958,7.5,-1941,1941,12.976333734456476,23
2024-01-01 15:30:00+00:00,2024-01-02 00:00:00+00:00,14125,14690,8.5,-565,565,3.8461538461538463,0
2024-01-01 15:30:00+00:00,2024-01-02 01:00:00+00:00,14898,14592,9.5,306,306,2.0970394736842106,1
2024-01-01 15:30:00+00:00,2024-01-02 02:00:00+00:00,15202,14032,10.5,1170,1170,8.338084378563284,2
2024-01-01 15:30:00+00:00,2024-01-02 03:00:00+00:00,15199,13403,11.5,1796,1796,13.399985077967619,3
2024-01-01 15:30:00+00:00,2024-01-02 04:00:00+00:00,14965,13245,12.5,1720,1720,12.986032465081163,4
2024-01-01 15:30:00+00:00,2024-01-02 05:00:00+00:00,14620,12635,13.5,1985,1985,15.710328452710723,5
2024-01-01 15:30:00+00:00,2024-01-02 06:00:00+00:00,14493,12764,14.5,1729,1729,13.545910372923847,6
2024-01-01 15:30:00+00:00,2024-01-02 07:00:00+00:00,14108,11925,15.5,2183,2183,18.30607966457023,7
2024-01-01 15:30:00+00:00,2024-01-02 08:00:00+00:00,13665,11866,16.5,1799,1799,15.16096409910669,8
2024-01-01 15:30:00+00:00,2024-01-02 09:00:00+00:00,13157,11505,17.5,1652,1652,14.358974358974358,9
2024-01-01 15:30:00+00:00,2024-01-02 10:00:00+00:00,12514,10399,18.5,2115,2115,20.338494085969806,10
2024-01-01 15:30:00+00:00,2024-01-02 11:00:00+00:00,11708,8795,19.5,2913,2913,33.121091529278,11
2024-01-01 15:30:00+00:00,2024-01-02 12:00:00+00:00,11018,8281,20.5,2737,2737,33.05156382079459,12
2024-01-01 15:30:00+00:00,2024-01-02 13:00:00+00:00,10443,7344,21.5,3099,3099,42.197712418300654,13
2024-01-01 15:30:00+00:00,2024-01-02 14:00:00+00:00,9980,7249,22.5,2731,2731,37.67416195337288,14
2024-01-01 15:30:00+00:00,2024-01-02 15:00:00+00:00,10142,7870,23.5,2272,2272,28.86912325285896,15
2024-01-01 15:30:00+00:00,2024-01-02 16:00:00+00:00,10314,8208,24.5,2106,2106,25.657894736842106,16
2024-01-01 15:30:00+00:00,2024-01-02 17:00:00+00:00,10490,9635,25.5,855,855,8.873897249610794,17
2024-01-01 15:30:00+00:00,2024-01-02 18:00:00+00:00,10984,10183,26.5,801,801,7.8660512619071,18
2024-01-01 15:30:00+00:00,2024-01-02 19:00:00+00:00,11420,9919,27.5,1501,1501,15.132573848170178,19
2024-01-01 15:30:00+00:00,2024-01-02 20:00:00+00:00,11930,11051,28.5,879,879,7.954031309383766,20
2024-01-01 15:30:00+00:00,2024-01-02 21:00:00+00:00,12026,11263,29.5,763,763,6.774394033561218,21
2024-01-01 15:30:00+00:00,2024-01-02 22:00:00+00:00,11888,11480,30.5,408,408,3.554006968641115,22
2024-01-01 15:30:00+00:00,2024-01-02 23:00:00+00:00,11785,10992,31.5,793,793,7.214337700145561,23
2024-01-01 15:30:00+00:00,2024-01-03 00:00:00+00:00,11654,10672,32.5,982,982,9.201649175412294,0
2024-01-01 15:30:00+00:00,2024-01-03 01:00:00+00:00,11401,10293,33.5,1108,1108,10.764597299135335,1
2024-01-01 15:30:00+00:00,2024-01-03 02:00:00+00:00,11190,10226,34.5,964,964,9.426950909446509,2
2024-01-01 15:30:00+00:00,2024-01-03 03:00:00+00:00,11001,10059,35.5,942,942,9.364747986877424,3
2024-01-01 15:30:00+00:00,2024-01-03 04:00:00+00:00,10621,9599,36.5,1022,1022,10.646942389832274,4
2024-01-01 15:30:00+00:00,2024-01-03 05:00:00+00:00,10310,9463,37.5,847,847,8.950649899609003,5
2024-01-01 15:30:00+00:00,2024-01-03 06:00:00+00:00,10019,9387,38.5,632,632,6.732715457547672,6
2024-01-01 15:30:00+00:00,2024-01-03 07:00:00+00:00,9955,8927,39.5,1028,1028,11.515626750308055,7
2024-01-01 15:30:00+00:00,2024-01-03 08:00:00+00:00,9890,8396,40.5,1494,1494,17.794187708432588,8
2024-01-01 15:30:00+00:00,2024-01-03 09:00:00+00:00,9824,7245,41.5,2579,2579,35.59696342305038,9
2024-01-01 15:30:00+00:00,2024-01-03 10:00:00+00:00,9839,6794,42.5,3045,3045,44.81895790403297,10
2024-01-01 15:30:00+00:00,2024-01-03 11:00:00+00:00,9854,6484,43.5,3370,3370,51.97409006785934,11
2024-01-01 15:30:00+00:00,2024-01-03 12:00:00+00:00,9869,6200,44.5,3669,3669,59.17741935483871,12
2024-01-01 15:30:00+00:00,2024-01-03 13:00:00+00:00,9709,5823,45.5,3886,3886,66.73535978018204,13
2024-01-01 15:30:00+00:00,2024-01-03 14:00:00+00:00,9542,5928,46.5,3614,3614,60.96491228070175,14
2024-01-01 15:30:00+00:00,2024-01-03 15:00:00+00:00,9367,6052,47.5,3315,3315,54.7752808988764,15
2024-01-01 11:30:00+00:00,2024-01-01 21:00:00+00:00,10072,13953,9.5,-3881,3881,27.814806851573138,21
2024-01-01 11:30:00+00:00,2024-01-01 22:00:00+00:00,11060,14217,10.5,-3157,3157,22.205809945839487,22
2024-01-01 11:30:00+00:00,2024-01-01 23:00:00+00:00,12223,14958,11.5,-2735,2735,18.284530017382004,23
2024-01-01 11:30:00+00:00,2024-01-02 00:00:00+00:00,13447,14690,12.5,-1243,1243,8.461538461538462,0
2024-01-01 11:30:00+00:00,2024-01-02 01:00:00+00:00,14186,14592,13.5,-406,406,2.78234649122807,1
2024-01-01 11:30:00+00:00,2024-01-02 02:00:00+00:00,14662,14032,14.5,630,630,4.489737742303307,2
2024-01-01 11:30:00+00:00,2024-01-02 03:00:00+00:00,14811,13403,15.5,1408,1408,10.505110796090428,3
2024-01-01 11:30:00+00:00,2024-01-02 04:00:00+00:00,14651,13245,16.5,1406,1406,10.615326538316346,4
2024-01-01 11:30:00+00:00,2024-01-02 05:00:00+00:00,14358,12635,17.5,1723,1723,13.636723387415909,5
2024-01-01 11:30:00+00:00,2024-01-02 06:00:00+00:00,14356,12764,18.5,1592,1592,12.47257912879975,6
2024-01-01 11:30:00+00:00,2024-01-02 07:00:00+00:00,14011,11925,19.5,2086,2086,17.49266247379455,7
2024-01-01 11:30:00+00:00,2024-01-02 08:00:00+00:00,13671,11866,20.5,1805,1805,15.211528737569527,8
2024-01-01 11:30:00+00:00,2024-01-02 09:00:00+00:00,13181,11505,21.5,1676,1676,14.567579313342025,9
2024-01-01 11:30:00+00:00,2024-01-02 10:00:00+00:00,12472,10399,22.5,2073,2073,19.93460909702856,10
2024-01-01 11:30:00+00:00,2024-01-02 11:00:00+00:00,11633,8795,23.5,2838,2838,32.26833428084139,11
2024-01-01 11:30:00+00:00,2024-01-02 12:00:00+00:00,11018,8281,24.5,2737,2737,33.05156382079459,12
2024-01-01 11:30:00+00:00,2024-01-02 13:00:00+00:00,10362,7344,25.5,3018,3018,41.09477124183007,13
2024-01-01 11:30:00+00:00,2024-01-02 14:00:00+00:00,9902,7249,26.5,2653,2653,36.59815146916816,14
2024-01-01 11:30:00+00:00,2024-01-02 15:00:00+00:00,9971,7870,27.5,2101,2101,26.69631512071156,15
2024-01-01 11:30:00+00:00,2024-01-02 16:00:00+00:00,10238,8208,28.5,2030,2030,24.73196881091618,16
2024-01-01 11:30:00+00:00,2024-01-02 17:00:00+00:00,10472,9635,29.5,837,837,8.687078360145303,17
2024-01-01 11:30:00+00:00,2024-01-02 18:00:00+00:00,10871,10183,30.5,688,688,6.756358636943927,18
2024-01-01 11:30:00+00:00,2024-01-02 19:00:00+00:00,11288,9919,31.5,1369,1369,13.80179453573949,19
2024-01-01 11:30:00+00:00,2024-01-02 20:00:00+00:00,11753,11051,32.5,702,702,6.352366301692154,20
2024-01-01 11:30:00+00:00,2024-01-02 21:00:00+00:00,11809,11263,33.5,546,546,4.847731510254817,21
2024-01-01 11:30:00+00:00,2024-01-02 22:00:00+00:00,11867,11480,34.5,387,387,3.3710801393728222,22
2024-01-01 11:30:00+00:00,2024-01-02 23:00:00+00:00,11738,10992,35.5,746,746,6.7867540029112075,23
2024-01-01 11:30:00+00:00,2024-01-03 00:00:00+00:00,11633,10672,36.5,961,961,9.004872563718141,0
2024-01-01 11:30:00+00:00,2024-01-03 01:00:00+00:00,11446,10293,37.5,1153,1153,11.201787622656175,1
2024-01-01 11:30:00+00:00,2024-01-03 02:00:00+00:00,11267,10226,38.5,1041,1041,10.179933502835908,2
2024-01-01 11:30:00+00:00,2024-01-03 03:00:00+00:00,11115,10059,39.5,1056,1056,10.49806143751864,3
2024-01-01 11:30:00+00:00,2024-01-03 04:00:00+00:00,10874,9599,40.5,1275,1275,13.282633607667465,4
2024-01-01 11:30:00+00:00,2024-01-03 05:00:00+00:00,10630,9463,41.5,1167,1167,12.332241361090563,5
2024-01-01 11:30:00+00:00,2024-01-03 06:00:00+00:00,10385,9387,42.5,998,998,10.631724725684458,6
2024-01-01 11:30:00+00:00,2024-01-03 07:00:00+00:00,10347,8927,43.5,1420,1420,15.906799596729023,7
2024-01-01 11:30:00+00:00,2024-01-03 08:00:00+00:00,10306,8396,44.5,1910,1910,22.74892806098142,8
2024-01-01 11:30:00+00:00,2024-01-03 09:00:00+00:00,10262,7245,45.5,3017,3017,41.64251207729468,9
2024-01-01 11:30:00+00:00,2024-01-03 10:00:00+00:00,10288,6794,46.5,3494,3494,51.4277303503091,10
2024-01-01 11:30:00+00:00,2024-01-03 11:00:00+00:00,10316,6484,47.5,3832,3832,59.099321406539175,11
2024-01-01 09:30:00+00:00,2024-01-01 21:00:00+00:00,10065,13953,11.5,-3888,3888,27.864975274134597,21
2024-01-01 09:30:00+00:00,2024-01-01 22:00:00+00:00,11058,14217,12.5,-3159,3159,22.219877611310405,22
2024-01-01 09:30:00+00:00,2024-01-01 23:00:00+00:00,12223,14958,13.5,-2735,2735,18.284530017382004,23
2024-01-01 09:30:00+00:00,2024-01-02 00:00:00+00:00,13445,14690,14.5,-1245,1245,8.475153165418652,0
2024-01-01 09:30:00+00:00,2024-01-02 01:00:00+00:00,14183,14592,15.5,-409,409,2.8029057017543857,1
2024-01-01 09:30:00+00:00,2024-01-02 02:00:00+00:00,14660,14032,16.5,628,628,4.475484606613455,2
2024-01-01 09:30:00+00:00,2024-01-02 03:00:00+00:00,14811,13403,17.5,1408,1408,10.505110796090428,3
2024-01-01 09:30:00+00:00,2024-01-02 04:00:00+00:00,14648,13245,18.5,1403,1403,10.592676481691205,4
2024-01-01 09:30:00+00:00,2024-01-02 05:00:00+00:00,14356,12635,19.5,1721,1721,13.620894341115946,5
2024-01-01 09:30:00+00:00,2024-01-02 06:00:00+00:00,14356,12764,20.5,1592,1592,12.47257912879975,6
2024-01-01 09:30:00+00:00,2024-01-02 07:00:00+00:00,14009,11925,21.5,2084,2084,17.47589098532495,7
2024-01-01 09:30:00+00:00,2024-01-02 08:00:00+00:00,13675,11866,22.5,1809,1809,15.245238496544749,8
2024-01-01 09:30:00+00:00,2024-01-02 09:00:00+00:00,13189,11505,23.5,1684,1684,14.637114298131248,9
2024-01-01 09:30:00+00:00,2024-01-02 10:00:00+00:00,12469,10399,24.5,2070,2070,19.905760169247046,10
2024-01-01 09:30:00+00:00,2024-01-02 11:00:00+00:00,11633,8795,25.5,2838,2838,32.26833428084139,11
2024-01-01 09:30:00+00:00,2024-01-02 12:00:00+00:00,11024,8281,26.5,2743,2743,33.12401883830455,12
2024-01-01 09:30:00+00:00,2024-01-02 13:00:00+00:00,10368,7344,27.5,3024,3024,41.17647058823529,13
2024-01-01 09:30:00+00:00,2024-01-02 14:00:00+00:00,9908,7249,28.5,2659,2659,36.68092150641468,14
2024-01-01 09:30:00+00:00,2024-01-02 15:00:00+00:00,9987,7870,29.5,2117,2117,26.89961880559085,15
2024-01-01 09:30:00+00:00,2024-01-02 16:00:00+00:00,10248,8208,30.5,2040,2040,24.853801169590643,16
2024-01-01 09:30:00+00:00,2024-01-02 17:00:00+00:00,10486,9635,31.5,851,851,8.832381940840685,17
2024-01-01 09:30:00+00:00,2024-01-02 18:00:00+00:00,10891,10183,32.5,708,708,6.952764411273692,18
2024-01-01 09:30:00+00:00,2024-01-02 19:00:00+00:00,11307,9919,33.5,1388,1388,13.993346103437846,19
2024-01-01 09:30:00+00:00,2024-01-02 20:00:00+00:00,11779,11051,34.5,728,728,6.587639127680752,20
2024-01-01 09:30:00+00:00,2024-01-02 21:00:00+00:00,11821,11263,35.5,558,558,4.954275059930747,21
2024-01-01 09:30:00+00:00,2024-01-02 22:00:00+00:00,11902,11480,36.5,422,422,3.6759581881533103,22
2024-01-01 09:30:00+00:00,2024-01-02 23:00:00+00:00,11782,10992,37.5,790,790,7.187045123726346,23
2024-01-01 09:30:00+00:00,2024-01-03 00:00:00+00:00,11660,10672,38.5,988,988,9.257871064467766,0
2024-01-01 09:30:00+00:00,2024-01-03 01:00:00+00:00,11483,10293,39.5,1190,1190,11.56125522199553,1
2024-01-01 09:30:00+00:00,2024-01-03 02:00:00+00:00,11312,10226,40.5,1086,1086,10.619988265206338,2
2024-01-01 09:30:00+00:00,2024-01-03 03:00:00+00:00,11148,10059,41.5,1089,1089,10.826125857441097,3
2024-01-01 09:30:00+00:00,2024-01-03 04:00:00+00:00,10892,9599,42.5,1293,1293,13.470153140952181,4
2024-01-01 09:30:00+00:00,2024-01-03 05:00:00+00:00,10637,9463,43.5,1174,1174,12.406213674310472,5
2024-01-01 09:30:00+00:00,2024-01-03 06:00:00+00:00,10385,9387,44.5,998,998,10.631724725684458,6
2024-01-01 09:30:00+00:00,2024-01-03 07:00:00+00:00,10347,8927,45.5,1420,1420,15.906799596729023,7
2024-01-01 09:30:00+00:00,2024-01-03 08:00:00+00:00,10305,8396,46.5,1909,1909,22.737017627441638,8
2024-01-01 09:30:00+00:00,2024-01-03 09:00:00+00:00,10261,7245,47.5,3016,3016,41.62870945479641,9
2024-01-01 07:30:00+00:00,2024-01-01 21:00:00+00:00,10065,13953,13.5,-3888,3888,27.864975274134597,21
2024-01-01 07:30:00+00:00,2024-01-01 22:00:00+00:00,11056,14217,14.5,-3161,3161,22.23394527678132,22
2024-01-01 07:30:00+00:00,2024-01-01 23:00:00+00:00,12221,14958,15.5,-2737,2737,18.297900788875516,23
2024-01-01 07:30:00+00:00,2024-01-02 00:00:00+00:00,13443,14690,16.5,-1247,1247,8.488767869298842,0
2024-01-01 07:30:00+00:00,2024-01-02 01:00:00+00:00,14181,14592,17.5,-411,411,2.8166118421052633,1
2024-01-01 07:30:00+00:00,2024-01-02 02:00:00+00:00,14658,14032,18.5,626,626,4.461231470923603,2
2024-01-01 07:30:00+00:00,2024-01-02 03:00:00+00:00,14810,13403,19.5,1407,1407,10.497649779900023,3
2024-01-01 07:30:00+00:00,2024-01-02 04:00:00+00:00,14647,13245,20.5,1402,1402,10.585126462816156,4
2024-01-01 07:30:00+00:00,2024-01-02 05:00:00+00:00,14356,12635,21.5,1721,1721,13.620894341115946,5
2024-01-01 07:30:00+00:00,2024-01-02 06:00:00+00:00,14358,12764,22.5,1594,1594,12.488248198057034,6
2024-01-01 07:30:00+00:00,2024-01-02 07:00:00+00:00,14011,11925,23.5,2086,2086,17.49266247379455,7
2024-01-01 07:30:00+00:00,2024-01-02 08:00:00+00:00,13678,11866,24.5,1812,1812,15.270520815776168,8
2024-01-01 07:30:00+00:00,2024-01-02 09:00:00+00:00,13194,11505,25.5,1689,1689,14.68057366362451,9
2024-01-01 07:30:00+00:00,2024-01-02 10:00:00+00:00,12470,10399,26.5,2071,2071,19.91537647850755,10
2024-01-01 07:30:00+00:00,2024-01-02 11:00:00+00:00,11631,8795,27.5,2836,2836,32.24559408754975,11
2024-01-01 07:30:00+00:00,2024-01-02 12:00:00+00:00,11021,8281,28.5,2740,2740,33.08779132954957,12
2024-01-01 07:30:00+00:00,2024-01-02 13:00:00+00:00,10364,7344,29.5,3020,3020,41.12200435729847,13
2024-01-01 07:30:00+00:00,2024-01-02 14:00:00+00:00,9902,7249,30.5,2653,2653,36.59815146916816,14
2024-01-01 07:30:00+00:00,2024-01-02 15:00:00+00:00,9981,7870,31.5,2111,2111,26.82337992376112,15
2024-01-01 07:30:00+00:00,2024-01-02 16:00:00+00:00,10242,8208,32.5,2034,2034,24.780701754385966,16
2024-01-01 07:30:00+00:00,2024-01-02 17:00:00+00:00,10482,9635,33.5,847,847,8.790866632070577,17
2024-01-01 07:30:00+00:00,2024-01-02 18:00:00+00:00,10889,10183,34.5,706,706,6.933123833840716,18
2024-01-01 07:30:00+00:00,2024-01-02 19:00:00+00:00,11306,9919,35.5,1387,1387,13.98326444198004,19
2024-01-01 07:30:00+00:00,2024-01-02 20:00:00+00:00,11778,11051,36.5,727,727,6.578590172835037,20
2024-01-01 07:30:00+00:00,2024-01-02 21:00:00+00:00,11821,11263,37.5,558,558,4.954275059930747,21
2024-01-01 07:30:00+00:00,2024-01-02 22:00:00+00:00,11903,11480,38.5,423,423,3.684668989547038,22
2024-01-01 07:30:00+00:00,2024-01-02 23:00:00+00:00,11783,10992,39.5,791,791,7.196142649199418,23
2024-01-01 07:30:00+00:00,2024-01-03 00:00:00+00:00,11662,10672,40.5,990,990,9.276611694152924,0
2024-01-01 07:30:00+00:00,2024-01-03 01:00:00+00:00,11485,10293,41.5,1192,1192,11.580685903040902,1
2024-01-01 07:30:00+00:00,2024-01-03 02:00:00+00:00,11314,10226,42.5,1088,1088,10.639546254645023,2
2024-01-01 07:30:00+00:00,2024-01-03 03:00:00+00:00,11150,10059,43.5,1091,1091,10.846008549557611,3
2024-01-01 07:30:00+00:00,2024-01-03 04:00:00+00:00,10893,9599,44.5,1294,1294,13.480570892801333,4
2024-01-01 07:30:00+00:00,2024-01-03 05:00:00+00:00,10638,9463,45.5,1175,1175,12.416781147627603,5
2024-01-01 07:30:00+00:00,2024-01-03 06:00:00+00:00,10385,9387,46.5,998,998,10.631724725684458,6
2024-01-01 07:30:00+00:00,2024-01-03 07:00:00+00:00,10347,8927,47.5,1420,1420,15.906799596729023,7
2024-01-01 04:30:00+00:00,2024-01-01 21:00:00+00:00,9432,13953,16.5,-4521,4521,32.401634057192005,21
2024-01-01 04:30:00+00:00,2024-01-01 22:00:00+00:00,10577,14217,17.5,-3640,3640,25.603151157065483,22
2024-01-01 04:30:00+00:00,2024-01-01 23:00:00+00:00,11665,14958,18.5,-3293,3293,22.014975264072735,23
2024-01-01 04:30:00+00:00,2024-01-02 00:00:00+00:00,12854,14690,19.5,-1836,1836,12.498298162014976,0
2024-01-01 04:30:00+00:00,2024-01-02 01:00:00+00:00,13681,14592,20.5,-911,911,6.243146929824562,1
2024-01-01 04:30:00+00:00,2024-01-02 02:00:00+00:00,14214,14032,21.5,182,182,1.2970353477765109,2
2024-01-01 04:30:00+00:00,2024-01-02 03:00:00+00:00,14440,13403,22.5,1037,1037,7.737073789450124,3
2024-01-01 04:30:00+00:00,2024-01-02 04:00:00+00:00,14520,13245,23.5,1275,1275,9.626274065685164,4
2024-01-01 04:30:00+00:00,2024-01-02 05:00:00+00:00,14380,12635,24.5,1745,1745,13.810842896715473,5
2024-01-01 04:30:00+00:00,2024-01-02 06:00:00+00:00,14307,12764,25.5,1543,1543,12.08868693199624,6
2024-01-01 04:30:00+00:00,2024-01-02 07:00:00+00:00,14022,11925,26.5,2097,2097,17.58490566037736,7
2024-01-01 04:30:00+00:00,2024-01-02 08:00:00+00:00,13837,11866,27.5,1971,1971,16.610483735041296,8
2024-01-01 04:30:00+00:00,2024-01-02 09:00:00+00:00,13610,11505,28.5,2105,2105,18.296392872664057,9
2024-01-01 04:30:00+00:00,2024-01-02 10:00:00+00:00,12904,10399,29.5,2505,2505,24.088854697567076,10
2024-01-01 04:30:00+00:00,2024-01-02 11:00:00+00:00,12103,8795,30.5,3308,3308,37.612279704377485,11
2024-01-01 04:30:00+00:00,2024-01-02 12:00:00+00:00,11556,8281,31.5,3275,3275,39.5483637241879,12
2024-01-01 04:30:00+00:00,2024-01-02 13:00:00+00:00,10823,7344,32.5,3479,3479,47.37200435729847,13
2024-01-01 04:30:00+00:00,2024-01-02 14:00:00+00:00,10415,7249,33.5,3166,3166,43.67498965374534,14
2024-01-01 04:30:00+00:00,2024-01-02 15:00:00+00:00,10255,7870,34.5,2385,2385,30.30495552731893,15
2024-01-01 04:30:00+00:00,2024-01-02 16:00:00+00:00,10389,8208,35.5,2181,2181,26.571637426900587,16
2024-01-01 04:30:00+00:00,2024-01-02 17:00:00+00:00,10626,9635,36.5,991,991,10.285417747794499,17
2024-01-01 04:30:00+00:00,2024-01-02 18:00:00+00:00,10849,10183,37.5,666,666,6.540312285181184,18
2024-01-01 04:30:00+00:00,2024-01-02 19:00:00+00:00,11203,9919,38.5,1284,1284,12.944853311825788,19
2024-01-01 04:30:00+00:00,2024-01-02 20:00:00+00:00,11518,11051,39.5,467,467,4.225861912949054,20
2024-01-01 04:30:00+00:00,2024-01-02 21:00:00+00:00,11790,11263,40.5,527,527,4.67903755660126,21
2024-01-01 04:30:00+00:00,2024-01-02 22:00:00+00:00,11703,11480,41.5,223,223,1.9425087108013939,22
2024-01-01 04:30:00+00:00,2024-01-02 23:00:00+00:00,11607,10992,42.5,615,615,5.594978165938865,23
2024-01-01 04:30:00+00:00,2024-01-03 00:00:00+00:00,11503,10672,43.5,831,831,7.7867316341829085,0
2024-01-01 04:30:00+00:00,2024-01-03 01:00:00+00:00,11350,10293,44.5,1057,1057,10.269114932478383,1
2024-01-01 04:30:00+00:00,2024-01-03 02:00:00+00:00,11198,10226,45.5,972,972,9.505182867201253,2
2024-01-01 04:30:00+00:00,2024-01-03 03:00:00+00:00,11047,10059,46.5,988,988,9.822049905557211,3
2024-01-01 04:30:00+00:00,2024-01-03 04:00:00+00:00,10862,9599,47.5,1263,1263,13.157620585477654,4
2024-01-01 02:30:00+00:00,2024-01-01 21:00:00+00:00,9426,13953,18.5,-4527,4527,32.44463556224468,21
2024-01-01 02:30:00+00:00,2024-01-01 22:00:00+00:00,10572,14217,19.5,-3645,3645,25.638320320742775,22
2024-01-01 02:30:00+00:00,2024-01-01 23:00:00+00:00,11660,14958,20.5,-3298,3298,22.048402192806524,23
2024-01-01 02:30:00+00:00,2024-01-02 00:00:00+00:00,12849,14690,21.5,-1841,1841,12.532334921715451,0
2024-01-01 02:30:00+00:00,2024-01-02 01:00:00+00:00,13680,14592,22.5,-912,912,6.25,1
2024-01-01 02:30:00+00:00,2024-01-02 02:00:00+00:00,14213,14032,23.5,181,181,1.289908779931585,2
2024-01-01 02:30:00+00:00,2024-01-02 03:00:00+00:00,14435,13403,24.5,1032,1032,7.699768708498097,3
2024-01-01 02:30:00+00:00,2024-01-02 04:00:00+00:00,14520,13245,25.5,1275,1275,9.626274065685164,4
2024-01-01 02:30:00+00:00,2024-01-02 05:00:00+00:00,14382,12635,26.5,1747,1747,13.826671943015434,5
2024-01-01 02:30:00+00:00,2024-01-02 06:00:00+00:00,14312,12764,27.5,1548,1548,12.127859605139454,6
2024-01-01 02:30:00+00:00,2024-01-02 07:00:00+00:00,14028,11925,28.5,2103,2103,17.635220125786162,7
2024-01-01 02:30:00+00:00,2024-01-02 08:00:00+00:00,13841,11866,29.5,1975,1975,16.64419349401652,8
2024-01-01 02:30:00+00:00,2024-01-02 09:00:00+00:00,13609,11505,30.5,2104,2104,18.287700999565406,9
2024-01-01 02:30:00+00:00,2024-01-02 10:00:00+00:00,12908,10399,31.5,2509,2509,24.127319934609098,10
2024-01-01 02:30:00+00:00,2024-01-02 11:00:00+00:00,12102,8795,32.5,3307,3307,37.600909607731666,11
2024-01-01 02:30:00+00:00,2024-01-02 12:00:00+00:00,11534,8281,33.5,3253,3253,39.28269532665137,12
2024-01-01 02:30:00+00:00,2024-01-02 13:00:00+00:00,10820,7344,34.5,3476,3476,47.331154684095864,13
2024-01-01 02:30:00+00:00,2024-01-02 14:00:00+00:00,10413,7249,35.5,3164,3164,43.647399641329834,14
2024-01-01 02:30:00+00:00,2024-01-02 15:00:00+00:00,10231,7870,36.5,2361,2361,30.0,15
2024-01-01 02:30:00+00:00,2024-01-02 16:00:00+00:00,10373,8208,37.5,2165,2165,26.376705653021443,16
2024-01-01 02:30:00+00:00,2024-01-02 17:00:00+00:00,10617,9635,38.5,982,982,10.192008303061755,17
2024-01-01 02:30:00+00:00,2024-01-02 18:00:00+00:00,10846,10183,39.5,663,663,6.51085141903172,18
2024-01-01 02:30:00+00:00,2024-01-02 19:00:00+00:00,11201,9919,40.5,1282,1282,12.924689988910174,19
2024-01-01 02:30:00+00:00,2024-01-02 20:00:00+00:00,11519,11051,41.5,468,468,4.2349108677947696,20
2024-01-01 02:30:00+00:00,2024-01-02 21:00:00+00:00,11793,11263,42.5,530,530,4.705673444020244,21
2024-01-01 02:30:00+00:00,2024-01-02 22:00:00+00:00,11706,11480,43.5,226,226,1.9686411149825784,22
2024-01-01 02:30:00+00:00,2024-01-02 23:00:00+00:00,11609,10992,44.5,617,617,5.613173216885007,23
2024-01-01 02:30:00+00:00,2024-01-03 00:00:00+00:00,11505,10672,45.5,833,833,7.805472263868066,0
2024-01-01 02:30:00+00:00,2024-01-03 01:00:00+00:00,11352,10293,46.5,1059,1059,10.288545613523754,1
2024-01-01 02:30:00+00:00,2024-01-03 02:00:00+00:00,11200,10226,47.5,974,974,9.524740856639937,2
